IDF,ICF,Chi-sq,CG,ICB,DoP,RICF
0.05685352436149605,0.0439926531974776,0.057172431019564526,0.0,0.0,0.0,0.0
0.027012155886869994,0.024679767200905884,0.027333333333333328,2.7895403077993544e-17,2.7895403077993544e-17,5.579080615598709e-17,2.7895403077993544e-17
0.01923695937669481,0.018567648632973863,0.016444273818388616,1.3947701538996772e-17,1.3947701538996772e-17,8.368620923398064e-17,1.3947701538996772e-17
0.007528638923497662,0.007490735018081411,0.00834304888194146,0.0015276574791940024,2.092155230849516e-17,0.0005128647999524856,0.0017145839086489703
0.005345393561117114,0.0052987896464354685,0.005180099839137693,0.0018297209590204693,0.0006589707309451783,4.184310461699032e-17,0.0013437096247164238
0.002204033034271858,0.002322919618832205,0.0004890890315761347,0.0005306751940840667,9.804142600003889e-05,8.368620923398064e-17,0.0002628514962691097
