IDF,ICF,Chi-sq,CG,ICB,DoP,RICF
0.1559999999999999,0.1419999999999999,0.1459999999999999,0.0,0.09999999999999981,0.0,0.0
0.15759999999999993,0.15200000000000002,0.15419999999999995,0.09999999999999981,0.1199999999999998,0.1199999999999998,0.09999999999999981
0.15919999999999998,0.1559,0.14769999999999997,0.09999999999999981,0.09999999999999981,0.14440000000000022,0.10999999999999995
0.15629999999999997,0.15378000000000008,0.1521200000000001,0.14182000000000008,0.14600000000000032,0.13625999999999977,0.1426000000000001
0.15567999999999999,0.15344999999999998,0.15273999999999993,0.13472999999999996,0.13950999999999994,0.14009000000000013,0.13638999999999996
0.15562599999999993,0.154732,0.152688,0.15533400000000003,0.14827799999999983,0.15275599999999984,0.15574999999999992
