IDF,ICF,Chi-sq,CG,ICB,DoP,RICF
0.10082488068753946,0.11475049789729354,0.11048104184003973,0.0,1.9526782154595481e-16,0.0,0.0
0.05297455077962465,0.04311131937885757,0.05007428824690715,1.9526782154595481e-16,1.9526782154595481e-16,1.9526782154595481e-16,1.9526782154595481e-16
0.036088555504257006,0.03573457143942819,0.03719604084503422,1.9526782154595481e-16,1.9526782154595481e-16,0.00498887651569858,5.579080615598709e-17
0.015914861868166753,0.015839842362239787,0.015631669485665658,0.0027280066352595553,3.3474483693592255e-16,0.0006759953379792629,0.0028069178610689418
0.010712854546069994,0.011338122873872477,0.008948359140821927,0.0031967628828696256,0.0005024183937956922,0.0007120180453961011,0.0028387470560944403
0.0046399804074821445,0.0039659377990914875,0.0007858958730215605,0.0007790462960011634,9.804142600004232e-05,0.00020415878154222522,0.0003170253152432007
