IDF,ICF,Chi-sq,CG,ICB,DoP,RICF
0.8550000000000001,0.8179999999999998,0.9520000000000006,1.0,1.0,0.9000000000000008,1.0
0.8582000000000004,0.8506000000000004,0.954,0.9599999999999984,1.0,0.7714000000000003,1.0
0.8630000000000001,0.8498000000000002,0.9537000000000007,0.9800000000000004,0.9800000000000004,0.7800000000000008,1.0
0.8610800000000001,0.8480199999999996,0.9526599999999994,0.9834199999999995,0.9740000000000002,0.8251799999999991,0.9915800000000006
0.8592500000000001,0.8501699999999999,0.95281,0.9813400000000003,0.9634599999999994,0.8536799999999993,0.9854199999999993
0.8601460000000002,0.8503300000000001,0.9150279999999995,0.9280260000000002,0.8972559999999996,0.8753000000000003,0.9314699999999998
