IDF,ICF,Chi-sq,CG,ICB,DoP,RICF
0.11899999999999991,0.09999999999999991,0.06200000000000001,0.0,0.0,0.06999999999999991,0.0
0.11719999999999996,0.11359999999999998,0.08059999999999992,0.004800000000000001,0.0,0.1560000000000001,0.009800000000000005
0.11129999999999997,0.10989999999999991,0.08209999999999998,0.010000000000000007,0.020000000000000014,0.1199999999999998,0.010000000000000007
0.11132000000000003,0.11068000000000001,0.08159999999999995,0.03897999999999997,0.0599999999999999,0.08999999999999991,0.03989999999999998
0.11014000000000002,0.11112000000000004,0.08191000000000002,0.059660000000000005,0.06888999999999998,0.09199999999999994,0.059789999999999975
0.110522,0.11042,0.09557999999999994,0.10018599999999996,0.09874999999999998,0.09466799999999992,0.10062199999999998
