IDF,ICF,Chi-sq,CG,ICB,DoP,RICF
0.14381174563233065,0.14231491613156835,0.10444659357341876,0.0,1.9526782154595481e-16,0.05485518124198395,0.0
0.06323884498590653,0.06733573353057802,0.04711087287913844,9.763391077297741e-17,1.6737241846796128e-16,3.9053564309190963e-16,9.763391077297741e-17
0.04382460450016588,0.04928529602265165,0.03173039838732224,4.8816955386488704e-17,0.00502116731568679,0.004923659639173311,4.8816955386488704e-17
0.01896313275913038,0.020000767662035054,0.013479127148553377,0.0023718892440117395,1.8132012000695803e-16,0.0009804142600003958,0.0027012155886869988
0.0122300507527214,0.013993977781224829,0.00856983198213478,0.0036144910367222455,0.0006210938542262169,0.000662029325848054,0.002940418440640825
0.0050790355403562614,0.00624103591504882,0.0009686729441495069,0.0011051596164255095,0.0002495976560366457,0.00019257951263535402,0.0004300058726401914
