IDF,ICF,Chi-sq,CG,ICB,DoP,RICF
0.28500000000000003,0.30699999999999994,0.1399999999999999,0.0,0.09999999999999981,0.6610000000000009,0.0
0.2822000000000001,0.3118000000000002,0.14739999999999998,0.0599999999999999,0.14000000000000018,0.19999999999999962,0.0599999999999999
0.2931,0.30849999999999994,0.1415000000000001,0.02999999999999995,0.09519999999999985,0.2939999999999998,0.02999999999999995
0.2933399999999998,0.30363999999999997,0.13889999999999997,0.08147999999999996,0.11400000000000018,0.32278,0.08341999999999995
0.29203999999999997,0.3038700000000001,0.13917999999999997,0.10581000000000003,0.12290999999999988,0.3158100000000001,0.10998000000000001
0.29184200000000005,0.302576,0.193716,0.20040599999999995,0.19808200000000015,0.3010219999999999,0.20158799999999988
