IDF,ICF,Chi-sq,CG,ICB,DoP,RICF
0.09502259167846835,0.09847319278346622,0.07756391955130693,0.0,0.0,0.04605661864718386,0.0
0.040900964400474575,0.04608994281058322,0.04201538919601874,0.008584693919818564,0.0,0.0080403025220737,0.010048367875913827
0.026425232814356228,0.03421544928386839,0.029517842575348046,6.973850769498386e-18,1.3947701538996772e-17,1.9526782154595481e-16,6.973850769498386e-18
0.015476851401138714,0.013757554398595087,0.010715795949358254,0.002247242979764542,9.763391077297741e-17,8.368620923398064e-17,0.002548519078788602
0.01019706830516507,0.009558200244773694,0.006859476965660299,0.002487219858850968,0.0007371114795832001,5.579080615598709e-17,0.0018051273773573011
0.004399623032520266,0.003692908847720961,0.0005456901847914958,0.0006958781967028896,0.00014319584667528488,9.521904571390084e-05,0.0003560671824021963
