IDF,ICF,Chi-sq,CG,ICB,DoP,RICF
0.25499999999999984,0.24700000000000003,0.5619999999999998,1.0,0.7999999999999985,0.16899999999999973,1.0
0.2653999999999999,0.24220000000000005,0.5311999999999998,0.7552000000000005,0.7000000000000013,0.21539999999999979,0.7901999999999997
0.26359999999999995,0.24180000000000004,0.5397,0.8199999999999987,0.7448,0.13160000000000024,0.8299999999999987
0.2652000000000001,0.24402000000000013,0.5384,0.6877799999999997,0.622,0.2199999999999999,0.6920199999999999
0.2652400000000001,0.24567000000000014,0.5379099999999999,0.6443000000000002,0.5901400000000009,0.25278,0.6435100000000006
0.2650520000000002,0.24680000000000007,0.42927200000000026,0.42823999999999995,0.4108680000000001,0.28005400000000047,0.4294100000000004
