IDF,ICF,Chi-sq,CG,ICB,DoP,RICF
0.14520970554979645,0.13518038827336373,0.15359661191549503,0.0,1.5621425723676385e-15,0.04648231987117317,0.0
0.06779976460732057,0.05526026574037595,0.0707432403880827,0.008584693919818566,1.3389793477436902e-15,0.008459051693633006,0.010048367875913837
0.0458041504890136,0.03782949519978698,0.04632897297991547,1.227397735431716e-15,0.005021167315686787,0.0036845294917747127,1.227397735431716e-15
0.019519480039440113,0.019097823663623788,0.020215005927440747,0.004448538518378208,0.0,1.1158161231197418e-16,0.004221110964873777
0.0122985751001874,0.01310336143163581,0.012013540340597003,0.004924685294770142,0.0006966006928309262,0.0006126610281008052,0.0038599078860626864
0.005273269355624618,0.005721199280930634,0.0009791853963392447,0.0010891568419023187,0.00023132468763862975,0.00016782626899760288,0.0005159085346857659
