IDF,ICF,Chi-sq,CG,ICB,DoP,RICF
0.04000000000000003,0.022000000000000006,0.04200000000000001,0.0,0.0,0.0,0.0
0.035800000000000026,0.031000000000000017,0.040600000000000025,0.04000000000000003,0.04000000000000003,0.08000000000000006,0.04000000000000003
0.03579999999999998,0.03369999999999998,0.04269999999999998,0.020000000000000014,0.020000000000000014,0.08999999999999991,0.020000000000000014
0.03491999999999998,0.035899999999999974,0.04163999999999997,0.033359999999999994,0.03200000000000002,0.05614000000000004,0.03363999999999999
0.03614999999999998,0.03605999999999999,0.04107,0.03683999999999999,0.04200999999999995,0.05299999999999996,0.035750000000000004
0.037104,0.035802,0.04377200000000002,0.04386000000000004,0.04127799999999996,0.046800000000000085,0.04410000000000002
