IDF,ICF,Chi-sq,CG,ICB,DoP,RICF
0.107661084384791,0.11924001768777887,0.07174590404667533,0.0,0.0,7.810712861838193e-16,0.0
0.05371793147186664,0.04622780657796886,0.031845587043441564,1.5621425723676385e-15,0.0,0.009951397039124869,0.0
0.034245105821522466,0.03305887004857984,0.02072694045454032,4.463264492478967e-16,4.463264492478967e-16,7.810712861838193e-16,0.0
0.015922590520668727,0.014459962138626275,0.008040578902722684,0.0009967624358568875,2.2316322462394835e-16,0.0009886221408474205,0.0009120960431441392
0.011367484197028696,0.011003263978557377,0.004850689839516846,0.0017708070408030288,0.0010581096160587338,0.000468826172262151,0.0013646326326972491
0.004152531660555906,0.004157444339295888,0.0006286236368191012,0.0007228758503017622,0.00013051568271414625,0.00011191627462192331,0.000346264335297451
