term	sem	KeyBERT
0014unit		0.0006666666666666666
00diisopropyl_phosphorofluoridate_lex	Chemical	0.0006666666666666666
059mg		0.0006666666666666666
05mgkg		0.0006666666666666666
100mgkg		0.0006666666666666666
100micrograms		0.0006666666666666666
1010pseudomonas		0.0006666666666666666
109l		0.0006666666666666666
10keto		0.0006666666666666666
10mg		0.0006666666666666666
10mgkg		0.0006666666666666666
112dihydro2acenaphthylenylpiperazine_lex	Chemical	0.0006666666666666666
11deoxycortisol_lex	Chemical	0.0006666666666666666
11dichloro222trifluoroethane_lex	Chemical	0.0006666666666666666
11ketopregnenolone_sulphate_lex	Chemical	0.0006666666666666666
1234dichlorophenylethyl4methylpiperazine_lex	Chemical	0.0006666666666666666
124dichlorophenoxy3234dimethoxyphenylethanolaminoprop		0.0006666666666666666
125dihydroxyvitamin_d_lex	Chemical	0.0006666666666666666
125oh2d_lex	Chemical	0.0006666666666666666
12alphahydroxylase		0.0006666666666666666
12chloroethyl3cyclohexyl1nitrosourea_lex	Chemical	0.0006666666666666666
12dimethylhydrazine_lex	Chemical	0.0006666666666666666
12h		0.0006666666666666666
12methoxyphenyl442phthalimidobutylpiperazine_lex	Chemical	0.0006666666666666666
12phenethyl42pyridylpiperazine_lex	Chemical	0.0006666666666666666
12yearold		0.0006666666666666666
131i		0.0006666666666666666
131ialbumin		0.0006666666666666666
131ihippuran		0.0006666666666666666
13bis2chloroethyl1nitrosourea_lex	Chemical	0.0006666666666666666
13bis_2chloroethyl1nitrosoure_lex	Chemical	0.0006666666666666666
13butadiene_lex	Chemical	0.0006666666666666666
13cisretinoic_acid_lex	Chemical	0.0006666666666666666
14c41_ninety-nine_lex	Chemical	0.0006666666666666666
14dihydropyridine_lex	Chemical	0.0006666666666666666
15benzothiazepine_lex	Chemical	0.0006666666666666666
15db		0.0006666666666666666
15f2tisoprostane_lex	Chemical	0.0006666666666666666
15mg100g		0.0006666666666666666
15mgkg		0.0006666666666666666
15minute		0.0006666666666666666
15t		0.0006666666666666666
15yearold		0.0006666666666666666
16mgkg		0.0006666666666666666
17alphaethinylestradiol_lex	Chemical	0.0006666666666666666
17betaestradiol_lex	Chemical	0.0006666666666666666
17dayold		0.0006666666666666666
1adrenoceptor		0.002
1anisoyl2pyrrolidinone_lex	Chemical	0.0006666666666666666
1bromo1chloro222trifluoroethane_lex	Chemical	0.0006666666666666666
1chloro1222tetrafluoroethane_lex	Chemical	0.0006666666666666666
1hour		0.0006666666666666666
1methyl4phenyl1236tetrahydropyridine_lex	Chemical	0.0013333333333333333
1mgkg		0.0006666666666666666
1mgkgweek		0.0006666666666666666
1month		0.0006666666666666666
1placebo		0.0006666666666666666
1r2scisn234dichlorophenylethyl21pyrrolidinylcyclohexylamine		0.0006666666666666666
1r_3s_31admantyl1aminomethyl34dihydro56dihydroxy1h2benzo_pyran_hydrochloride_lex	Chemical	0.0006666666666666666
1receptor		0.0013333333333333333
1week		0.0006666666666666666
2003a		0.0006666666666666666
200mgkg		0.0006666666666666666
200micrograms		0.0006666666666666666
20fold		0.0006666666666666666
20mg		0.002
21mg		0.0006666666666666666
22oxacalcitriol_lex	Chemical	0.0006666666666666666
235triphenyltetrazolium_lex	Chemical	0.0006666666666666666
235triphenyltetrazolium_chloride_lex	Chemical	0.0006666666666666666
23dideoxy_cytosine_lex	Chemical	0.0006666666666666666
2414c		0.0006666666666666666
24368s		0.0006666666666666666
24hour		0.0006666666666666666
24week		0.0006666666666666666
24yearold		0.0006666666666666666
25gauge		0.0006666666666666666
25mgkg		0.0013333333333333333
25mgm2		0.0006666666666666666
27hydroxylase		0.0006666666666666666
2acetylaminofluorene_lex	Chemical	0.0006666666666666666
2adrenoceptor		0.0013333333333333333
2adrenoceptors		0.0006666666666666666
2adrenoreceptor		0.0006666666666666666
2agonist		0.0006666666666666666
2chloroprocainece_lex	Chemical	0.0006666666666666666
2day		0.0006666666666666666
2fold		0.0006666666666666666
2minute		0.0006666666666666666
2p2carboxyethylphenethylamino5nethylcarboxamidoadenosine_lex	Chemical	0.0006666666666666666
2r4r4aminopyrrolidine24dicarboxylate_lex	Chemical	0.0006666666666666666
2r4rapdc_lex	Chemical	0.0006666666666666666
2receptors		0.0006666666666666666
2yearold		0.0006666666666666666
300mgkg		0.0006666666666666666
30mg		0.0006666666666666666
30mgkg		0.0006666666666666666
30min		0.0006666666666666666
30th		0.0006666666666666666
34dihydroxyphenylacetic_acid_lex	Chemical	0.0013333333333333333
34methylenedioxymethamphetamine_lex	Chemical	0.002
35day		0.0006666666666666666
37dimethyl1propargylxanthine_lex	Chemical	0.0006666666666666666
37yearold		0.0006666666666666666
3a4		0.0006666666666666666
3alphahydroxy3betamethyl5alphapregnan20one_lex	Chemical	0.0006666666666666666
3alphahydroxy5alphapregnan20one_lex	Chemical	0.0006666666666666666
3alphahydroxy5betapregnan20one_lex	Chemical	0.0006666666666666666
3alphatropanyl24chorophenoxybutyrate_lex	Chemical	0.0006666666666666666
3alphatropyl_2pbromophenylpropionate_lex	Chemical	0.0006666666666666666
3antineutrophil		0.0006666666666666666
3azido23deoxythymidine_lex	Chemical	0.0006666666666666666
3azido3dideoxythymidine_lex	Chemical	0.0006666666666666666
3benzenesulfonyl74methylpiperazin1yl1hindole_lex	Chemical	0.0006666666666666666
3h		0.0006666666666666666
3h17		0.0006666666666666666
3h5azadeoxycytidine_lex	Chemical	0.0006666666666666666
3hdihydroergocryptine_lex	Chemical	0.0006666666666666666
3hinulin		0.0006666666666666666
3hlarginine_lex	Chemical	0.0006666666666666666
3hnaloxone_lex	Chemical	0.0006666666666666666
3hour		0.0006666666666666666
3hydroxy		0.0006666666666666666
3hydroxy3		0.0006666666666666666
3hydroxybutyrate_lex	Chemical	0.0006666666666666666
3hydroxymethyl55diphenylhydantoin_lex	Chemical	0.0006666666666666666
3hydroxynmethylmorphinan_lex	Chemical	0.0006666666666666666
3mercaptopropionic_acid_lex	Chemical	0.0006666666666666666
3methoxy4hydroxyphenethyleneglycol_lex	Chemical	0.0006666666666666666
3methyladenine_lex	Chemical	0.0006666666666666666
3methylcholanthrene_lex	Chemical	0.0006666666666666666
3mgkg		0.0006666666666666666
3nitrotyrosine_lex	Chemical	0.0006666666666666666
3r1234dichlorophenylethyl14diazabicyclo430nonane_lex	Chemical	0.0006666666666666666
3s1234dichlorophenylethyl14diazabicyclo430nonane_lex	Chemical	0.0006666666666666666
3sr4ars6sr8ars6phosphonomethyldecahydr_oisoquinoline3_carboxylic_acid_lex	Chemical	0.0006666666666666666
3week		0.0006666666666666666
400iu2		0.0006666666666666666
40k		0.0006666666666666666
40microgramskg		0.0006666666666666666
40tetrahydropyranyladriamycin_lex	Chemical	0.0006666666666666666
45yearold		0.0006666666666666666
478x		0.0006666666666666666
47dihydroxyisoflavone_lex	Chemical	0.0006666666666666666
47yearold		0.0006666666666666666
480mg		0.0006666666666666666
4aminopyridine_lex	Chemical	0.0013333333333333333
4artrans44a56788a9odihydro5npropyl2hpyrazo_lo34quinoline_hydrochloride_lex	Chemical	0.0006666666666666666
4hydroxy2nonenal_lex	Chemical	0.0006666666666666666
4mg		0.0006666666666666666
4sem		0.0006666666666666666
4wk		0.0006666666666666666
50mg		0.002
50mgkg		0.0013333333333333333
52412dihydro2acenaphthylenylpiperazinylethyl23dihy_dro1h_indol2one_lex	Chemical	0.0006666666666666666
57dht_lex	Chemical	0.0006666666666666666
57dichlorokynurenic_acid_lex	Chemical	0.0006666666666666666
57dihydroxytryptamine_lex	Chemical	0.0013333333333333333
5azacytidine_lex	Chemical	0.0013333333333333333
5azc_lex	Chemical	0.0006666666666666666
5fluorouracil_lex	Chemical	0.008666666666666666
5fu_lex	Chemical	0.007333333333333333
5ht_lex	Chemical	0.004
5ht1a		0.0006666666666666666
5ht1b		0.0006666666666666666
5ht2		0.0013333333333333333
5ht2a		0.0006666666666666666
5ht4		0.0006666666666666666
5ht6		0.0006666666666666666
5httlpr		0.0006666666666666666
5hydroxyindoleacetic_acid_lex	Chemical	0.0006666666666666666
5hydroxytriptamine_lex	Chemical	0.0006666666666666666
5hydroxytryptamin1a_lex	Chemical	0.0006666666666666666
5hydroxytryptamine_lex	Chemical	0.004666666666666667
5hydroxytryptamine4_lex	Chemical	0.0006666666666666666
5hydroxytryptaminergic_agonists_lex	Chemical	0.0006666666666666666
5hydroxytryptophan_lex	Chemical	0.0013333333333333333
5mg		0.002
5mgkg		0.0006666666666666666
5microgramskg		0.0006666666666666666
5nethylcarboxamidoadenosine_lex	Chemical	0.0006666666666666666
5v		0.0006666666666666666
5yearold		0.0006666666666666666
600mgm2		0.0006666666666666666
62yearold		0.0006666666666666666
65yearold		0.0006666666666666666
67yearold		0.0006666666666666666
69yearold		0.0006666666666666666
6betahydroxylase		0.0006666666666666666
6chloro78dihydroxy3allyl1phenyl2345tetrahydro1h3benzaze_pine_hydrobromide_lex	Chemical	0.0006666666666666666
6hour		0.0006666666666666666
6hydroxydopamine_lex	Chemical	0.004
6ohda_lex	Chemical	0.002
6thioguanine_lex	Chemical	0.0006666666666666666
70min		0.0006666666666666666
76yearold		0.0006666666666666666
77yearold		0.0006666666666666666
77yold		0.0006666666666666666
7alphahydroxylase		0.0006666666666666666
7alphahydroxylation		0.0006666666666666666
7e		0.0006666666666666666
7ethoxyresorufinodeethylase		0.0006666666666666666
7hydroxydipropyloaminotetralin		0.0006666666666666666
7pentoxyresorufinodealkylase		0.0006666666666666666
800micrograms		0.0006666666666666666
80mgday		0.0006666666666666666
80mgkgday		0.0006666666666666666
82yearold		0.0006666666666666666
84aminolmethylbutylamino_5lhexyloxy6methoxy4methylquinoline_lex	Chemical	0.0006666666666666666
8aminoquinoline_lex	Chemical	0.0006666666666666666
8bromo_cyclic_adenosine_monophosphate_lex	Chemical	0.0006666666666666666
8cyclopentyltheophylline_lex	Chemical	0.0006666666666666666
8phenyltheophylline_lex	Chemical	0.0006666666666666666
8week		0.0006666666666666666
92methoxy4methylsulphonylaminophenylamino_n5dimethyl_4acridinecarboxamide_lex	Chemical	0.0006666666666666666
99mtcglucarate_lex	Chemical	0.0006666666666666666
9month		0.0006666666666666666
a		0.018666666666666668
a1		0.0013333333333333333
a1a2a		0.0006666666666666666
a2		0.0006666666666666666
a2a		0.0026666666666666666
a2a1		0.0006666666666666666
a2aa1		0.0006666666666666666
a_falling_platelet_count_lex	Disease	0.0006666666666666666
a_loss_of_visual_acuity_lex	Disease	0.0006666666666666666
a_significant_rise_in_systolic_blood_pressure_lex	Disease	0.0006666666666666666
aactinin		0.0006666666666666666
aap_lex	Chemical	0.0006666666666666666
abandoning		0.0006666666666666666
abdomen		0.0013333333333333333
abdominal		0.005333333333333333
abdominal_infections_lex	Disease	0.0006666666666666666
abdominal_pain_lex	Disease	0.005333333333333333
abductor		0.0006666666666666666
abecarnil_lex	Chemical	0.0006666666666666666
abecarrnil_lex	Chemical	0.0006666666666666666
aberrant		0.0006666666666666666
abilities		0.0013333333333333333
ability		0.002
ablation		0.002
abnormal		0.008
abnormal_audiograms_with_deficits_mostly_in_the_high_frequency_range_of_four		0.0006666666666666666
abnormal_involuntary_motor_movements_lex	Disease	0.0006666666666666666
abnormal_involuntary_movement_lex	Disease	0.0006666666666666666
abnormal_involuntary_movements_lex	Disease	0.0013333333333333333
abnormal_left_ventricular_filling_lex	Disease	0.0006666666666666666
abnormal_liver_function_lex	Disease	0.0006666666666666666
abnormal_movements_lex	Disease	0.002
abnormal_ocular_motility_lex	Disease	0.0006666666666666666
abnormalities		0.02
abnormalities_in_neuronal_systems_lex	Disease	0.0006666666666666666
abnormalities_in_the_cortex_hippocampus_white_matter_and_ventricles_lex	Disease	0.0006666666666666666
abnormalities_of_liver_function_lex	Disease	0.0006666666666666666
abnormality		0.002
abnormally		0.0006666666666666666
aborted		0.0006666666666666666
abortion_lex	Disease	0.0013333333333333333
abortions_lex	Disease	0.0006666666666666666
about		0.004
abruptness		0.0006666666666666666
abscess		0.0006666666666666666
absence		0.0033333333333333335
absence_epilepsy_lex	Disease	0.0006666666666666666
absence_seizure_lex	Disease	0.0006666666666666666
absence_seizures_lex	Disease	0.0013333333333333333
absences		0.0006666666666666666
absent_kidneys_and_ureters_lex	Disease	0.0006666666666666666
absorb		0.0006666666666666666
absorbed		0.0006666666666666666
absorption		0.0013333333333333333
absorptionlimiting		0.0006666666666666666
abstinence		0.0026666666666666666
abstinent		0.0013333333333333333
abstracts		0.0006666666666666666
abundant		0.0006666666666666666
abuse		0.0026666666666666666
abusers		0.0026666666666666666
abusing		0.002
ac		0.0006666666666666666
acc9653_lex	Chemical	0.0006666666666666666
accelerated_junctional_rhythms_lex	Disease	0.0006666666666666666
accelerating		0.0006666666666666666
acceleromyography		0.0006666666666666666
accessory		0.0006666666666666666
accident		0.0006666666666666666
accidental		0.0013333333333333333
accidentally		0.0006666666666666666
accompany		0.0006666666666666666
accompanying		0.0006666666666666666
accumbal		0.0006666666666666666
accumbens		0.0013333333333333333
accumulation		0.0033333333333333335
accuracy		0.0006666666666666666
accurate		0.0006666666666666666
ace		0.002
ace_inhibitor_lex	Chemical	0.002
ace_inhibitors_lex	Chemical	0.0013333333333333333
aceiinduced		0.0006666666666666666
acetaldehyde_lex	Chemical	0.0006666666666666666
acetaminophen_lex	Chemical	0.010666666666666666
acetazolamide_lex	Chemical	0.0013333333333333333
acetic_acid_lex	Chemical	0.002
acetoacetate_lex	Chemical	0.0006666666666666666
acetrizoate_lex	Chemical	0.0006666666666666666
acetylated		0.0006666666666666666
acetylcholine_lex	Chemical	0.014
acetylcholinesterase		0.005333333333333333
acetylcholinesterases		0.0006666666666666666
acetylsalicylate_lex	Chemical	0.0006666666666666666
acetylsalicylic_acid_lex	Chemical	0.002
acetyltransferase		0.0013333333333333333
ache		0.0006666666666666666
acid		0.0033333333333333335
acidic		0.0026666666666666666
acidification		0.0006666666666666666
acidity		0.0006666666666666666
acidosis_lex	Disease	0.002
acidotic		0.0006666666666666666
acids		0.0006666666666666666
acitretin_lex	Chemical	0.0006666666666666666
acne_lex	Disease	0.002
aconitase		0.0006666666666666666
aconitine_lex	Chemical	0.002
aconitum		0.0006666666666666666
acoustic		0.0006666666666666666
acquired		0.0006666666666666666
acquired_immunodeficiency_syndrome_lex	Disease	0.0006666666666666666
acrodermatitis_enteropathica_lex	Disease	0.0006666666666666666
acrolein_lex	Chemical	0.0006666666666666666
acromegalic_lex	Disease	0.0013333333333333333
acromegaloid		0.0006666666666666666
acromegaly_lex	Disease	0.002
acted		0.0006666666666666666
acth_lex	Chemical	0.0006666666666666666
actin		0.0013333333333333333
action		0.0026666666666666666
actions		0.0006666666666666666
activate		0.0013333333333333333
activation		0.014
activator		0.0013333333333333333
active		0.002
activities		0.0006666666666666666
activity		0.012
activityincreasing		0.0006666666666666666
actomycind_lex	Chemical	0.0006666666666666666
acuity		0.005333333333333333
acupuncture		0.0006666666666666666
acute		0.056666666666666664
acute_alcohol_intoxication_lex	Disease	0.0006666666666666666
acute_cardiac_syndrome_lex	Disease	0.0006666666666666666
acute_cardiovascular_failure_lex	Disease	0.0006666666666666666
acute_cholecystitis_lex	Disease	0.0013333333333333333
acute_coronary_insufficiency_lex	Disease	0.0006666666666666666
acute_coronary_syndrome_lex	Disease	0.0013333333333333333
acute_declines_in_renal_function_lex	Disease	0.0006666666666666666
acute_encephalopathy_lex	Disease	0.0006666666666666666
acute_experimental_models_of_renal_damage_lex	Disease	0.0006666666666666666
acute_hepatic_necrosis_lex	Disease	0.0006666666666666666
acute_hepatitis_lex	Disease	0.0013333333333333333
acute_hepatitislike_illness_lex	Disease	0.0006666666666666666
acute_hepatitislike_syndrome_lex	Disease	0.0006666666666666666
acute_kidney_injury_lex	Disease	0.0033333333333333335
acute_leukemia_lex	Disease	0.0013333333333333333
acute_liver_failure_lex	Disease	0.005333333333333333
acute_liver_injury_lex	Disease	0.0006666666666666666
acute_liver_insult_lex	Disease	0.0006666666666666666
acute_lymphoblastic_leucemia_lex	Disease	0.0006666666666666666
acute_lymphoblastic_leukemia_lex	Disease	0.0033333333333333335
acute_lymphocytic_leukemia_lex	Disease	0.0006666666666666666
acute_myeloblastic_leukemia_lex	Disease	0.0006666666666666666
acute_myeloid_leukemia_lex	Disease	0.0013333333333333333
acute_myocardial_infarction_lex	Disease	0.0026666666666666666
acute_nephrotoxicity_lex	Disease	0.0006666666666666666
acute_neurologic_dysfunction_lex	Disease	0.0006666666666666666
acute_nonlymphocytic_leukemia_lex	Disease	0.0006666666666666666
acute_pain_lex	Disease	0.0006666666666666666
acute_prerenal_failure_lex	Disease	0.0006666666666666666
acute_promyelocytic_leukemia_lex	Disease	0.002
acute_psychosis_lex	Disease	0.0006666666666666666
acute_renal_artery_thrombosis_lex	Disease	0.0006666666666666666
acute_renal_dysfunction_lex	Disease	0.0006666666666666666
acute_renal_failure_lex	Disease	0.024
acute_renal_injury_lex	Disease	0.0013333333333333333
acute_renal_insufficiency_lex	Disease	0.0013333333333333333
acute_stroke_lex	Disease	0.0006666666666666666
acute_tlymphocytic_leukemia_lex	Disease	0.0006666666666666666
acute_tubular_necrosis_lex	Disease	0.0026666666666666666
acute_tubulointerstitial_nephritis_lex	Disease	0.0006666666666666666
acutely		0.0006666666666666666
acuteonset		0.0006666666666666666
acylamidase		0.0006666666666666666
adalat_lex	Chemical	0.0006666666666666666
adam		0.0006666666666666666
adam10		0.0006666666666666666
adam17		0.0006666666666666666
adc		0.0006666666666666666
add		0.0013333333333333333
added		0.002
addiction		0.002
addictive		0.0006666666666666666
addicts		0.0013333333333333333
adding		0.0013333333333333333
addition		0.002
additional		0.002
additive		0.002
addon		0.0013333333333333333
addressed		0.0006666666666666666
adduct		0.0006666666666666666
adductor		0.0006666666666666666
adductor_spasmodic_dysphonia_lex	Disease	0.0006666666666666666
adducts		0.0006666666666666666
adenocarcinoma_lex	Disease	0.002
adenohypophyseal_tumors_lex	Disease	0.0006666666666666666
adenoma_lex	Disease	0.002
adenomas_lex	Disease	0.0006666666666666666
adenomatous_polyps_lex	Disease	0.0006666666666666666
adenomyosis_lex	Disease	0.0006666666666666666
adenoribosylation		0.0006666666666666666
adenosine_lex	Chemical	0.006666666666666667
adenosine_a2aa1_receptor_antagonist_lex	Chemical	0.0006666666666666666
adenosine_diphosphate_lex	Chemical	0.0006666666666666666
adenosine_triphosphate_lex	Chemical	0.0006666666666666666
adenovirus		0.0006666666666666666
adenovirus_disease_lex	Disease	0.0006666666666666666
adenovirus_infection_lex	Disease	0.0006666666666666666
adenylate		0.0013333333333333333
adhd_lex	Disease	0.0006666666666666666
adherence		0.0006666666666666666
adiponectin		0.0006666666666666666
adjustment		0.0013333333333333333
adjuvant		0.002
administer		0.0006666666666666666
administered		0.08533333333333333
administering		0.0033333333333333335
administration		0.009333333333333334
admissions		0.0006666666666666666
admitted		0.0013333333333333333
admixed		0.0013333333333333333
adn		0.0006666666666666666
adolescent		0.002
adolescents		0.002
adp_lex	Chemical	0.0006666666666666666
adr_lex	Chemical	0.004666666666666667
adrenal		0.002
adrenalectomy		0.0006666666666666666
adrenaline_lex	Chemical	0.008
adrenaline_arrhythmia_lex	Disease	0.0006666666666666666
adrenergic		0.010666666666666666
adrenoceptor		0.0026666666666666666
adrenoceptors		0.0013333333333333333
adrenoceptorsmediated		0.0006666666666666666
adrenocorticotrophic		0.0006666666666666666
adriamycin_lex	Chemical	0.012
adriamycinol_lex	Chemical	0.0006666666666666666
adriamycinone_lex	Chemical	0.0006666666666666666
adrs		0.0006666666666666666
adsd_lex	Disease	0.0006666666666666666
adult		0.004
adult_respiratory_distress_syndrome_lex	Disease	0.0006666666666666666
adulthood		0.0006666666666666666
adultonset_diabetes_lex	Disease	0.0006666666666666666
adults		0.0013333333333333333
adverse		0.07066666666666667
adverse_drug_reaction_lex	Disease	0.002
adverse_drug_reactions_lex	Disease	0.002
adverse_effect_on_the_proximal_eighth_nerve_lex	Disease	0.0006666666666666666
adversely		0.0006666666666666666
advocate		0.0006666666666666666
advocated		0.0006666666666666666
adynamic_bone_disease_lex	Disease	0.0006666666666666666
aeroallergens		0.0006666666666666666
aerosol		0.0006666666666666666
aerosolized		0.0006666666666666666
aeruginosa		0.0013333333333333333
aetiology		0.0006666666666666666
af_lex	Disease	0.0006666666666666666
affect		0.004666666666666667
affected		0.005333333333333333
affecting		0.0006666666666666666
affection_of_the_musculoskeletal_system_lex	Disease	0.0006666666666666666
affective		0.0026666666666666666
affective_disorder_lex	Disease	0.0013333333333333333
affective_disorders_lex	Disease	0.0006666666666666666
affects		0.0026666666666666666
affinity		0.0026666666666666666
african		0.0013333333333333333
after		0.011333333333333334
afterdepolarization		0.0006666666666666666
again		0.0006666666666666666
against		0.0013333333333333333
agc_lex	Disease	0.0006666666666666666
age		0.012
aged		0.0026666666666666666
agedependent		0.0026666666666666666
ageinginduced		0.0006666666666666666
ageinteraction		0.0006666666666666666
agent		0.004666666666666667
agents		0.006
agerelated		0.0006666666666666666
ages		0.0006666666666666666
agespecific		0.0006666666666666666
aggravate		0.004
aggravated		0.0006666666666666666
aggravates		0.0006666666666666666
aggravation		0.002
aggregation		0.0006666666666666666
aggression_lex	Disease	0.0026666666666666666
aggressive_behavior_lex	Disease	0.0013333333333333333
aggressive_behaviors_lex	Disease	0.0006666666666666666
aggressively		0.0006666666666666666
aggressiveness_lex	Disease	0.0026666666666666666
aging		0.004666666666666667
agitated		0.0006666666666666666
agitation_lex	Disease	0.004666666666666667
agonism		0.0006666666666666666
agonist		0.022
agonistinduced		0.0006666666666666666
agonists		0.008
agoraphobia_lex	Disease	0.002
agranulocytosis_lex	Disease	0.002
agricultural		0.002
ahf_lex	Disease	0.0006666666666666666
aids_lex	Disease	0.006
aim		0.0006666666666666666
air		0.0013333333333333333
airflow		0.0006666666666666666
airway		0.0033333333333333335
airway_obstruction_lex	Disease	0.0006666666666666666
aj		0.0006666666666666666
akathisia_lex	Disease	0.004666666666666667
akbr		0.0006666666666666666
aki_lex	Disease	0.002
akinesia_lex	Disease	0.0013333333333333333
akinetic_lex	Disease	0.0006666666666666666
akt		0.0006666666666666666
alanine_lex	Chemical	0.0013333333333333333
albino		0.0013333333333333333
albumin		0.0006666666666666666
albuminuria_lex	Disease	0.0033333333333333335
albuterol_lex	Chemical	0.0006666666666666666
alcalinization		0.0006666666666666666
alcohol_lex	Chemical	0.006666666666666667
alcohol_abuse_lex	Disease	0.0006666666666666666
alcohol_dependence_lex	Disease	0.0006666666666666666
alcoholic_cirrhosis_lex	Disease	0.0006666666666666666
alcoholic_extract_of_the_berries_of_hawthorn_lex	Chemical	0.0006666666666666666
alcoholic_hepatitis_lex	Disease	0.0006666666666666666
aldehyde_lex	Chemical	0.0006666666666666666
aldomet_lex	Chemical	0.0006666666666666666
aldosterone_lex	Chemical	0.004666666666666667
alendronate_lex	Chemical	0.0013333333333333333
alendronate_sodium_lex	Chemical	0.0006666666666666666
alert		0.0013333333333333333
alertness		0.0006666666666666666
alertnesssedation		0.0006666666666666666
alf_lex	Disease	0.002
alfentanil_lex	Chemical	0.0026666666666666666
alkali_lex	Chemical	0.0006666666666666666
alkaline		0.002
alkaloid		0.002
alkalosis_lex	Disease	0.0006666666666666666
alkylating_agents_lex	Chemical	0.0006666666666666666
alkylxanthines_lex	Chemical	0.0006666666666666666
all_lex	Disease	0.002
all_transretinoic_acid_lex	Chemical	0.0006666666666666666
alleles		0.0006666666666666666
allergenrelated		0.0006666666666666666
allergic_lex	Disease	0.0026666666666666666
allergic_reaction_lex	Disease	0.002
allergic_reactions_lex	Disease	0.0033333333333333335
allergictype		0.0006666666666666666
allergy_lex	Disease	0.0026666666666666666
alleviate		0.002
alleviated		0.002
alleviates		0.0006666666666666666
allocated		0.0006666666666666666
allocortical		0.0006666666666666666
allodynia_lex	Disease	0.0006666666666666666
allodynic_lex	Disease	0.0006666666666666666
allogeneic		0.0013333333333333333
allograft		0.004666666666666667
allografts		0.0013333333333333333
allopregnanolone_lex	Chemical	0.0006666666666666666
allopurinol_lex	Chemical	0.0013333333333333333
allowed		0.0006666666666666666
alltrans_retinoic_acid_lex	Chemical	0.0006666666666666666
alltransretinoic_acid_lex	Chemical	0.0006666666666666666
alone		0.0006666666666666666
alopecia_lex	Disease	0.0013333333333333333
aloud		0.0013333333333333333
alpha		0.002
alpha1		0.0006666666666666666
alpha1adrenergic		0.0006666666666666666
alpha1adrenoceptor		0.0006666666666666666
alpha2		0.002
alpha2abc		0.0006666666666666666
alpha2abcknockout		0.0006666666666666666
alpha2adrenergic		0.0013333333333333333
alpha2adrenergic_receptor_agonist_lex	Chemical	0.0006666666666666666
alpha2adrenoceptor		0.0013333333333333333
alpha2adrenoceptors		0.0006666666666666666
alpha2i1receptor		0.0006666666666666666
alpha2receptor		0.0006666666666666666
alpha3		0.0013333333333333333
alpha5		0.0006666666666666666
alphaadrenergic		0.0006666666666666666
alphaadrenoceptor		0.002
alphaatrial		0.0006666666666666666
alphabenzene_hexachloride_lex	Chemical	0.0006666666666666666
alphablocker		0.0006666666666666666
alphabungarotoxin		0.0006666666666666666
alphaenac		0.0013333333333333333
alphafluorobetaalanine_lex	Chemical	0.0006666666666666666
alphaglucosidase		0.0006666666666666666
alphahydroxymetoprolol_lex	Chemical	0.0006666666666666666
alphalipoic_acid_lex	Chemical	0.0006666666666666666
alphamethyldopa_lex	Chemical	0.0013333333333333333
alphamethylparatyrosine_lex	Chemical	0.0006666666666666666
alphamethyltyrosine_lex	Chemical	0.0006666666666666666
alphamotoneurons		0.0006666666666666666
alphaposition		0.0006666666666666666
alphareceptor		0.0006666666666666666
alphatc_lex	Chemical	0.0006666666666666666
alphatocopherol_lex	Chemical	0.0006666666666666666
alprazolam_lex	Chemical	0.0013333333333333333
already		0.0006666666666666666
also		0.010666666666666666
alteplase		0.0006666666666666666
alteration		0.0006666666666666666
alterations		0.004
altered		0.002
alternating		0.0006666666666666666
alternating_rhythm_lex	Disease	0.0006666666666666666
alternating_sinus_rhythm_lex	Disease	0.0006666666666666666
alternative		0.0013333333333333333
althesin_lex	Chemical	0.0006666666666666666
although		0.006666666666666667
aluminum_lex	Chemical	0.0006666666666666666
alveolar		0.0006666666666666666
always		0.0006666666666666666
alzheimer_lex	Disease	0.0006666666666666666
alzheimers_disease_lex	Disease	0.006
amantadine_lex	Chemical	0.0006666666666666666
amantadine_hydrochloride_lex	Chemical	0.0006666666666666666
amb_lex	Chemical	0.0006666666666666666
ambient		0.0006666666666666666
amblyopia_lex	Disease	0.0006666666666666666
ambulatory		0.004
amenorrhea_lex	Disease	0.0013333333333333333
amide		0.0006666666666666666
amifostine_lex	Chemical	0.0006666666666666666
amikacin_lex	Chemical	0.002
amiloride_lex	Chemical	0.0013333333333333333
amine_lex	Chemical	0.0013333333333333333
amines_lex	Chemical	0.0013333333333333333
amino_lex	Chemical	0.0013333333333333333
amino_acid_lex	Chemical	0.004666666666666667
amino_acids_lex	Chemical	0.0006666666666666666
aminoaciduria_lex	Disease	0.0013333333333333333
aminocaproic_acid_lex	Chemical	0.0006666666666666666
aminoglycoside_lex	Chemical	0.006
aminoglycosides_lex	Chemical	0.0026666666666666666
aminoguanidine_lex	Chemical	0.0006666666666666666
aminonucleoside_lex	Chemical	0.0026666666666666666
aminophosphonovaleric_acid_lex	Chemical	0.0006666666666666666
aminophylline_lex	Chemical	0.002
aminosteroidbased		0.0006666666666666666
aminotransferase		0.006666666666666667
amiodarone_lex	Chemical	0.012
amisulpride_lex	Chemical	0.002
amitriptyline_lex	Chemical	0.0026666666666666666
aml_lex	Disease	0.0006666666666666666
amlodipine_lex	Chemical	0.0033333333333333335
ammonia_lex	Chemical	0.0026666666666666666
ammonium_lex	Chemical	0.0006666666666666666
ammonium_acetate_lex	Chemical	0.0006666666666666666
ammonium_salt_lex	Chemical	0.0006666666666666666
amnesia_lex	Disease	0.010666666666666666
amnesic_lex	Disease	0.0006666666666666666
amnestic_syndrome_lex	Disease	0.0006666666666666666
among		0.0033333333333333335
amorphogranular		0.0006666666666666666
amount		0.0006666666666666666
amounts		0.002
amoxicillin_lex	Chemical	0.002
amoxicillinclavulanate_lex	Chemical	0.0006666666666666666
amoxicillinclavulanic_acid_lex	Chemical	0.0006666666666666666
amphetamine_lex	Chemical	0.015333333333333332
amphetamine_abuse_lex	Disease	0.0006666666666666666
amphetamines_lex	Chemical	0.002
amphotercin_b_lex	Chemical	0.0006666666666666666
amphotericin_lex	Chemical	0.0006666666666666666
amphotericin_b_lex	Chemical	0.004
amphotericin_bsodium_deoxycholate_lex	Chemical	0.0006666666666666666
amphothericin_b_lex	Chemical	0.0006666666666666666
ampicillin_lex	Chemical	0.002
amplitude		0.002
amplitudes		0.0013333333333333333
amsacrine_lex	Chemical	0.0006666666666666666
amygdala		0.002
amygdala_dysfunction_lex	Disease	0.0006666666666666666
amygdalae		0.0006666666666666666
amygdalakindled		0.0006666666666666666
amyloid_beta_peptide142_lex	Chemical	0.0006666666666666666
amyloidosis_lex	Disease	0.0013333333333333333
an_lex	Chemical	0.002
an2ol		0.0006666666666666666
anabolic		0.0006666666666666666
anacardiaceae		0.0006666666666666666
anaemia_lex	Disease	0.0013333333333333333
anaesthesia		0.018
anaesthesized		0.0006666666666666666
anaesthetic		0.006
anaesthetics		0.0006666666666666666
anaesthetised		0.0013333333333333333
anaesthetist		0.002
anaesthetists		0.0006666666666666666
anaesthetized		0.0026666666666666666
analgesia_lex	Disease	0.009333333333333334
analgesic		0.009333333333333334
analgesicantipyreticantiinflammatory		0.0006666666666666666
analgesicinduced		0.0006666666666666666
analgesics		0.004
analog		0.0006666666666666666
analogue		0.0013333333333333333
analogues		0.0006666666666666666
analyser		0.0006666666666666666
analyses		0.002
analyzed		0.0006666666666666666
analyzer		0.0006666666666666666
anaphylactoid		0.0006666666666666666
anaphylaxis_lex	Disease	0.002
anastrozole_lex	Chemical	0.0006666666666666666
anatomical		0.0006666666666666666
anatomy		0.0013333333333333333
anca		0.0013333333333333333
anca_positive_vasculitis_lex	Disease	0.0006666666666666666
ancas		0.0006666666666666666
ancrod		0.0006666666666666666
and		0.018666666666666668
andor		0.0026666666666666666
androgen_lex	Chemical	0.005333333333333333
androgenic		0.0006666666666666666
androgenindependent		0.0006666666666666666
androgens_lex	Chemical	0.0013333333333333333
anemia_lex	Disease	0.014666666666666666
anemic_lex	Disease	0.0006666666666666666
anencephaly_lex	Disease	0.0006666666666666666
anephric		0.0006666666666666666
anesthesia		0.020666666666666667
anesthesiainduced		0.0006666666666666666
anesthesiologists		0.002
anesthetic		0.012
anestheticinduced		0.002
anesthetickindled		0.0006666666666666666
anesthetics		0.006666666666666667
anesthetize		0.0006666666666666666
anesthetized		0.011333333333333334
aneurymal		0.0006666666666666666
aneurysm_lex	Disease	0.002
aneurysmal_lex	Disease	0.0013333333333333333
aneurysmal_rupture_lex	Disease	0.0006666666666666666
aneurysmal_subarachnoid_hemorrhage_lex	Disease	0.0006666666666666666
aneurysms_lex	Disease	0.0006666666666666666
ang		0.0006666666666666666
anger		0.0013333333333333333
angina_lex	Disease	0.004
angina_pectoris_lex	Disease	0.0013333333333333333
anginal_lex	Disease	0.0013333333333333333
anginal_attacks_lex	Disease	0.0006666666666666666
angiodegeneration		0.0006666666666666666
angioedema_lex	Disease	0.004
angiogenesis		0.002
angiogenic		0.002
angiogram		0.002
angiograms		0.0026666666666666666
angiographic		0.0013333333333333333
angiographically		0.0013333333333333333
angiographies		0.0006666666666666666
angiography		0.015333333333333332
angioneurotic_edema_lex	Disease	0.0013333333333333333
angiooedema_lex	Disease	0.0006666666666666666
angiopathy_lex	Disease	0.0006666666666666666
angioplasty		0.0013333333333333333
angiopoetin2		0.0006666666666666666
angiosarcoma_lex	Disease	0.0006666666666666666
angiotensin_lex	Chemical	0.014666666666666666
angiotensin_converting_enzyme_ace_inhibitors_lex	Chemical	0.0006666666666666666
angiotensin_ii_lex	Chemical	0.005333333333333333
angiotensinconverting		0.0006666666666666666
angiotensinconverting_enzyme_ace_inhibitor_lex	Chemical	0.0006666666666666666
angiotensinconverting_enzyme_ace_inhibitors_lex	Chemical	0.0013333333333333333
angiotensinconverting_enzyme_inhibitor_lex	Chemical	0.0006666666666666666
angiotensinconverting_enzyme_inhibitors_lex	Chemical	0.0013333333333333333
angiotensinogen		0.002
angiotensinreleasing_blocker_lex	Chemical	0.0006666666666666666
angiotension_ii_lex	Chemical	0.0006666666666666666
anhydrase		0.0013333333333333333
anicteric		0.0006666666666666666
animal		0.004
animals		0.018
anionic		0.0006666666666666666
aniracetam_lex	Chemical	0.0006666666666666666
ankle		0.0013333333333333333
annexin		0.0006666666666666666
annual		0.0006666666666666666
annually		0.0006666666666666666
annular		0.0006666666666666666
annuloplasty		0.0006666666666666666
annulus		0.0006666666666666666
anomalies		0.0006666666666666666
anophthalmia_lex	Disease	0.0006666666666666666
anorectics		0.0006666666666666666
anorexia_lex	Disease	0.0006666666666666666
anorexigen		0.0006666666666666666
anorexigens		0.0006666666666666666
another		0.002
anotia_lex	Disease	0.0006666666666666666
anova		0.0013333333333333333
anp		0.0006666666666666666
antacid		0.0006666666666666666
antagonism		0.0026666666666666666
antagonist		0.03933333333333333
antagonistic		0.0033333333333333335
antagonistinduced		0.0006666666666666666
antagonists		0.019333333333333334
antagonize		0.0013333333333333333
antagonized		0.0006666666666666666
antagonizing		0.0006666666666666666
antebrachial		0.0006666666666666666
antegrade		0.0006666666666666666
anterior		0.008666666666666666
anterior_infarction_lex	Disease	0.0006666666666666666
anthracyclin		0.0006666666666666666
anthracycline_lex	Chemical	0.006666666666666667
anthracyclines_lex	Chemical	0.0033333333333333335
anthraquinone_lex	Chemical	0.0006666666666666666
anthraquinones_lex	Chemical	0.0006666666666666666
anthropometric		0.0006666666666666666
antiadenoviral		0.0006666666666666666
antiadenovirus		0.0006666666666666666
antiadrenergic		0.0006666666666666666
antiaggregating		0.0006666666666666666
antiallergic		0.0013333333333333333
antiamnesic		0.0013333333333333333
antiandrogen		0.0006666666666666666
antiandrogenic		0.0006666666666666666
antianginal		0.0006666666666666666
antiangiogenic		0.0013333333333333333
antiapoptotic		0.0006666666666666666
antiarrhythmic		0.009333333333333334
antibacterial		0.0006666666666666666
antibacterials		0.0013333333333333333
antibiomania_lex	Disease	0.0006666666666666666
antibiotic		0.009333333333333334
antibioticassociated		0.0006666666666666666
antibioticinduced		0.0013333333333333333
antibiotics		0.008666666666666666
antibitocis		0.0006666666666666666
antibodies		0.008
antibody		0.008666666666666666
antibodymediated		0.0006666666666666666
antibodynegative		0.0006666666666666666
antibodypositive		0.0006666666666666666
antibodypr3anca		0.0006666666666666666
anticancer		0.004
anticarcinogen		0.0006666666666666666
anticataleptic		0.0006666666666666666
anticholinergic		0.006666666666666667
anticholinergics		0.0013333333333333333
anticholinesterase		0.0013333333333333333
anticholinesterases		0.0006666666666666666
anticipation		0.0006666666666666666
anticoagulant		0.007333333333333333
anticoagulantinduced		0.0006666666666666666
anticoagulants		0.002
anticoagulated		0.0013333333333333333
anticoagulation		0.008666666666666666
anticocaine		0.0006666666666666666
anticonvulsant		0.011333333333333334
anticonvulsants		0.004
anticonvulsive		0.002
anticraving		0.0006666666666666666
antidepressant_lex	Chemical	0.012666666666666666
antidepressantinduced		0.0013333333333333333
antidepressants_lex	Chemical	0.008666666666666666
antidepressive		0.0006666666666666666
antidiabetic		0.0013333333333333333
antidiuretic		0.0006666666666666666
antidopaminergic		0.0013333333333333333
antidote		0.0006666666666666666
antidyskinetic		0.0013333333333333333
antiemetic		0.002
antiemetics		0.0006666666666666666
antiepileptic		0.01
antiepileptics		0.0006666666666666666
antiepileptogenic		0.0006666666666666666
antiestrogenic		0.0006666666666666666
antifibrinolytic		0.0013333333333333333
antifolate		0.0006666666666666666
antifungal		0.0006666666666666666
antigen		0.006666666666666667
antigenemia		0.0006666666666666666
antigenic		0.0006666666666666666
antigenpositive		0.0013333333333333333
antigens		0.0026666666666666666
antiglobulin		0.0013333333333333333
antihbc		0.0006666666666666666
antihbe		0.0013333333333333333
antihbs		0.0013333333333333333
antihcv		0.0006666666666666666
antihiv		0.0013333333333333333
antihuman		0.0006666666666666666
antihyperalgesia		0.0006666666666666666
antihyperalgesic		0.0026666666666666666
antihypertensive		0.008666666666666666
antiinfective		0.0006666666666666666
antiinflammatory		0.018
antileukemia		0.0006666666666666666
antilymphocyte		0.0006666666666666666
antimetaboliteinduced		0.0006666666666666666
antimicrobial		0.0026666666666666666
antimicrobialinduced		0.0006666666666666666
antimicrobials		0.002
antimigraine		0.0006666666666666666
antimpo		0.0006666666666666666
antimuscarineinduced		0.0006666666666666666
antimuscarinic		0.002
antimycobacterial		0.0006666666666666666
antineoplasmic		0.0006666666666666666
antineoplastic		0.004666666666666667
antineutrophil		0.002
antineutrophil_cytoplasmic_antibody_ancaassociated_vasculitis_lex	Disease	0.0006666666666666666
antinociception		0.0026666666666666666
antinociceptive		0.0033333333333333335
antinuclear		0.0006666666666666666
antioxidant		0.015333333333333332
antioxidants		0.004
antioxidative		0.0013333333333333333
antiparkinsonian		0.004666666666666667
antiparkinsonianlike		0.0006666666666666666
antiparkinsonians		0.0006666666666666666
antiphospholipid_syndrome_lex	Disease	0.0006666666666666666
antiplatelet		0.002
antiplatelet_agents_lex	Chemical	0.0006666666666666666
antiplatelets		0.0006666666666666666
antiproliferating		0.0006666666666666666
antiproliferative		0.0013333333333333333
antipsychotic		0.01
antipsychoticlike		0.0013333333333333333
antipsychotics		0.004666666666666667
antipurine_lex	Chemical	0.0006666666666666666
antipyretic		0.0006666666666666666
antiretroviral		0.004666666666666667
antirheumatic		0.0006666666666666666
antirifampicin		0.0006666666666666666
antirigor		0.0006666666666666666
antiseizure		0.0006666666666666666
antisense		0.0006666666666666666
antisocial_disorder_lex	Disease	0.0006666666666666666
antisocial_personality_lex	Disease	0.0006666666666666666
antisocial_personality_disorder_lex	Disease	0.0006666666666666666
antisympathetic		0.0006666666666666666
antithrombin		0.0013333333333333333
antithrombintreated		0.0006666666666666666
antithrombosis		0.0006666666666666666
antithrombotic		0.002
antithymocyte_globulin_lex	Chemical	0.0006666666666666666
antithyroid		0.002
antithyroid_drugs_lex	Chemical	0.0006666666666666666
antithyroid_medications_lex	Chemical	0.0006666666666666666
antithyroidmedications_lex	Chemical	0.0006666666666666666
antituberculosis_lex	Chemical	0.0013333333333333333
antituberculous		0.0006666666666666666
antitumor		0.006
antitumoral		0.0006666666666666666
antitumour		0.0006666666666666666
antitussives		0.0006666666666666666
antiviral		0.004666666666666667
anuria_lex	Disease	0.0033333333333333335
anxiety_lex	Disease	0.011333333333333334
anxiety_disorders_lex	Disease	0.0006666666666666666
anxiety_neurosis_lex	Disease	0.0006666666666666666
anxiogenic		0.0033333333333333335
anxiolysis		0.0006666666666666666
anxiolytic		0.002
anxioselective		0.0006666666666666666
anxious		0.0013333333333333333
anxious_behaviour_lex	Disease	0.0006666666666666666
ao		0.0006666666666666666
aorta		0.0033333333333333335
aortaserumratio		0.0006666666666666666
aortic		0.007333333333333333
aortic_insufficiency_lex	Disease	0.0006666666666666666
aortic_occlusion_lex	Disease	0.0006666666666666666
aortic_regurgitation_lex	Disease	0.0013333333333333333
aortofemoral		0.0006666666666666666
apap_lex	Chemical	0.0006666666666666666
apd		0.0006666666666666666
aphasia_lex	Disease	0.0013333333333333333
apheresis		0.0013333333333333333
apical		0.0006666666666666666
apical_ballooning_lex	Disease	0.0006666666666666666
apical_ballooning_syndrome_lex	Disease	0.002
apigenin_lex	Chemical	0.0006666666666666666
apl_lex	Disease	0.002
aplastic		0.0006666666666666666
aplastic_anaemia_lex	Disease	0.0006666666666666666
aplastic_anemia_lex	Disease	0.005333333333333333
apnea_lex	Disease	0.004
apnoea_lex	Disease	0.0033333333333333335
apo		0.0006666666666666666
apoe		0.0006666666666666666
apolipoprotein		0.0006666666666666666
apolipoproteins		0.0006666666666666666
apomorphine_lex	Chemical	0.009333333333333334
aponidine_hydrochloride_lex	Chemical	0.0006666666666666666
apoptosis		0.009333333333333334
apoptosisinducing		0.0006666666666666666
apoptosisrelated		0.0006666666666666666
apoptotic		0.0033333333333333335
apparent		0.0013333333333333333
apparently		0.0006666666666666666
appearance		0.0006666666666666666
appeared		0.0013333333333333333
appears		0.0013333333333333333
appetite		0.0013333333333333333
appetite_suppressant_lex	Chemical	0.0006666666666666666
appetite_suppressants_lex	Chemical	0.0006666666666666666
appetitesuppressants_lex	Chemical	0.0006666666666666666
applicators		0.0006666666666666666
applied		0.0006666666666666666
approaches		0.0006666666666666666
appropriate		0.0006666666666666666
approved		0.0013333333333333333
apraclonidine_lex	Chemical	0.0006666666666666666
aprotinin		0.0013333333333333333
aptt		0.0006666666666666666
aqp1		0.0006666666666666666
aquaporin2		0.0006666666666666666
arac_lex	Chemical	0.0013333333333333333
aracytinec_lex	Chemical	0.0006666666666666666
arag_lex	Chemical	0.0006666666666666666
arb_lex	Chemical	0.0006666666666666666
arch		0.0006666666666666666
are		0.0026666666666666666
area		0.0006666666666666666
areas		0.0006666666666666666
arf_lex	Disease	0.0006666666666666666
argatroban_lex	Chemical	0.002
argentine_hemorrhagic_fever_lex	Disease	0.0006666666666666666
arginine_vasopressin_lex	Chemical	0.002
argyrophilic		0.0006666666666666666
aristolochic_acids_lex	Chemical	0.0006666666666666666
arm		0.0013333333333333333
aromatase		0.0006666666666666666
aromatic		0.0006666666666666666
arousal		0.0026666666666666666
arrest		0.0013333333333333333
arrhythmia_lex	Disease	0.013333333333333334
arrhythmias_lex	Disease	0.009333333333333334
arrhythmic_lex	Disease	0.0026666666666666666
arrhythmogenicity		0.0006666666666666666
arsenic_lex	Chemical	0.0006666666666666666
arterial		0.03666666666666667
arterial_dysfunction_lex	Disease	0.0006666666666666666
arterial_hypotension_lex	Disease	0.0006666666666666666
arterial_injury_lex	Disease	0.0006666666666666666
arterial_occlusion_lex	Disease	0.0006666666666666666
arterially		0.0006666666666666666
arteries		0.008
arteriography		0.0006666666666666666
arteriolar		0.0033333333333333335
arteriole		0.0006666666666666666
arterioles		0.0013333333333333333
arteriolopathy		0.0006666666666666666
arteriopathic_lex	Disease	0.0006666666666666666
arteriovenous		0.0006666666666666666
arteriovenous_malformations_lex	Disease	0.0006666666666666666
arteritis_lex	Disease	0.0006666666666666666
artery		0.016
artery_aneurysms_lex	Disease	0.0006666666666666666
artery_calcification_lex	Disease	0.0006666666666666666
artesunate_lex	Chemical	0.0006666666666666666
arthralgia_lex	Disease	0.0033333333333333335
arthritis_lex	Disease	0.004
arthrogryposis_lex	Disease	0.0006666666666666666
article		0.0013333333333333333
arv		0.0006666666666666666
arylpiperazine_lex	Chemical	0.0006666666666666666
as		0.006
asa_lex	Chemical	0.0013333333333333333
ascertained		0.0006666666666666666
ascites_lex	Disease	0.0006666666666666666
ascitis		0.0006666666666666666
asenapine_lex	Chemical	0.0006666666666666666
asian		0.0006666666666666666
asians		0.0013333333333333333
aspartate_lex	Chemical	0.0026666666666666666
asphyxia_lex	Disease	0.0006666666666666666
aspirated		0.0006666666666666666
aspirin_lex	Chemical	0.010666666666666666
assay		0.006
assayed		0.0013333333333333333
assays		0.002
assess		0.004
assessed		0.016
assessment		0.008666666666666666
assessments		0.0006666666666666666
assigned		0.0006666666666666666
associated		0.012
association		0.004666666666666667
asterixis_lex	Disease	0.0013333333333333333
asthenia_lex	Disease	0.0006666666666666666
asthma_lex	Disease	0.0026666666666666666
asthmatic_lex	Disease	0.002
asthmatics_lex	Disease	0.0006666666666666666
astrocytes		0.0033333333333333335
astrocytic		0.0006666666666666666
astrocytomas_lex	Disease	0.0006666666666666666
astroglial		0.0006666666666666666
astrogliaspecific		0.0006666666666666666
asymptomatic		0.005333333333333333
asystole_lex	Disease	0.0033333333333333335
asystolic_lex	Disease	0.0006666666666666666
at1arat2r		0.0006666666666666666
at2r		0.0006666666666666666
ataxia_lex	Disease	0.0026666666666666666
atazanavir_lex	Chemical	0.0006666666666666666
atenolol_lex	Chemical	0.002
atheromatous		0.0006666666666666666
atherosclerosis_lex	Disease	0.0033333333333333335
atherosclerotic_lex	Disease	0.0006666666666666666
atherosclerotic_lesion_lex	Disease	0.0006666666666666666
atherosclerotic_obstruction_lex	Disease	0.0006666666666666666
atherosclerotic_vascular_disease_lex	Disease	0.0006666666666666666
ato_lex	Chemical	0.0006666666666666666
atonic		0.0006666666666666666
atopic_dermatitis_lex	Disease	0.0006666666666666666
atorva_lex	Chemical	0.0006666666666666666
atorvastatin_lex	Chemical	0.002
atp_lex	Chemical	0.006
atpase		0.005333333333333333
atpases		0.0006666666666666666
atra_lex	Chemical	0.002
atracurium_lex	Chemical	0.0013333333333333333
atracurium_besylate_lex	Chemical	0.0006666666666666666
atria		0.002
atrial		0.009333333333333334
atrial_fibrillation_lex	Disease	0.01
atrial_flutter_lex	Disease	0.0033333333333333335
atrial_septal_defects_lex	Disease	0.0006666666666666666
atrial_tachyarrhythmia_lex	Disease	0.0006666666666666666
atrial_tachycardia_lex	Disease	0.0013333333333333333
atrial_thrombosis_lex	Disease	0.0006666666666666666
atriotomy		0.0006666666666666666
atrioventricular		0.002
atrioventricular_av_block_lex	Disease	0.0013333333333333333
atrioventricular_block_lex	Disease	0.002
atrioventricular_conduction_delay_lex	Disease	0.0006666666666666666
atrioventricular_dissociation_lex	Disease	0.0006666666666666666
atrioventricular_reentrant_tachycardia_lex	Disease	0.0006666666666666666
atrisk		0.0013333333333333333
atrophy_lex	Disease	0.0033333333333333335
atropine_lex	Chemical	0.012
atropine_sulfate_lex	Chemical	0.0006666666666666666
atropine_sulphate_lex	Chemical	0.0006666666666666666
atropinic		0.0006666666666666666
att		0.0006666666666666666
attack		0.0026666666666666666
attacks		0.0006666666666666666
attention		0.002
attention_deficit_disorder_lex	Disease	0.0006666666666666666
attention_problems_lex	Disease	0.0006666666666666666
attentional		0.0006666666666666666
attentiondeficit_hyperactivity_disorder_lex	Disease	0.0006666666666666666
attentiondeficithyperactivity_disorder_lex	Disease	0.0006666666666666666
attenuates		0.0013333333333333333
attributed		0.0006666666666666666
atypia		0.0006666666666666666
atypical		0.002
atypical_sensations_lex	Disease	0.0006666666666666666
auc		0.0013333333333333333
auccgrp		0.0006666666666666666
audiogenic		0.0006666666666666666
audiogenic_tonic_convulsions_lex	Disease	0.0006666666666666666
audiogram		0.0006666666666666666
audiograms		0.002
audiologic		0.002
audiological		0.0006666666666666666
audiometric		0.0006666666666666666
audiometry		0.0006666666666666666
audiovisual		0.0006666666666666666
audiovisual_toxicity_lex	Disease	0.0006666666666666666
auditory		0.008
auditory_abnormality_lex	Disease	0.0006666666666666666
auditory_dysfunction_lex	Disease	0.0013333333333333333
auditory_hallucinations_lex	Disease	0.0006666666666666666
auditory_loss_lex	Disease	0.0006666666666666666
auditory_neurotoxicity_lex	Disease	0.0006666666666666666
auditory_toxicity_lex	Disease	0.0006666666666666666
augment		0.0006666666666666666
august		0.0006666666666666666
aura		0.0013333333333333333
aureus		0.0013333333333333333
australia		0.0006666666666666666
authors		0.0026666666666666666
autism_lex	Disease	0.0013333333333333333
autism_spectrum_disorders_lex	Disease	0.0006666666666666666
autistic_disorder_lex	Disease	0.0006666666666666666
autoantibodies		0.0033333333333333335
autoantibody		0.0013333333333333333
autoantibodypositive		0.0006666666666666666
autochthonous		0.0006666666666666666
autoimmune		0.004
autoimmune_disease_lex	Disease	0.0013333333333333333
autoimmune_diseases_lex	Disease	0.0006666666666666666
autoimmune_hemolytic_anemia_lex	Disease	0.002
autoimmune_thyroiditis_lex	Disease	0.0006666666666666666
autoimmunity_lex	Disease	0.0013333333333333333
autonomic		0.006
autonomic_neuropathy_lex	Disease	0.002
autophagic		0.0013333333333333333
autophagy		0.0006666666666666666
autopsy		0.006
autoradiographic		0.002
autoradiography		0.0006666666666666666
autosomic		0.0006666666666666666
av		0.0013333333333333333
av_block_lex	Disease	0.0006666666666666666
available		0.0026666666666666666
avascular_necrosis_lex	Disease	0.0006666666666666666
average		0.0006666666666666666
aversive		0.0013333333333333333
avid		0.0006666666666666666
avoidance		0.01
avoided		0.0006666666666666666
avp_lex	Chemical	0.002
avrt_lex	Disease	0.0006666666666666666
awake		0.002
awakening		0.0006666666666666666
aware		0.0026666666666666666
awareness		0.0006666666666666666
awoke		0.0006666666666666666
ax_lex	Chemical	0.0006666666666666666
axillary		0.0006666666666666666
axis		0.0013333333333333333
axon		0.0006666666666666666
axonal		0.0026666666666666666
axonal_damage_lex	Disease	0.0013333333333333333
axonal_degeneration_lex	Disease	0.0013333333333333333
axonal_injury_lex	Disease	0.0006666666666666666
axonal_neuropathy_lex	Disease	0.0006666666666666666
axons		0.002
azathioprine_lex	Chemical	0.005333333333333333
azelastine_lex	Chemical	0.0006666666666666666
azidothymidine_lex	Chemical	0.0033333333333333335
azithromycin_lex	Chemical	0.0013333333333333333
azole_lex	Chemical	0.0006666666666666666
azotemia_lex	Disease	0.0006666666666666666
azrin		0.0006666666666666666
azt_lex	Chemical	0.004666666666666667
b1		0.0006666666666666666
b1r		0.0006666666666666666
b2		0.0013333333333333333
b3		0.0006666666666666666
b35		0.0006666666666666666
b35cw4		0.0006666666666666666
b6		0.0006666666666666666
baboon_syndrome_lex	Disease	0.0006666666666666666
baby		0.0006666666666666666
bacilli		0.0006666666666666666
back		0.0006666666666666666
bacl2_lex	Chemical	0.0006666666666666666
baclofen_lex	Chemical	0.0013333333333333333
bacteremia_lex	Disease	0.0013333333333333333
bacteremias_lex	Disease	0.0006666666666666666
bacteria		0.002
bacterial		0.0013333333333333333
bacterial_infections_lex	Disease	0.002
bacteriological		0.0006666666666666666
bacteriologically		0.0006666666666666666
bad_breath_lex	Disease	0.0006666666666666666
baep		0.0006666666666666666
balance		0.0013333333333333333
balances		0.0006666666666666666
balbcbyj		0.0006666666666666666
ballistic		0.0006666666666666666
ballooning		0.0006666666666666666
band_keratopathy_lex	Disease	0.0006666666666666666
banned		0.0006666666666666666
barbiturate_lex	Chemical	0.0013333333333333333
barium_lex	Chemical	0.0006666666666666666
barium_chloride_lex	Chemical	0.0006666666666666666
baroreceptor		0.0006666666666666666
baroreceptors		0.0006666666666666666
barrier		0.004
bars		0.0006666666666666666
basal		0.008
basal_ganglia_infarcts_lex	Disease	0.0006666666666666666
basd_ne_lex	Chemical	0.0006666666666666666
baseline		0.016
basilar		0.0013333333333333333
baxbcl2		0.0006666666666666666
bbb		0.0013333333333333333
bcell		0.0013333333333333333
bcell_nonhodgkins_lymphoma_lex	Disease	0.0006666666666666666
bche		0.0013333333333333333
bcl2		0.0006666666666666666
bcnu_lex	Chemical	0.002
bcp		0.0006666666666666666
bd		0.0013333333333333333
bd1008_lex	Chemical	0.0006666666666666666
bd1018_lex	Chemical	0.0006666666666666666
bd1031_lex	Chemical	0.0006666666666666666
be_lex	Chemical	0.0026666666666666666
beagle		0.0013333333333333333
beating		0.0006666666666666666
beats		0.0006666666666666666
beatsmin		0.002
beatsminute		0.0006666666666666666
because		0.002
beclin		0.0006666666666666666
beclomethasone_lex	Chemical	0.0006666666666666666
beclomethasone_dipropionate_lex	Chemical	0.0006666666666666666
bedside		0.0006666666666666666
bedtime		0.0006666666666666666
been		0.027333333333333334
before		0.0026666666666666666
begun		0.0006666666666666666
behavior		0.007333333333333333
behavior_disorder_lex	Disease	0.0006666666666666666
behavioral		0.02266666666666667
behavioral_abnormalities_lex	Disease	0.0006666666666666666
behavioral_crosssensitization_lex	Disease	0.0006666666666666666
behavioral_depression_lex	Disease	0.0006666666666666666
behavioral_deterioration_lex	Disease	0.0006666666666666666
behavioral_disorder_lex	Disease	0.0006666666666666666
behavioral_disorders_lex	Disease	0.0006666666666666666
behavioral_dyscontrol_lex	Disease	0.0006666666666666666
behavioral_impairment_lex	Disease	0.0006666666666666666
behavioral_inflexibility_lex	Disease	0.0006666666666666666
behaviorally		0.0013333333333333333
behaviors		0.004666666666666667
behaviour		0.0013333333333333333
behavioural		0.0013333333333333333
belgium		0.0013333333333333333
believe		0.0013333333333333333
believed		0.0013333333333333333
bemegride_lex	Chemical	0.0006666666666666666
benazapril_lex	Chemical	0.0006666666666666666
benchtobedside		0.0006666666666666666
bendazac_lysine_lex	Chemical	0.0006666666666666666
bendrofluazide_lex	Chemical	0.0013333333333333333
beneficial		0.004666666666666667
benefits		0.0006666666666666666
benign		0.004666666666666667
benzamide_lex	Chemical	0.0013333333333333333
benzene_lex	Chemical	0.0006666666666666666
benzisoxazole_lex	Chemical	0.0006666666666666666
benzoapyrene_lex	Chemical	0.0006666666666666666
benzodiazepine_lex	Chemical	0.005333333333333333
benzodiazepines_lex	Chemical	0.004666666666666667
benzoylcholine_lex	Chemical	0.0006666666666666666
benzoylecgonine_lex	Chemical	0.002
benztropine_lex	Chemical	0.0006666666666666666
benzylacyclouridine_lex	Chemical	0.0006666666666666666
benzylisoquinolinium_lex	Chemical	0.0006666666666666666
benzylpenicillin_lex	Chemical	0.0006666666666666666
benzylpenicilloate_lex	Chemical	0.0006666666666666666
benzylpenicilloylpolyllysine_lex	Chemical	0.0006666666666666666
benzylthiouracil_lex	Chemical	0.0006666666666666666
bepridil_lex	Chemical	0.002
bepridil_hydrochloride_lex	Chemical	0.0006666666666666666
beraprost_lex	Chemical	0.0006666666666666666
best		0.0006666666666666666
beta		0.006
beta1		0.0006666666666666666
beta1integrin		0.0006666666666666666
beta2		0.002
beta2adrenoceptor		0.0006666666666666666
beta2adrenoceptormediated		0.0006666666666666666
beta2subunits		0.0006666666666666666
beta3		0.0006666666666666666
beta4		0.0006666666666666666
beta_lactam_lex	Chemical	0.0006666666666666666
betaadrenergic		0.008
betaadrenergic_blocking_drugs_lex	Chemical	0.0006666666666666666
betaadrenoblocking		0.0006666666666666666
betaadrenoceptor		0.004666666666666667
betaadrenoceptormediated		0.0006666666666666666
betaagonists		0.0006666666666666666
betaar		0.0006666666666666666
betablockade		0.0006666666666666666
betablockade8		0.0006666666666666666
betablocker		0.002
betablockers		0.004
betablocking		0.004666666666666667
betacarboline_lex	Chemical	0.0013333333333333333
betacarotene_lex	Chemical	0.0006666666666666666
betaccm_lex	Chemical	0.0006666666666666666
betaenac		0.0013333333333333333
betaepimers		0.0006666666666666666
betahydroxylase		0.0006666666666666666
betaine_lex	Chemical	0.0006666666666666666
betalactam_lex	Chemical	0.0013333333333333333
betamimetics		0.0006666666666666666
betamuricholate		0.0006666666666666666
betanoradrenergic		0.0006666666666666666
betaoxidase		0.0006666666666666666
betaoxidation		0.0006666666666666666
betaposition		0.0006666666666666666
betareceptor		0.0006666666666666666
betasubunits		0.0006666666666666666
betathalassemia_lex	Disease	0.0006666666666666666
betathalassemic_lex	Disease	0.0006666666666666666
betaxolol_lex	Chemical	0.0006666666666666666
better		0.0006666666666666666
between		0.004666666666666667
bevacizumab_lex	Chemical	0.0006666666666666666
beverages		0.0013333333333333333
bezoldjarisch		0.0006666666666666666
bezoldjarish		0.0006666666666666666
bfgf		0.0013333333333333333
bha_lex	Chemical	0.0006666666666666666
bicarbonate_lex	Chemical	0.0006666666666666666
bicuculline_lex	Chemical	0.002
bicuspid_aortic_valve_lex	Disease	0.0006666666666666666
bicycle		0.0006666666666666666
bigeminy		0.0006666666666666666
bilateral		0.014
bilateral_optic_neuropathy_lex	Disease	0.0006666666666666666
bilateral_retrobulbar_neuropathy_lex	Disease	0.0006666666666666666
bilateral_visual_field_abnormalities_lex	Disease	0.0006666666666666666
bilaterally		0.0026666666666666666
bile		0.006666666666666667
bile_acid_lex	Chemical	0.0006666666666666666
bile_duct_destruction_lex	Disease	0.0006666666666666666
bile_duct_injury_lex	Disease	0.0013333333333333333
bile_salt_lex	Chemical	0.0006666666666666666
bilediverted		0.0006666666666666666
biliary		0.0033333333333333335
biliary_atresia_lex	Disease	0.0006666666666666666
biliary_pseudolithiasis_lex	Disease	0.0006666666666666666
bilirubin_lex	Chemical	0.006666666666666667
binasal_visual_field_defects_lex	Disease	0.0006666666666666666
binding		0.005333333333333333
bioactivation		0.0006666666666666666
bioactive		0.002
bioavailability		0.0013333333333333333
biochemical		0.017333333333333333
biochemically		0.0013333333333333333
biocontinuous		0.0006666666666666666
biodegradable		0.0013333333333333333
biodistribution		0.0006666666666666666
bioelectrical		0.0006666666666666666
biofeedback		0.0006666666666666666
biological		0.0013333333333333333
biomarker		0.0006666666666666666
biomarkers		0.0026666666666666666
biomedical		0.0006666666666666666
biomembranes		0.0006666666666666666
biometric		0.0006666666666666666
biometry		0.0006666666666666666
biopsied		0.0006666666666666666
biopsies		0.004666666666666667
biopsy		0.018666666666666668
biopsyproven		0.0006666666666666666
biosyntheses		0.0006666666666666666
biosynthesis		0.0013333333333333333
biosynthetic		0.0006666666666666666
biperiden_lex	Chemical	0.0013333333333333333
biperiden_lactate_lex	Chemical	0.0006666666666666666
biphosphonate_lex	Chemical	0.0006666666666666666
bipolar_lex	Disease	0.0026666666666666666
bipolar_depression_lex	Disease	0.0006666666666666666
bipolar_disorder_lex	Disease	0.006
bipolar_i_lex	Disease	0.0006666666666666666
bipolar_i_disorder_lex	Disease	0.0006666666666666666
bipolar_ii_lex	Disease	0.0006666666666666666
bipolar_mania_lex	Disease	0.002
bipolarity		0.0006666666666666666
birdshot_retinochoroidopathy_lex	Disease	0.0006666666666666666
birth		0.004
birth_defect_lex	Disease	0.0006666666666666666
birth_defects_lex	Disease	0.0013333333333333333
birthing		0.0006666666666666666
birthweight		0.0006666666666666666
bis		0.0013333333333333333
bisbenzylisoquinoline_lex	Chemical	0.0006666666666666666
bisoprolol_lex	Chemical	0.0006666666666666666
bispectral		0.0013333333333333333
bisphenol_a_lex	Chemical	0.0006666666666666666
bisphosphonate_lex	Chemical	0.0013333333333333333
bisphosphonates_lex	Chemical	0.0013333333333333333
bispnitrophenyl_phosphate_lex	Chemical	0.0006666666666666666
bitemporal		0.0013333333333333333
bitemporal_hemianopia_lex	Disease	0.0006666666666666666
biting		0.0006666666666666666
bitter		0.0006666666666666666
biventricular_dysfunction_lex	Disease	0.0006666666666666666
biventricular_failure_lex	Disease	0.0006666666666666666
biweekly		0.0006666666666666666
bladder		0.016666666666666666
bladder_calculi_lex	Disease	0.0006666666666666666
bladder_cancer_lex	Disease	0.0013333333333333333
bladder_carcinomas_lex	Disease	0.0013333333333333333
bladder_damage_lex	Disease	0.0006666666666666666
bladder_dysfunction_lex	Disease	0.0006666666666666666
bladder_hyperactivity_lex	Disease	0.0006666666666666666
bladder_inflammation_lex	Disease	0.0013333333333333333
bladder_irritation_lex	Disease	0.0013333333333333333
bladder_tumor_lex	Disease	0.0006666666666666666
bladder_tumors_lex	Disease	0.0013333333333333333
bladder_tumours_lex	Disease	0.0006666666666666666
bladders		0.0013333333333333333
bleeding_lex	Disease	0.008666666666666666
bleeds		0.0006666666666666666
blepharoconjunctivitis_lex	Disease	0.0006666666666666666
blind_lex	Disease	0.002
blinding		0.0006666666666666666
blindness_lex	Disease	0.002
block		0.004
blockade		0.01
blockadeinduced		0.0013333333333333333
blocked		0.0006666666666666666
blocker		0.006666666666666667
blockers		0.0033333333333333335
blocking		0.004666666666666667
blonquist		0.0006666666666666666
blood		0.046
blood_coagulation_lex	Disease	0.0013333333333333333
blood_dyscrasias_lex	Disease	0.002
blood_loss_lex	Disease	0.002
blood_nitrogen_urea_lex	Chemical	0.0006666666666666666
blood_urea_nitrogen_lex	Chemical	0.004
bloodbrain		0.004
bloodbrainbarrier		0.0006666666666666666
bloodpressure		0.0006666666666666666
blue		0.0006666666666666666
blurred_vision_lex	Disease	0.002
bmc		0.0006666666666666666
bmcs		0.0006666666666666666
bmctransplanted		0.0006666666666666666
bmctreated		0.0006666666666666666
bmi		0.0006666666666666666
bmt		0.0013333333333333333
bn		0.0006666666666666666
bn_fifty-two		0.0006666666666666666
bnp		0.0006666666666666666
bnpp_lex	Chemical	0.0006666666666666666
body		0.0033333333333333335
bodyweight		0.0006666666666666666
bodyweights		0.0006666666666666666
bolus		0.005333333333333333
boluses		0.0006666666666666666
bonding		0.0006666666666666666
bone		0.009333333333333334
bone_marrow_depression_lex	Disease	0.0006666666666666666
bone_marrow_hypoplasia_lex	Disease	0.0006666666666666666
bone_marrow_necrosis_lex	Disease	0.0006666666666666666
bone_marrow_suppression_lex	Disease	0.0033333333333333335
bone_marrow_toxicity_lex	Disease	0.0006666666666666666
bone_tumor_lex	Disease	0.0006666666666666666
bone_tumors_lex	Disease	0.0006666666666666666
bones		0.0006666666666666666
boosted		0.0006666666666666666
border		0.0006666666666666666
borderline		0.0013333333333333333
born		0.005333333333333333
bort_lex	Chemical	0.0006666666666666666
bortezomib_lex	Chemical	0.0033333333333333335
both		0.009333333333333334
botox_lex	Chemical	0.0006666666666666666
botulinum		0.0013333333333333333
bovine		0.002
bowel		0.002
boy		0.002
bp		0.005333333333333333
bp_reduction_lex	Disease	0.0006666666666666666
bpa_lex	Chemical	0.0006666666666666666
bpd_lex	Chemical	0.0006666666666666666
bpm		0.0006666666666666666
bpt_lex	Chemical	0.0006666666666666666
brachial		0.0026666666666666666
brachial_neuritis_lex	Disease	0.0006666666666666666
brachial_plexitis_lex	Disease	0.0006666666666666666
bradyarrhythmia_lex	Disease	0.0013333333333333333
bradyarrhythmias_lex	Disease	0.002
bradyarrhythmic		0.0006666666666666666
bradycardia_lex	Disease	0.030666666666666665
bradycardiac_lex	Disease	0.0006666666666666666
bradycardias_lex	Disease	0.0006666666666666666
bradycardic_lex	Disease	0.0013333333333333333
bradydysrhythmias_lex	Disease	0.0006666666666666666
bradykinesia_lex	Disease	0.002
bradykinin_lex	Chemical	0.0013333333333333333
brain		0.04733333333333333
brain_damage_lex	Disease	0.004
brain_edema_lex	Disease	0.002
brain_injury_lex	Disease	0.0013333333333333333
brain_ischemic_lex	Disease	0.0006666666666666666
brain_trauma_lex	Disease	0.0006666666666666666
brain_tumor_lex	Disease	0.0006666666666666666
brain_tumors_lex	Disease	0.0013333333333333333
brain_tumour_lex	Disease	0.0006666666666666666
braindissociated		0.0006666666666666666
braingut		0.0006666666666666666
brainmapping		0.0006666666666666666
brains		0.0033333333333333335
brainstem		0.004666666666666667
brainstem_dysgenesis_lex	Disease	0.0006666666666666666
branch		0.0006666666666666666
branching		0.0006666666666666666
breakdown		0.0006666666666666666
breast		0.0006666666666666666
breast_cancer_lex	Disease	0.009333333333333334
breast_carcinoma_lex	Disease	0.0013333333333333333
breast_tumors_lex	Disease	0.0006666666666666666
breastcancer_lex	Disease	0.0006666666666666666
breath		0.0006666666666666666
breathbybreath		0.0006666666666666666
breathiness		0.0006666666666666666
breathing		0.002
breaths		0.0006666666666666666
breeder		0.0006666666666666666
brevibacterium		0.0006666666666666666
brief		0.0026666666666666666
briefly		0.0006666666666666666
brigham		0.0006666666666666666
broken_heart_syndrome_lex	Disease	0.0006666666666666666
bromide_lex	Chemical	0.0013333333333333333
bromocriptine_lex	Chemical	0.004666666666666667
bromperidol_lex	Chemical	0.0006666666666666666
bronchial_asthma_lex	Disease	0.0006666666666666666
bronchiectasis_lex	Disease	0.0006666666666666666
bronchioalveolar_carcinoma_lex	Disease	0.0006666666666666666
bronchiolitis_obliterans_lex	Disease	0.0006666666666666666
bronchitis_lex	Disease	0.0006666666666666666
bronchodilating		0.0006666666666666666
bronchodilator		0.0006666666666666666
bronchopneumonia_lex	Disease	0.0006666666666666666
bronchorrhoea_lex	Disease	0.0006666666666666666
bronchoscopic		0.0006666666666666666
bronchospasm_lex	Disease	0.0006666666666666666
brown		0.0006666666666666666
bruising_lex	Disease	0.0006666666666666666
brushevoked		0.0013333333333333333
bs_lex	Chemical	0.0006666666666666666
buffer		0.0006666666666666666
buffered		0.0006666666666666666
buffering		0.0006666666666666666
bulbospinal		0.0006666666666666666
bundle		0.0006666666666666666
bundle_branch_block_lex	Disease	0.0006666666666666666
bupivacaine_lex	Chemical	0.012
bupivacaine_hydrochloride_lex	Chemical	0.0006666666666666666
buprenorphine_lex	Chemical	0.0006666666666666666
bupropion_lex	Chemical	0.0033333333333333335
bupropion_hcl_lex	Chemical	0.0006666666666666666
bupropion_hydrochloride_lex	Chemical	0.0013333333333333333
burden		0.0006666666666666666
burkitt_lymphoma_lex	Disease	0.0006666666666666666
burkitttype_malignant_lymphoma_lex	Disease	0.0006666666666666666
burn_lex	Disease	0.0006666666666666666
burning		0.0006666666666666666
burns_lex	Disease	0.0006666666666666666
buspirone_lex	Chemical	0.0006666666666666666
busulfan_lex	Chemical	0.0013333333333333333
but		0.006
buttocks		0.0006666666666666666
butylated_hydroxyanisole_lex	Chemical	0.0006666666666666666
butyrylcholinesterase		0.0013333333333333333
butyrylcholinesterase_deficiency_lex	Disease	0.0006666666666666666
butyrylcholinesterases		0.0006666666666666666
butyrylcholinestrase		0.0006666666666666666
butyrylthiocholine_lex	Chemical	0.0006666666666666666
by		0.005333333333333333
bypass		0.0006666666666666666
bzds_lex	Chemical	0.0006666666666666666
c57bl6		0.0006666666666666666
c57bl6j		0.0006666666666666666
c57bl6tgnsod13cje		0.0006666666666666666
ca_lex	Chemical	0.0006666666666666666
ca1		0.0013333333333333333
caa_lex	Chemical	0.0013333333333333333
cabergoline_lex	Chemical	0.0006666666666666666
cacl2_lex	Chemical	0.0013333333333333333
caco3_lex	Chemical	0.0006666666666666666
cad_lex	Disease	0.0006666666666666666
cadaver		0.0006666666666666666
cadaveric		0.0006666666666666666
caerulein_lex	Chemical	0.0006666666666666666
caesarean		0.0013333333333333333
caffeine_lex	Chemical	0.008
cages		0.0006666666666666666
calcification_lex	Disease	0.0013333333333333333
calcification_of_the_artery_lex	Disease	0.0006666666666666666
calcified		0.0006666666666666666
calcineurin		0.006
calcineurinbased		0.0006666666666666666
calcineurinfree		0.0006666666666666666
calcineurininhibitor		0.0013333333333333333
calcineurininhibitorrelated		0.0006666666666666666
calcitonin_lex	Chemical	0.002
calcitonin_generelated_peptide_lex	Chemical	0.0006666666666666666
calcitriol_lex	Chemical	0.0013333333333333333
calcium_lex	Chemical	0.028
calcium_carbonate_lex	Chemical	0.0026666666666666666
calcium_channel_blockers_lex	Chemical	0.0006666666666666666
calcium_channel_blocking_agents_lex	Chemical	0.0006666666666666666
calcium_chloride_lex	Chemical	0.004
calcium_disodium_edetate_lex	Chemical	0.0006666666666666666
calcium_gluconate_lex	Chemical	0.0013333333333333333
calcium_phosphate_lex	Chemical	0.0006666666666666666
calculated		0.0006666666666666666
calculation		0.0006666666666666666
calculi		0.0006666666666666666
calculus_lex	Disease	0.0006666666666666666
calendar		0.0006666666666666666
calibration		0.0006666666666666666
california		0.0013333333333333333
called		0.0006666666666666666
callosal_lesion_lex	Disease	0.0006666666666666666
callosum		0.0006666666666666666
cambodian		0.0006666666666666666
can_lex	Disease	0.010666666666666666
canalicular		0.0006666666666666666
cancer_lex	Disease	0.02
cancer_of_the_ureter_lex	Disease	0.0006666666666666666
cancers_lex	Disease	0.006
candida		0.0006666666666666666
candidiasis_lex	Disease	0.0006666666666666666
canine		0.0026666666666666666
cannabinoid		0.0006666666666666666
cannabis_lex	Chemical	0.0013333333333333333
cannot		0.0006666666666666666
cannulae		0.0013333333333333333
capacity		0.0006666666666666666
capecitabine_lex	Chemical	0.0013333333333333333
capillaries		0.0006666666666666666
capillary		0.004666666666666667
capillary_leak_lex	Disease	0.0006666666666666666
capillary_leak_syndrome_lex	Disease	0.0006666666666666666
capnocytophaga		0.0006666666666666666
caproate_lex	Chemical	0.0006666666666666666
capsaicin_lex	Chemical	0.008
capsule		0.0006666666666666666
capsules		0.0013333333333333333
captopril_lex	Chemical	0.004
carbachol_lex	Chemical	0.0033333333333333335
carbamazepine_lex	Chemical	0.012
carbamylcholin_lex	Chemical	0.0006666666666666666
carbenicillin_lex	Chemical	0.0006666666666666666
carbetocin_lex	Chemical	0.0006666666666666666
carbidopa_lex	Chemical	0.0006666666666666666
carbidopalevodopa_lex	Chemical	0.0006666666666666666
carbimazole_lex	Chemical	0.002
carbon_dioxide_lex	Chemical	0.0013333333333333333
carbon_monoxide_lex	Chemical	0.0006666666666666666
carbon_tetrachloride_lex	Chemical	0.0013333333333333333
carbonic		0.0013333333333333333
carboplatin_lex	Chemical	0.006666666666666667
carboxylesterase		0.0006666666666666666
carcinogen		0.0026666666666666666
carcinogenesis_lex	Disease	0.0026666666666666666
carcinogenic_lex	Disease	0.002
carcinogenicity		0.0006666666666666666
carcinogens		0.0006666666666666666
carcinogentreated		0.0006666666666666666
carcinoma_lex	Disease	0.007333333333333333
carcinoma_of_the_breast_lex	Disease	0.0006666666666666666
carcinoma_of_the_oral_cavity_lex	Disease	0.0006666666666666666
carcinoma_of_the_peritoneum_lex	Disease	0.0006666666666666666
carcinoma_of_the_prostate_lex	Disease	0.0006666666666666666
carcinoma_of_the_renal_pelvis_lex	Disease	0.0006666666666666666
carcinoma_of_the_urinary_tract_lex	Disease	0.0006666666666666666
carcinomas_of_the_urinary_bladder_lex	Disease	0.0006666666666666666
carcinostatics		0.0006666666666666666
cardiac		0.06933333333333333
cardiac_abnormalities_lex	Disease	0.0006666666666666666
cardiac_and_skeletal_myopathies_lex	Disease	0.0006666666666666666
cardiac_apoptosis_lex	Disease	0.0006666666666666666
cardiac_arrest_lex	Disease	0.007333333333333333
cardiac_arrhythmia_lex	Disease	0.002
cardiac_arrhythmias_lex	Disease	0.005333333333333333
cardiac_asystole_lex	Disease	0.0006666666666666666
cardiac_complications_lex	Disease	0.002
cardiac_damage_lex	Disease	0.002
cardiac_death_lex	Disease	0.0006666666666666666
cardiac_dilation_lex	Disease	0.0006666666666666666
cardiac_disarrangement_lex	Disease	0.0006666666666666666
cardiac_disease_lex	Disease	0.0033333333333333335
cardiac_diseases_lex	Disease	0.0006666666666666666
cardiac_disorders_lex	Disease	0.0006666666666666666
cardiac_disturbances_lex	Disease	0.0013333333333333333
cardiac_dysfunction_lex	Disease	0.006
cardiac_dysrhythmias_lex	Disease	0.0013333333333333333
cardiac_failure_lex	Disease	0.002
cardiac_hypertrophy_lex	Disease	0.0033333333333333335
cardiac_infarction_lex	Disease	0.0006666666666666666
cardiac_injury_lex	Disease	0.0006666666666666666
cardiac_inotropic_lex	Disease	0.0006666666666666666
cardiac_malformations_lex	Disease	0.0006666666666666666
cardiac_morphological_alterations_lex	Disease	0.0006666666666666666
cardiac_symptoms_lex	Disease	0.0006666666666666666
cardiac_toxicity_lex	Disease	0.01
cardiacspecific		0.0006666666666666666
cardiocirculatory		0.0006666666666666666
cardiodepressant		0.0006666666666666666
cardiogenic_shock_lex	Disease	0.002
cardiologic		0.0006666666666666666
cardiological		0.0006666666666666666
cardiology		0.0013333333333333333
cardiomegaly_lex	Disease	0.0006666666666666666
cardiomyocyte		0.0033333333333333335
cardiomyocyte_damage_lex	Disease	0.0006666666666666666
cardiomyocyte_degeneration_lex	Disease	0.0006666666666666666
cardiomyocyterestricted		0.0006666666666666666
cardiomyocytes		0.004
cardiomyopathic_disorder_lex	Disease	0.0006666666666666666
cardiomyopathy_lex	Disease	0.015333333333333332
cardioprotection		0.002
cardioprotective		0.007333333333333333
cardiopulmonary		0.005333333333333333
cardiopulmonary_arrest_lex	Disease	0.0006666666666666666
cardiorespiratory		0.0026666666666666666
cardiorespiratory_arrest_lex	Disease	0.0006666666666666666
cardioselective		0.002
cardiotoxic_lex	Disease	0.006
cardiotoxicity_lex	Disease	0.026
cardiotoxin		0.0006666666666666666
cardiotoxity_lex	Disease	0.0006666666666666666
cardiovascular		0.028
cardiovascular_alterations_lex	Disease	0.0013333333333333333
cardiovascular_arrhythmias_lex	Disease	0.0006666666666666666
cardiovascular_collapse_lex	Disease	0.0013333333333333333
cardiovascular_complications_lex	Disease	0.0013333333333333333
cardiovascular_depression_lex	Disease	0.0006666666666666666
cardiovascular_disease_lex	Disease	0.005333333333333333
cardiovascular_diseases_lex	Disease	0.0013333333333333333
cardiovascular_dysfunction_lex	Disease	0.0006666666666666666
cardiovascular_impairments_lex	Disease	0.0006666666666666666
cardiovascular_malformations_lex	Disease	0.0006666666666666666
cardiovascular_toxicities_lex	Disease	0.0006666666666666666
cardiovascular_toxicity_lex	Disease	0.0026666666666666666
cardiovascularly		0.0006666666666666666
cardioversion		0.002
care		0.0006666666666666666
careful		0.002
caries_lex	Disease	0.0006666666666666666
caring		0.0006666666666666666
carious_episodes_lex	Disease	0.0006666666666666666
carious_lesions_lex	Disease	0.0006666666666666666
carmofur_lex	Chemical	0.0006666666666666666
carmustine_lex	Chemical	0.0013333333333333333
carota		0.0006666666666666666
carotenoids_lex	Chemical	0.0006666666666666666
carotid		0.005333333333333333
carrageenan_lex	Chemical	0.002
carteolol_lex	Chemical	0.0006666666666666666
carteolol_hydrochloride_lex	Chemical	0.0006666666666666666
cartilage		0.0006666666666666666
carvedilol_lex	Chemical	0.0013333333333333333
case		0.023333333333333334
casecontrol		0.004666666666666667
cases		0.017333333333333333
caspase		0.0013333333333333333
caspase3		0.002
caspase8		0.0006666666666666666
castrated		0.0006666666666666666
catabolism		0.0006666666666666666
catalase		0.0013333333333333333
catalepsy_lex	Disease	0.014
cataleptic_lex	Disease	0.002
cataleptogenic		0.0006666666666666666
cataract_lex	Disease	0.0026666666666666666
cataractogenic		0.0006666666666666666
cataracts_lex	Disease	0.0006666666666666666
catatonia_lex	Disease	0.0006666666666666666
catechol_lex	Chemical	0.0006666666666666666
catecholamine_lex	Chemical	0.004666666666666667
catecholaminergic		0.002
catecholamines_lex	Chemical	0.006666666666666667
cathepsin		0.0013333333333333333
catheter		0.004666666666666667
catheterdirected		0.0006666666666666666
catheterisation		0.0006666666666666666
catheterization		0.0026666666666666666
catheterized		0.0006666666666666666
catheters		0.0026666666666666666
cats		0.0033333333333333335
caucasian		0.0006666666666666666
cauda_equina_syndrome_lex	Disease	0.0013333333333333333
caudate		0.0013333333333333333
caudateputamen		0.0006666666666666666
caudomedially		0.0006666666666666666
causal		0.0013333333333333333
causality		0.0006666666666666666
causative		0.0006666666666666666
cause		0.013333333333333334
caused		0.016666666666666666
causes		0.008666666666666666
causing		0.004
caution		0.006666666666666667
cautious		0.0006666666666666666
cavernous		0.0013333333333333333
cavity		0.0006666666666666666
cb		0.0006666666666666666
cb1		0.0006666666666666666
cb_three		0.0006666666666666666
cbaj		0.0006666666666666666
cbd		0.0006666666666666666
cbdca_lex	Chemical	0.0006666666666666666
cbf		0.0006666666666666666
cbz_lex	Chemical	0.0026666666666666666
cc_lex	Chemical	0.002
ccb		0.0006666666666666666
cck		0.0006666666666666666
cck1		0.0006666666666666666
cck2		0.0006666666666666666
cck28		0.0006666666666666666
cck58		0.0006666666666666666
cck8_lex	Chemical	0.0013333333333333333
ccl2		0.0006666666666666666
ccl4_lex	Chemical	0.0013333333333333333
ccnu_lex	Chemical	0.0006666666666666666
cco		0.0006666666666666666
ccr2		0.0006666666666666666
ccr2labeled		0.0006666666666666666
ccr2labeling		0.0006666666666666666
cd1		0.0013333333333333333
cd4		0.0026666666666666666
cd4tcell		0.0006666666666666666
cd50		0.0006666666666666666
cd68		0.0006666666666666666
cd832_lex	Chemical	0.0006666666666666666
cdc		0.0006666666666666666
cddp_lex	Chemical	0.0013333333333333333
ceased		0.002
cefazedone_lex	Chemical	0.0006666666666666666
cefonicid_lex	Chemical	0.0006666666666666666
cefotetan_lex	Chemical	0.0013333333333333333
ceftriaxone_lex	Chemical	0.0013333333333333333
celecoxib_lex	Chemical	0.0013333333333333333
cell		0.020666666666666667
celldeath		0.0006666666666666666
cellderived		0.0006666666666666666
cellfree		0.0006666666666666666
celling		0.0006666666666666666
cells		0.035333333333333335
cellsmicrol		0.0013333333333333333
cellsmm3		0.0006666666666666666
celltocell		0.0006666666666666666
cellular		0.004
cellulose		0.0006666666666666666
central		0.0006666666666666666
central_nervous_system_cns_complications_lex	Disease	0.0006666666666666666
central_nervous_system_complications_lex	Disease	0.0006666666666666666
central_nervous_system_disease_lex	Disease	0.0006666666666666666
central_nervous_system_leukemia_lex	Disease	0.0006666666666666666
central_nervous_system_toxicity_lex	Disease	0.0006666666666666666
cephalexin_lex	Chemical	0.0006666666666666666
cephalosporin_lex	Chemical	0.0006666666666666666
cephalosporins_lex	Chemical	0.0013333333333333333
cephalothin_lex	Chemical	0.0013333333333333333
cephalothin_sodium_lex	Chemical	0.0006666666666666666
cerebella		0.0006666666666666666
cerebellar		0.004666666666666667
cerebellar_atrophy_lex	Disease	0.0006666666666666666
cerebellar_disorders_lex	Disease	0.0006666666666666666
cerebellar_dysfunction_lex	Disease	0.0006666666666666666
cerebellum		0.004666666666666667
cerebellum_damage_lex	Disease	0.0006666666666666666
cerebral		0.014666666666666666
cerebral_abnormalities_lex	Disease	0.0006666666666666666
cerebral_aneurysm_lex	Disease	0.0006666666666666666
cerebral_aneurysms_lex	Disease	0.0006666666666666666
cerebral_anoxia_lex	Disease	0.0006666666666666666
cerebral_damage_lex	Disease	0.0006666666666666666
cerebral_edema_lex	Disease	0.002
cerebral_haemorrhage_lex	Disease	0.0013333333333333333
cerebral_haemorrhages_lex	Disease	0.0006666666666666666
cerebral_hemorrhage_lex	Disease	0.0006666666666666666
cerebral_hypoperfusion_lex	Disease	0.0006666666666666666
cerebral_hypoxia_lex	Disease	0.0006666666666666666
cerebral_infarction_lex	Disease	0.0026666666666666666
cerebral_ischaemia_lex	Disease	0.0006666666666666666
cerebral_ischemia_lex	Disease	0.002
cerebral_ischemic_infarction_lex	Disease	0.0006666666666666666
cerebral_ischemic_injury_lex	Disease	0.0006666666666666666
cerebral_lesions_lex	Disease	0.0006666666666666666
cerebral_microbleeds_lex	Disease	0.0006666666666666666
cerebral_palsy_lex	Disease	0.0006666666666666666
cerebral_sinus_thrombosis_lex	Disease	0.0006666666666666666
cerebral_vascular_accident_lex	Disease	0.0006666666666666666
cerebral_vasculitis_lex	Disease	0.002
cerebral_vasospasm_lex	Disease	0.0006666666666666666
cerebrocortical		0.0006666666666666666
cerebrospinal		0.004666666666666667
cerebrovascular		0.0013333333333333333
cerebrovascular_accident_lex	Disease	0.0006666666666666666
cerebrovascular_accidents_lex	Disease	0.0006666666666666666
cerebrovascular_disease_lex	Disease	0.0006666666666666666
cerebruspinal		0.0006666666666666666
ceroid_lipofuscinosis_lex	Disease	0.0006666666666666666
certain		0.0013333333333333333
ceruleocerebellar		0.0006666666666666666
ceruleus		0.0006666666666666666
cervical		0.002
cervical_carcinoma_lex	Disease	0.0006666666666666666
cervix		0.0006666666666666666
cesarean		0.002
cessation		0.010666666666666666
cfcs_lex	Chemical	0.0006666666666666666
cgrp_lex	Chemical	0.0013333333333333333
challenge		0.0013333333333333333
changes		0.0033333333333333335
channel		0.005333333333333333
channels		0.002
chaperone		0.0006666666666666666
characteristic		0.0013333333333333333
characterized		0.0006666666666666666
charge		0.0006666666666666666
chc_lex	Disease	0.0006666666666666666
chcl3_lex	Chemical	0.0006666666666666666
chelating		0.0013333333333333333
chelation		0.0026666666666666666
chemical		0.002
chemically		0.0013333333333333333
chemicals		0.0006666666666666666
chemiluminescence		0.0006666666666666666
chemistries		0.0006666666666666666
chemoconvulsants		0.0006666666666666666
chemokine		0.0006666666666666666
chemoprevention		0.0006666666666666666
chemopreventive		0.0006666666666666666
chemoreception		0.0006666666666666666
chemosensitivity		0.0006666666666666666
chemosomatosensory		0.0006666666666666666
chemotherapeutic		0.008
chemotherapeutics		0.0013333333333333333
chemotherapies		0.0006666666666666666
chemotherapy		0.04066666666666666
chemotherapyinduced		0.0006666666666666666
chemotherapynaive		0.002
chemotherapyresponsive		0.0006666666666666666
chemotherapytreated		0.0006666666666666666
chenodeoxycholate_lex	Chemical	0.0006666666666666666
chest		0.005333333333333333
chest_pain_lex	Disease	0.012
chest_wall_rigidity_lex	Disease	0.0006666666666666666
chewing		0.002
chf_lex	Disease	0.0006666666666666666
chiari_malformation_lex	Disease	0.0006666666666666666
chiasm		0.0006666666666666666
chiasmopathy		0.0006666666666666666
chick		0.0006666666666666666
chickens		0.0006666666666666666
child		0.004666666666666667
childbearing		0.0006666666666666666
childhood		0.0013333333333333333
childpugh		0.0006666666666666666
children		0.015333333333333332
childrens		0.0013333333333333333
chills		0.0006666666666666666
chinese		0.0026666666666666666
chinese_herbal_lex	Chemical	0.0006666666666666666
chinese_herbs_lex	Chemical	0.0006666666666666666
chloralose_lex	Chemical	0.0013333333333333333
chlorambucil_lex	Chemical	0.0006666666666666666
chloramphenicol_lex	Chemical	0.0013333333333333333
chlordiazepoxide_lex	Chemical	0.0006666666666666666
chlorhexidine_diphosphanilate_lex	Chemical	0.0006666666666666666
chlorhexidine_phosphanilate_lex	Chemical	0.0006666666666666666
chlorhexidinedigluconate_lex	Chemical	0.0006666666666666666
chloride_lex	Chemical	0.0006666666666666666
chlormethiazole_lex	Chemical	0.0006666666666666666
chloroacetaldehyde_lex	Chemical	0.0013333333333333333
chlorofluorocarbons_lex	Chemical	0.0006666666666666666
chloroform_lex	Chemical	0.0013333333333333333
chloroprocaine_lex	Chemical	0.0006666666666666666
chloroquine_lex	Chemical	0.0026666666666666666
chlorpheniramine_lex	Chemical	0.002
chlorpheniramine_maleate_lex	Chemical	0.0006666666666666666
chlorpromazine_lex	Chemical	0.0026666666666666666
chlorpropamide_lex	Chemical	0.0006666666666666666
chlorpropanol_lex	Chemical	0.0006666666666666666
chlorthalidone_lex	Chemical	0.0013333333333333333
choanal_atresia_lex	Disease	0.0006666666666666666
cholangitis_lex	Disease	0.0006666666666666666
cholate_lex	Chemical	0.0006666666666666666
cholecystectomy		0.0006666666666666666
cholecystitis_lex	Disease	0.0006666666666666666
cholecystokinin_lex	Chemical	0.0006666666666666666
cholecystokinin_octapeptide_lex	Chemical	0.0006666666666666666
cholecystokininoctapeptide_lex	Chemical	0.0006666666666666666
choleretic		0.0006666666666666666
cholestasis_lex	Disease	0.009333333333333334
cholestatic_lex	Disease	0.004
cholestatic_disease_lex	Disease	0.0006666666666666666
cholestatic_injury_lex	Disease	0.0006666666666666666
cholestatic_jaundice_lex	Disease	0.0013333333333333333
cholestatic_syndrome_lex	Disease	0.0006666666666666666
cholesterol_lex	Chemical	0.008
cholesterols_lex	Chemical	0.0006666666666666666
cholesteryl_ester_lex	Chemical	0.0006666666666666666
cholesteryl_esters_lex	Chemical	0.0013333333333333333
cholesteryl_hemisuccinate_lex	Chemical	0.0006666666666666666
choline_lex	Chemical	0.002
cholinergic		0.012666666666666666
cholinergicopioid		0.0006666666666666666
cholinergics		0.0006666666666666666
cholinesterase		0.005333333333333333
cholinoceptive		0.0006666666666666666
cholinomimetic		0.0006666666666666666
chondrodysplasia_punctata_lex	Disease	0.0006666666666666666
chondroitin_sulfate_lex	Chemical	0.0006666666666666666
chondroitinase		0.0006666666666666666
chorea_lex	Disease	0.0013333333333333333
choreatic_dyskinesias_lex	Disease	0.0006666666666666666
choreatiform		0.0006666666666666666
choreic		0.002
choreoathetoid_lex	Disease	0.0006666666666666666
choreoathetoid_movements_lex	Disease	0.0006666666666666666
choreoathetosis_lex	Disease	0.0006666666666666666
choriocarcinoma_lex	Disease	0.0006666666666666666
choriocarcinomic		0.0006666666666666666
chorioretinal_atrophy_lex	Disease	0.0013333333333333333
chorioretinopathy_lex	Disease	0.0006666666666666666
choroid		0.0006666666666666666
chow		0.0013333333333333333
chp_lex	Chemical	0.0006666666666666666
chromatid		0.0006666666666666666
chromatographic		0.0006666666666666666
chromatography		0.0026666666666666666
chromatographyelectrochemical		0.0006666666666666666
chromosome		0.0006666666666666666
chromosomes		0.0006666666666666666
chronic		0.03666666666666667
chronic_active_aggressive_hepatitis_lex	Disease	0.0006666666666666666
chronic_active_hepatitis_lex	Disease	0.002
chronic_airflow_obstruction_lex	Disease	0.0006666666666666666
chronic_allograft_nephropathy_lex	Disease	0.002
chronic_disease_lex	Disease	0.0006666666666666666
chronic_hepatic_enzyme_dysfunction_lex	Disease	0.0006666666666666666
chronic_hepatitis_b_lex	Disease	0.0006666666666666666
chronic_hepatitis_b_virus_infection_lex	Disease	0.0006666666666666666
chronic_hepatitis_c_lex	Disease	0.004
chronic_infection_with_hepatitis_c_virus_lex	Disease	0.0006666666666666666
chronic_kidney_disease_lex	Disease	0.0013333333333333333
chronic_liver_disease_lex	Disease	0.0013333333333333333
chronic_myeloid_leukemia_lex	Disease	0.0006666666666666666
chronic_obstructive_pulmonary_disease_lex	Disease	0.0006666666666666666
chronic_pain_lex	Disease	0.002
chronic_renal_damage_lex	Disease	0.0006666666666666666
chronic_renal_failure_lex	Disease	0.005333333333333333
chronic_renal_insufficiency_lex	Disease	0.0006666666666666666
chronically		0.004666666666666667
chronically_infected_with_hepatitis_c_virus_lex	Disease	0.0006666666666666666
chronotropic		0.0013333333333333333
chx_lex	Chemical	0.0006666666666666666
ci		0.0033333333333333335
ci921_lex	Chemical	0.0006666666666666666
cibenzoline_lex	Chemical	0.0013333333333333333
cidofovir_lex	Chemical	0.0006666666666666666
cigarette		0.0006666666666666666
cigarettes		0.0013333333333333333
cilostazol_lex	Chemical	0.0006666666666666666
cimd_lex	Disease	0.0006666666666666666
cimetidine_lex	Chemical	0.004
cin_lex	Disease	0.002
cinacalcet_lex	Chemical	0.0006666666666666666
cinacalcet_hcl_lex	Chemical	0.0006666666666666666
cip_lex	Disease	0.0006666666666666666
ciprofloxacin_lex	Chemical	0.0033333333333333335
cirazoline_lex	Chemical	0.0006666666666666666
circadian		0.0013333333333333333
circle		0.0006666666666666666
circuitry		0.0006666666666666666
circulating		0.0026666666666666666
circulation		0.004666666666666667
circulations		0.0006666666666666666
circulatory		0.002
circulatory_failure_lex	Disease	0.0006666666666666666
circumferential		0.0006666666666666666
circumflex		0.0013333333333333333
circumstances		0.0013333333333333333
circumstantial		0.0006666666666666666
cirrhosis_lex	Disease	0.005333333333333333
cirrhosis_of_the_liver_lex	Disease	0.0013333333333333333
cirrhotic_lex	Disease	0.0006666666666666666
cirrhotic_diseases_lex	Disease	0.0006666666666666666
cisapride_lex	Chemical	0.0026666666666666666
cisplatin_lex	Chemical	0.014666666666666666
cisplatinum_lex	Chemical	0.0013333333333333333
cisra_lex	Chemical	0.0006666666666666666
cisternae		0.0006666666666666666
citalopram_lex	Chemical	0.0026666666666666666
citrate_lex	Chemical	0.0013333333333333333
citric_acid_lex	Chemical	0.0006666666666666666
ck		0.0013333333333333333
ckmb		0.0006666666666666666
clarithromycin_lex	Chemical	0.0026666666666666666
classic		0.0006666666666666666
classical		0.0006666666666666666
clavulanic_acid_lex	Chemical	0.0006666666666666666
claws		0.0006666666666666666
clear		0.0006666666666666666
clear_cell_adenocarcinoma_lex	Disease	0.0006666666666666666
clearheadedness		0.0006666666666666666
cleft		0.0006666666666666666
cleft_palate_lex	Disease	0.0006666666666666666
clentiazem_lex	Chemical	0.0006666666666666666
climacteric		0.0006666666666666666
climbing		0.0013333333333333333
clinic		0.004666666666666667
clinical		0.13466666666666666
clinically		0.023333333333333334
clinician		0.002
clinicianassessed		0.0006666666666666666
clinicians		0.011333333333333334
clinicopathological		0.0006666666666666666
clioquinol_lex	Chemical	0.0006666666666666666
clomiphene_lex	Chemical	0.0006666666666666666
clomiphene_citrate_lex	Chemical	0.0013333333333333333
clomipramine_lex	Chemical	0.002
clonazepam_lex	Chemical	0.0026666666666666666
cloned		0.0006666666666666666
clonic		0.002
clonic_fits_lex	Disease	0.0006666666666666666
clonic_seizure_lex	Disease	0.0006666666666666666
clonic_seizures_lex	Disease	0.0006666666666666666
clonictonic_convulsions_lex	Disease	0.0006666666666666666
clonidine_lex	Chemical	0.008666666666666666
clopidogrel_lex	Chemical	0.002
clot		0.0013333333333333333
clotiazepam_lex	Chemical	0.0006666666666666666
clotting		0.0026666666666666666
clozapine_lex	Chemical	0.007333333333333333
cluster_headache_lex	Disease	0.002
clz_lex	Chemical	0.0006666666666666666
cm_lex	Disease	0.0006666666666666666
cml_lex	Disease	0.0006666666666666666
cmro2		0.0006666666666666666
cmv_infection_lex	Disease	0.0006666666666666666
cn		0.0006666666666666666
cna		0.0006666666666666666
cns		0.008666666666666666
cns_damage_lex	Disease	0.0006666666666666666
cnsb002_lex	Chemical	0.0006666666666666666
cnsdirected		0.0006666666666666666
co2_lex	Chemical	0.0013333333333333333
coactivator		0.0006666666666666666
coadministered		0.0006666666666666666
coadministration		0.002
coagulation		0.002
coagulopathy_lex	Disease	0.002
coarctation_of_the_aorta_lex	Disease	0.0006666666666666666
coated		0.0006666666666666666
cobalt_lex	Chemical	0.0006666666666666666
coc_lex	Chemical	0.0006666666666666666
cocaethylene_lex	Chemical	0.0006666666666666666
cocaine_lex	Chemical	0.03
cocaine_abuse_lex	Disease	0.0026666666666666666
cocaine_addiction_lex	Disease	0.0006666666666666666
cocaine_hydrochloride_lex	Chemical	0.0006666666666666666
cocaine_overdose_lex	Disease	0.0006666666666666666
cocaineaddicted_lex	Disease	0.0006666666666666666
cocaineassociated		0.0006666666666666666
coccidioidomycosis_lex	Disease	0.0006666666666666666
cochlea		0.0013333333333333333
cochlear		0.002
cochrane		0.0033333333333333335
cocs_lex	Chemical	0.0006666666666666666
codeine_lex	Chemical	0.0006666666666666666
codine_lex	Chemical	0.0006666666666666666
coefficient		0.0006666666666666666
coenzyme		0.0006666666666666666
coenzyme_q10_lex	Chemical	0.0006666666666666666
coeruleus		0.0013333333333333333
coerulospinal		0.0006666666666666666
coffee		0.0006666666666666666
cognition		0.0026666666666666666
cognition_deficits_lex	Disease	0.0006666666666666666
cognitive		0.012666666666666666
cognitive_and_functional_deficits_lex	Disease	0.0006666666666666666
cognitive_and_functional_impairments_lex	Disease	0.0006666666666666666
cognitive_decline_lex	Disease	0.0006666666666666666
cognitive_deficits_lex	Disease	0.004
cognitive_deterioration_lex	Disease	0.0006666666666666666
cognitive_disorders_lex	Disease	0.0006666666666666666
cognitive_dysfunction_lex	Disease	0.002
cognitive_dysfunctions_lex	Disease	0.0006666666666666666
cognitive_impairment_lex	Disease	0.0033333333333333335
cognitive_motivational_or_creative_deficits_lex	Disease	0.0006666666666666666
cognitiveenhancing		0.0006666666666666666
cognitively		0.0006666666666666666
cohort		0.007333333333333333
cohorts		0.0013333333333333333
coil		0.0006666666666666666
coincident		0.0006666666666666666
coincidental		0.0006666666666666666
coinfected		0.0006666666666666666
coingested		0.0006666666666666666
cold		0.0013333333333333333
coldpressor		0.0006666666666666666
coli		0.0006666666666666666
colistin_lex	Chemical	0.0006666666666666666
collagen		0.0013333333333333333
collagen_vascular_disease_lex	Disease	0.0006666666666666666
collagenase		0.0013333333333333333
collagenaseinduced		0.0013333333333333333
collateral		0.0013333333333333333
colliculus		0.0006666666666666666
colloidal		0.0013333333333333333
colon_cancer_lex	Disease	0.0013333333333333333
colon_carcinoma_lex	Disease	0.0006666666666666666
colonoscopy		0.0006666666666666666
colorectal_adenomas_lex	Disease	0.0006666666666666666
colorectal_cancer_lex	Disease	0.0013333333333333333
colorectal_carcinoma_lex	Disease	0.0006666666666666666
colour		0.0006666666666666666
coma_lex	Disease	0.006666666666666667
comatose_lex	Disease	0.0006666666666666666
combating		0.0006666666666666666
combination		0.008666666666666666
combination_of_amoxicillin_and_clavulanic_acid_lex	Chemical	0.0006666666666666666
combinations		0.0006666666666666666
combined		0.0033333333333333335
combined_oral_contraceptives_lex	Chemical	0.0006666666666666666
commercially		0.0013333333333333333
common		0.008666666666666666
commonly		0.0026666666666666666
communication		0.0006666666666666666
comorbid		0.0006666666666666666
comorbidities		0.0006666666666666666
comorbidity		0.0026666666666666666
comparator		0.0006666666666666666
compared		0.0006666666666666666
comparison		0.0026666666666666666
comparisons		0.0006666666666666666
compartment		0.0013333333333333333
compartment_syndrome_lex	Disease	0.0006666666666666666
compensated		0.0006666666666666666
compensatory		0.0013333333333333333
complained		0.0006666666666666666
complaining		0.0006666666666666666
complaints		0.002
complement		0.0013333333333333333
complete		0.005333333333333333
completely		0.0013333333333333333
complex		0.0006666666666666666
compliance		0.0006666666666666666
complicated		0.0006666666666666666
complication		0.014
complications		0.03
component		0.0006666666666666666
compound		0.008666666666666666
compounds		0.009333333333333334
compression_neuropathy_lex	Disease	0.0006666666666666666
concentrate		0.0006666666666666666
concentrating		0.0006666666666666666
concentration		0.023333333333333334
concentrationblood		0.0006666666666666666
concentrationdependently		0.0006666666666666666
concentrationeffect		0.0006666666666666666
concentrations		0.034666666666666665
concentrationtime		0.0013333333333333333
concern		0.0006666666666666666
concerned		0.0006666666666666666
concerns		0.0013333333333333333
conclude		0.0026666666666666666
conclusion		0.010666666666666666
conclusions		0.016
concomitant		0.002
concurrent		0.0006666666666666666
condition		0.0033333333333333335
conditioned		0.0013333333333333333
conditioning		0.0006666666666666666
conditions		0.0006666666666666666
conductance		0.0006666666666666666
conducted		0.002
conduction		0.007333333333333333
conduction_disorder_lex	Disease	0.0006666666666666666
confidence		0.002
confirmed		0.0033333333333333335
confirming		0.0006666666666666666
conflicting		0.0006666666666666666
confounded		0.0006666666666666666
confounders		0.002
confounding		0.002
confused		0.0006666666666666666
confusion_lex	Disease	0.0026666666666666666
congenital		0.0013333333333333333
congenital_abnormalities_lex	Disease	0.0006666666666666666
congenital_anomalies_lex	Disease	0.0006666666666666666
congenital_heart_disease_lex	Disease	0.0013333333333333333
congenital_heart_diseases_lex	Disease	0.0006666666666666666
congestants		0.0006666666666666666
congestion		0.0006666666666666666
congestive		0.0006666666666666666
congestive_heart_failure_lex	Disease	0.01
congo		0.0006666666666666666
congolese		0.0006666666666666666
coniine_lex	Chemical	0.0006666666666666666
conium		0.0006666666666666666
conjugate		0.0006666666666666666
conjugated_estrogens_lex	Chemical	0.0006666666666666666
conjugates		0.0013333333333333333
conjugation		0.0006666666666666666
conjunction		0.0006666666666666666
conjunctiva		0.0013333333333333333
conjunctival		0.0006666666666666666
conjunctival_blanching_lex	Disease	0.0006666666666666666
conjunctivitis_lex	Disease	0.0006666666666666666
connective_tissue_disorders_lex	Disease	0.0006666666666666666
conscious		0.007333333333333333
consciousness		0.002
consecutive		0.004
consequences		0.0033333333333333335
consequent		0.0006666666666666666
considerable		0.0006666666666666666
considered		0.002
considering		0.0006666666666666666
consist		0.0006666666666666666
consolidation		0.002
constipating_lex	Disease	0.0006666666666666666
constipation_lex	Disease	0.002
constituents		0.0006666666666666666
constricted		0.0006666666666666666
constricting		0.0006666666666666666
constriction		0.0006666666666666666
consultations		0.0006666666666666666
consumed		0.002
consuming		0.0013333333333333333
consumption		0.005333333333333333
consumption_coagulopathies_lex	Disease	0.0006666666666666666
contain		0.0006666666666666666
containing		0.0013333333333333333
contains		0.0006666666666666666
contaminant		0.0006666666666666666
contaminants		0.0006666666666666666
contaminated		0.0006666666666666666
contamination		0.0006666666666666666
continence		0.0006666666666666666
continuous		0.0006666666666666666
continuousinfusion		0.0006666666666666666
continuously		0.0006666666666666666
contraception		0.0006666666666666666
contraceptive		0.0006666666666666666
contractile		0.002
contractility		0.0006666666666666666
contraction		0.0006666666666666666
contracture_lex	Disease	0.0006666666666666666
contraindicate		0.0006666666666666666
contraindicated		0.0026666666666666666
contraindication		0.002
contralateral		0.005333333333333333
contralateral_rotation_lex	Disease	0.0006666666666666666
contralaterally		0.0006666666666666666
contrary		0.002
contrast_lex	Chemical	0.008
contrast_materials_lex	Chemical	0.0006666666666666666
contrast_media_lex	Chemical	0.002
contrast_medium_lex	Chemical	0.0013333333333333333
contrastinduced		0.0006666666666666666
contributed		0.0006666666666666666
contributes		0.002
contributing		0.0006666666666666666
contribution		0.0006666666666666666
control		0.016
controlled		0.002
controlledrelease		0.0006666666666666666
controlling		0.0013333333333333333
controls		0.002
conventional		0.0013333333333333333
conversion		0.0013333333333333333
converted		0.0006666666666666666
converting		0.0013333333333333333
convulsant		0.007333333333333333
convulsants_lex	Disease	0.0013333333333333333
convulse		0.0006666666666666666
convulsing		0.0006666666666666666
convulsion_lex	Disease	0.0033333333333333335
convulsions_lex	Disease	0.014666666666666666
convulsive_lex	Disease	0.006
coombspositive		0.0006666666666666666
coordination		0.0006666666666666666
copenhagen		0.0006666666666666666
copolymer		0.0006666666666666666
copolymers		0.0006666666666666666
copper_lex	Chemical	0.0013333333333333333
cord		0.0013333333333333333
cord_damage_lex	Disease	0.0006666666666666666
cords		0.0006666666666666666
core		0.0006666666666666666
corn		0.0006666666666666666
cornea		0.0006666666666666666
corneal		0.0006666666666666666
corneal_abrasion_lex	Disease	0.0006666666666666666
corneal_disease_lex	Disease	0.0006666666666666666
corneal_opacities_lex	Disease	0.0006666666666666666
corneal_ulcers_lex	Disease	0.0006666666666666666
coronary		0.024
coronary_aneurysm_lex	Disease	0.0006666666666666666
coronary_arterial_disease_lex	Disease	0.0006666666666666666
coronary_arterial_stenosis_lex	Disease	0.0006666666666666666
coronary_arteriosclerosis_lex	Disease	0.0006666666666666666
coronary_artery_disease_lex	Disease	0.012666666666666666
coronary_artery_spasm_lex	Disease	0.002
coronary_artery_stenosis_lex	Disease	0.0013333333333333333
coronary_artery_vasospasm_lex	Disease	0.0006666666666666666
coronary_disease_lex	Disease	0.002
coronary_heart_disease_lex	Disease	0.002
coronary_occlusion_lex	Disease	0.0013333333333333333
coronary_spasm_lex	Disease	0.0026666666666666666
coronary_spastic_angina_lex	Disease	0.0006666666666666666
coronary_stenoses_lex	Disease	0.0006666666666666666
coronary_stenosis_lex	Disease	0.0026666666666666666
coronary_thrombosis_lex	Disease	0.0006666666666666666
coronary_vasospasm_lex	Disease	0.0026666666666666666
corpus		0.0006666666666666666
correct		0.0006666666666666666
corrected		0.002
correlate		0.0006666666666666666
correlated		0.0006666666666666666
correlates		0.002
cortex		0.019333333333333334
cortical		0.008666666666666666
cortical_dysplasia_lex	Disease	0.0006666666666666666
cortical_laminar_necrosis_lex	Disease	0.0006666666666666666
cortices		0.0013333333333333333
corticography		0.0006666666666666666
corticoid		0.0006666666666666666
corticomedullary		0.0006666666666666666
corticosteroid_lex	Chemical	0.006
corticosteroid_glaucoma_lex	Disease	0.0006666666666666666
corticosteroids_lex	Chemical	0.008
corticosterone_lex	Chemical	0.0026666666666666666
corticostriatal_dysfunction_lex	Disease	0.0006666666666666666
corticotropin_lex	Chemical	0.0006666666666666666
corticotropinreleasing		0.0006666666666666666
cortisol_lex	Chemical	0.0026666666666666666
cosmetic		0.0006666666666666666
cost		0.0006666666666666666
costeffectiveness		0.0006666666666666666
costs		0.0006666666666666666
cotreatment		0.0006666666666666666
cotrimoxazole_lex	Chemical	0.0013333333333333333
could		0.0026666666666666666
coumadin_lex	Chemical	0.0006666666666666666
coumarin_lex	Chemical	0.0006666666666666666
count		0.002
counter		0.0013333333333333333
counteract		0.0006666666666666666
counterbalanced		0.0006666666666666666
countries		0.0006666666666666666
counts		0.0006666666666666666
county		0.0006666666666666666
course		0.0006666666666666666
covalently		0.0006666666666666666
cows		0.0006666666666666666
cox		0.0033333333333333335
cox1		0.0006666666666666666
cox2		0.002
cox2_inhibitors_lex	Chemical	0.0006666666666666666
cox2specific		0.0006666666666666666
coxii		0.0006666666666666666
coxiv		0.0006666666666666666
coxon		0.0006666666666666666
cp_lex	Chemical	0.0006666666666666666
cpa_lex	Chemical	0.002
cpap		0.0006666666666666666
cpdd_lex	Chemical	0.0006666666666666666
cpr		0.0006666666666666666
crack_lex	Chemical	0.0006666666666666666
crack_cocaine_lex	Chemical	0.002
cramps_lex	Disease	0.0013333333333333333
cranberry		0.0006666666666666666
cranial		0.005333333333333333
cranial_nerve_deficits_lex	Disease	0.0006666666666666666
cranial_nerve_dysfunction_lex	Disease	0.0006666666666666666
cranial_neuropathy_lex	Disease	0.0006666666666666666
craniocervical		0.0006666666666666666
craniotomy		0.0013333333333333333
crataegus_oxycantha_lex	Chemical	0.0006666666666666666
creactive		0.0006666666666666666
cream		0.0013333333333333333
creams		0.0006666666666666666
creatine_lex	Chemical	0.008666666666666666
creatinine_lex	Chemical	0.030666666666666665
crescentic		0.0006666666666666666
crescents		0.0006666666666666666
crf_lex	Disease	0.0006666666666666666
criteria		0.0013333333333333333
critically		0.0006666666666666666
critically_ill_lex	Disease	0.0013333333333333333
crocin_lex	Chemical	0.0013333333333333333
crocins_lex	Chemical	0.0006666666666666666
crocus		0.0006666666666666666
crohns_disease_lex	Disease	0.0013333333333333333
cromakalim_lex	Chemical	0.0006666666666666666
crossreactivity		0.0013333333333333333
crosssectional		0.0006666666666666666
crosstolerance		0.0006666666666666666
crosstolerant		0.0006666666666666666
crp		0.0006666666666666666
cryoprecipitate		0.0006666666666666666
cryptococcal_meningitis_lex	Disease	0.0006666666666666666
cryptogenic		0.0006666666666666666
crystal		0.0006666666666666666
crystalline		0.0006666666666666666
crystals		0.0006666666666666666
csa_lex	Chemical	0.0013333333333333333
css10		0.0006666666666666666
cssep		0.0006666666666666666
ct		0.002
cta		0.0006666666666666666
ctcnci		0.0006666666666666666
cterminal		0.0006666666666666666
ctni		0.0013333333333333333
ctnipositive		0.0006666666666666666
ctnt		0.0013333333333333333
ctx_lex	Chemical	0.0006666666666666666
cubic		0.0006666666666666666
cuff		0.0006666666666666666
cumulative		0.0006666666666666666
cuprolinic_blue_lex	Chemical	0.0006666666666666666
curcumin_lex	Chemical	0.0013333333333333333
cure		0.002
cured		0.0026666666666666666
current		0.0013333333333333333
curve		0.002
curves		0.0006666666666666666
curvilinear		0.0006666666666666666
cushings_syndrome_lex	Disease	0.0006666666666666666
cutaneous		0.0033333333333333335
cutaneous_leucocytoclastic_vasculitis_lex	Disease	0.0006666666666666666
cutaneous_lupus_erythematosus_lex	Disease	0.0006666666666666666
cutaneous_reactions_lex	Disease	0.0006666666666666666
cutaneous_small_vessel_vasculitis_lex	Disease	0.0006666666666666666
cutis_verticis_gyrata_lex	Disease	0.0006666666666666666
cva_lex	Disease	0.0006666666666666666
cvd_lex	Disease	0.0006666666666666666
cvp		0.0006666666666666666
cvvhdf		0.0006666666666666666
cw4		0.0006666666666666666
cx3cr1		0.0006666666666666666
cxad		0.0006666666666666666
cxcl1		0.0006666666666666666
cy_lex	Chemical	0.0013333333333333333
cya_lex	Chemical	0.002
cyanide		0.0006666666666666666
cyanosis_lex	Disease	0.002
cyclase		0.0006666666666666666
cycle		0.0026666666666666666
cyclic		0.0006666666666666666
cyclic_adenosine_35monophosphate_lex	Chemical	0.0006666666666666666
cyclic_adenosine_monophosphate_lex	Chemical	0.0006666666666666666
cyclic_nucleotide_lex	Chemical	0.0006666666666666666
cyclical		0.0006666666666666666
cycloheximide_lex	Chemical	0.002
cyclooxygenase		0.004
cyclooxygenase2		0.002
cyclooxygenase_inhibitors_lex	Chemical	0.0006666666666666666
cyclophilin		0.0006666666666666666
cyclophosphamide_lex	Chemical	0.020666666666666667
cyclosporin_lex	Chemical	0.0013333333333333333
cyclosporin_a_lex	Chemical	0.0033333333333333335
cyclosporine_lex	Chemical	0.01
cyclosporine_a_lex	Chemical	0.0006666666666666666
cyp_lex	Chemical	0.004
cyp1a2		0.0006666666666666666
cyp2d6		0.0006666666666666666
cyp3a4		0.0013333333333333333
cyproheptadine_lex	Chemical	0.0006666666666666666
cyproterone_acetate_lex	Chemical	0.002
cyst		0.0006666666666666666
cystectomy		0.0006666666666666666
cysteine_lex	Chemical	0.0006666666666666666
cystic		0.002
cystic_renal_diseases_lex	Disease	0.0006666666666666666
cystitis_lex	Disease	0.014666666666666666
cystoid_macular_edema_lex	Disease	0.0006666666666666666
cystometric		0.0013333333333333333
cystometry		0.0006666666666666666
cystoscopy		0.0006666666666666666
cystourethrogram		0.0006666666666666666
cysts_lex	Disease	0.0006666666666666666
cytarabine_lex	Chemical	0.0013333333333333333
cytoarchitectural		0.0006666666666666666
cytochrome		0.008666666666666666
cytochromec		0.0006666666666666666
cytochromep450		0.0006666666666666666
cytogenetic		0.0006666666666666666
cytokine		0.004666666666666667
cytokines		0.0013333333333333333
cytologic		0.0013333333333333333
cytological		0.0006666666666666666
cytology		0.0006666666666666666
cytolytic		0.0013333333333333333
cytomegalovirus		0.0006666666666666666
cytomegalovirus_infections_lex	Disease	0.0006666666666666666
cytometry		0.0006666666666666666
cytopathic		0.0013333333333333333
cytopenia_lex	Disease	0.0013333333333333333
cytopenias_lex	Disease	0.0006666666666666666
cytoplasm		0.002
cytoplasmic		0.005333333333333333
cytoprotection		0.0006666666666666666
cytoprotective		0.0006666666666666666
cytosegresomes		0.0006666666666666666
cytosine_lex	Chemical	0.0006666666666666666
cytosine_arabinoside_lex	Chemical	0.0013333333333333333
cytoskeletal		0.0006666666666666666
cytoskeleton		0.0013333333333333333
cytosol		0.0006666666666666666
cytosolic		0.0013333333333333333
cytostatic		0.0026666666666666666
cytostatics		0.0013333333333333333
cytotoxic		0.005333333333333333
cytotoxic_oedema_within_cerebral_white_matter_lex	Disease	0.0006666666666666666
cytotoxicity_lex	Disease	0.004
d1		0.0026666666666666666
d11		0.0006666666666666666
d16		0.0006666666666666666
d17		0.0006666666666666666
d1d2		0.0013333333333333333
d1like		0.0006666666666666666
d2		0.006666666666666667
d23		0.0006666666666666666
d2l		0.0006666666666666666
d2like		0.0006666666666666666
d2r		0.0006666666666666666
d2receptor		0.0006666666666666666
d4		0.0006666666666666666
d42		0.0006666666666666666
d44		0.0006666666666666666
d47		0.0006666666666666666
d4t_lex	Chemical	0.0006666666666666666
da_lex	Chemical	0.0013333333333333333
dacarbazine_lex	Chemical	0.0006666666666666666
daergic		0.0006666666666666666
daidzein_lex	Chemical	0.0006666666666666666
daily		0.007333333333333333
dairy		0.0006666666666666666
damage		0.008
damage_of_neuronal_cells_lex	Disease	0.0006666666666666666
damage_of_snr_lex	Disease	0.0006666666666666666
damage_of_substantia_nigra_pars_reticulata_lex	Disease	0.0006666666666666666
damage_to_the_muscle_lex	Disease	0.0006666666666666666
damaged		0.0006666666666666666
damphetamine_lex	Chemical	0.002
danazol_lex	Chemical	0.0013333333333333333
danger		0.0013333333333333333
dangerous		0.0006666666666666666
danish		0.002
dantrolene_lex	Chemical	0.0006666666666666666
dapsone_lex	Chemical	0.0006666666666666666
daptomycin_lex	Chemical	0.0006666666666666666
darkness		0.0006666666666666666
darkstained		0.0006666666666666666
data		0.0013333333333333333
date		0.0006666666666666666
daucus		0.0006666666666666666
daucus_carota_extract_lex	Chemical	0.0006666666666666666
daunorubicin_lex	Chemical	0.002
daunoxome		0.0006666666666666666
day		0.0026666666666666666
daylight		0.0006666666666666666
days		0.006666666666666667
daytime		0.002
daytime_sleepiness_lex	Disease	0.0006666666666666666
dba2		0.0006666666666666666
dcf_lex	Chemical	0.0006666666666666666
ddathf_lex	Chemical	0.0006666666666666666
ddavp_lex	Chemical	0.0013333333333333333
deacetylation		0.0006666666666666666
deactivated		0.0006666666666666666
deactivation		0.0006666666666666666
deafened		0.0006666666666666666
deafening		0.0006666666666666666
deafness_lex	Disease	0.0006666666666666666
deal		0.0006666666666666666
death_lex	Disease	0.012
deaths_lex	Disease	0.005333333333333333
debated		0.0006666666666666666
debrisoquine_lex	Chemical	0.0013333333333333333
decarbodylase		0.0006666666666666666
decarboxylase		0.0033333333333333335
dechallenge		0.0006666666666666666
decibels		0.0006666666666666666
decisionanalytic		0.0006666666666666666
decline		0.0013333333333333333
decline_of_cognitive_function_lex	Disease	0.0006666666666666666
declined		0.0006666666666666666
decompensated		0.002
decompression		0.0013333333333333333
decompressive		0.0006666666666666666
decrease		0.018
decrease_in_arterial_blood_pressure_lex	Disease	0.0006666666666666666
decrease_in_cardiac_output_lex	Disease	0.0006666666666666666
decrease_in_sexual_desire_lex	Disease	0.0006666666666666666
decreased		0.054
decreased_appetite_lex	Disease	0.0006666666666666666
decreased_auditory_function_lex	Disease	0.0006666666666666666
decreased_basal_ganglia_perfusion_lex	Disease	0.0006666666666666666
decreased_cardiac_output_lex	Disease	0.0006666666666666666
decreased_renal_function_lex	Disease	0.0006666666666666666
decreased_the_locomotor_activity_lex	Disease	0.0006666666666666666
decreased_thymus_p_one_and_bodyweights_lex	Disease	0.0006666666666666666
decreased_visual_acuity_lex	Disease	0.0006666666666666666
decreases		0.006
decreases_in_arterial_blood_pressure_lex	Disease	0.0006666666666666666
decreases_in_systolic_blood_pressure_lex	Disease	0.0006666666666666666
decreases_of_teoaes_amplitudes_lex	Disease	0.0006666666666666666
decreasing		0.0006666666666666666
deemed		0.0006666666666666666
deep_vein_thrombosis_lex	Disease	0.0006666666666666666
deep_venous_thrombosis_lex	Disease	0.0006666666666666666
deepvein_thrombosis_lex	Disease	0.0006666666666666666
defect		0.004
defective		0.0006666666666666666
defects		0.005333333333333333
deferoxamine_lex	Chemical	0.0013333333333333333
defibrillation		0.0006666666666666666
deficiency		0.004666666666666667
deficient		0.004
deficit		0.0006666666666666666
deficit_in_fear_recognition_lex	Disease	0.0006666666666666666
deficit_of_associative_memory_lex	Disease	0.0006666666666666666
deficits		0.002
deficits_in_auditory_discrimination_lex	Disease	0.0006666666666666666
deficits_in_communication_and_social_skills_lex	Disease	0.0006666666666666666
defined		0.0006666666666666666
definitely		0.0006666666666666666
definitive		0.0006666666666666666
degenerating_myelinated_fibers_lex	Disease	0.0006666666666666666
degeneration		0.0006666666666666666
degeneration_of_dopaminergic_neurons_lex	Disease	0.0006666666666666666
degenerative		0.0006666666666666666
degkwitz		0.0006666666666666666
deglutition		0.0006666666666666666
degradable		0.0006666666666666666
degradation		0.0006666666666666666
degrading		0.0006666666666666666
degree		0.0006666666666666666
dehydrated_lex	Disease	0.0006666666666666666
dehydration_lex	Disease	0.0026666666666666666
dehydroepiandrosterone_lex	Chemical	0.0006666666666666666
dehydrogenase		0.005333333333333333
delay		0.0013333333333333333
delayed		0.004666666666666667
delayed_free_recall_was_also_impaired_lex	Disease	0.0006666666666666666
delayed_puberty_lex	Disease	0.0006666666666666666
delayedonset		0.0006666666666666666
delaying		0.0006666666666666666
deletion		0.0006666666666666666
deliberate		0.0013333333333333333
delineate		0.0006666666666666666
delineated		0.0006666666666666666
delirium_lex	Disease	0.006666666666666667
delivery		0.0033333333333333335
delta_9tetrahydrocannabinol_lex	Chemical	0.0006666666666666666
delusional_parasitosis_lex	Disease	0.0006666666666666666
delusions_lex	Disease	0.0006666666666666666
dementia_lex	Disease	0.006666666666666667
demethylase		0.0006666666666666666
demonstrated		0.0013333333333333333
demonstrates		0.0006666666666666666
demyelinating_disorder_lex	Disease	0.0006666666666666666
dendrin		0.0006666666666666666
denervated		0.0006666666666666666
denervation		0.0026666666666666666
denial		0.0006666666666666666
denopamine_lex	Chemical	0.0006666666666666666
denovo		0.0006666666666666666
densa		0.0006666666666666666
density		0.0006666666666666666
dental		0.0013333333333333333
dentate		0.0026666666666666666
deoxycholic_acid_lex	Chemical	0.0006666666666666666
deoxycorticosterone_lex	Chemical	0.0013333333333333333
deoxynucleotidyl		0.0006666666666666666
department		0.0013333333333333333
dependence		0.0026666666666666666
dependency		0.0013333333333333333
dependent		0.0026666666666666666
depending		0.0006666666666666666
depleted		0.0013333333333333333
depletion		0.006
deposition		0.0006666666666666666
deposits		0.002
depressant		0.0026666666666666666
depressants		0.0013333333333333333
depressed_lex	Disease	0.004666666666666667
depressed_mood_lex	Disease	0.0006666666666666666
depression_lex	Disease	0.020666666666666667
depression_disorder_lex	Disease	0.0006666666666666666
depressions_lex	Disease	0.0006666666666666666
depressive_lex	Disease	0.0033333333333333335
depressive_disorder_lex	Disease	0.0013333333333333333
depressive_disorders_lex	Disease	0.0013333333333333333
depressive_episode_lex	Disease	0.0006666666666666666
depressive_illness_lex	Disease	0.0006666666666666666
depressive_symptoms_lex	Disease	0.002
deprivation		0.0026666666666666666
derangements		0.0006666666666666666
derivative		0.004
derivatives		0.0013333333333333333
dermal		0.0006666666666666666
dermally		0.0006666666666666666
dermatitis_lex	Disease	0.0026666666666666666
dermatologic		0.0006666666666666666
dermatomes		0.0006666666666666666
dermatomyositis_lex	Disease	0.0006666666666666666
dermis		0.0006666666666666666
des_lex	Chemical	0.0006666666666666666
desaturation_lex	Disease	0.0006666666666666666
describe		0.004666666666666667
described		0.005333333333333333
describes		0.0006666666666666666
desensitization		0.0013333333333333333
desferrioxamine_lex	Chemical	0.002
desipramine_lex	Chemical	0.004666666666666667
desipramine_hcl_lex	Chemical	0.0006666666666666666
desire		0.0013333333333333333
desmethylfluoxetine_lex	Chemical	0.0006666666666666666
desmethylimipramine_lex	Chemical	0.0006666666666666666
desmin		0.0006666666666666666
desmopressin		0.0006666666666666666
desmosomes		0.0006666666666666666
desogestrel_lex	Chemical	0.0006666666666666666
desorptionionization		0.0006666666666666666
despair		0.0006666666666666666
despite		0.0006666666666666666
desvenlafaxine_lex	Chemical	0.0006666666666666666
detect		0.002
detectable		0.0013333333333333333
detected		0.004666666666666667
detecting		0.0006666666666666666
detection		0.002
deterioration		0.0013333333333333333
deterioration_in_visual_field_lex	Disease	0.0006666666666666666
deterioration_of_cognitive_functions_lex	Disease	0.0006666666666666666
deterioration_of_left_ventricular_lv_systolic_function_lex	Disease	0.0006666666666666666
deterioration_of_lv_systolic_and_diastolic_performance_lex	Disease	0.0006666666666666666
deterioration_of_renal_function_lex	Disease	0.0013333333333333333
deterioration_of_vision_lex	Disease	0.002
determinations		0.0006666666666666666
detoxification		0.0013333333333333333
detrusor		0.0006666666666666666
devastating		0.0006666666666666666
developed		0.024
developing		0.0013333333333333333
development		0.002
developmental		0.004666666666666667
developmental_anomalies_lex	Disease	0.0006666666666666666
develops		0.0006666666666666666
deviation		0.0006666666666666666
devoid		0.0006666666666666666
dex_lex	Chemical	0.0033333333333333335
dexamethasone_lex	Chemical	0.014666666666666666
dexamphetamine_lex	Chemical	0.0006666666666666666
dexatrim_lex	Chemical	0.0006666666666666666
dexfenfluramine_lex	Chemical	0.0006666666666666666
dexmedetomidine_lex	Chemical	0.0033333333333333335
dexrazoxane_lex	Chemical	0.0006666666666666666
dextran_lex	Chemical	0.0026666666666666666
dextromethorphan_lex	Chemical	0.0013333333333333333
dextrorotatory		0.0006666666666666666
dextrose_lex	Chemical	0.002
dfc		0.0006666666666666666
dfmo_lex	Chemical	0.0006666666666666666
dfo_lex	Chemical	0.0006666666666666666
dfu_lex	Chemical	0.0006666666666666666
dfx_lex	Chemical	0.0006666666666666666
dgalactose_lex	Chemical	0.0006666666666666666
dgc		0.0006666666666666666
dglucarate_lex	Chemical	0.0006666666666666666
dglucarates_lex	Chemical	0.0006666666666666666
dglucose_lex	Chemical	0.0006666666666666666
dhea_lex	Chemical	0.0006666666666666666
diabenese_lex	Chemical	0.0006666666666666666
diabetes_lex	Disease	0.006666666666666667
diabetes_complications_lex	Disease	0.0006666666666666666
diabetes_insipidus_lex	Disease	0.0026666666666666666
diabetes_mellitus_lex	Disease	0.007333333333333333
diabetesinsipiduslike_syndrome_lex	Disease	0.0006666666666666666
diabetic_lex	Disease	0.006
diabetic_autonomic_neuropathy_lex	Disease	0.0006666666666666666
diabetic_hyperalgesia_lex	Disease	0.0006666666666666666
diabetic_nephropathy_lex	Disease	0.0026666666666666666
diabetic_neuropathy_lex	Disease	0.0013333333333333333
diabetics_lex	Disease	0.0013333333333333333
diagnose		0.002
diagnosed		0.022
diagnoses		0.004
diagnosing		0.0013333333333333333
diagnosis		0.042666666666666665
diagnostic		0.011333333333333334
dialysate		0.0006666666666666666
dialysis		0.010666666666666666
dialytic		0.0013333333333333333
dialyzer		0.0006666666666666666
diameter		0.0006666666666666666
diameteraxon		0.0006666666666666666
diamorphine_lex	Chemical	0.0006666666666666666
diaphorase		0.0006666666666666666
diaphragm		0.0006666666666666666
diaphragmatic		0.0006666666666666666
diarrhea_lex	Disease	0.0013333333333333333
diarrhoea_lex	Disease	0.0013333333333333333
diastase		0.0006666666666666666
diastolic		0.014666666666666666
diastolic_dysfunction_lex	Disease	0.0013333333333333333
diastolic_hypertension_lex	Disease	0.0006666666666666666
diatrizoate_lex	Chemical	0.0013333333333333333
diazepam_lex	Chemical	0.014666666666666666
diazinon_lex	Chemical	0.0013333333333333333
dibenzothiazepine		0.0006666666666666666
dibucaine_lex	Chemical	0.0013333333333333333
diclofenac_lex	Chemical	0.0026666666666666666
diclofenac_sodium_lex	Chemical	0.0013333333333333333
dicyclomine_lex	Chemical	0.0006666666666666666
did		0.007333333333333333
didanosine_lex	Chemical	0.0013333333333333333
died		0.012666666666666666
diet		0.012
dietary		0.007333333333333333
dietary_sodium_chloride_lex	Chemical	0.0006666666666666666
dietfed		0.0006666666666666666
diethylcarbamazine_lex	Chemical	0.0006666666666666666
diethylnitrosamine_lex	Chemical	0.0006666666666666666
diethylpropion_lex	Chemical	0.0006666666666666666
diethylstilbesterol_lex	Chemical	0.0006666666666666666
diethylstilbestrol_lex	Chemical	0.0026666666666666666
diets		0.0013333333333333333
differ		0.0013333333333333333
difference		0.0026666666666666666
differences		0.005333333333333333
different		0.0033333333333333335
differential		0.0013333333333333333
differentiate		0.0006666666666666666
differentiation		0.0006666666666666666
differs		0.0006666666666666666
difficulttotreat		0.0006666666666666666
difficulty		0.0006666666666666666
diffusion		0.002
diffusionweighted		0.0013333333333333333
difluoromethylornithine_lex	Chemical	0.0006666666666666666
digestive		0.0006666666666666666
digitalis_glycosides_lex	Chemical	0.0006666666666666666
digitalise		0.0006666666666666666
digoxigenin_lex	Chemical	0.0006666666666666666
digoxin_lex	Chemical	0.0026666666666666666
dihydropyridine_lex	Chemical	0.0006666666666666666
dihydropyrimidine_lex	Chemical	0.0006666666666666666
dihydrothienopyridine_calcium_lex	Chemical	0.0006666666666666666
dihydrouracil_lex	Chemical	0.0006666666666666666
diisopropylfluorophosphate_lex	Chemical	0.0006666666666666666
dilatation		0.0006666666666666666
dilated		0.0006666666666666666
dilated_cardiomyopathy_lex	Disease	0.004666666666666667
dilemmas		0.0006666666666666666
dilevalol_lex	Chemical	0.0006666666666666666
diltiazem_lex	Chemical	0.006666666666666667
diluted		0.0006666666666666666
dimerx_lex	Chemical	0.0006666666666666666
dimethylthiourea_lex	Chemical	0.0006666666666666666
diminish		0.0006666666666666666
diminished		0.0006666666666666666
diotolylguanidine_lex	Chemical	0.0006666666666666666
diphenhydramine_lex	Chemical	0.002
diphenylhydantoin_lex	Chemical	0.0013333333333333333
dipivalyl_epinephrine_lex	Chemical	0.0006666666666666666
diplopia_lex	Disease	0.0013333333333333333
dipyridamole_lex	Chemical	0.004666666666666667
dipyrone_lex	Chemical	0.0006666666666666666
direct		0.0013333333333333333
direct_thrombin_inhibitor_lex	Chemical	0.0006666666666666666
direct_thrombin_inhibitors_lex	Chemical	0.0006666666666666666
disability		0.0013333333333333333
disabling		0.0013333333333333333
disappearance		0.0006666666666666666
disappeared		0.0013333333333333333
disappointing		0.0006666666666666666
discharge		0.002
discharged		0.0006666666666666666
discharges		0.0026666666666666666
discomfort		0.0026666666666666666
discontinuance		0.0013333333333333333
discontinuation		0.012666666666666666
discontinued		0.008
discontinuing		0.0026666666666666666
discovered		0.0006666666666666666
discrimination		0.0006666666666666666
discriminations		0.0006666666666666666
discussed		0.014
disease		0.024666666666666667
diseased_kidney_lex	Disease	0.0006666666666666666
diseaserelated		0.0006666666666666666
diseases		0.0026666666666666666
diseases_of_peripheral_nerves_lex	Disease	0.0006666666666666666
disfiguring		0.0006666666666666666
disgust		0.0006666666666666666
disinhibition		0.0013333333333333333
dismissed		0.0006666666666666666
dismutase		0.004666666666666667
disodium_edetate_lex	Chemical	0.0006666666666666666
disodium_phosphate_ester_lex	Chemical	0.0006666666666666666
disoprivan_lex	Chemical	0.0006666666666666666
disorder		0.0026666666666666666
disorder_of_amino_acid_metabolism_lex	Disease	0.0006666666666666666
disorder_of_neuromuscular_transmission_lex	Disease	0.0006666666666666666
disordered_gastrointestinal_motility_lex	Disease	0.0006666666666666666
disorders		0.006
disorders_of_the_central_nervous_system_lex	Disease	0.0006666666666666666
disorientation_lex	Disease	0.0013333333333333333
displacements		0.0006666666666666666
displacementtime		0.0006666666666666666
disposition		0.0006666666666666666
disruptive_behaviors_lex	Disease	0.0006666666666666666
dissatisfaction		0.0006666666666666666
dissecting_aneurysm_lex	Disease	0.0006666666666666666
dissection		0.0006666666666666666
disseminated		0.0013333333333333333
disseminated_intravascular_coagulation_lex	Disease	0.0006666666666666666
dissociate		0.0006666666666666666
dissociated		0.0006666666666666666
dissociation		0.0006666666666666666
distal		0.006666666666666667
distilled		0.0006666666666666666
distinguish		0.0006666666666666666
distracted		0.0006666666666666666
distress		0.0013333333333333333
disturbance		0.0006666666666666666
disturbances		0.0026666666666666666
disturbances_of_sleepwake_rhythm_lex	Disease	0.0006666666666666666
disturbances_within_the_cardiovascular_system_lex	Disease	0.0006666666666666666
disturbed		0.0006666666666666666
disturbing		0.0006666666666666666
disulfiram_lex	Chemical	0.0026666666666666666
dithiothreitol_lex	Chemical	0.0006666666666666666
diuresis		0.002
diuretic_lex	Chemical	0.004666666666666667
diureticinduced		0.0006666666666666666
diuretics		0.0033333333333333335
diurnal		0.0006666666666666666
divalproex_lex	Chemical	0.0006666666666666666
divalproex_sodium_lex	Chemical	0.0006666666666666666
dizocilpine_lex	Chemical	0.0013333333333333333
dizocilpine_maleate_lex	Chemical	0.0006666666666666666
dizziness_lex	Disease	0.006666666666666667
dlsotalol_lex	Chemical	0.0006666666666666666
dlthreodihydroxyphenylserine_lex	Chemical	0.0006666666666666666
dm9384_lex	Chemical	0.0006666666666666666
dmsiiir		0.0006666666666666666
dmso_lex	Chemical	0.0006666666666666666
dna		0.007333333333333333
dnap		0.0006666666666666666
dobutamine_lex	Chemical	0.006666666666666667
docetaxel_lex	Chemical	0.0006666666666666666
doctors		0.0006666666666666666
documentation		0.0006666666666666666
documented		0.002
does		0.0013333333333333333
dog		0.005333333333333333
dogs		0.006666666666666667
dominance		0.0006666666666666666
dominant		0.0006666666666666666
domperidone_lex	Chemical	0.0013333333333333333
donation		0.0006666666666666666
done		0.002
donor		0.0033333333333333335
donors		0.0013333333333333333
dopa		0.0006666666666666666
dopamine_lex	Chemical	0.042666666666666665
dopamine_agonist_lex	Chemical	0.0006666666666666666
dopaminergic		0.026
dopaminergic_deficits_lex	Disease	0.0006666666666666666
dopaminergic_terminal_damage_lex	Disease	0.0006666666666666666
dopaminomimetics		0.0006666666666666666
doppler		0.0013333333333333333
dorsal		0.0026666666666666666
dorsoventral		0.0006666666666666666
dosage		0.028
dosages		0.007333333333333333
dose		0.098
dosecomparison		0.0006666666666666666
dosed		0.0006666666666666666
dosedependent		0.01
dosedependently		0.0006666666666666666
doseeffect		0.0006666666666666666
doseescalation		0.0006666666666666666
doseindependent		0.0006666666666666666
doseintensity		0.0006666666666666666
doselimiting		0.004666666666666667
doserange		0.0006666666666666666
doserelated		0.0033333333333333335
doseresponse		0.005333333333333333
doses		0.112
dosing		0.015333333333333332
dosings		0.0006666666666666666
dosulepine_hydrochloride_lex	Chemical	0.0006666666666666666
dothiepin_lex	Chemical	0.0006666666666666666
dothiepin_hydrochloride_lex	Chemical	0.0006666666666666666
double		0.0006666666666666666
doublearmed		0.0006666666666666666
doubleblind		0.007333333333333333
doubleblinded		0.0006666666666666666
doubleimmunolabeling		0.0006666666666666666
downbeat_nystagmus_lex	Disease	0.0013333333333333333
downbeating_nystagmus_lex	Disease	0.0006666666666666666
downregulation		0.0006666666666666666
dox_lex	Chemical	0.005333333333333333
doxil_lex	Chemical	0.0013333333333333333
doxorubicin_lex	Chemical	0.024
doxorubicinol_lex	Chemical	0.0006666666666666666
dpdt		0.0006666666666666666
dpdtejc		0.0006666666666666666
dpen_lex	Chemical	0.0006666666666666666
dpen25enkephalin_lex	Chemical	0.0006666666666666666
dpenicillamine_lex	Chemical	0.004666666666666667
dph_lex	Chemical	0.0013333333333333333
dr5		0.0006666666666666666
drainage		0.0006666666666666666
drd2		0.0006666666666666666
dressing		0.0006666666666666666
dribose_lex	Chemical	0.0006666666666666666
drink		0.0006666666666666666
drinkers		0.0006666666666666666
drinking		0.0026666666666666666
drinks		0.0006666666666666666
drivers		0.0006666666666666666
driving		0.0006666666666666666
dronedarone_lex	Chemical	0.0006666666666666666
drop		0.0006666666666666666
drop_in_blood_pressure_lex	Disease	0.0006666666666666666
droperidol_lex	Chemical	0.0013333333333333333
drops		0.002
drowsiness_lex	Disease	0.004666666666666667
drug		0.16866666666666666
drug_abuse_lex	Disease	0.0026666666666666666
drug_allergies_lex	Disease	0.0006666666666666666
drug_dependence_lex	Disease	0.0006666666666666666
drug_dependency_lex	Disease	0.0006666666666666666
drug_hypersensitivity_lex	Disease	0.0013333333333333333
drug_toxicity_lex	Disease	0.0013333333333333333
drugadsorption		0.0006666666666666666
drugassociated		0.0006666666666666666
drugdrug		0.004
drugeluting		0.0006666666666666666
drugfree		0.0006666666666666666
druginduced		0.021333333333333333
druginduced_acute_liver_injury_lex	Disease	0.0013333333333333333
druginduced_allergic_reaction_lex	Disease	0.0006666666666666666
druginduced_dyskinesias_lex	Disease	0.0013333333333333333
druginduced_hepatitis_lex	Disease	0.0013333333333333333
druginduced_liver_damage_lex	Disease	0.0006666666666666666
druginduced_liver_injury_lex	Disease	0.0013333333333333333
druginduced_parkinsonism_lex	Disease	0.0006666666666666666
druglight		0.0006666666666666666
drugnaive		0.0006666666666666666
drugrelated		0.005333333333333333
drugs		0.08066666666666666
drugsassociated		0.0006666666666666666
drugsinduced		0.0006666666666666666
dry_eyes_lex	Disease	0.0006666666666666666
dry_month_lex	Disease	0.0006666666666666666
dry_mouth_lex	Disease	0.0026666666666666666
dse		0.0013333333333333333
dser2leuenkephalinthr_lex	Chemical	0.0006666666666666666
dsm		0.0006666666666666666
dsmiv		0.002
dsmiv_bipolar_i_lex	Disease	0.0006666666666666666
dsmm		0.0006666666666666666
dsp4_lex	Chemical	0.0006666666666666666
dtic_lex	Chemical	0.0006666666666666666
dtubocurarine_lex	Chemical	0.002
dualperfusion		0.0006666666666666666
dubutamine_lex	Chemical	0.0006666666666666666
duchenne_dystrophy_lex	Disease	0.0006666666666666666
duct		0.002
ducts		0.0013333333333333333
ductular		0.0006666666666666666
due		0.005333333333333333
duodenum		0.0006666666666666666
dup_seven		0.0006666666666666666
dupuytrens_contracture_lex	Disease	0.0006666666666666666
dural		0.0013333333333333333
duration		0.025333333333333333
durations		0.0006666666666666666
during		0.010666666666666666
dx_lex	Chemical	0.0006666666666666666
dxnp		0.0006666666666666666
dxr_lex	Chemical	0.0006666666666666666
dyazide_lex	Chemical	0.0006666666666666666
dye		0.0013333333333333333
dynamic		0.0013333333333333333
dynamics		0.0006666666666666666
dysarthria_lex	Disease	0.0026666666666666666
dyschromatopsy_lex	Disease	0.0006666666666666666
dyserythropoiesis_lex	Disease	0.0006666666666666666
dysfunction		0.007333333333333333
dysfunctional_overnight_memory_lex	Disease	0.0006666666666666666
dysfunctions		0.0006666666666666666
dysguesia_lex	Disease	0.0006666666666666666
dyskinesia_lex	Disease	0.010666666666666666
dyskinesias_lex	Disease	0.014666666666666666
dyskinetic_lex	Disease	0.004
dyskinetic_movements_lex	Disease	0.0006666666666666666
dyslipidemia_lex	Disease	0.0006666666666666666
dysmenorrhea_lex	Disease	0.0006666666666666666
dysmetria_lex	Disease	0.0006666666666666666
dysmyelopoiesis_lex	Disease	0.0006666666666666666
dysosmia_lex	Disease	0.0006666666666666666
dysphagia_lex	Disease	0.0013333333333333333
dysphonia_lex	Disease	0.0006666666666666666
dysphoric_reaction_lex	Disease	0.0006666666666666666
dysplasia_of_fetal_kidneys_lex	Disease	0.0006666666666666666
dyspnea_lex	Disease	0.0013333333333333333
dyspnoea_lex	Disease	0.0013333333333333333
dysregulation		0.0006666666666666666
dysrhythmia_lex	Disease	0.0006666666666666666
dysrhythmias_lex	Disease	0.0026666666666666666
dysrhythmogenic		0.0006666666666666666
dysrhythmogenicity		0.0006666666666666666
dystonia_lex	Disease	0.004
dystonias_lex	Disease	0.0006666666666666666
dystonic_lex	Disease	0.002
dystrophic		0.0006666666666666666
dystrophin		0.0006666666666666666
dystrophinglycoprotein		0.0006666666666666666
e1		0.0006666666666666666
e135		0.0006666666666666666
e155		0.0006666666666666666
e185		0.0006666666666666666
e2_lex	Chemical	0.0006666666666666666
e2020_lex	Chemical	0.0006666666666666666
eaca_lex	Chemical	0.0006666666666666666
ear		0.0026666666666666666
earlier		0.0006666666666666666
earlylife		0.0006666666666666666
ears		0.0006666666666666666
eating_disorders_lex	Disease	0.0006666666666666666
ebf		0.0006666666666666666
ebff		0.0006666666666666666
ebsteins_anomaly_lex	Disease	0.0013333333333333333
ec		0.0006666666666666666
ece1		0.0006666666666666666
ecg		0.016
ecgs		0.002
echo		0.0006666666666666666
echocardiogram		0.0013333333333333333
echocardiograms		0.0006666666666666666
echocardiographic		0.006
echocardiographically		0.0013333333333333333
echocardiography		0.016666666666666666
echography		0.0006666666666666666
echothiophate_iodide_lex	Chemical	0.0006666666666666666
ecstasy_lex	Chemical	0.004666666666666667
ect		0.0013333333333333333
ectoderm		0.0006666666666666666
ectopic		0.0006666666666666666
ectopically		0.0006666666666666666
ectopies		0.0006666666666666666
eczema_lex	Disease	0.0006666666666666666
ed		0.0006666666666666666
ed1positive		0.0006666666666666666
ed50		0.002
edaravone_lex	Chemical	0.0006666666666666666
edds_lex	Disease	0.0006666666666666666
edema_lex	Disease	0.008
edematous_lex	Disease	0.0006666666666666666
edrophonium_lex	Chemical	0.0013333333333333333
ee_lex	Chemical	0.0006666666666666666
eeg		0.011333333333333334
eegdetectable		0.0006666666666666666
eegs		0.0006666666666666666
efavirenz_lex	Chemical	0.0006666666666666666
effect		0.08466666666666667
effective		0.01
effectiveness		0.006666666666666667
effects		0.18133333333333335
effectsite		0.0006666666666666666
efficacious		0.0013333333333333333
efficacy		0.048666666666666664
effusion		0.0006666666666666666
effusions		0.0006666666666666666
efv_lex	Chemical	0.0006666666666666666
egfpmicroglia		0.0006666666666666666
egfr		0.0006666666666666666
eggwhite		0.0006666666666666666
ehrlich_ascites_tumor_lex	Disease	0.0006666666666666666
ei		0.0006666666666666666
eight		0.0013333333333333333
eightfold		0.0006666666666666666
eighty		0.002
eighty-five		0.002
eighty-four		0.0006666666666666666
eighty-nine		0.002
eighty-one		0.0006666666666666666
eighty-seven		0.0026666666666666666
eighty-six		0.0026666666666666666
eighty-three		0.0013333333333333333
eighty-two		0.004
eightynine		0.0006666666666666666
either		0.002
ejection		0.0006666666666666666
ekg		0.0006666666666666666
elastin		0.0006666666666666666
elastolysis		0.0006666666666666666
elastosis_perforans_serpiginosa_lex	Disease	0.0006666666666666666
elderly		0.018
electrical		0.002
electrically		0.0006666666666666666
electrocardiogram		0.013333333333333334
electrocardiogram3		0.0006666666666666666
electrocardiograms		0.0033333333333333335
electrocardiograph		0.0013333333333333333
electrocardiographic		0.010666666666666666
electrocardiography		0.0033333333333333335
electroconvulsive		0.0026666666666666666
electrocorticogram		0.0006666666666666666
electrode		0.0013333333333333333
electrodes		0.0026666666666666666
electrodiagnostic		0.0026666666666666666
electroencephalogram		0.004
electroencephalographic		0.002
electroencephalography		0.002
electrogram		0.0006666666666666666
electrograms		0.0006666666666666666
electrographic		0.0006666666666666666
electrolyte		0.0033333333333333335
electrolytes		0.002
electrolytic		0.0006666666666666666
electromyogram		0.0013333333333333333
electromyographic		0.0026666666666666666
electromyography		0.0006666666666666666
electron		0.002
electrondense		0.0006666666666666666
electrooculography		0.0006666666666666666
electrophoresis		0.0026666666666666666
electrophoretic		0.0013333333333333333
electrophysiologic		0.004666666666666667
electrophysiological		0.004666666666666667
electrophysiology		0.0006666666666666666
electroretinograms		0.0006666666666666666
electroretinographic		0.0006666666666666666
electroretinography		0.0013333333333333333
electroshock		0.0026666666666666666
elevated		0.034
elevated_blood_pressures_lex	Disease	0.0006666666666666666
elevated_icp_lex	Disease	0.0006666666666666666
elevated_intraocular_pressure_lex	Disease	0.0013333333333333333
elevating		0.0006666666666666666
elevation		0.010666666666666666
elevations		0.0026666666666666666
eleven		0.002
elicited		0.0013333333333333333
eligible		0.0006666666666666666
eliminated		0.0006666666666666666
elisa		0.0026666666666666666
eluate		0.0006666666666666666
elucidate		0.0006666666666666666
eluting		0.0006666666666666666
emb_lex	Chemical	0.0006666666666666666
emboli		0.0006666666666666666
embolism_lex	Disease	0.0006666666666666666
embolus		0.0006666666666666666
embryo		0.0006666666666666666
embryolethality_lex	Disease	0.0006666666666666666
embryology		0.0006666666666666666
embryonal_rhabdomyosarcoma_lex	Disease	0.0006666666666666666
embryonic		0.0013333333333333333
embryonic_death_lex	Disease	0.0006666666666666666
embryopathy_lex	Disease	0.0006666666666666666
embryos		0.0006666666666666666
emergency		0.008666666666666666
emergencydepartment		0.0006666666666666666
emesis_lex	Disease	0.0006666666666666666
emg		0.0013333333333333333
emission		0.0006666666666666666
emissions		0.0006666666666666666
emotion		0.0006666666666666666
emotional		0.0033333333333333335
emotions		0.0006666666666666666
emulsion		0.0006666666666666666
emulsions		0.0006666666666666666
enabling		0.0006666666666666666
enac		0.0013333333333333333
enalapril_lex	Chemical	0.0026666666666666666
enantiomer		0.0006666666666666666
enantiomers		0.0006666666666666666
encapsulated		0.0006666666666666666
encephalitis_lex	Disease	0.0013333333333333333
encephalopathic_lex	Disease	0.0006666666666666666
encephalopathy_lex	Disease	0.014
encountered		0.0026666666666666666
endarterectomy		0.0006666666666666666
enddiastolic		0.005333333333333333
endemic		0.0006666666666666666
endocarditis		0.0006666666666666666
endocardium		0.0006666666666666666
endocrine		0.002
endocrine_disorder_lex	Disease	0.0006666666666666666
endocrinological		0.0006666666666666666
endocrinologists		0.0006666666666666666
endofdose		0.0006666666666666666
endogenous		0.0033333333333333335
endografine_lex	Chemical	0.0006666666666666666
endometrial		0.0033333333333333335
endometrial_cancer_lex	Disease	0.0033333333333333335
endometrial_cancers_lex	Disease	0.0006666666666666666
endometrial_carcinoma_lex	Disease	0.002
endometrial_disease_lex	Disease	0.0006666666666666666
endometrial_hyperplasia_lex	Disease	0.0013333333333333333
endomt		0.0006666666666666666
endomyocardial		0.0006666666666666666
endomysial		0.0006666666666666666
endophthalmitis_lex	Disease	0.0006666666666666666
endoplasmic		0.0013333333333333333
endorsing		0.0006666666666666666
endoscopic		0.0033333333333333335
endoscopy		0.0006666666666666666
endothelial		0.012666666666666666
endothelial_injury_lex	Disease	0.0006666666666666666
endothelialdependent		0.0006666666666666666
endothelialmesenchymal		0.0006666666666666666
endothelialmesenchymaltransition		0.0006666666666666666
endothelin		0.0006666666666666666
endothelin1		0.002
endothelinconverting		0.0006666666666666666
endotheliumderived		0.0006666666666666666
endotoxemia_lex	Disease	0.0006666666666666666
endotracheal		0.0013333333333333333
endstage_hepatic_failure_lex	Disease	0.0006666666666666666
endstage_liver_disease_lex	Disease	0.002
endstage_renal_disease_lex	Disease	0.006
endtidal		0.0006666666666666666
energy		0.002
enflurane_lex	Chemical	0.0026666666666666666
enhance		0.0026666666666666666
enhanced		0.002
enhancement		0.0026666666666666666
enhances		0.002
enlarged		0.0006666666666666666
enlargement		0.0006666666666666666
enlargement_of_pulse_pressure_lex	Disease	0.0006666666666666666
enlargement_of_the_liver_lex	Disease	0.0006666666666666666
enos		0.0013333333333333333
enprofylline_lex	Chemical	0.0006666666666666666
enrolled		0.0013333333333333333
enrollment		0.0006666666666666666
ensued		0.0013333333333333333
enterocutaneous		0.0006666666666666666
entorhinal		0.0006666666666666666
entropion_lex	Disease	0.0006666666666666666
entry		0.0006666666666666666
environmental		0.0006666666666666666
enzymatic		0.0013333333333333333
enzymatically		0.002
enzyme		0.02
enzyme1		0.0006666666666666666
enzymeblocking		0.0006666666666666666
enzymelinked		0.0006666666666666666
enzymes		0.011333333333333334
enzymic		0.0006666666666666666
eosinophil		0.0013333333333333333
eosinophilia_lex	Disease	0.005333333333333333
eosinophilic_lex	Disease	0.0033333333333333335
eosinophils		0.0013333333333333333
ep1receptor		0.0006666666666666666
ephedrine_lex	Chemical	0.0026666666666666666
epicardial		0.0026666666666666666
epicardial_coronary_disease_lex	Disease	0.0006666666666666666
epicardium		0.0006666666666666666
epicondyle		0.0006666666666666666
epidemics		0.0006666666666666666
epidemiologic		0.0026666666666666666
epidemiological		0.0033333333333333335
epidemiology		0.002
epidural		0.0033333333333333335
epigenetic		0.0006666666666666666
epilepsies_lex	Disease	0.0006666666666666666
epilepsy_lex	Disease	0.016666666666666666
epileptic_lex	Disease	0.01
epileptic_seizure_lex	Disease	0.0006666666666666666
epileptic_seizures_lex	Disease	0.002
epileptiform		0.0013333333333333333
epileptiform_activity_lex	Disease	0.0006666666666666666
epileptogenecity		0.0006666666666666666
epileptogenesis		0.004666666666666667
epileptogenic		0.0033333333333333335
epimers		0.0006666666666666666
epinephrine_lex	Chemical	0.013333333333333334
epipodophyllotoxin_lex	Chemical	0.0006666666666666666
epipregnanolone_3betahydroxy5betapregnan20one_sulphate_lex	Chemical	0.0006666666666666666
epipregnanolone_sulphate_lex	Chemical	0.0006666666666666666
epirubicin_lex	Chemical	0.0013333333333333333
epirubicine_lex	Chemical	0.0006666666666666666
episode		0.002
episodes		0.0013333333333333333
episodic		0.0006666666666666666
epistatic		0.0006666666666666666
epistaxis_lex	Disease	0.0006666666666666666
epithelial		0.01
epithelial_defects_lex	Disease	0.0006666666666666666
epithelial_hyperplasia_lex	Disease	0.0006666666666666666
epithelioid		0.0006666666666666666
epitheliotropic_lymphoma_lex	Disease	0.0006666666666666666
epithelium		0.004
epo		0.0006666666666666666
epoetin		0.0006666666666666666
epsilon_aminocaproic_acid_lex	Chemical	0.0006666666666666666
epsilonaminocaproate_lex	Chemical	0.0006666666666666666
epsilonaminocaproic_acid_lex	Chemical	0.0013333333333333333
epstein_barr_virus_infection_lex	Disease	0.0006666666666666666
equimolar		0.0006666666666666666
eradication		0.0013333333333333333
erdosteine_lex	Chemical	0.0006666666666666666
erectile		0.0013333333333333333
erectile_dysfunction_lex	Disease	0.0026666666666666666
erection		0.0013333333333333333
erections		0.0013333333333333333
erg		0.0006666666666666666
ergometrine_lex	Chemical	0.0006666666666666666
ergot_lex	Chemical	0.0006666666666666666
ergotamine_lex	Chemical	0.0006666666666666666
erk2p		0.0006666666666666666
erosive		0.0013333333333333333
erpf		0.0006666666666666666
eruptions_lex	Disease	0.0006666666666666666
eryptosis		0.0006666666666666666
erythema_lex	Disease	0.0006666666666666666
erythema_multiforme_lex	Disease	0.0013333333333333333
erythema_nodosum_lex	Disease	0.0006666666666666666
erythematous_nodules_lex	Disease	0.0006666666666666666
erythroblastocytopenia_lex	Disease	0.0006666666666666666
erythroblasts		0.0006666666666666666
erythrocyte		0.0013333333333333333
erythrocytes		0.0026666666666666666
erythroderma_lex	Disease	0.0006666666666666666
erythrodysesthesia_lex	Disease	0.0006666666666666666
erythroid		0.0013333333333333333
erythromycin_lex	Chemical	0.0026666666666666666
erythromycins_lex	Chemical	0.0006666666666666666
erythrophagocytosis		0.0006666666666666666
erythropoietic		0.0006666666666666666
erythropoietin		0.0033333333333333335
escape		0.002
escitalopram_lex	Chemical	0.0006666666666666666
eserine_lex	Chemical	0.0006666666666666666
eslicarbazepine_acetate_lex	Chemical	0.0006666666666666666
esophageal_carcinoma_lex	Disease	0.0006666666666666666
esophageal_squamous_cell_carcinoma_lex	Disease	0.0006666666666666666
esophagogastroduodenoscopy		0.0006666666666666666
esophagus		0.0006666666666666666
esrd_lex	Disease	0.002
essential		0.0006666666666666666
essential_hypertension_lex	Disease	0.0006666666666666666
ester		0.0013333333333333333
esterase		0.0013333333333333333
esterases		0.0006666666666666666
esterification		0.0006666666666666666
estimate		0.0006666666666666666
estimated		0.0026666666666666666
estimates		0.0013333333333333333
estradiol_lex	Chemical	0.004
estradiol_and_testosterone_esters_lex	Chemical	0.0006666666666666666
estrogen_lex	Chemical	0.010666666666666666
estrogenic		0.0013333333333333333
estrogenreplacement		0.0006666666666666666
estrogens_lex	Chemical	0.002
et1		0.0006666666666666666
ethacrynic_acid_lex	Chemical	0.0006666666666666666
ethambutol_lex	Chemical	0.004
ethanol_lex	Chemical	0.0033333333333333335
ethanolic_extract_of_terminalia_chebula_fruits_lex	Chemical	0.0006666666666666666
ether_lex	Chemical	0.0006666666666666666
ethinyl_estradiol_lex	Chemical	0.002
ethinylestradiol_lex	Chemical	0.0006666666666666666
ethinyloestradiol_lex	Chemical	0.0006666666666666666
ethnic		0.0006666666666666666
ethopropazine_lex	Chemical	0.0006666666666666666
ethosuximide_lex	Chemical	0.0006666666666666666
ethylalphapchlorophenoxyisobutyrate_lex	Chemical	0.0006666666666666666
etiologic		0.0013333333333333333
etiology		0.0033333333333333335
etodolac_lex	Chemical	0.0006666666666666666
etomidate_lex	Chemical	0.0026666666666666666
etoposide_lex	Chemical	0.004666666666666667
etoricoxib_lex	Chemical	0.0006666666666666666
eucalcemic		0.0006666666666666666
euphoria		0.0013333333333333333
europe		0.0013333333333333333
euthanasia		0.0006666666666666666
euthymia		0.0006666666666666666
euthyroid		0.0006666666666666666
evaluate		0.004
evaluated		0.006
evaluation		0.002
evaluations		0.0006666666666666666
evans_blue_lex	Chemical	0.0006666666666666666
even		0.0006666666666666666
evening		0.0013333333333333333
event		0.0013333333333333333
eventrelated		0.0006666666666666666
events		0.0013333333333333333
eventual		0.0006666666666666666
ever		0.0006666666666666666
everolimus_lex	Chemical	0.0026666666666666666
evidence		0.004666666666666667
evidencebased		0.0006666666666666666
evidenced		0.0013333333333333333
evoke		0.0006666666666666666
evoked		0.005333333333333333
evokes		0.0006666666666666666
exacerbated		0.004666666666666667
exacerbates		0.0013333333333333333
exacerbating		0.0006666666666666666
exacerbation		0.0033333333333333335
exacerbations		0.0013333333333333333
examination		0.004666666666666667
examinations		0.004
examined		0.0013333333333333333
exceed		0.0006666666666666666
exceedingly		0.0006666666666666666
exceeds		0.0006666666666666666
except		0.0006666666666666666
excess		0.0013333333333333333
excessive		0.0026666666666666666
excitability		0.0026666666666666666
excitation		0.0033333333333333335
excitatory		0.004
excitement		0.0006666666666666666
excitotoxicity_lex	Disease	0.0013333333333333333
excreted		0.0013333333333333333
excretion		0.015333333333333332
excretion_of_proteins_lex	Disease	0.0006666666666666666
execution		0.0006666666666666666
executive		0.0006666666666666666
exencephalic_lex	Disease	0.0006666666666666666
exencephaly_lex	Disease	0.0006666666666666666
exercise		0.006666666666666667
exercisecontrols		0.0006666666666666666
exercised		0.0026666666666666666
exerciseinduced		0.0026666666666666666
exercises		0.0006666666666666666
exert		0.0006666666666666666
exertion		0.0013333333333333333
exhaustion		0.0013333333333333333
exhorted		0.0006666666666666666
exist		0.0013333333333333333
exo		0.0006666666666666666
exogenous		0.002
experience		0.0013333333333333333
experienced		0.006
experiences		0.0013333333333333333
experiment		0.0033333333333333335
experimental		0.008
experimentally		0.0006666666666666666
experiments		0.0033333333333333335
expiratory		0.0013333333333333333
exploration		0.0006666666666666666
exposed		0.004666666666666667
exposure		0.015333333333333332
exposurein		0.0006666666666666666
exposureresponse		0.0006666666666666666
exposures		0.0033333333333333335
extendedinterval		0.0006666666666666666
extendedrelease		0.0006666666666666666
extendedrelease20		0.0006666666666666666
extensive		0.0006666666666666666
extensive_hepatocellular_necrosis_lex	Disease	0.0006666666666666666
extensively_drugresistant_tuberculosis_lex	Disease	0.0006666666666666666
exteroceptive		0.0006666666666666666
extracellular		0.004666666666666667
extracorporeal		0.0006666666666666666
extract		0.002
extract_of_daucus_carota_seeds_lex	Chemical	0.0006666666666666666
extraction		0.0013333333333333333
extracts		0.0026666666666666666
extradural		0.0006666666666666666
extrahepatic		0.0013333333333333333
extrahepatic_cholestasis_lex	Disease	0.0006666666666666666
extramedullary		0.0006666666666666666
extraneuronal		0.0006666666666666666
extraocular		0.0006666666666666666
extrapyramidal		0.006
extrapyramidal_concomitant_symptoms_lex	Disease	0.0006666666666666666
extrapyramidal_symptom_lex	Disease	0.0013333333333333333
extrapyramidal_symptoms_lex	Disease	0.004
extrapyramidal_syndrome_lex	Disease	0.0013333333333333333
extrarenal		0.0006666666666666666
extravasation		0.0006666666666666666
extravascular		0.0006666666666666666
extremely		0.0006666666666666666
extremity		0.0006666666666666666
eye		0.008
eyelid		0.0006666666666666666
eyelids		0.0006666666666666666
eyes		0.009333333333333334
eyesclosed		0.0006666666666666666
ezetimibe_lex	Chemical	0.0006666666666666666
f2		0.0006666666666666666
f344		0.0006666666666666666
fa_lex	Chemical	0.0006666666666666666
face		0.0013333333333333333
faced		0.0006666666666666666
facelearning		0.0006666666666666666
facial		0.004
facial_dermatitis_lex	Disease	0.0006666666666666666
facial_flush_lex	Disease	0.0006666666666666666
facial_inflammatory_dermatoses_lex	Disease	0.0006666666666666666
facilitated		0.002
facilitation		0.0006666666666666666
fact		0.0006666666666666666
factor		0.005333333333333333
factorabstract		0.0006666666666666666
factoralpha		0.0006666666666666666
factorbeta1		0.0013333333333333333
factorkappab		0.0006666666666666666
factors		0.006
factorvascular		0.0006666666666666666
failed		0.0006666666666666666
failing_left_ventricle_lex	Disease	0.0006666666666666666
failure		0.0033333333333333335
failure_of_kidney_function_lex	Disease	0.0006666666666666666
famotidine_lex	Chemical	0.0006666666666666666
famtx		0.0006666666666666666
fanconi_syndrome_lex	Disease	0.002
fanconis_anemia_lex	Disease	0.0006666666666666666
fanft_lex	Chemical	0.0006666666666666666
fangchinoline_lex	Chemical	0.0006666666666666666
farmers		0.0006666666666666666
fas		0.0006666666666666666
fasciculation_lex	Disease	0.002
fasciculations_lex	Disease	0.002
fasciotomies		0.0006666666666666666
fasfas		0.0006666666666666666
fasmediated		0.0006666666666666666
fast		0.0006666666666666666
faster		0.0006666666666666666
fasting		0.0013333333333333333
fat_lex	Chemical	0.0013333333333333333
fatal		0.017333333333333333
fatalities		0.0006666666666666666
fatality		0.0013333333333333333
fatigue_lex	Disease	0.002
fatty_acid_lex	Chemical	0.002
fatty_acids_lex	Chemical	0.0013333333333333333
fatty_liver_lex	Disease	0.0006666666666666666
fattyacid		0.0006666666666666666
favourable		0.0006666666666666666
fazadinium_lex	Chemical	0.0006666666666666666
fbal_lex	Chemical	0.0006666666666666666
fda		0.0006666666666666666
fdaapproved		0.0006666666666666666
fdarecommended		0.0006666666666666666
fear		0.002
fearpotentiated		0.0006666666666666666
feature		0.0006666666666666666
febrile_illness_lex	Disease	0.0006666666666666666
febrile_neutropenia_lex	Disease	0.0006666666666666666
fecal_occult_blood_lex	Disease	0.0006666666666666666
fed		0.0006666666666666666
feedback		0.0006666666666666666
feeding		0.0013333333333333333
feel		0.0006666666666666666
feeling		0.0006666666666666666
feet		0.0006666666666666666
fell		0.0006666666666666666
female		0.014666666666666666
females		0.0033333333333333335
femoral		0.002
femoral_nerve_palsy_lex	Disease	0.0006666666666666666
fenfluramine_lex	Chemical	0.0013333333333333333
fenfluramines_lex	Chemical	0.0013333333333333333
fenoldopam_lex	Chemical	0.0013333333333333333
fenoldopam_mesylate_lex	Chemical	0.0006666666666666666
fenoprofen_calcium_lex	Chemical	0.0006666666666666666
fenoterolhydrobromide_lex	Chemical	0.0006666666666666666
fentanyl_lex	Chemical	0.007333333333333333
ferritin		0.002
fertility		0.0006666666666666666
fetal		0.005333333333333333
fetal_anomalies_lex	Disease	0.0006666666666666666
fetus		0.004
fetuses		0.004666666666666667
fev1		0.0006666666666666666
fever_lex	Disease	0.009333333333333334
few		0.0013333333333333333
fiber		0.0006666666666666666
fibre		0.0006666666666666666
fibres		0.0013333333333333333
fibrillar		0.0006666666666666666
fibrillary		0.0006666666666666666
fibrillation_lex	Disease	0.0026666666666666666
fibrillations		0.0006666666666666666
fibrin		0.0026666666666666666
fibrinogen		0.0006666666666666666
fibrinolysin		0.0006666666666666666
fibrinolysis		0.002
fibrinolytic		0.0006666666666666666
fibroblast		0.0006666666666666666
fibroblasts		0.0006666666666666666
fibronectin		0.0006666666666666666
fibroproliferative		0.0006666666666666666
fibrosis_lex	Disease	0.008666666666666666
fibrotic		0.0013333333333333333
fibrous_myopathy_lex	Disease	0.0006666666666666666
ficollhypaque		0.0006666666666666666
field		0.002
fields		0.0013333333333333333
fifteen		0.0006666666666666666
fifty		0.011333333333333334
fifty-eight		0.0006666666666666666
fifty-five		0.0013333333333333333
fifty-four		0.0006666666666666666
fifty-one		0.0013333333333333333
fifty-seven		0.004
fifty-two		0.0013333333333333333
fiftyfour		0.0006666666666666666
fiftynine		0.0006666666666666666
filariasis_lex	Disease	0.0006666666666666666
filling		0.0006666666666666666
filtration		0.005333333333333333
findings		0.028
fingers		0.0006666666666666666
fireworks		0.0006666666666666666
firmness		0.0006666666666666666
first		0.004666666666666667
firstepisode		0.0006666666666666666
firstline		0.0006666666666666666
firsttime		0.0006666666666666666
fischer344		0.0006666666666666666
fistula_lex	Disease	0.0006666666666666666
five		0.012666666666666666
five_two_four_three_fluorobenzylidene_piperidin1yl_ethyl_four_4fluorophenyl_thiazole2carboxamide_lex	Chemical	0.0006666666666666666
fixeddose		0.0013333333333333333
fk506_lex	Chemical	0.0026666666666666666
fk_five		0.0013333333333333333
flaccid		0.0006666666666666666
flank_pain_lex	Disease	0.0006666666666666666
flare		0.0006666666666666666
flash		0.0013333333333333333
flashbacks		0.0006666666666666666
flavonoid_lex	Chemical	0.0013333333333333333
flavonoids_lex	Chemical	0.0006666666666666666
fleas		0.0006666666666666666
flecainide_lex	Chemical	0.0006666666666666666
flestolol_lex	Chemical	0.0006666666666666666
flexion		0.0013333333333333333
flexionextension		0.0006666666666666666
flexural		0.0006666666666666666
flexure		0.0006666666666666666
flicker		0.0006666666666666666
florid		0.0006666666666666666
flowmetry		0.0006666666666666666
fluconazole_lex	Chemical	0.0013333333333333333
fluctuating		0.0006666666666666666
fludrocortisone_lex	Chemical	0.0006666666666666666
fluency		0.0006666666666666666
fluid		0.005333333333333333
fluids		0.0013333333333333333
flumazenil_lex	Chemical	0.0026666666666666666
flunarizine_lex	Chemical	0.0006666666666666666
flunitrazepam_lex	Chemical	0.0006666666666666666
fluo3_lex	Chemical	0.0006666666666666666
fluocinolone_acetonide_lex	Chemical	0.0013333333333333333
fluorescein_lex	Chemical	0.002
fluorescein_sodium_lex	Chemical	0.0006666666666666666
fluorescence		0.0006666666666666666
fluorescent		0.0006666666666666666
fluorinated		0.0006666666666666666
fluoroacetate_lex	Chemical	0.0006666666666666666
fluorocitrate_lex	Chemical	0.0006666666666666666
fluoropyrimidines_lex	Chemical	0.0006666666666666666
fluoroquinolone_lex	Chemical	0.0006666666666666666
fluoroquinolones_lex	Chemical	0.0006666666666666666
fluorouracil_lex	Chemical	0.002
fluorthyl_lex	Chemical	0.0006666666666666666
fluoxetine_lex	Chemical	0.008
fluoxetine_hydrochloride_lex	Chemical	0.0006666666666666666
fluphenazine_lex	Chemical	0.0006666666666666666
fluphenazine_enanthate_lex	Chemical	0.0006666666666666666
flurazepam_lex	Chemical	0.0006666666666666666
flurbiprofen_lex	Chemical	0.0006666666666666666
flurothyl_lex	Chemical	0.0006666666666666666
flushed		0.0006666666666666666
flushing_lex	Disease	0.0006666666666666666
flushing_of_the_face_lex	Disease	0.0006666666666666666
flutamide_lex	Chemical	0.0006666666666666666
flutter		0.0006666666666666666
fluvastatin_lex	Chemical	0.0013333333333333333
fluvoxamine_lex	Chemical	0.002
fmlp_lex	Chemical	0.0006666666666666666
fmri		0.0026666666666666666
focal_glomerulosclerosis_lex	Disease	0.0006666666666666666
focal_nodular_hyperplasia_lex	Disease	0.0013333333333333333
focal_segmental_glomerular_sclerosis_lex	Disease	0.0006666666666666666
focal_segmental_glomerulosclerosis_lex	Disease	0.002
foci		0.0006666666666666666
folate_lex	Chemical	0.0026666666666666666
folate_deficiency_lex	Disease	0.0006666666666666666
folic_acid_lex	Chemical	0.0026666666666666666
folinic_acid_lex	Chemical	0.0026666666666666666
follow		0.0006666666666666666
followed		0.002
following		0.006
followup		0.0006666666666666666
food		0.002
foodfrequency		0.0006666666666666666
foodstuffs		0.0006666666666666666
foot		0.0026666666666666666
foot_deformities_lex	Disease	0.0006666666666666666
for		0.004
foramen		0.0006666666666666666
force		0.0006666666666666666
forces		0.0006666666666666666
forearm		0.0026666666666666666
forebrain		0.0006666666666666666
forehead		0.0006666666666666666
foreshortened		0.0006666666666666666
forestomach		0.0013333333333333333
forestomach_carcinogenesis_lex	Disease	0.0006666666666666666
forestomach_tumorigenesis_lex	Disease	0.0006666666666666666
forestomach_tumors_lex	Disease	0.0013333333333333333
forgetting		0.0013333333333333333
formalin_lex	Chemical	0.0006666666666666666
formed		0.0006666666666666666
formula		0.0013333333333333333
formulation		0.0013333333333333333
formulations		0.002
formylmethionylleucylphenylalanine_lex	Chemical	0.0006666666666666666
formyltransferase		0.0006666666666666666
fornix		0.0006666666666666666
fortunately		0.0006666666666666666
forty		0.002
forty-one		0.002
forty-seven		0.0006666666666666666
forty-three		0.0006666666666666666
forty-two		0.0006666666666666666
fortyeight		0.0006666666666666666
fortyfour		0.0006666666666666666
fortynine		0.0006666666666666666
fortytwo		0.0006666666666666666
fosimmunoreactivity		0.0006666666666666666
foster		0.0006666666666666666
found		0.004
four		0.0026666666666666666
fr		0.0006666666666666666
fractalkine		0.0006666666666666666
fraction		0.0006666666666666666
fracture_lex	Disease	0.0013333333333333333
fractures_lex	Disease	0.0026666666666666666
frail		0.0006666666666666666
freezing		0.0013333333333333333
french		0.0006666666666666666
frequencies		0.0026666666666666666
frequency		0.008
frequent		0.005333333333333333
frequently		0.0033333333333333335
frontal		0.004666666666666667
frontal_lobe_syndrome_lex	Disease	0.0006666666666666666
frontally		0.0006666666666666666
frontocortical		0.0006666666666666666
frontostriatal		0.0013333333333333333
frontotemporal		0.0006666666666666666
fruit		0.0006666666666666666
fucoidan_lex	Chemical	0.0006666666666666666
fujimycine_lex	Chemical	0.0006666666666666666
fullyeffective		0.0006666666666666666
fulminant		0.0026666666666666666
fulminant_eosinophilic_lex	Disease	0.0006666666666666666
fulminant_hepatic_failure_lex	Disease	0.0033333333333333335
fulminant_hepatitis_lex	Disease	0.0006666666666666666
fulminant_liver_failure_lex	Disease	0.0006666666666666666
function		0.004
functional		0.0033333333333333335
functional_impairments_lex	Disease	0.0006666666666666666
functionalphysiological		0.0006666666666666666
functioning		0.0006666666666666666
fundoscopy		0.0006666666666666666
fundus		0.0013333333333333333
funduscopic		0.0006666666666666666
funduscopy		0.0006666666666666666
fungal_infection_lex	Disease	0.0013333333333333333
fungal_infections_lex	Disease	0.0006666666666666666
fungi		0.0006666666666666666
fungizone_lex	Chemical	0.0006666666666666666
furosemide_lex	Chemical	0.004
furthermore		0.0006666666666666666
fusidic		0.0006666666666666666
fusidic_acid_lex	Chemical	0.0006666666666666666
fusimotor		0.0006666666666666666
fvbn		0.0006666666666666666
fzp_lex	Chemical	0.0006666666666666666
g		0.002
g145r		0.0006666666666666666
gaba_lex	Chemical	0.008666666666666666
gabaergic		0.0033333333333333335
gabapentin_lex	Chemical	0.0006666666666666666
gad		0.0013333333333333333
gain		0.0013333333333333333
gait		0.0006666666666666666
galactorrhea_lex	Disease	0.0006666666666666666
galactosamine_lex	Chemical	0.0013333333333333333
galactose_lex	Chemical	0.0006666666666666666
galantamine_lex	Chemical	0.0006666666666666666
galanthamine_hydrobromide_lex	Chemical	0.0006666666666666666
galen		0.0006666666666666666
galenic		0.0006666666666666666
gall		0.0006666666666666666
gall_bladder_stones_lex	Disease	0.0006666666666666666
gall_stone_lex	Disease	0.0006666666666666666
gall_stone_disease_lex	Disease	0.0006666666666666666
gall_stones_lex	Disease	0.0006666666666666666
gallbladder		0.0006666666666666666
gallbladder_disease_lex	Disease	0.002
gallbladder_dysfunction_lex	Disease	0.0006666666666666666
gallstone_lex	Disease	0.0006666666666666666
gallstones_lex	Disease	0.0006666666666666666
gamma		0.0013333333333333333
gamma_benzene_hexachloride_lex	Chemical	0.0006666666666666666
gammaaminobutyric_acid_lex	Chemical	0.006
gammaaminobutyric_acidb_lex	Chemical	0.0006666666666666666
gammacarboxylated_lex	Chemical	0.0006666666666666666
gammacholesteryloxybutyric_acid_lex	Chemical	0.0006666666666666666
gammaenac		0.0013333333333333333
gammaenolase		0.0006666666666666666
gammaglutamyltransferase		0.002
gammagt		0.0006666666666666666
gammahch_lex	Chemical	0.0006666666666666666
gammahexachlorocyclohexane_lex	Chemical	0.0013333333333333333
gammapathy		0.0006666666666666666
gammavinyl_gaba_lex	Chemical	0.0006666666666666666
gammavinylgaba_lex	Chemical	0.0006666666666666666
ganaxolone_lex	Chemical	0.0006666666666666666
ganglia		0.0026666666666666666
ganglion		0.0006666666666666666
ganglionic		0.002
gangrene_lex	Disease	0.0013333333333333333
gap43		0.0006666666666666666
gap43ir		0.0006666666666666666
garcinielliptone_fc_lex	Chemical	0.0006666666666666666
gases		0.0006666666666666666
gasliquid		0.0006666666666666666
gastric		0.002
gastric_adenocarcinoma_lex	Disease	0.0013333333333333333
gastric_cancer_lex	Disease	0.0006666666666666666
gastric_hemorrhage_lex	Disease	0.0006666666666666666
gastric_hemorrhagic_lex	Disease	0.0006666666666666666
gastric_lymphoma_lex	Disease	0.0006666666666666666
gastrin		0.0006666666666666666
gastrocnemius		0.004
gastroenteritis_lex	Disease	0.0006666666666666666
gastroesophageal_reflux_disorder_lex	Disease	0.0006666666666666666
gastrointestinal		0.008
gastrointestinal_abnormalities_lex	Disease	0.0006666666666666666
gastrointestinal_bleed_lex	Disease	0.0006666666666666666
gastrointestinal_bleeding_lex	Disease	0.0006666666666666666
gastrointestinal_disorder_lex	Disease	0.0006666666666666666
gastrointestinal_disorders_lex	Disease	0.0006666666666666666
gastrointestinal_gi_bleeding_lex	Disease	0.0006666666666666666
gastrointestinal_gi_toxicity_lex	Disease	0.0006666666666666666
gastrointestinal_haemorrhage_lex	Disease	0.0006666666666666666
gastrointestinal_motility_disorders_lex	Disease	0.0006666666666666666
gastrointestinal_problems_lex	Disease	0.0006666666666666666
gastrointestinal_symptoms_lex	Disease	0.0006666666666666666
gastrointestinal_toxicity_lex	Disease	0.0013333333333333333
gastrointestinal_toxicosis_lex	Disease	0.0006666666666666666
gastroprotective		0.0006666666666666666
gaze		0.0013333333333333333
gbm_lex	Disease	0.0006666666666666666
gday		0.0013333333333333333
gdl		0.0026666666666666666
geigy		0.0006666666666666666
gel		0.0006666666666666666
gellan		0.0006666666666666666
gellike		0.0006666666666666666
gem_lex	Chemical	0.0013333333333333333
gemcitabine_lex	Chemical	0.002
gemfibrozil_lex	Chemical	0.0006666666666666666
gender		0.0013333333333333333
gene		0.009333333333333334
generalised_and_focal_seizures_lex	Disease	0.0006666666666666666
generalized		0.0026666666666666666
generalized_seizures_lex	Disease	0.0006666666666666666
generelated		0.0006666666666666666
generic		0.0006666666666666666
genes		0.005333333333333333
genetic		0.008666666666666666
genetically		0.0013333333333333333
genetics		0.0006666666666666666
genital		0.0006666666666666666
genitourinary		0.0006666666666666666
genome		0.0006666666666666666
genotoxic		0.0006666666666666666
genotoxicity_lex	Disease	0.0006666666666666666
genotype		0.0013333333333333333
genotyped		0.002
gentamicin_lex	Chemical	0.011333333333333334
gentamicin_sulfate_lex	Chemical	0.0013333333333333333
geriatric		0.0006666666666666666
germfree		0.0006666666666666666
gerstmann_syndrome_lex	Disease	0.0006666666666666666
gestation		0.006
gestational		0.0026666666666666666
gestational_trophoblastic_disease_lex	Disease	0.0006666666666666666
gestations		0.0006666666666666666
gestodene_lex	Chemical	0.0006666666666666666
gfc_lex	Chemical	0.0006666666666666666
gfc75		0.0006666666666666666
gfr		0.0026666666666666666
gi		0.0006666666666666666
gi_bleeding_lex	Disease	0.0006666666666666666
gi_toxicity_lex	Disease	0.0006666666666666666
gingival_hyperplasia_lex	Disease	0.0006666666666666666
ginseng		0.0013333333333333333
ginsenoside_lex	Chemical	0.0006666666666666666
ginsenoside_re_lex	Chemical	0.0006666666666666666
ginsenoside_rg1_lex	Chemical	0.0006666666666666666
ginsenosides_lex	Chemical	0.0006666666666666666
girl		0.0026666666666666666
given		0.0006666666666666666
glabrata		0.0006666666666666666
gland		0.0033333333333333335
glands		0.0013333333333333333
glandular		0.0006666666666666666
glaucoma_lex	Disease	0.004
glaucomatous_lex	Disease	0.0006666666666666666
glepp1		0.0006666666666666666
glial		0.004666666666666667
glibenclamide_lex	Chemical	0.0013333333333333333
gliclazide_lex	Chemical	0.0006666666666666666
glimepiride_lex	Chemical	0.0006666666666666666
glioblastoma_lex	Disease	0.002
glioblastoma_multiforme_lex	Disease	0.0006666666666666666
glioblastomas_lex	Disease	0.0006666666666666666
glioma_lex	Disease	0.002
gliomas_lex	Disease	0.0006666666666666666
glipizide_lex	Chemical	0.0006666666666666666
globulin		0.004
globus		0.002
globus_pallidus_infarctions_lex	Disease	0.0006666666666666666
glomerular		0.02
glomerular_and_lateonset_tubular_lesions_lex	Disease	0.0006666666666666666
glomerular_and_tubular_injury_lex	Disease	0.0006666666666666666
glomerular_and_tubular_lesions_lex	Disease	0.0006666666666666666
glomerular_damage_lex	Disease	0.0006666666666666666
glomerular_disease_lex	Disease	0.0013333333333333333
glomerular_diseases_lex	Disease	0.0006666666666666666
glomerular_dysfunction_lex	Disease	0.0006666666666666666
glomerular_hypertrophy_lex	Disease	0.0006666666666666666
glomerular_injury_lex	Disease	0.0013333333333333333
glomerular_lesions_lex	Disease	0.0006666666666666666
glomerular_or_tubular_dysfunction_lex	Disease	0.0006666666666666666
glomerular_sclerosis_lex	Disease	0.0013333333333333333
glomeruli		0.006666666666666667
glomerulonephritis_lex	Disease	0.005333333333333333
glomerulopathies_lex	Disease	0.0006666666666666666
glomerulopathy_lex	Disease	0.0013333333333333333
glomerulosclerosis_lex	Disease	0.006
glomerulosclerotic		0.0006666666666666666
glomerulus		0.0013333333333333333
gloves		0.0006666666666666666
glu441		0.0006666666666666666
glucagon		0.0006666666666666666
glucaric_acid_lex	Chemical	0.0006666666666666666
glucocorticoid		0.0033333333333333335
glucocorticoidinduced		0.0013333333333333333
glucocorticoidinducible		0.0006666666666666666
glucocorticoids		0.0013333333333333333
glucose_lex	Chemical	0.008666666666666666
glucose_hypometabolism_lex	Disease	0.0006666666666666666
glucose_tolerance_curves_lex	Disease	0.0006666666666666666
glucosuria_lex	Disease	0.0013333333333333333
glucuronyl_lex	Chemical	0.0006666666666666666
glur5		0.0006666666666666666
glut3		0.0006666666666666666
glut4		0.0006666666666666666
glutamate_lex	Chemical	0.016
glutamatergic		0.005333333333333333
glutamatergic_dysfunction_lex	Disease	0.0006666666666666666
glutamic_acid_lex	Chemical	0.0006666666666666666
glutamine_lex	Chemical	0.0013333333333333333
glutaminergic		0.0006666666666666666
glutamyl		0.0006666666666666666
glutathione_lex	Chemical	0.008666666666666666
gluteal		0.0006666666666666666
glyburide_lex	Chemical	0.0006666666666666666
glycation		0.0006666666666666666
glycerin_lex	Chemical	0.0006666666666666666
glyceryl_trinitrate_lex	Chemical	0.0033333333333333335
glycinamide_ribonucleotide_lex	Chemical	0.0006666666666666666
glycine_lex	Chemical	0.0033333333333333335
glycoaminoglycans		0.0006666666666666666
glycoprotein		0.0006666666666666666
glycopyrrolate_lex	Chemical	0.0013333333333333333
glycopyrronium_lex	Chemical	0.0006666666666666666
glycosaminoglycan_lex	Chemical	0.0006666666666666666
glycosuria_lex	Disease	0.0013333333333333333
glygly		0.0006666666666666666
glypheleugly_lex	Chemical	0.0006666666666666666
glyt1		0.0006666666666666666
gm_lex	Chemical	0.0013333333333333333
gm2		0.0006666666666666666
gnc92h2_lex	Chemical	0.0006666666666666666
gold_lex	Chemical	0.0013333333333333333
gonadally		0.0006666666666666666
gonadotropin		0.0006666666666666666
gout_lex	Disease	0.0006666666666666666
gouty_arthritis_lex	Disease	0.0006666666666666666
gpi		0.0006666666666666666
grade		0.0013333333333333333
gradual		0.0006666666666666666
graft		0.004666666666666667
grafts		0.002
graftversushost_disease_lex	Disease	0.0013333333333333333
grains		0.0006666666666666666
gramnegative		0.0013333333333333333
gramnegative_bacillary_infections_lex	Disease	0.0006666666666666666
grampositive		0.0006666666666666666
grand_mal_seizures_lex	Disease	0.0013333333333333333
granisetron_lex	Chemical	0.0006666666666666666
granule		0.0033333333333333335
granulecellspecific		0.0006666666666666666
granules		0.0013333333333333333
granulocyte		0.0013333333333333333
granulocyte_colonystimulating_factor_lex	Chemical	0.0006666666666666666
granulocytecolony		0.0006666666666666666
granulocytemacrophage		0.0013333333333333333
granulocytes		0.0006666666666666666
granulocytopenia_lex	Disease	0.002
granulocytosis		0.0006666666666666666
granulomas_lex	Disease	0.0006666666666666666
granulomatous		0.0013333333333333333
granulosa_cell_tumor_of_the_ovary_lex	Disease	0.0006666666666666666
granulosa_cell_tumors_lex	Disease	0.0006666666666666666
grape_seed_extract_lex	Chemical	0.0006666666666666666
graphical		0.0006666666666666666
graves_disease_lex	Disease	0.0026666666666666666
gravity		0.0006666666666666666
greater		0.0006666666666666666
greek		0.0006666666666666666
green_tea_lex	Chemical	0.0006666666666666666
grip		0.0006666666666666666
griplift		0.0006666666666666666
grommet		0.0006666666666666666
gross		0.0013333333333333333
group		0.004666666666666667
groups		0.002
growth		0.007333333333333333
growth_failure_lex	Disease	0.0006666666666666666
growth_impairment_lex	Disease	0.0006666666666666666
growth_retardation_lex	Disease	0.0013333333333333333
growthassociated		0.0006666666666666666
growthinhibited		0.0006666666666666666
gsh_lex	Chemical	0.0013333333333333333
gsk3alpha		0.0006666666666666666
gspe_lex	Chemical	0.0006666666666666666
gtn_lex	Chemical	0.0026666666666666666
guanethidine_lex	Chemical	0.0006666666666666666
guanosine_lex	Chemical	0.0006666666666666666
guanosine_35cyclic_monophosphate_lex	Chemical	0.0006666666666666666
guarana		0.0006666666666666666
guidelines		0.004
guillainbarr_syndrome_lex	Disease	0.0006666666666666666
guinea		0.0013333333333333333
guineapig		0.0006666666666666666
gum		0.0006666666666666666
gum_arabic_lex	Chemical	0.0006666666666666666
gustatory_hyperhidrosis_lex	Disease	0.0006666666666666666
gvg_lex	Chemical	0.0006666666666666666
gvhd_lex	Disease	0.0006666666666666666
gwardamangia		0.0006666666666666666
gyki41_nine		0.0006666666666666666
gyki41_ninety-nine_lex	Chemical	0.0006666666666666666
gynaecological		0.0006666666666666666
gynecologic		0.0026666666666666666
gynecologic_and_testicular_cancers_lex	Disease	0.0006666666666666666
gynecology		0.0006666666666666666
gynecomastia_lex	Disease	0.0006666666666666666
gyrus		0.0026666666666666666
h_lex	Chemical	0.0013333333333333333
h1		0.002
h2		0.0013333333333333333
h2antagonists		0.0006666666666666666
h2o_lex	Chemical	0.0013333333333333333
h2o2_lex	Chemical	0.0006666666666666666
h2receptor		0.0006666666666666666
h2receptors		0.0006666666666666666
h3receptor		0.0006666666666666666
h3receptors		0.0006666666666666666
haart		0.0006666666666666666
habitual		0.0013333333333333333
habituated		0.0006666666666666666
habituation		0.0013333333333333333
had		0.019333333333333334
haematocrit		0.0006666666666666666
haematological		0.004
haematological_malignancies_lex	Disease	0.0006666666666666666
haematological_toxicity_lex	Disease	0.0006666666666666666
haematopoietic		0.0006666666666666666
haemodialysis		0.0006666666666666666
haemodialytical		0.0006666666666666666
haemodilution_lex	Disease	0.0006666666666666666
haemodynamic		0.0026666666666666666
haemofiltration		0.0006666666666666666
haemolysis_lex	Disease	0.0006666666666666666
haemolytic_anaemia_lex	Disease	0.0006666666666666666
haemolyticuraemic_syndrome_lex	Disease	0.0006666666666666666
haemopericardium_lex	Disease	0.0006666666666666666
haemophilus		0.0006666666666666666
haemopoietic		0.0006666666666666666
haemorrhage_lex	Disease	0.0013333333333333333
haemorrhages_lex	Disease	0.0006666666666666666
haemorrhagic_lex	Disease	0.002
hal_lex	Chemical	0.0006666666666666666
half		0.0006666666666666666
hallmark		0.0006666666666666666
hallucinations_lex	Disease	0.004
hallucinatory_lex	Disease	0.0006666666666666666
hallucinosis_lex	Disease	0.0006666666666666666
halogenated		0.0006666666666666666
halogenated_hydroxyquinolines_lex	Chemical	0.0006666666666666666
haloperidol_lex	Chemical	0.022
halothane_lex	Chemical	0.005333333333333333
halothane_hepatitis_lex	Disease	0.0013333333333333333
hamartoma_lex	Disease	0.0013333333333333333
hampered		0.0006666666666666666
hamster		0.0006666666666666666
hamsters		0.0006666666666666666
hand		0.0006666666666666666
handfoot_syndrome_lex	Disease	0.0013333333333333333
hands		0.0006666666666666666
haplotypes		0.0006666666666666666
happiness		0.0013333333333333333
haptoglobin		0.0006666666666666666
harm		0.0006666666666666666
harmful		0.0013333333333333333
harms		0.0006666666666666666
has		0.018
have		0.008
having		0.0006666666666666666
hay_fever_lex	Disease	0.0006666666666666666
hazard		0.0026666666666666666
hazardous		0.0013333333333333333
hazards		0.0006666666666666666
hb		0.0013333333333333333
hbeag_lex	Chemical	0.0033333333333333335
hbig		0.002
hbmp		0.0006666666666666666
hbs_ag_lex	Chemical	0.0006666666666666666
hbsag_lex	Chemical	0.004666666666666667
hbv		0.005333333333333333
hbv_infected_lex	Disease	0.0006666666666666666
hbv_infection_lex	Disease	0.0006666666666666666
hbv_monoinfected_lex	Disease	0.0006666666666666666
hbvdna		0.0013333333333333333
hbvhiv		0.0006666666666666666
hbvrelated		0.0013333333333333333
hc_lex	Disease	0.0006666666666666666
hca		0.0006666666666666666
hcbd_lex	Chemical	0.0006666666666666666
hcfc_one		0.0006666666666666666
hcfcs_lex	Chemical	0.0006666666666666666
hcl_lex	Chemical	0.0006666666666666666
hcrh		0.0006666666666666666
hctc_lex	Chemical	0.0006666666666666666
hctz_lex	Chemical	0.0013333333333333333
hcv		0.0006666666666666666
hcv_infection_lex	Disease	0.0006666666666666666
hcva		0.0006666666666666666
hcvgenotype		0.0006666666666666666
hd		0.0006666666666666666
hdl		0.0033333333333333335
hdlc		0.0006666666666666666
he		0.0013333333333333333
head_and_neck_cancer_lex	Disease	0.0013333333333333333
head_and_neck_cancers_lex	Disease	0.0006666666666666666
head_and_neck_carcinoma_lex	Disease	0.0013333333333333333
head_and_neck_carcinomas_lex	Disease	0.0006666666666666666
head_injury_lex	Disease	0.0006666666666666666
head_trauma_lex	Disease	0.0006666666666666666
head_twitches_lex	Disease	0.0006666666666666666
headache_lex	Disease	0.011333333333333334
headaches_lex	Disease	0.002
headup		0.0006666666666666666
healed		0.0006666666666666666
health		0.007333333333333333
healthcareassociated		0.0006666666666666666
healthfood		0.0006666666666666666
healthy		0.004666666666666667
hearing		0.004
hearing_impairment_lex	Disease	0.002
hearing_loss_lex	Disease	0.006666666666666667
heart		0.043333333333333335
heart_block_lex	Disease	0.0026666666666666666
heart_damage_lex	Disease	0.0013333333333333333
heart_disease_lex	Disease	0.0033333333333333335
heart_diseases_lex	Disease	0.0013333333333333333
heart_failure_lex	Disease	0.016666666666666666
heart_hypertrophy_lex	Disease	0.0006666666666666666
heartlung		0.0006666666666666666
heartrate		0.0006666666666666666
hearts		0.007333333333333333
heat		0.0013333333333333333
heinz		0.0006666666666666666
helodermin_lex	Chemical	0.0006666666666666666
hem_lex	Disease	0.0006666666666666666
hematest		0.0006666666666666666
hematocrit		0.0013333333333333333
hematologic		0.004
hematologic_disturbances_lex	Disease	0.0006666666666666666
hematologic_malignancies_lex	Disease	0.0006666666666666666
hematologic_syndrome_lex	Disease	0.0006666666666666666
hematologic_toxicities_lex	Disease	0.0006666666666666666
hematologic_toxicity_lex	Disease	0.0013333333333333333
hematological		0.002
hematological_abnormalities_lex	Disease	0.0006666666666666666
hematological_disorders_lex	Disease	0.0013333333333333333
hematological_malignancies_lex	Disease	0.0006666666666666666
hematologically		0.0006666666666666666
hematologiconcologic		0.0006666666666666666
hematologyoncology		0.0006666666666666666
hematoma_lex	Disease	0.0033333333333333335
hematomas_lex	Disease	0.0013333333333333333
hematopathology		0.0006666666666666666
hematopoietic		0.0013333333333333333
hematotoxicity_lex	Disease	0.0006666666666666666
hematoxylin_lex	Chemical	0.0006666666666666666
hematuria_lex	Disease	0.0033333333333333335
hemianopic		0.0006666666666666666
hemicholinium_lex	Chemical	0.0006666666666666666
hemicholinium3_lex	Chemical	0.0006666666666666666
hemidesmosomes		0.0006666666666666666
hemiparesis_lex	Disease	0.002
hemiplegic_migraine_lex	Disease	0.0006666666666666666
hemisphere		0.002
hemispheres		0.0006666666666666666
hemisulfate		0.0006666666666666666
hemlock		0.0006666666666666666
hemodiafiltration		0.0006666666666666666
hemodialysis		0.006
hemodialyzed		0.0006666666666666666
hemodiluting		0.0006666666666666666
hemodilution_lex	Disease	0.0006666666666666666
hemodynamic		0.011333333333333334
hemodynamics		0.004666666666666667
hemoglobin		0.012666666666666666
hemoglobinuria_lex	Disease	0.0013333333333333333
hemolysis_lex	Disease	0.006
hemolytic_lex	Disease	0.0026666666666666666
hemolytic_anemia_lex	Disease	0.012
hemolytic_anemias_lex	Disease	0.002
hemolytic_uremic_syndrome_lex	Disease	0.002
hemolyticuremic_syndrome_lex	Disease	0.0013333333333333333
hemopoiesis		0.0006666666666666666
hemopoietic		0.0006666666666666666
hemoptysis_lex	Disease	0.0006666666666666666
hemorrhage_lex	Disease	0.01
hemorrhages_lex	Disease	0.0006666666666666666
hemorrhagic_lex	Disease	0.012
hemorrhagic_bronchopneumonia_lex	Disease	0.0006666666666666666
hemosiderin_lex	Disease	0.0006666666666666666
hemosiderosis_lex	Disease	0.0006666666666666666
hemosiderotic_lex	Disease	0.0006666666666666666
hemostasis		0.0006666666666666666
henochschonlein_nephritis_lex	Disease	0.0006666666666666666
heparan_sulphate_lex	Chemical	0.0006666666666666666
heparin_lex	Chemical	0.014
heparins_lex	Chemical	0.0006666666666666666
heparitinase		0.0006666666666666666
hepatectomy		0.0013333333333333333
hepatic		0.024
hepatic_adverse_effects_lex	Disease	0.0006666666666666666
hepatic_complication_lex	Disease	0.0006666666666666666
hepatic_damage_lex	Disease	0.0033333333333333335
hepatic_dysfunction_lex	Disease	0.0033333333333333335
hepatic_failure_lex	Disease	0.004
hepatic_impairment_lex	Disease	0.0006666666666666666
hepatic_injury_lex	Disease	0.005333333333333333
hepatic_insufficiency_syndrome_lex	Disease	0.0006666666666666666
hepatic_neoplasms_lex	Disease	0.0006666666666666666
hepatic_toxicity_lex	Disease	0.0013333333333333333
hepatic_tumors_lex	Disease	0.0006666666666666666
hepatic_venoocclusive_disease_lex	Disease	0.0006666666666666666
hepatitis_lex	Disease	0.019333333333333334
hepatitis_b_lex	Disease	0.007333333333333333
hepatitis_b_e_antigen_lex	Chemical	0.0006666666666666666
hepatitis_b_infection_lex	Disease	0.0006666666666666666
hepatitis_b_surface_antigen_lex	Chemical	0.0026666666666666666
hepatitis_b_vaccine_lex	Chemical	0.0006666666666666666
hepatitis_b_virus_e_antigen_lex	Chemical	0.0006666666666666666
hepatitis_b_virus_hbv_infected_lex	Disease	0.0006666666666666666
hepatitis_b_virus_hbv_infection_lex	Disease	0.0006666666666666666
hepatitis_b_virus_surface_antigen_lex	Chemical	0.0006666666666666666
hepatitis_c_lex	Disease	0.002
hepatitis_c_virus_infected_lex	Disease	0.0006666666666666666
hepatitis_c_virus_infection_lex	Disease	0.0006666666666666666
hepatitis_e_lex	Disease	0.0006666666666666666
hepatitis_virus_infection_lex	Disease	0.0006666666666666666
hepatitisb_surface_antigen_lex	Chemical	0.0006666666666666666
hepatobiliary		0.0006666666666666666
hepatocarcinogenesis_lex	Disease	0.0006666666666666666
hepatocarcinogenicity		0.0006666666666666666
hepatocarcinogens_lex	Disease	0.0006666666666666666
hepatocellular		0.004
hepatocellular_carcinoma_lex	Disease	0.0033333333333333335
hepatocellular_carcinomas_lex	Disease	0.0006666666666666666
hepatocellular_damage_lex	Disease	0.0006666666666666666
hepatocellular_injury_lex	Disease	0.0006666666666666666
hepatocellular_necrosis_lex	Disease	0.0006666666666666666
hepatocyte		0.0033333333333333335
hepatocytes		0.004666666666666667
hepatocytespecific		0.0006666666666666666
hepatoma_lex	Disease	0.002
hepatomas_lex	Disease	0.0006666666666666666
hepatomegaly_lex	Disease	0.0026666666666666666
hepatonecrosis_lex	Disease	0.0006666666666666666
hepatoprotective		0.0006666666666666666
hepatorenal_syndrome_lex	Disease	0.0006666666666666666
hepatotoxic_lex	Disease	0.0026666666666666666
hepatotoxicity_lex	Disease	0.017333333333333333
her		0.004
herbal		0.0026666666666666666
herbals		0.0006666666666666666
herbicide		0.0006666666666666666
herbicides		0.0006666666666666666
hereditary_angioedema_lex	Disease	0.0006666666666666666
hernias_lex	Disease	0.0006666666666666666
herniations		0.0006666666666666666
heroin_lex	Chemical	0.002
heroin_abuse_lex	Disease	0.0006666666666666666
heroine_lex	Chemical	0.0006666666666666666
heterozygous		0.0006666666666666666
hexaaldonic_acids_lex	Chemical	0.0006666666666666666
hexaaldose		0.0006666666666666666
hexabrix_lex	Chemical	0.0006666666666666666
hexachloro13butadiene_lex	Chemical	0.0006666666666666666
hexafluorodiethyl_ether_lex	Chemical	0.0006666666666666666
hexamethonium_lex	Chemical	0.0013333333333333333
hexamethylmelamine_lex	Chemical	0.0006666666666666666
hexauronic_acids_lex	Chemical	0.0006666666666666666
hfde_lex	Chemical	0.0006666666666666666
hg_lex	Chemical	0.0006666666666666666
hglmin		0.0006666666666666666
hgml100		0.0006666666666666666
hibiscus_rosa_sinensis_lex	Chemical	0.0006666666666666666
hiccups_lex	Disease	0.0006666666666666666
high		0.024
highaffinity		0.0006666666666666666
highamplitude		0.0006666666666666666
highdensity		0.0013333333333333333
highdose		0.012
highdoses		0.0006666666666666666
higher		0.0033333333333333335
highest		0.0013333333333333333
highflux		0.0006666666666666666
highfrequency_hearing_loss_lex	Disease	0.0006666666666666666
highlight		0.0006666666666666666
highlighted		0.0006666666666666666
highlighting		0.0006666666666666666
highpotency		0.0006666666666666666
highrisk		0.0013333333333333333
highsalt		0.0006666666666666666
highsensitive		0.0006666666666666666
hildebrand		0.0006666666666666666
hindlimb		0.0006666666666666666
hip		0.0013333333333333333
hip_fracture_lex	Disease	0.0006666666666666666
hiphisleu_lex	Chemical	0.0006666666666666666
hippocampal		0.014
hippocampal_damage_lex	Disease	0.0006666666666666666
hippocampal_injury_lex	Disease	0.0006666666666666666
hippocampus		0.016666666666666666
hirsutism_lex	Disease	0.0006666666666666666
his		0.004666666666666667
hissing		0.0006666666666666666
histamine_lex	Chemical	0.005333333333333333
histaminergic		0.0006666666666666666
histiocytic_tumours_lex	Disease	0.0006666666666666666
histochemical		0.0013333333333333333
histochemically		0.0006666666666666666
histochemistry		0.0026666666666666666
histologic		0.008
histological		0.006666666666666667
histologically		0.0026666666666666666
histology		0.002
histopathologic		0.002
histopathological		0.008666666666666666
histopathology		0.0006666666666666666
historical		0.0006666666666666666
hit_lex	Disease	0.0013333333333333333
hit_type_ii_lex	Disease	0.0006666666666666666
hitherto		0.0013333333333333333
hiv		0.006
hiv1_infection_lex	Disease	0.0006666666666666666
hiv_antibodypositive_lex	Disease	0.0006666666666666666
hiv_coinfection_lex	Disease	0.0006666666666666666
hiv_disease_lex	Disease	0.0013333333333333333
hiv_infection_lex	Disease	0.0013333333333333333
hiv_seroconversion_lex	Disease	0.0006666666666666666
hivinduced		0.0006666666666666666
hivinfected_lex	Disease	0.0026666666666666666
hivnegative		0.0006666666666666666
hivpositive		0.0026666666666666666
hl_lex	Disease	0.0006666666666666666
hl60		0.0006666666666666666
hla		0.0006666666666666666
hlab35		0.0006666666666666666
hoarseness_lex	Disease	0.0013333333333333333
hodgkin_disease_lex	Disease	0.0006666666666666666
hodgkin_lymphoma_lex	Disease	0.0006666666666666666
hoehn		0.0006666666666666666
hoehn_yahr		0.0006666666666666666
holter		0.002
homeopathic		0.0006666666666666666
homeostasis		0.0033333333333333335
homer1		0.0006666666666666666
homonymous_hemianopsia_lex	Disease	0.0013333333333333333
homosexual		0.0013333333333333333
homozygocity		0.0006666666666666666
homozygous		0.0006666666666666666
hong		0.0006666666666666666
hormonal		0.0026666666666666666
hormone		0.013333333333333334
hormonereleasing		0.0006666666666666666
hormonereplacement		0.0006666666666666666
hormones		0.0033333333333333335
hospital		0.012666666666666666
hospitalised		0.0013333333333333333
hospitalization		0.005333333333333333
hospitalizations		0.0013333333333333333
hospitalized		0.006666666666666667
hospitals		0.002
hospitalyears		0.0006666666666666666
hour		0.0006666666666666666
hours		0.0013333333333333333
however		0.0006666666666666666
hpa		0.0006666666666666666
hplc		0.0013333333333333333
hr		0.002
hrp		0.0006666666666666666
hsinduced		0.0006666666666666666
ht_lex	Disease	0.0006666666666666666
htr6		0.0006666666666666666
human		0.0013333333333333333
human_immunodeficiency_virus_lex	Disease	0.0006666666666666666
human_immunodeficiency_virus_hiv_coinfection_lex	Disease	0.0006666666666666666
human_immunodeficiency_virus_hivinfected_lex	Disease	0.0006666666666666666
human_immunodeficiency_virus_infection_lex	Disease	0.0006666666666666666
human_immunodeficiency_virus_type_1infected_lex	Disease	0.0006666666666666666
humancitrated		0.0006666666666666666
humans		0.0006666666666666666
hundred		0.013333333333333334
huntingtons_disease_lex	Disease	0.0006666666666666666
hus_lex	Disease	0.0013333333333333333
hyalinosis		0.0006666666666666666
hyaluronate_lex	Chemical	0.0006666666666666666
hybridization		0.0006666666666666666
hydralazine_lex	Chemical	0.0006666666666666666
hydration		0.0026666666666666666
hydrochloride		0.0006666666666666666
hydrochlorofluorocarbons_lex	Chemical	0.0006666666666666666
hydrochlorothiazide_lex	Chemical	0.002
hydrochlorothiazidetriamterene_lex	Chemical	0.0006666666666666666
hydrocortisone_lex	Chemical	0.0026666666666666666
hydrocortisone_acetate_lex	Chemical	0.0006666666666666666
hydrogen_cyanamide_lex	Chemical	0.0006666666666666666
hydrogen_peroxide_lex	Chemical	0.0013333333333333333
hydrolysis		0.0006666666666666666
hydrolyze		0.0006666666666666666
hydromorphone_lex	Chemical	0.0006666666666666666
hydronephrosis_lex	Disease	0.0006666666666666666
hydroquinone_lex	Chemical	0.0006666666666666666
hydrothorax_lex	Disease	0.0006666666666666666
hydroureteronephrosis_lex	Disease	0.0006666666666666666
hydroxychloroquine_lex	Chemical	0.0013333333333333333
hydroxychloroquine_sulfate_lex	Chemical	0.0006666666666666666
hydroxyl_lex	Chemical	0.0013333333333333333
hydroxylase		0.0026666666666666666
hydroxyproline_lex	Chemical	0.0006666666666666666
hydroxytyrosol_lex	Chemical	0.0006666666666666666
hydroxyzine_lex	Chemical	0.0006666666666666666
hygiene		0.0006666666666666666
hyoscine_lex	Chemical	0.0006666666666666666
hypaque_lex	Chemical	0.0006666666666666666
hypaque_seventy-six_lex	Chemical	0.0013333333333333333
hyper_or_dyskinetic_lex	Disease	0.0006666666666666666
hyper_or_hypotension_lex	Disease	0.0006666666666666666
hyperactive_lex	Disease	0.0006666666666666666
hyperactivity_lex	Disease	0.01
hyperaldosteronism_lex	Disease	0.0006666666666666666
hyperalgesia_lex	Disease	0.008
hyperalgesic_lex	Disease	0.0013333333333333333
hyperammonemia_lex	Disease	0.004666666666666667
hyperammonemic_lex	Disease	0.0013333333333333333
hyperbaric		0.0033333333333333335
hyperbilirubinemia_lex	Disease	0.0026666666666666666
hypercalcaemia_lex	Disease	0.0006666666666666666
hypercalcemia_lex	Disease	0.006
hypercalcemias_lex	Disease	0.0006666666666666666
hypercalcemic_lex	Disease	0.0013333333333333333
hypercalcemic_emergency_lex	Disease	0.0006666666666666666
hypercapnia_lex	Disease	0.0006666666666666666
hypercholesterolaemia_lex	Disease	0.0006666666666666666
hypercholesterolemia_lex	Disease	0.0026666666666666666
hyperckaemia_lex	Disease	0.0006666666666666666
hypercoagulability_lex	Disease	0.0006666666666666666
hyperdynamic		0.0006666666666666666
hyperemia_lex	Disease	0.0013333333333333333
hyperemic_lex	Disease	0.0013333333333333333
hypereosinophilia_lex	Disease	0.0006666666666666666
hyperesthesia_lex	Disease	0.0006666666666666666
hyperfiltration		0.0006666666666666666
hyperglycaemia_lex	Disease	0.0006666666666666666
hyperglycemia_lex	Disease	0.0013333333333333333
hyperglycemic_lex	Disease	0.0013333333333333333
hyperglyceridemic_effect_lex	Disease	0.0006666666666666666
hyperhidrosis_lex	Disease	0.0006666666666666666
hyperinsulinemia_lex	Disease	0.0006666666666666666
hyperkalaemia_lex	Disease	0.0006666666666666666
hyperkalemia_lex	Disease	0.005333333333333333
hyperkinesia_lex	Disease	0.0006666666666666666
hyperkinesias		0.0006666666666666666
hyperkinesis_lex	Disease	0.0006666666666666666
hyperkinetic_lex	Disease	0.002
hyperlipemia_lex	Disease	0.0006666666666666666
hyperlipidemia_lex	Disease	0.0026666666666666666
hyperlipoproteinemias_lex	Disease	0.0006666666666666666
hyperlocomotion_lex	Disease	0.0013333333333333333
hypernatraemic		0.0006666666666666666
hyperosmolar		0.0013333333333333333
hyperosmolar_nonketotic_coma_lex	Disease	0.0006666666666666666
hyperparathyroidism_lex	Disease	0.0013333333333333333
hyperphosphatemia_lex	Disease	0.0013333333333333333
hyperplasia_lex	Disease	0.0033333333333333335
hyperplastic		0.0013333333333333333
hyperplastic_marrow_lex	Disease	0.0006666666666666666
hyperpolarizationactivated		0.0006666666666666666
hyperprolactinemia_lex	Disease	0.006666666666666667
hyperprolactinemic_lex	Disease	0.0006666666666666666
hyperresponsiveness		0.0006666666666666666
hypersecretion		0.0013333333333333333
hypersecretory		0.0006666666666666666
hypersensitivity_lex	Disease	0.010666666666666666
hypersensitivity_myocarditis_lex	Disease	0.0006666666666666666
hypertelorism_lex	Disease	0.0006666666666666666
hypertension_lex	Disease	0.048
hypertensive_lex	Disease	0.020666666666666667
hypertensive_eyes_lex	Disease	0.0006666666666666666
hypertensives_lex	Disease	0.0006666666666666666
hyperthermia_lex	Disease	0.004
hyperthymia		0.0006666666666666666
hyperthymic		0.0006666666666666666
hyperthyroidism_lex	Disease	0.005333333333333333
hypertrophic_lex	Disease	0.0006666666666666666
hypertrophic_cardiomyopathy_lex	Disease	0.0013333333333333333
hypertrophic_hearts_lex	Disease	0.0006666666666666666
hypertrophied_lex	Disease	0.0006666666666666666
hypertrophied_hearts_lex	Disease	0.0006666666666666666
hypertrophy_lex	Disease	0.004666666666666667
hyperuricemia_lex	Disease	0.0006666666666666666
hyperventilation_lex	Disease	0.0013333333333333333
hypnotic		0.0013333333333333333
hypoactivity_lex	Disease	0.0006666666666666666
hypoaesthesia		0.0006666666666666666
hypoalbuminemia_lex	Disease	0.0026666666666666666
hypoaldosteronism_lex	Disease	0.0013333333333333333
hypocalcaemia_lex	Disease	0.0006666666666666666
hypocalcemia_lex	Disease	0.002
hypocellular		0.0006666666666666666
hypocellular_marrow_lex	Disease	0.0006666666666666666
hypoglycaemia_lex	Disease	0.0006666666666666666
hypoglycemia_lex	Disease	0.0006666666666666666
hypogonadism_lex	Disease	0.0006666666666666666
hypokalaemia_lex	Disease	0.0006666666666666666
hypokalemia_lex	Disease	0.008
hypokalemic		0.0006666666666666666
hypolipidaemic		0.0006666666666666666
hypolipidemic		0.0006666666666666666
hypomagnesemia_lex	Disease	0.002
hypomania_lex	Disease	0.002
hypomanic_lex	Disease	0.0006666666666666666
hypomethylation		0.0006666666666666666
hyponatraemia_lex	Disease	0.0006666666666666666
hyponatremia_lex	Disease	0.0026666666666666666
hypoparathyroidism_lex	Disease	0.0006666666666666666
hypoperfusion		0.0013333333333333333
hypopharynx		0.0006666666666666666
hypophosphatemia_lex	Disease	0.0006666666666666666
hypophysectomized		0.0006666666666666666
hypophysialportal		0.0006666666666666666
hypoplastic_left_heart_syndrome_lex	Disease	0.0006666666666666666
hypoplastic_lungs_lex	Disease	0.0006666666666666666
hyporeninemic_hypoaidosteronism_lex	Disease	0.0006666666666666666
hyposmotic		0.0006666666666666666
hypotension_lex	Disease	0.044
hypotensive_lex	Disease	0.013333333333333334
hypothalamic		0.002
hypothalamic_dysfunction_lex	Disease	0.0006666666666666666
hypothalamicpituitaryadrenal		0.0006666666666666666
hypothalamus		0.0013333333333333333
hypothermia_lex	Disease	0.004666666666666667
hypothermic_lex	Disease	0.0013333333333333333
hypotheses		0.0006666666666666666
hypothesize		0.002
hypothesized		0.0013333333333333333
hypothyroid_lex	Disease	0.0026666666666666666
hypothyroidism_lex	Disease	0.004
hypotonia_lex	Disease	0.0006666666666666666
hypotonic		0.0006666666666666666
hypoventilation_lex	Disease	0.002
hypovolemia_lex	Disease	0.0006666666666666666
hypoxaemia_lex	Disease	0.0013333333333333333
hypoxemia_lex	Disease	0.0013333333333333333
hypoxia_lex	Disease	0.002
hypoxic_lex	Disease	0.002
hypoxicischemic_encephalopathy_lex	Disease	0.0006666666666666666
hyprentrial		0.0006666666666666666
hypso3haccck28se		0.0006666666666666666
hysterectomised		0.0006666666666666666
hysterectomy		0.0013333333333333333
hysterosalpingography		0.0013333333333333333
hz		0.0013333333333333333
i131_ha_lex	Chemical	0.0006666666666666666
i1receptormediated		0.0006666666666666666
i1receptors		0.0006666666666666666
iatrogenic		0.0013333333333333333
iatrogenically		0.0006666666666666666
ibpb		0.0006666666666666666
ibs_lex	Disease	0.0006666666666666666
ibuprofen_lex	Chemical	0.006
iceberg		0.0006666666666666666
ich_lex	Disease	0.0013333333333333333
icp		0.0006666666666666666
ictal		0.0006666666666666666
icterus_lex	Disease	0.0013333333333333333
icu		0.0033333333333333335
icus		0.0006666666666666666
idazoxan_lex	Chemical	0.0006666666666666666
identical		0.0006666666666666666
identification		0.0006666666666666666
identified		0.002
identifying		0.0006666666666666666
idiopathic		0.004
idiopathic_cardiomyopathy_lex	Disease	0.0006666666666666666
idiopathic_dilated_cardiomyopathy_lex	Disease	0.0006666666666666666
idiopathic_epilepsy_lex	Disease	0.0013333333333333333
idiopathic_generalized_epilepsies_lex	Disease	0.0006666666666666666
idiopathic_orthostatic_hypotension_lex	Disease	0.0006666666666666666
idiopathic_parkinsons_disease_lex	Disease	0.0026666666666666666
idiopathic_subjective_tinnitus_lex	Disease	0.0006666666666666666
idiosyncrasy		0.0006666666666666666
idolamines		0.0006666666666666666
if_lex	Chemical	0.0026666666666666666
ifn_lex	Chemical	0.0006666666666666666
ifo_lex	Chemical	0.0006666666666666666
ifosfamide_lex	Chemical	0.008
ifosfamide_vincristine_and_dactinomycin_lex	Chemical	0.0006666666666666666
ifs_lex	Chemical	0.0006666666666666666
ifx_lex	Chemical	0.0006666666666666666
iga_nephropathy_lex	Disease	0.0006666666666666666
ige_lex	Disease	0.0006666666666666666
igf		0.0006666666666666666
igfi		0.0013333333333333333
igfil3		0.0006666666666666666
igg		0.0006666666666666666
igm		0.0006666666666666666
ih636_grape_seed_proanthocyanidin_extract_lex	Chemical	0.0006666666666666666
iii		0.0006666666666666666
iiiv		0.0006666666666666666
iiiviiviiiix		0.0006666666666666666
ikr		0.0006666666666666666
il1		0.0006666666666666666
il1b		0.0006666666666666666
il2		0.0013333333333333333
il3		0.0006666666666666666
il6		0.0006666666666666666
ileostoma		0.0006666666666666666
ileostomy		0.0006666666666666666
iliopsoas		0.0006666666666666666
ilk		0.0006666666666666666
ill		0.0006666666666666666
illicit		0.002
illness		0.004666666666666667
illnesses		0.0013333333333333333
imagery		0.0006666666666666666
images		0.0006666666666666666
imaging		0.013333333333333334
imbalance		0.0026666666666666666
imidazoline_lex	Chemical	0.0006666666666666666
imipenem_lex	Chemical	0.0006666666666666666
imipenemcilastatin_lex	Chemical	0.0006666666666666666
imipramine_lex	Chemical	0.002
immediate		0.004
immediately		0.0006666666666666666
immediaterelease		0.0006666666666666666
immobility		0.0006666666666666666
immobilization		0.0006666666666666666
immune		0.010666666666666666
immune_reconstitution_syndrome_lex	Disease	0.0006666666666666666
immunemediated		0.002
immunity		0.002
immunization		0.0006666666666666666
immunizationinduced		0.0006666666666666666
immunoallergic		0.002
immunoassay		0.0013333333333333333
immunoassays		0.0006666666666666666
immunoblotting		0.002
immunochemically		0.0006666666666666666
immunocompetent		0.0006666666666666666
immunocompromised		0.002
immunocytochemical		0.0013333333333333333
immunocytochemistry		0.0013333333333333333
immunocytoma_lex	Disease	0.0006666666666666666
immunodeficiencies_lex	Disease	0.0006666666666666666
immunodeficiency_lex	Disease	0.002
immunodeficient_lex	Disease	0.0006666666666666666
immunofluorescence		0.0026666666666666666
immunofluorescent		0.0006666666666666666
immunoglobulin		0.0013333333333333333
immunoglobulins		0.0006666666666666666
immunohistochemical		0.008666666666666666
immunohistochemically		0.0006666666666666666
immunohistochemistry		0.008
immunohistological		0.0006666666666666666
immunolocalization		0.0006666666666666666
immunologic		0.002
immunological		0.004
immunometric		0.0006666666666666666
immunomodulators		0.0006666666666666666
immunomodulatory		0.0026666666666666666
immunopathology		0.0006666666666666666
immunophilin		0.0006666666666666666
immunophilindrugcalcineurin		0.0006666666666666666
immunoreactive		0.002
immunoreactivity		0.0013333333333333333
immunosorbent		0.0006666666666666666
immunostaining		0.0013333333333333333
immunosuppressant		0.004
immunosuppressants		0.0006666666666666666
immunosuppressed		0.0013333333333333333
immunosuppression		0.006
immunosuppressive		0.012666666666666666
immunotherapy		0.002
impact		0.0006666666666666666
impair		0.0006666666666666666
impaired		0.007333333333333333
impaired_auditory_location_discrimination_lex	Disease	0.0006666666666666666
impaired_blood_clotting_lex	Disease	0.0006666666666666666
impaired_cognitive_functions_lex	Disease	0.0006666666666666666
impaired_consciousness_lex	Disease	0.0013333333333333333
impaired_fear_recognition_lex	Disease	0.0006666666666666666
impaired_glucose_tolerance_lex	Disease	0.0006666666666666666
impaired_immediate_free_recall_lex	Disease	0.0006666666666666666
impaired_memory_lex	Disease	0.0013333333333333333
impaired_memory_functioning_lex	Disease	0.0006666666666666666
impaired_memory_performance_lex	Disease	0.0006666666666666666
impaired_novel_word_learning_lex	Disease	0.0006666666666666666
impaired_overnight_memory_lex	Disease	0.0006666666666666666
impaired_renal_function_lex	Disease	0.0026666666666666666
impaired_social_and_emotional_judgement_processes_lex	Disease	0.0006666666666666666
impaired_the_memory_lex	Disease	0.0006666666666666666
impaired_word_fluency_psychomotor_speed_and_working_memory_lex	Disease	0.0006666666666666666
impairing		0.0006666666666666666
impairment		0.01
impairment_in_auditory_discrimination_lex	Disease	0.0006666666666666666
impairment_in_auditory_location_discrimination_lex	Disease	0.0006666666666666666
impairment_in_word_recall_lex	Disease	0.0006666666666666666
impairment_of_attention_and_memory_lex	Disease	0.0006666666666666666
impairment_of_cognitive_function_lex	Disease	0.0006666666666666666
impairment_of_hepatic_function_lex	Disease	0.0006666666666666666
impairment_of_learning_lex	Disease	0.0006666666666666666
impairment_of_learning_and_memory_lex	Disease	0.0006666666666666666
impairment_of_renal_reabsorption_lex	Disease	0.0006666666666666666
impairment_of_the_renal_function_lex	Disease	0.0006666666666666666
impairment_of_ventricular_function_lex	Disease	0.0006666666666666666
impairments		0.005333333333333333
impairs		0.0006666666666666666
impairs_associative_learning_lex	Disease	0.0006666666666666666
impase		0.0006666666666666666
impedancederived		0.0006666666666666666
implant		0.002
implantation		0.0026666666666666666
implanted		0.0033333333333333335
implants		0.0013333333333333333
implicated		0.004
implicating		0.0006666666666666666
implications		0.0013333333333333333
imply		0.0006666666666666666
important		0.0013333333333333333
impotence_lex	Disease	0.0026666666666666666
impressionsexual		0.0006666666666666666
improve		0.0013333333333333333
improved		0.0006666666666666666
improvement		0.0026666666666666666
impulsiveness_lex	Disease	0.0006666666666666666
imunohistochemical		0.0006666666666666666
in		0.011333333333333334
ina		0.0006666666666666666
inability_to_repeat_words_lex	Disease	0.0006666666666666666
inability_to_sleep_lex	Disease	0.0006666666666666666
inactivation		0.002
inadequate		0.0006666666666666666
inadequately		0.0006666666666666666
inadvertently		0.0006666666666666666
inappropriate		0.0006666666666666666
inappropriate_antidiuretic_hormone_secretion_lex	Disease	0.0006666666666666666
inattention_lex	Disease	0.0006666666666666666
inbred		0.0013333333333333333
incidence		0.03133333333333333
incidences		0.0013333333333333333
incident		0.0013333333333333333
incidents		0.0006666666666666666
including		0.0013333333333333333
inconclusive		0.0013333333333333333
inconsistent		0.0006666666666666666
incontinence_lex	Disease	0.002
inconvenience		0.0006666666666666666
incorporate		0.0006666666666666666
increase		0.019333333333333334
increase_in_blood_pressure_lex	Disease	0.002
increase_in_heart_rate_and_cardiac_output_lex	Disease	0.0006666666666666666
increase_in_locomotor_activity_lex	Disease	0.0013333333333333333
increased		0.048
increased_cardiac_output_lex	Disease	0.0006666666666666666
increased_intraocular_pressure_lex	Disease	0.0006666666666666666
increases		0.007333333333333333
increases_in_blood_pressure_lex	Disease	0.0006666666666666666
increases_in_dural_and_cortical_blood_flow_lex	Disease	0.0006666666666666666
increases_in_dural_blood_flow_lex	Disease	0.0006666666666666666
increasing		0.0033333333333333335
independent		0.0006666666666666666
indeterminate		0.0006666666666666666
indian		0.0006666666666666666
indicate		0.0006666666666666666
indicated		0.002
indicates		0.0013333333333333333
indications		0.006
indinavir_lex	Chemical	0.002
individual		0.0006666666666666666
individuals		0.0006666666666666666
indocyanine_green_lex	Chemical	0.0006666666666666666
indolamines		0.0006666666666666666
indomethacin_lex	Chemical	0.006666666666666667
induce		0.015333333333333332
induced		0.16533333333333333
inducedbehaviour		0.0006666666666666666
inducer		0.0006666666666666666
induces		0.008
inducible		0.0026666666666666666
inducing		0.0006666666666666666
induction		0.005333333333333333
ineffective		0.004
infant		0.008666666666666666
infantile_spasms_lex	Disease	0.0006666666666666666
infants		0.008
infarct_lex	Disease	0.0013333333333333333
infarcted		0.0006666666666666666
infarction_lex	Disease	0.005333333333333333
infarcts_lex	Disease	0.0006666666666666666
infarcts_in_substantia_nigra_pars_reticulata_lex	Disease	0.0006666666666666666
infected		0.002
infected_with_hepatitis_c_virus_lex	Disease	0.0006666666666666666
infection_lex	Disease	0.010666666666666666
infection_by_hepatitis_b_virus_lex	Disease	0.0006666666666666666
infection_with_hemorrhagic_fever_viruses_lex	Disease	0.0006666666666666666
infections_lex	Disease	0.006666666666666667
infectious		0.002
infectious_mononucleosis_lex	Disease	0.0006666666666666666
infective		0.0006666666666666666
infective_endocarditis_lex	Disease	0.0006666666666666666
infectivity		0.0006666666666666666
inferior_colliculus_lesion_lex	Disease	0.0006666666666666666
inferior_colliculus_lesions_lex	Disease	0.0006666666666666666
inferior_infarction_lex	Disease	0.0006666666666666666
infertility_lex	Disease	0.0006666666666666666
infiltrate		0.0006666666666666666
infiltration		0.0013333333333333333
inflammation_lex	Disease	0.006666666666666667
inflammatory		0.014666666666666666
inflammatory_bowel_disease_lex	Disease	0.002
inflammatory_diseases_lex	Disease	0.0006666666666666666
inflammatory_facial_dermatoses_lex	Disease	0.0006666666666666666
inflammatory_myopathy_lex	Disease	0.0006666666666666666
influence		0.0013333333333333333
influences		0.0006666666666666666
influencing		0.0006666666666666666
influenzae		0.0006666666666666666
infmi_lex	Disease	0.0006666666666666666
information		0.0006666666666666666
infrahisian		0.0006666666666666666
infrequent		0.0026666666666666666
infrequently		0.002
infusate		0.0006666666666666666
infused		0.005333333333333333
infusing		0.0006666666666666666
infusion		0.06133333333333333
infusional		0.002
infusions		0.01
infusiontime		0.0006666666666666666
ingested		0.002
ingesting		0.0026666666666666666
ingestion		0.009333333333333334
ingredient		0.0013333333333333333
inguinal		0.0006666666666666666
inhalation		0.0013333333333333333
inhalational		0.0006666666666666666
inhalator		0.0006666666666666666
inhaled		0.0033333333333333335
inhaler		0.0006666666666666666
inheritance		0.0006666666666666666
inhibit		0.01
inhibited		0.018666666666666668
inhibiting		0.0033333333333333335
inhibition		0.038
inhibition_of_lactation_lex	Disease	0.0006666666666666666
inhibitions		0.0006666666666666666
inhibitor		0.05466666666666667
inhibitor1		0.0006666666666666666
inhibitorassociated		0.0006666666666666666
inhibitorhere		0.0006666666666666666
inhibitors		0.027333333333333334
inhibitorsinduced		0.0006666666666666666
inhibitory		0.015333333333333332
inhibits		0.008666666666666666
inhomogenous		0.0006666666666666666
inhospital		0.0006666666666666666
initiate		0.0006666666666666666
initiated		0.002
initiation		0.002
initiation_induced_by_carcinogens_lex	Disease	0.0006666666666666666
initiation_of_carcinogenic_process_lex	Disease	0.0006666666666666666
injectable		0.0013333333333333333
injected		0.021333333333333333
injecting		0.0006666666666666666
injection		0.06066666666666667
injections		0.02
injured		0.0006666666666666666
injury		0.005333333333333333
injury_in_the_cortex_lex	Disease	0.0006666666666666666
injury_to_different_regions_of_the_kidney_lex	Disease	0.0006666666666666666
injury_to_the_kidney_lex	Disease	0.0006666666666666666
innate		0.0006666666666666666
innervated		0.0006666666666666666
innervation		0.002
inoperable		0.0006666666666666666
inorganic_arsenic_lex	Chemical	0.0006666666666666666
inorganic_as_lex	Chemical	0.0006666666666666666
inos		0.0006666666666666666
inositol_lex	Chemical	0.0006666666666666666
inotropic		0.002
inpatient		0.005333333333333333
inpatients		0.002
inrcease		0.0006666666666666666
insecticide		0.0026666666666666666
insecticides		0.0006666666666666666
inserts		0.0006666666666666666
insomnia_lex	Disease	0.0013333333333333333
inspiratory		0.0013333333333333333
instillation		0.0013333333333333333
institute		0.0006666666666666666
instructed		0.0006666666666666666
insufficiency		0.0006666666666666666
insula		0.0006666666666666666
insulin		0.0026666666666666666
insulin_resistance_lex	Disease	0.0013333333333333333
insulin_sensitivity_lex	Disease	0.0006666666666666666
insulindependent_diabetes_mellitus_lex	Disease	0.0006666666666666666
insulingroup		0.0006666666666666666
insulinindependent		0.0006666666666666666
insulinlike		0.002
insulinonly		0.0006666666666666666
insulinreceptor		0.0006666666666666666
insurance		0.0006666666666666666
insured		0.0006666666666666666
intake		0.007333333333333333
intakes		0.0006666666666666666
integrin		0.0006666666666666666
integrinlinked		0.0006666666666666666
integrins		0.0006666666666666666
intellectual		0.0006666666666666666
intelligence		0.0013333333333333333
intense		0.0013333333333333333
intensity		0.005333333333333333
intensitypleasure		0.0006666666666666666
intensive		0.006
intentional		0.0006666666666666666
interaction		0.0013333333333333333
interactions		0.0013333333333333333
interatrial		0.0006666666666666666
intercellular		0.002
intercerebral		0.0006666666666666666
interendothelial		0.0006666666666666666
interfere		0.0006666666666666666
interferon_lex	Chemical	0.004666666666666667
interferonalpha2b_lex	Chemical	0.0006666666666666666
interferongamma		0.0006666666666666666
interim		0.0006666666666666666
interindividual		0.0006666666666666666
interleukin		0.002
interleukin6		0.0006666666666666666
interlobular		0.0006666666666666666
intermediatecaudal		0.0006666666666666666
intermedius		0.0006666666666666666
intermittent		0.01
intermittent_claudication_lex	Disease	0.0013333333333333333
international		0.0006666666666666666
internucleosomal		0.0006666666666666666
interpeduncular		0.0006666666666666666
interpreted		0.0006666666666666666
interscalene		0.0006666666666666666
interstitial		0.004666666666666667
interstitial_cystitis_lex	Disease	0.0013333333333333333
interstitial_fibrosis_lex	Disease	0.0013333333333333333
interstitial_nephritis_lex	Disease	0.006666666666666667
interstitium		0.0006666666666666666
interstrain		0.0006666666666666666
intertrabecular		0.0006666666666666666
interval		0.005333333333333333
intervalprolonging		0.0006666666666666666
intervals		0.002
intervention		0.0033333333333333335
interventional		0.0006666666666666666
interventions		0.004
intestinal		0.004666666666666667
intestine		0.002
intima		0.0006666666666666666
intolerance		0.0006666666666666666
intolerant		0.0013333333333333333
intoxication		0.008666666666666666
intoxications		0.002
intraaccumbens		0.0006666666666666666
intraalveolar		0.0006666666666666666
intraarterial		0.002
intraarterial_lesions_lex	Disease	0.0006666666666666666
intraarterially		0.0006666666666666666
intracarotid		0.0013333333333333333
intracavernous		0.002
intracavitary		0.0006666666666666666
intracellular		0.007333333333333333
intracerebral		0.0013333333333333333
intracerebral_hemorrhage_lex	Disease	0.005333333333333333
intracerebroventricular		0.004
intracerebroventricularly		0.002
intracisternal		0.0006666666666666666
intracoronary		0.0033333333333333335
intracorporal		0.0006666666666666666
intracorporeal		0.0006666666666666666
intracortically		0.0006666666666666666
intracranial		0.005333333333333333
intracranial_aneurysms_lex	Disease	0.0013333333333333333
intracranial_bleeding_lex	Disease	0.0013333333333333333
intracranial_hemorrhage_lex	Disease	0.0006666666666666666
intracranial_hypertension_lex	Disease	0.0006666666666666666
intracranial_vascular_disturbances_lex	Disease	0.0006666666666666666
intracranial_vascular_thrombosis_lex	Disease	0.0006666666666666666
intractable		0.0013333333333333333
intracytoplasmic		0.0006666666666666666
intradermal		0.0026666666666666666
intradermally		0.0006666666666666666
intradermic		0.0006666666666666666
intradermoreactions		0.0006666666666666666
intradialytic		0.0006666666666666666
intradural		0.0006666666666666666
intragastric		0.0013333333333333333
intragastrically		0.002
intrahepatic		0.0006666666666666666
intrahepatic_cholestasis_lex	Disease	0.002
intrahisian		0.0006666666666666666
intrahisian_block_lex	Disease	0.0006666666666666666
intraindividual		0.0006666666666666666
intrajugular		0.0006666666666666666
intralipid		0.0006666666666666666
intramedullary		0.0006666666666666666
intramuscular		0.0033333333333333335
intramuscularly		0.004
intranasal		0.002
intraocular		0.004666666666666667
intraoperative		0.006666666666666667
intraoperatively		0.0006666666666666666
intrapatient		0.0006666666666666666
intraperitoneal		0.004
intraperitonealinjection		0.0006666666666666666
intraperitoneally		0.0026666666666666666
intraplatelet		0.0006666666666666666
intrarenal		0.002
intrarenally		0.0006666666666666666
intrastriatal		0.0013333333333333333
intrastriatally		0.0013333333333333333
intrathecal		0.006
intrathecally		0.0006666666666666666
intratympanic		0.0006666666666666666
intrauterine_growth_retardation_lex	Disease	0.0013333333333333333
intravascular		0.0026666666666666666
intravascular_coagulation_lex	Disease	0.0013333333333333333
intravenous		0.07066666666666667
intravenously		0.014666666666666666
intraventricular		0.0033333333333333335
intraventricular_conduction_abnormalities_lex	Disease	0.0006666666666666666
intravitreal		0.002
introduced		0.0006666666666666666
introduction		0.0006666666666666666
intubated		0.0013333333333333333
intubation		0.004
inulin		0.0006666666666666666
invasive		0.0006666666666666666
inversion		0.0006666666666666666
inverted		0.0006666666666666666
investigated		0.0006666666666666666
investigational		0.0006666666666666666
investigators		0.0006666666666666666
invivo		0.0006666666666666666
involuntary_eyeblinking_movements_lex	Disease	0.0006666666666666666
involuntary_movements_lex	Disease	0.0006666666666666666
involvement		0.0013333333333333333
involving		0.0006666666666666666
iocarmate_lex	Chemical	0.0006666666666666666
iodinated		0.0006666666666666666
iodine_lex	Chemical	0.0006666666666666666
iodine125metaiodobenzylguanidine_lex	Chemical	0.0006666666666666666
iodixanol_lex	Chemical	0.0013333333333333333
iohexol_lex	Chemical	0.0013333333333333333
ion		0.0013333333333333333
ion_channel_disorders_lex	Disease	0.0006666666666666666
ionic		0.004
ionizing		0.0006666666666666666
ions		0.0006666666666666666
iop		0.0013333333333333333
iop_rise_lex	Disease	0.0006666666666666666
iopamidol_lex	Chemical	0.0006666666666666666
iopentol_lex	Chemical	0.0006666666666666666
ioplowering		0.0006666666666666666
iopromide_lex	Chemical	0.0006666666666666666
ioxaglate_lex	Chemical	0.0006666666666666666
ipinduced		0.0006666666666666666
ipratropium_lex	Chemical	0.0006666666666666666
ipratropium_bromide_lex	Chemical	0.0013333333333333333
ipsilateral		0.0013333333333333333
ipsilateral_circling_lex	Disease	0.0006666666666666666
iq		0.0006666666666666666
irbesartan_lex	Chemical	0.0006666666666666666
ircrf		0.0006666666666666666
iridocyclitis_lex	Disease	0.0006666666666666666
irinotecan_lex	Chemical	0.0006666666666666666
iris		0.0006666666666666666
iron_lex	Chemical	0.004
iron_dextran_lex	Chemical	0.0013333333333333333
irradiation		0.002
irregular		0.0006666666666666666
irregular_heart_beat_lex	Disease	0.0006666666666666666
irregular_heartbeat_lex	Disease	0.0006666666666666666
irregularity		0.0006666666666666666
irreversible		0.004
irrigating		0.0006666666666666666
irrigation		0.0026666666666666666
irrigations		0.0006666666666666666
irritability_lex	Disease	0.004666666666666667
irritable_bowel_syndrome_lex	Disease	0.0006666666666666666
irritant		0.0006666666666666666
irritation		0.0006666666666666666
irritation_of_the_urinary_tract_lex	Disease	0.0006666666666666666
is_lex	Disease	0.026
ischaemia_lex	Disease	0.0013333333333333333
ischaemic_lex	Disease	0.0006666666666666666
ischaemic_heart_disease_lex	Disease	0.002
ischaemic_stroke_lex	Disease	0.0006666666666666666
ischaemic_strokes_lex	Disease	0.0006666666666666666
ischemia_lex	Disease	0.008
ischemia_of_the_globus_pallidus_lex	Disease	0.0006666666666666666
ischemic_lex	Disease	0.012666666666666666
ischemic_brain_injury_lex	Disease	0.0013333333333333333
ischemic_colitis_lex	Disease	0.0006666666666666666
ischemic_hemisphere_lex	Disease	0.0006666666666666666
ischemic_injury_lex	Disease	0.0006666666666666666
ischemic_lesions_lex	Disease	0.0006666666666666666
ischemic_myocardium_lex	Disease	0.0006666666666666666
ischemic_optic_neuropathies_lex	Disease	0.0006666666666666666
ischemic_stroke_lex	Disease	0.0026666666666666666
isg		0.0006666666666666666
islet		0.0006666666666666666
iso_lex	Chemical	0.0033333333333333335
isocortical		0.0006666666666666666
isoenzyme		0.002
isoenzymes		0.0013333333333333333
isoflurane_lex	Chemical	0.004666666666666667
isomer		0.0006666666666666666
isomer6		0.0006666666666666666
isomerase		0.0006666666666666666
isomers		0.0013333333333333333
isoniazid_lex	Chemical	0.004
isoosmolality		0.0006666666666666666
isoosmolar		0.0006666666666666666
isoprenaline_lex	Chemical	0.0013333333333333333
isopropyl6_benzyloxy4methoxymethylbetacarboline3carboxylate_lex	Chemical	0.0006666666666666666
isoproterenol_lex	Chemical	0.016
isoproterenols_lex	Chemical	0.0006666666666666666
isosorbide_dinitrate_lex	Chemical	0.0006666666666666666
isotonic		0.0013333333333333333
isotretinoin_lex	Chemical	0.0013333333333333333
isotretinoin_embryopathy_lex	Disease	0.0006666666666666666
isradipine_lex	Chemical	0.0006666666666666666
issues		0.0006666666666666666
ist_lex	Disease	0.0006666666666666666
it		0.004666666666666667
italian		0.0006666666666666666
itchiness_lex	Disease	0.0006666666666666666
itching_lex	Disease	0.0006666666666666666
its		0.0033333333333333335
itself		0.0006666666666666666
iugr_lex	Disease	0.0006666666666666666
iukgh		0.0006666666666666666
iukgiv		0.0006666666666666666
iv		0.008
ivc		0.0006666666666666666
ivmp_lex	Chemical	0.0006666666666666666
january		0.0006666666666666666
japan		0.002
japanese		0.002
jaundice_lex	Disease	0.008
jaw_of_steel_lex	Disease	0.0006666666666666666
jaw_stiffness_lex	Disease	0.0006666666666666666
jawstretch		0.0006666666666666666
jejunal		0.0006666666666666666
jeopardized		0.0006666666666666666
jerks		0.0006666666666666666
jitter		0.0006666666666666666
jitteriness		0.0006666666666666666
joint		0.002
judiciously		0.0006666666666666666
juice		0.0006666666666666666
juices		0.0006666666666666666
junctional		0.0013333333333333333
junctions		0.0006666666666666666
juvenile_rheumatoid_arthritis_lex	Disease	0.0013333333333333333
juxtaglomerular		0.0006666666666666666
k_lex	Chemical	0.002
kainate_lex	Chemical	0.0006666666666666666
kainic_acid_lex	Chemical	0.0026666666666666666
kaliuretic		0.0006666666666666666
kanamycin_lex	Chemical	0.0026666666666666666
kaposis_sarcoma_lex	Disease	0.0013333333333333333
kcl_lex	Chemical	0.0006666666666666666
kearnssayre_syndrome_lex	Disease	0.0006666666666666666
keratectomy		0.0006666666666666666
keratoconjunctivitis_lex	Disease	0.0006666666666666666
keratome		0.0006666666666666666
ketamine_lex	Chemical	0.008
ketamine_hydrochloride_lex	Chemical	0.0006666666666666666
ketanserin_lex	Chemical	0.0006666666666666666
ketoconazole_lex	Chemical	0.004
ketone_lex	Chemical	0.0006666666666666666
ketoprofen_lex	Chemical	0.0006666666666666666
ketorolac_lex	Chemical	0.0006666666666666666
ketosis_lex	Disease	0.0006666666666666666
kf17837_lex	Chemical	0.0006666666666666666
kg1		0.0006666666666666666
khz		0.0013333333333333333
kidney		0.032
kidney_cancer_lex	Disease	0.0006666666666666666
kidney_damage_lex	Disease	0.0013333333333333333
kidney_disease_lex	Disease	0.0013333333333333333
kidney_diseases_lex	Disease	0.0006666666666666666
kidney_dysfunction_lex	Disease	0.0006666666666666666
kidney_injury_lex	Disease	0.0013333333333333333
kidney_lesions_lex	Disease	0.0006666666666666666
kidney_stones_lex	Disease	0.0006666666666666666
kidney_tubular_dysfunction_lex	Disease	0.0006666666666666666
kidneys		0.015333333333333332
killers		0.0006666666666666666
kilogram		0.0006666666666666666
kinase		0.006666666666666667
kinase1		0.0006666666666666666
kinaserelated		0.0006666666666666666
kinases		0.0006666666666666666
kindling		0.0006666666666666666
kindreds		0.0006666666666666666
kinetics		0.0013333333333333333
king		0.0013333333333333333
kinin		0.0013333333333333333
km		0.0006666666666666666
knee		0.0006666666666666666
knowledge		0.0006666666666666666
knowledgeably		0.0006666666666666666
known		0.007333333333333333
kpa		0.0006666666666666666
kurroa		0.0006666666666666666
kvariant		0.0006666666666666666
kynurenine_lex	Chemical	0.0006666666666666666
kytril_lex	Chemical	0.0006666666666666666
l1210		0.0006666666666666666
l1210_leukemia_lex	Disease	0.0006666666666666666
l34dihydroxyphenylalanine_lex	Chemical	0.0006666666666666666
l3h		0.0006666666666666666
l3l4		0.0006666666666666666
labelling		0.0013333333333333333
labelrestricted		0.0006666666666666666
labetalol_lex	Chemical	0.0026666666666666666
lability		0.0006666666666666666
laboratory		0.006
lack		0.0006666666666666666
lacn		0.0006666666666666666
lacnp		0.0006666666666666666
lacrimation		0.0006666666666666666
lactate_lex	Chemical	0.006
lactic_acid_lex	Chemical	0.0006666666666666666
lactic_acidosis_lex	Disease	0.0006666666666666666
lactoferrin		0.0006666666666666666
laitinen		0.0006666666666666666
laitinens		0.0006666666666666666
lalphagfc_lex	Chemical	0.0006666666666666666
lalphaglycerylphosphorylcholine_lex	Chemical	0.0006666666666666666
lam_lex	Chemical	0.0006666666666666666
laminar		0.0006666666666666666
laminin		0.0006666666666666666
lamivudin_lex	Chemical	0.0006666666666666666
lamivudine_lex	Chemical	0.005333333333333333
lamotrigine_lex	Chemical	0.0013333333333333333
language_delay_lex	Disease	0.0006666666666666666
lanthanum_nitrate_lex	Chemical	0.0006666666666666666
laotian		0.0006666666666666666
large		0.0013333333333333333
larger		0.0013333333333333333
larginine_lex	Chemical	0.002
laryngeal		0.0013333333333333333
laryngoscopy		0.0013333333333333333
larynx		0.0006666666666666666
laser		0.0013333333333333333
lasting		0.0006666666666666666
late		0.0006666666666666666
latencies		0.0013333333333333333
latency		0.002
latencytoonset		0.0006666666666666666
latent		0.0006666666666666666
lateonset		0.0013333333333333333
lateral		0.002
lateral_epicondylitis_lex	Disease	0.0006666666666666666
latissimus		0.0006666666666666666
latter		0.0006666666666666666
lcva		0.0006666666666666666
ld50		0.0006666666666666666
ldihydroxyphenylalanine_lex	Chemical	0.0006666666666666666
ldl		0.004
ldopa_lex	Chemical	0.005333333333333333
ldopabenserazide_lex	Chemical	0.0013333333333333333
lead_lex	Chemical	0.0026666666666666666
lead_acetate_lex	Chemical	0.0006666666666666666
leading		0.002
leads		0.0006666666666666666
learning		0.004
learning_and_posttraining_consolidation_deficits_lex	Disease	0.0006666666666666666
learning_impairment_lex	Disease	0.0006666666666666666
led		0.0026666666666666666
left		0.0026666666666666666
left_bundle_branch_block_lex	Disease	0.0013333333333333333
left_ventricular_apical_ballooning_syndrome_lex	Disease	0.0006666666666666666
left_ventricular_dysfunction_lex	Disease	0.004
left_ventricular_enddiastolic_volume_falls_lex	Disease	0.0006666666666666666
left_ventricular_systolic_and_diastolic_dysfunction_lex	Disease	0.0006666666666666666
leftpawed		0.0006666666666666666
leftsided		0.0006666666666666666
leftventricular		0.0006666666666666666
leftward		0.0006666666666666666
leg		0.0013333333333333333
leg_and_back_pain_lex	Disease	0.0006666666666666666
leg_andor_back_pain_lex	Disease	0.0006666666666666666
leg_cramps_lex	Disease	0.0006666666666666666
legs		0.0006666666666666666
legs_paralysis_lex	Disease	0.0006666666666666666
leiden		0.0006666666666666666
leiomyosarcoma_lex	Disease	0.0006666666666666666
lemon		0.0013333333333333333
lenalidomide_lex	Chemical	0.0013333333333333333
lens		0.0006666666666666666
leprosy_lex	Disease	0.0013333333333333333
les		0.0006666666666666666
lesion		0.004
lesioned_snr_lex	Disease	0.0006666666666666666
lesioninduced		0.0006666666666666666
lesioning		0.0013333333333333333
lesions		0.012666666666666666
lesions_of_the_urinary_bladder_lex	Disease	0.0006666666666666666
lesions_within_the_subcortical_white_matter_lex	Disease	0.0006666666666666666
less		0.0006666666666666666
lessened		0.0006666666666666666
lethal		0.005333333333333333
lethalities		0.0013333333333333333
lethality		0.0033333333333333335
lethargy_lex	Disease	0.0013333333333333333
letrozole_lex	Chemical	0.0006666666666666666
leucine_lex	Chemical	0.0006666666666666666
leucocytoclastic_vasculitis_lex	Disease	0.0006666666666666666
leucopenia_lex	Disease	0.0006666666666666666
leucovorin_lex	Chemical	0.002
leukaemia_lex	Disease	0.0026666666666666666
leukemia_lex	Disease	0.0033333333333333335
leukemic_lex	Disease	0.0006666666666666666
leukemic_infiltration_lex	Disease	0.0013333333333333333
leukemogenic		0.0006666666666666666
leukemoid_reaction_lex	Disease	0.0006666666666666666
leukocyte		0.0006666666666666666
leukocytes		0.0013333333333333333
leukocytoclastic_vasculitis_lex	Disease	0.0006666666666666666
leukocytosis_lex	Disease	0.002
leukocyturia_lex	Disease	0.0006666666666666666
leukoencephalopathy_lex	Disease	0.0033333333333333335
leukopenia_lex	Disease	0.0033333333333333335
leukopenic_lex	Disease	0.0006666666666666666
leuprolide_acetate_lex	Chemical	0.0006666666666666666
lev_lex	Chemical	0.0006666666666666666
level		0.0006666666666666666
levels		0.006
levetiracetam_lex	Chemical	0.0013333333333333333
levobupivacaine_lex	Chemical	0.002
levodopa_lex	Chemical	0.019333333333333334
levodopacarbidopa_lex	Chemical	0.0006666666666666666
levofloxacin_lex	Chemical	0.0026666666666666666
levomepromazine_lex	Chemical	0.0013333333333333333
levonorgestrel_lex	Chemical	0.0013333333333333333
levothyroxine_lex	Chemical	0.0013333333333333333
lexical		0.0006666666666666666
lglutamic_acid_lex	Chemical	0.0006666666666666666
lh		0.0006666666666666666
lhreleasing		0.0006666666666666666
lhrh		0.0006666666666666666
li_lex	Chemical	0.0013333333333333333
libido		0.0006666666666666666
libitum		0.0006666666666666666
lichenoid_dermatitis_lex	Disease	0.0006666666666666666
licking		0.0013333333333333333
licl_lex	Chemical	0.002
lidocaine_lex	Chemical	0.012666666666666666
lidocaine_hydrochloride_lex	Chemical	0.0006666666666666666
lids_lex	Disease	0.0006666666666666666
life		0.0006666666666666666
lifesaving		0.0006666666666666666
lifethreatening		0.0013333333333333333
lifetime		0.0013333333333333333
lifting		0.0006666666666666666
ligand		0.0026666666666666666
ligandactivated		0.0006666666666666666
ligands		0.004
light		0.0013333333333333333
lightenhanced		0.0006666666666666666
lignocaine_lex	Chemical	0.0026666666666666666
like		0.0006666666666666666
likelihood		0.0006666666666666666
likely		0.0026666666666666666
limb		0.0033333333333333335
limbs		0.004666666666666667
lindane_lex	Chemical	0.0033333333333333335
linezolid_lex	Chemical	0.0006666666666666666
lining		0.0006666666666666666
linkage		0.0006666666666666666
lipid		0.016
lipid_hydroperoxides_lex	Chemical	0.0006666666666666666
lipidemia_lex	Disease	0.0006666666666666666
lipids		0.002
lipophages		0.0006666666666666666
lipopolysaccharide_lex	Chemical	0.0006666666666666666
lipoprotein		0.0033333333333333335
lipoproteins		0.0013333333333333333
lipoproteinuria		0.0006666666666666666
liposomal		0.002
liposome		0.0006666666666666666
liposomeencapsulated		0.0006666666666666666
liquid		0.002
lisinopril_lex	Chemical	0.002
list		0.0013333333333333333
literature		0.004666666666666667
liters		0.0006666666666666666
lithium_lex	Chemical	0.018666666666666668
lithium_carbonate_lex	Chemical	0.0013333333333333333
lithotripsy		0.0006666666666666666
litres24		0.0006666666666666666
liver		0.054
liver_abscess_lex	Disease	0.0006666666666666666
liver_cancer_lex	Disease	0.0006666666666666666
liver_cirrhosis_lex	Disease	0.0013333333333333333
liver_damage_lex	Disease	0.004
liver_disease_lex	Disease	0.007333333333333333
liver_dysfunction_lex	Disease	0.0013333333333333333
liver_enlargement_lex	Disease	0.0006666666666666666
liver_failure_lex	Disease	0.0033333333333333335
liver_injuries_lex	Disease	0.0006666666666666666
liver_injury_lex	Disease	0.0033333333333333335
liver_lesions_lex	Disease	0.0006666666666666666
liver_mass_lex	Disease	0.0006666666666666666
liver_neoplasms_lex	Disease	0.0006666666666666666
liver_toxicity_lex	Disease	0.0013333333333333333
liver_tumors_lex	Disease	0.0006666666666666666
liverbody		0.0006666666666666666
liverfunction		0.0006666666666666666
livers		0.002
liverspecific		0.0006666666666666666
livertargeting		0.0006666666666666666
lizard		0.0006666666666666666
lmwh_lex	Chemical	0.0006666666666666666
lnaa		0.0006666666666666666
lnna_lex	Chemical	0.0006666666666666666
lnoarg_lex	Chemical	0.0006666666666666666
lnorepinephrine_lex	Chemical	0.0006666666666666666
loa		0.0006666666666666666
lobundwistar		0.0006666666666666666
localanestheticsinduced		0.0006666666666666666
localized_scleroderma_lex	Disease	0.0006666666666666666
located		0.0006666666666666666
location		0.0006666666666666666
loci		0.0006666666666666666
lockedin_syndrome_lex	Disease	0.0006666666666666666
locomotion		0.0026666666666666666
locomotor		0.011333333333333334
locomotor_hyperactivity_lex	Disease	0.002
locomotor_hypoactivity_lex	Disease	0.0006666666666666666
locus		0.0013333333333333333
logistic		0.0006666666666666666
loiasis_lex	Disease	0.0006666666666666666
lometrexol_lex	Chemical	0.0006666666666666666
lomustine_lex	Chemical	0.0013333333333333333
long		0.0006666666666666666
long_qt_syndrome_lex	Disease	0.002
longer		0.0013333333333333333
longitudinal		0.0006666666666666666
longqt_syndrome_lex	Disease	0.0006666666666666666
longterm		0.018666666666666668
loop_diuretic_lex	Chemical	0.0006666666666666666
lopinavirritonavir_lex	Chemical	0.0006666666666666666
lorazepam_lex	Chemical	0.002
loreclezole_lex	Chemical	0.0006666666666666666
losartan_lex	Chemical	0.002
loss_in_body_weight_lex	Disease	0.0006666666666666666
loss_of_appetite_lex	Disease	0.0006666666666666666
loss_of_central_visual_acuity_colour_vision_ishihara_and_visual_field_lex	Disease	0.0006666666666666666
loss_of_consciousness_lex	Disease	0.002
loss_of_creativity_lex	Disease	0.0006666666666666666
loss_of_kidney_function_lex	Disease	0.0006666666666666666
loss_of_myelination_lex	Disease	0.0006666666666666666
loss_of_pinprick_sensation_lex	Disease	0.0006666666666666666
loss_of_sensation_lex	Disease	0.0006666666666666666
loss_of_taste_sensation_lex	Disease	0.0006666666666666666
loss_of_thick_myosin_filaments_lex	Disease	0.0006666666666666666
loss_of_vision_lex	Disease	0.0013333333333333333
loss_of_visual_function_lex	Disease	0.0006666666666666666
lovastatin_lex	Chemical	0.004
low		0.004666666666666667
low_back_pain_lex	Disease	0.0006666666666666666
low_bone_turnover_lex	Disease	0.0006666666666666666
low_sexual_desire_lex	Disease	0.0006666666666666666
lowdensity		0.0013333333333333333
lowdose		0.005333333333333333
lower		0.0033333333333333335
lower_extremity_weakness_lex	Disease	0.0006666666666666666
lowmolecular_weight_heparin_lex	Chemical	0.0006666666666666666
lowmolecularweight_heparin_lex	Chemical	0.0006666666666666666
lowosmolality		0.0006666666666666666
lowosmolar		0.0006666666666666666
lozenge		0.0006666666666666666
lozenges		0.0006666666666666666
lpp		0.0006666666666666666
lr132_lex	Chemical	0.0006666666666666666
lsd_lex	Chemical	0.0006666666666666666
ltg_lex	Chemical	0.0006666666666666666
lumbar		0.0026666666666666666
luminal_lex	Chemical	0.0006666666666666666
lung		0.002
lung_cancer_lex	Disease	0.0026666666666666666
lung_mass_lex	Disease	0.0006666666666666666
lung_toxicity_lex	Disease	0.0006666666666666666
lungs		0.0013333333333333333
lupus_lex	Disease	0.0013333333333333333
lupus_erythematosus_lex	Disease	0.0006666666666666666
lupus_nephritis_lex	Disease	0.0006666666666666666
lupus_syndrome_lex	Disease	0.0006666666666666666
lupuslike_syndrome_lex	Disease	0.0006666666666666666
luteinizing		0.0006666666666666666
lutte		0.0006666666666666666
lv_lex	Disease	0.0033333333333333335
lv_cutaneous_lesions_lex	Disease	0.0006666666666666666
lv_dysfunction_lex	Disease	0.0006666666666666666
lv_hypertrophy_lex	Disease	0.0006666666666666666
lvdpdt		0.0006666666666666666
lvef		0.0006666666666666666
ly171555_lex	Chemical	0.0006666666666666666
lymph		0.002
lymphadenitis_lex	Disease	0.0006666666666666666
lymphadenopathy_lex	Disease	0.0013333333333333333
lymphoblastic		0.0006666666666666666
lymphoblastic_lymphoma_lex	Disease	0.0006666666666666666
lymphocyte		0.004
lymphocytes		0.004666666666666667
lymphocytic		0.0006666666666666666
lymphokine		0.0006666666666666666
lymphoma_lex	Disease	0.005333333333333333
lymphomas_lex	Disease	0.0013333333333333333
lymphopenia_lex	Disease	0.0006666666666666666
lymphoplasmacytic		0.0006666666666666666
lymphoplasmacytic_lymphoma_lex	Disease	0.0006666666666666666
lymphoproliferative_disorder_lex	Disease	0.0006666666666666666
lysosomal		0.0033333333333333335
lysosomes		0.0006666666666666666
lysozyme		0.0006666666666666666
lysozymuria		0.0006666666666666666
ma_lex	Chemical	0.0013333333333333333
macaque		0.0013333333333333333
macaques		0.0006666666666666666
macrocytic_anemia_lex	Disease	0.0006666666666666666
macrolide_lex	Chemical	0.002
macrolides_lex	Chemical	0.0013333333333333333
macromolecular		0.0006666666666666666
macropapular		0.0006666666666666666
macropapular_rash_lex	Disease	0.0006666666666666666
macrophagelike		0.0006666666666666666
macrophagemigration		0.0006666666666666666
macrophages		0.0033333333333333335
macroprolactinemia_lex	Disease	0.0006666666666666666
macroprolactinoma_lex	Disease	0.0006666666666666666
macula		0.0006666666666666666
macular		0.0006666666666666666
maculopapular_eruption_lex	Disease	0.0006666666666666666
made		0.0006666666666666666
magnesium_lex	Chemical	0.004
magnesium_sulfate_lex	Chemical	0.0006666666666666666
magnetic		0.005333333333333333
magnitudes		0.0006666666666666666
maha_lex	Disease	0.0006666666666666666
mainstay		0.0006666666666666666
maintaining		0.0006666666666666666
major		0.0006666666666666666
major_depression_lex	Disease	0.0026666666666666666
major_depression_disorder_lex	Disease	0.0006666666666666666
major_depressive_disorder_lex	Disease	0.0006666666666666666
majority		0.0006666666666666666
mal		0.0006666666666666666
maladaptive		0.0006666666666666666
malaise_lex	Disease	0.002
malaria_lex	Disease	0.002
malawian		0.0006666666666666666
malays		0.0006666666666666666
malaysia		0.0006666666666666666
malaysian		0.0006666666666666666
malaysians		0.0006666666666666666
male		0.014
male_impotence_lex	Disease	0.0006666666666666666
maleate_lex	Chemical	0.0006666666666666666
males		0.0013333333333333333
malformation		0.0013333333333333333
malformations_lex	Disease	0.0013333333333333333
malfunctioning		0.0006666666666666666
malignancies_lex	Disease	0.0033333333333333335
malignancy_lex	Disease	0.004
malignant		0.005333333333333333
malignant_glioma_lex	Disease	0.0013333333333333333
malignant_gliomas_lex	Disease	0.0006666666666666666
malignant_hyperthermia_lex	Disease	0.0013333333333333333
malignant_mesenchymal_tumor_lex	Disease	0.0006666666666666666
malignant_mesenchymal_tumors_lex	Disease	0.0006666666666666666
malignant_tumor_lex	Disease	0.0006666666666666666
malondialdehyde_lex	Chemical	0.004
maltol_lex	Chemical	0.0006666666666666666
maltolyl_pcoumarate_lex	Chemical	0.0006666666666666666
mammalian		0.0013333333333333333
mammals		0.0006666666666666666
mammary		0.0006666666666666666
mammographic		0.0006666666666666666
man		0.004666666666666667
manageable		0.0006666666666666666
mandatory		0.0006666666666666666
maneuver		0.0006666666666666666
mangifera		0.0006666666666666666
mangiferin_lex	Chemical	0.0006666666666666666
mania_lex	Disease	0.004666666666666667
manic_lex	Disease	0.004666666666666667
manic_depression_lex	Disease	0.0006666666666666666
manifest		0.0006666666666666666
manifestation		0.007333333333333333
manifestations		0.014
manifested		0.0013333333333333333
manifests		0.0006666666666666666
manner		0.0013333333333333333
mannitol_lex	Chemical	0.0013333333333333333
mantle_cell_lymphoma_lex	Disease	0.0013333333333333333
many		0.0013333333333333333
mao_lex	Chemical	0.0006666666666666666
maoi		0.0006666666666666666
mapd		0.0006666666666666666
marital		0.0006666666666666666
markedly		0.0013333333333333333
marker		0.0013333333333333333
marketed		0.002
marmoset		0.0006666666666666666
marrow		0.011333333333333334
marrow_suppression_lex	Disease	0.0006666666666666666
marrow_toxicity_lex	Disease	0.0006666666666666666
mask		0.0006666666666666666
masseter_muscle_rigidity_lex	Disease	0.0006666666666666666
masseter_spasm_lex	Disease	0.0006666666666666666
massive		0.0026666666666666666
massive_hepatic_necrosis_lex	Disease	0.0006666666666666666
massive_hepatocellular_necrosis_lex	Disease	0.0006666666666666666
mast_cell_tumour_lex	Disease	0.0006666666666666666
mastectomy		0.0006666666666666666
mastitis_lex	Disease	0.0006666666666666666
mastocytosis_lex	Disease	0.0006666666666666666
mastodynia_lex	Disease	0.0006666666666666666
maternal		0.009333333333333334
maternally		0.0006666666666666666
maturation		0.0013333333333333333
maximum		0.0013333333333333333
may		0.016
maze		0.008
mazindol_lex	Chemical	0.0006666666666666666
mb_lex	Disease	0.0006666666666666666
mbc_lex	Disease	0.0006666666666666666
mbp		0.0006666666666666666
mc_lex	Chemical	0.0006666666666666666
mca		0.0006666666666666666
mcao_lex	Disease	0.0006666666666666666
mcf7		0.0006666666666666666
mchlorophenylpiperazine_lex	Chemical	0.0006666666666666666
mcl_lex	Disease	0.0006666666666666666
md_lex	Disease	0.0006666666666666666
mdma_lex	Chemical	0.0026666666666666666
mdp_lex	Disease	0.0006666666666666666
measured		0.0013333333333333333
measurement		0.0013333333333333333
measuring		0.0006666666666666666
mecamylamine_lex	Chemical	0.0013333333333333333
mechanical_hyperalgesia_lex	Disease	0.0013333333333333333
mechanism		0.012666666666666666
mechanisms		0.021333333333333333
mechanoand		0.0006666666666666666
meclofenamic_acid_lex	Chemical	0.0006666666666666666
med		0.0006666666666666666
medetomidine_lex	Chemical	0.0006666666666666666
medial		0.0013333333333333333
medialipid		0.0006666666666666666
mediated		0.0006666666666666666
mediation		0.0006666666666666666
medical		0.018
medically		0.0013333333333333333
medicate		0.0006666666666666666
medicated		0.0006666666666666666
medication		0.027333333333333334
medicationassociated		0.0006666666666666666
medicationfree		0.0006666666666666666
medications		0.023333333333333334
medicine		0.005333333333333333
medicines		0.0013333333333333333
medium		0.0006666666666666666
mediumsized		0.0006666666666666666
medline		0.0026666666666666666
medroxyprogesterone_acetate_lex	Chemical	0.0006666666666666666
medulla		0.007333333333333333
medullary		0.002
medullas		0.0006666666666666666
meeting		0.0006666666666666666
mefenamic_acid_lex	Chemical	0.0026666666666666666
mefloquine_lex	Chemical	0.0006666666666666666
megakaryocytes		0.0006666666666666666
megaloblastosis_lex	Disease	0.0006666666666666666
mek1		0.0006666666666666666
mek7		0.0006666666666666666
melanoma_lex	Disease	0.0006666666666666666
melatonin_lex	Chemical	0.002
meloxicam_lex	Chemical	0.0006666666666666666
melphalan_lex	Chemical	0.0006666666666666666
membrane		0.005333333333333333
membranecytoskeleton		0.0006666666666666666
membranes		0.0026666666666666666
membranestabilizing		0.0006666666666666666
membranoproliferative_glomerulopathy_lex	Disease	0.0006666666666666666
membranous_glomerulonephritis_lex	Disease	0.0013333333333333333
memory		0.02
memory_deficiency_lex	Disease	0.0006666666666666666
memory_deficit_lex	Disease	0.0013333333333333333
memory_deficits_lex	Disease	0.002
memory_deterioration_lex	Disease	0.0006666666666666666
memory_dissociation_lex	Disease	0.0006666666666666666
memory_impaired_lex	Disease	0.0013333333333333333
memory_impairment_lex	Disease	0.004666666666666667
memory_impairments_lex	Disease	0.0013333333333333333
memory_loss_lex	Disease	0.0006666666666666666
memoryaltering		0.0006666666666666666
memoryenhancing		0.0006666666666666666
men		0.0033333333333333335
meningeal_disease_lex	Disease	0.0006666666666666666
meningeal_leukemia_lex	Disease	0.0006666666666666666
meningioma_lex	Disease	0.0006666666666666666
meningitis_lex	Disease	0.0013333333333333333
menopausal		0.0033333333333333335
menopausal_symptoms_lex	Disease	0.0006666666666666666
menopause		0.002
menorrhagia_lex	Disease	0.0013333333333333333
menses		0.0006666666666666666
menstrual		0.002
menstrual_abnormalities_lex	Disease	0.0006666666666666666
menstrual_disorders_lex	Disease	0.0006666666666666666
menstruation		0.0006666666666666666
mental		0.008666666666666666
mental_disorders_lex	Disease	0.002
mental_retardation_lex	Disease	0.0006666666666666666
mental_slowing_lex	Disease	0.0006666666666666666
mental_slowness_lex	Disease	0.0006666666666666666
meperidine_lex	Chemical	0.0013333333333333333
mepivacaine_lex	Chemical	0.0013333333333333333
mepivacaine_hydrochloride_lex	Chemical	0.0006666666666666666
meql		0.002
mesangial		0.0013333333333333333
mesangial_dysfunction_lex	Disease	0.0006666666666666666
mesangial_proliferation_lex	Disease	0.0006666666666666666
mesangiolysis		0.0006666666666666666
mesangium		0.0013333333333333333
mesencephalon		0.0006666666666666666
mesenchymal_tumors_lex	Disease	0.0006666666666666666
mesna_lex	Chemical	0.004
mesothelioma_lex	Disease	0.0006666666666666666
messenger		0.0006666666666666666
metaanalysis		0.0026666666666666666
metabolic		0.011333333333333334
metabolic_abnormalities_lex	Disease	0.0013333333333333333
metabolic_acidosis_lex	Disease	0.0026666666666666666
metabolic_alkalosis_lex	Disease	0.0006666666666666666
metabolic_disturbances_lex	Disease	0.0006666666666666666
metabolicendocrine_failure_lex	Disease	0.0006666666666666666
metabolised		0.0006666666666666666
metabolism		0.017333333333333333
metabolite		0.01
metabolites		0.014
metabolized		0.0026666666666666666
metabolizer		0.0006666666666666666
metabolizers		0.0013333333333333333
metabotropic		0.0026666666666666666
metalloproteinase		0.0013333333333333333
metalloproteinases		0.0006666666666666666
metallothionein_lex	Chemical	0.0006666666666666666
metamizol_lex	Chemical	0.0006666666666666666
metamphetamine_lex	Chemical	0.0006666666666666666
metastases_lex	Disease	0.0026666666666666666
metastasis_lex	Disease	0.0013333333333333333
metastatic		0.01
metastic		0.0006666666666666666
metformin_lex	Chemical	0.0033333333333333335
metformin_hydrochloride_lex	Chemical	0.0006666666666666666
metfromin		0.0006666666666666666
meth_lex	Chemical	0.0033333333333333335
meth_mouth_lex	Disease	0.0006666666666666666
methadone_lex	Chemical	0.0033333333333333335
methamphetamine_lex	Chemical	0.009333333333333334
methamphetamines_lex	Chemical	0.0006666666666666666
methanolic		0.0013333333333333333
methemoglobin		0.0006666666666666666
methemoglobinemia_lex	Disease	0.0006666666666666666
methicillin_lex	Chemical	0.0006666666666666666
methimazole_lex	Chemical	0.002
methionine_lex	Chemical	0.0006666666666666666
method		0.0026666666666666666
methods		0.0013333333333333333
methothexate_lex	Chemical	0.0006666666666666666
methotrexate_lex	Chemical	0.009333333333333334
methoxamine_lex	Chemical	0.0013333333333333333
methoxyflurane_lex	Chemical	0.0006666666666666666
methscopolamine_lex	Chemical	0.0006666666666666666
methyl_67dimethoxy4ethylbcarboline3carboxylate_lex	Chemical	0.0006666666666666666
methyl_betacarboline3carboxylate_lex	Chemical	0.0006666666666666666
methyl_dopa_lex	Chemical	0.0006666666666666666
methyl_scopolamine_lex	Chemical	0.0006666666666666666
methylation		0.0013333333333333333
methylatropine_lex	Chemical	0.0006666666666666666
methyldopa_lex	Chemical	0.002
methylergonovine_lex	Chemical	0.0006666666666666666
methylglutaril		0.0006666666666666666
methylphenidate_lex	Chemical	0.0033333333333333335
methylprednisolone_lex	Chemical	0.008
methylprednisolone_acetate_lex	Chemical	0.0006666666666666666
methyltransferase		0.0006666666666666666
methylxanthine_lex	Chemical	0.0006666666666666666
methylxanthines_lex	Chemical	0.0006666666666666666
methysergide_lex	Chemical	0.0013333333333333333
metoclopramide_lex	Chemical	0.0026666666666666666
metocurine_lex	Chemical	0.0006666666666666666
metolachlor_lex	Chemical	0.0006666666666666666
metolachor_lex	Chemical	0.0006666666666666666
metoprolol_lex	Chemical	0.006
metrazol_lex	Chemical	0.0006666666666666666
metrifonate_lex	Chemical	0.0006666666666666666
metrizoate_lex	Chemical	0.0006666666666666666
metronidazole_lex	Chemical	0.0026666666666666666
mexiletine_lex	Chemical	0.0013333333333333333
mexitilperlongets_lex	Chemical	0.0006666666666666666
mfl_regimen_lex	Chemical	0.0006666666666666666
mg_lex	Chemical	0.04666666666666667
mg05		0.0006666666666666666
mg24		0.0006666666666666666
mgd		0.0013333333333333333
mgday		0.0013333333333333333
mgdl		0.0006666666666666666
mgg		0.0006666666666666666
mgkg		0.025333333333333333
mgkg1		0.0006666666666666666
mgkg1d1		0.0006666666666666666
mgkgday		0.004666666666666667
mgkginduced		0.0006666666666666666
mgkgmin		0.0006666666666666666
mglb		0.0006666666666666666
mglu		0.0006666666666666666
mglu7		0.0006666666666666666
mglur1		0.0006666666666666666
mglur5		0.0006666666666666666
mglurs		0.0006666666666666666
mgm2		0.008666666666666666
mgm2bsa		0.0006666666666666666
mgm2d		0.0006666666666666666
mgm2h		0.0006666666666666666
mgm2wk		0.0006666666666666666
mhb		0.0006666666666666666
mhccb7		0.0006666666666666666
mhci		0.0006666666666666666
mhra		0.0006666666666666666
mi_lex	Disease	0.0006666666666666666
mianserin_lex	Chemical	0.0006666666666666666
mice		0.051333333333333335
microalbuminuria		0.0006666666666666666
microangiopathic		0.0006666666666666666
microangiopathic_hemolytic_anemia_lex	Disease	0.002
microangiopathy_lex	Disease	0.0006666666666666666
microarrays		0.0006666666666666666
microbiologic		0.0006666666666666666
microbiologically		0.0006666666666666666
microcrystals		0.0006666666666666666
microdialysis		0.002
microelectrode		0.0006666666666666666
microfilaremia_lex	Disease	0.0006666666666666666
microfilarial		0.0006666666666666666
microg05		0.0006666666666666666
microgkg		0.0006666666666666666
microgkg1h1		0.0006666666666666666
microgkgmin		0.0033333333333333335
microglia		0.0013333333333333333
microglial		0.002
microglialspecific		0.0006666666666666666
microglobulinuria		0.0006666666666666666
microgml		0.002
microgramgml		0.0006666666666666666
microgramkgmin		0.002
micrograms		0.0006666666666666666
microgramskg		0.0006666666666666666
microgramskghr		0.0006666666666666666
microgramskgmin		0.0013333333333333333
microgramskgml		0.0006666666666666666
microgramsmin		0.0006666666666666666
microgside		0.0006666666666666666
microinjection		0.0033333333333333335
microinjections		0.0006666666666666666
microl		0.0006666666666666666
microlside		0.0006666666666666666
micromoll		0.0006666666666666666
micronodular		0.0013333333333333333
micronuclei		0.0006666666666666666
microphthalmos_lex	Disease	0.0006666666666666666
microprolactinoma_lex	Disease	0.0006666666666666666
microscope		0.0006666666666666666
microscopic		0.002
microscopical		0.0006666666666666666
microscopically		0.0006666666666666666
microscopy		0.004666666666666667
microsomal		0.0006666666666666666
microsomes		0.0006666666666666666
microspherocytes		0.0006666666666666666
microtubules		0.0006666666666666666
microvascular		0.0026666666666666666
micturition		0.0006666666666666666
midazolam_lex	Chemical	0.004
midazolam_hydrochloride_lex	Chemical	0.0006666666666666666
midazolan_lex	Chemical	0.0006666666666666666
midbrain		0.0006666666666666666
middle_cerebral_artery_occlusion_lex	Disease	0.0013333333333333333
middose		0.0006666666666666666
midline		0.0006666666666666666
midmyocardium		0.0006666666666666666
midpontine		0.0006666666666666666
midthoracic		0.0006666666666666666
midtrimesterinduced		0.0006666666666666666
midventricle		0.0006666666666666666
mif		0.0006666666666666666
might		0.0013333333333333333
migraine_lex	Disease	0.004666666666666667
migraine_headache_lex	Disease	0.0013333333333333333
migraine_with_aura_lex	Disease	0.0006666666666666666
migraine_without_aura_lex	Disease	0.0006666666666666666
migraines_lex	Disease	0.0006666666666666666
migraineurs_lex	Disease	0.0006666666666666666
migraineurs_without_aura_lex	Disease	0.0006666666666666666
mild		0.006
mildly		0.0006666666666666666
milk_fever_lex	Disease	0.0006666666666666666
milkalkali_syndrome_lex	Disease	0.0013333333333333333
milligram		0.0006666666666666666
milligrams		0.0006666666666666666
milliliters		0.0006666666666666666
millimetres		0.0006666666666666666
millimetric		0.0006666666666666666
millimolar		0.0006666666666666666
milrinone_lex	Chemical	0.0006666666666666666
min		0.0013333333333333333
min1		0.0006666666666666666
mineral		0.0013333333333333333
mineralization		0.0006666666666666666
mineralocorticoid		0.0006666666666666666
mineralocorticoidrelated		0.0006666666666666666
minocycline_lex	Chemical	0.0006666666666666666
minor		0.0026666666666666666
minorities		0.0006666666666666666
minoxidil_lex	Chemical	0.0006666666666666666
minute		0.0013333333333333333
minutes		0.0033333333333333335
mip_lex	Chemical	0.0006666666666666666
mipafox_lex	Chemical	0.0006666666666666666
mirtazapine_lex	Chemical	0.0013333333333333333
misjudgment		0.0006666666666666666
misoprostol_lex	Chemical	0.002
mistaken		0.0006666666666666666
mites		0.0006666666666666666
mitochondria		0.006
mitochondriadependent		0.0006666666666666666
mitochondrial		0.010666666666666666
mitochondrial_abnormalities_lex	Disease	0.0013333333333333333
mitochondrial_cytopathy_lex	Disease	0.0006666666666666666
mitochondrial_damage_lex	Disease	0.0006666666666666666
mitochondrial_defect_lex	Disease	0.0006666666666666666
mitochondrial_disorders_lex	Disease	0.0006666666666666666
mitochondrial_dysfunction_lex	Disease	0.0033333333333333335
mitochondrial_impairment_lex	Disease	0.0013333333333333333
mitochondrial_injury_lex	Disease	0.0013333333333333333
mitochondrial_oxidative_damage_lex	Disease	0.0006666666666666666
mitochondrial_structural_and_functional_impairment_lex	Disease	0.0006666666666666666
mitochondrial_toxicity_lex	Disease	0.0006666666666666666
mitochondrialtargeted		0.0006666666666666666
mitogen		0.0006666666666666666
mitogenactivated		0.0006666666666666666
mitomycin_c_lex	Chemical	0.002
mitoq_lex	Chemical	0.0006666666666666666
mitotic		0.0006666666666666666
mitoxantrone_lex	Chemical	0.0013333333333333333
mitral		0.0026666666666666666
mitral_regurgitation_lex	Disease	0.0033333333333333335
mitral_valve_prolapse_lex	Disease	0.0013333333333333333
mixed		0.0006666666666666666
mixtures		0.0006666666666666666
mj_lex	Disease	0.0006666666666666666
mk801_lex	Chemical	0.004
ml		0.0033333333333333335
ml100gmin		0.0006666666666666666
mm_lex	Disease	0.0013333333333333333
mmc_lex	Chemical	0.0013333333333333333
mmec		0.0006666666666666666
mmhg		0.0013333333333333333
mmp2		0.0006666666666666666
mmptimp		0.0006666666666666666
mnemonic		0.0006666666666666666
modafinil_lex	Chemical	0.0006666666666666666
model		0.0013333333333333333
moderate		0.0026666666666666666
moderately		0.0006666666666666666
moderatetosevere		0.0006666666666666666
modulate		0.0006666666666666666
modulates		0.0006666666666666666
modulation		0.0013333333333333333
modulators		0.0006666666666666666
molars		0.0006666666666666666
molecular		0.006
molecule		0.0013333333333333333
molecules		0.0006666666666666666
molesglomerulus		0.0006666666666666666
molindone_lex	Chemical	0.0006666666666666666
monitored		0.002
monitoring		0.0013333333333333333
monkey		0.002
monkeys		0.004666666666666667
monoamine		0.002
monoaminergic		0.0006666666666666666
monoamines_lex	Chemical	0.0006666666666666666
monoclonal		0.0013333333333333333
monocular		0.0006666666666666666
monocyte		0.002
monocytes		0.0006666666666666666
monoher_lex	Chemical	0.0006666666666666666
monohydrate		0.0006666666666666666
monohydroxyethylrutoside_lex	Chemical	0.0006666666666666666
monoinfected		0.0006666666666666666
mononucleate		0.0006666666666666666
monooxygenases		0.0006666666666666666
monosaccharides_lex	Chemical	0.0006666666666666666
monosodium_glutamate_lex	Chemical	0.0006666666666666666
monotherapy		0.006666666666666667
month		0.0013333333333333333
months		0.011333333333333334
mood		0.004
mood_disorder_lex	Disease	0.0006666666666666666
mood_disorders_lex	Disease	0.0006666666666666666
moral		0.0006666666666666666
moraxella		0.0006666666666666666
morbid		0.0006666666666666666
morbidity		0.004
morbilliform		0.0006666666666666666
more		0.014
morning		0.0013333333333333333
morning_stiffness_lex	Disease	0.0006666666666666666
morningdosed		0.0006666666666666666
morphiceptin_lex	Chemical	0.0006666666666666666
morphine_lex	Chemical	0.019333333333333334
morphine_sulfate_lex	Chemical	0.0006666666666666666
morphogenesis		0.0006666666666666666
morphological		0.0013333333333333333
morphologically		0.0006666666666666666
morphology		0.0006666666666666666
morphometric		0.002
mortality		0.016666666666666666
mortons_neuralgia_lex	Disease	0.0006666666666666666
most		0.0013333333333333333
mother		0.004
mothers		0.0033333333333333335
mothertoinfant		0.0006666666666666666
motif		0.0006666666666666666
motility		0.002
motionless		0.0006666666666666666
motivational		0.0006666666666666666
motoneurons		0.0006666666666666666
motor		0.006666666666666667
motor_and_sensory_impairment_lex	Disease	0.0006666666666666666
motor_disability_lex	Disease	0.002
motor_neuropathy_lex	Disease	0.0006666666666666666
mouse		0.012
mouse1		0.0006666666666666666
mouth		0.0006666666666666666
movement_abnormalities_lex	Disease	0.0006666666666666666
movement_disorder_lex	Disease	0.002
movement_disorders_lex	Disease	0.002
movements		0.004
mp_lex	Disease	0.0013333333333333333
mpges1		0.0006666666666666666
mpges1derived		0.0006666666666666666
mph		0.0006666666666666666
mpoanca		0.0006666666666666666
mpoancapositive		0.0006666666666666666
mptp_lex	Chemical	0.0006666666666666666
mr_lex	Disease	0.0013333333333333333
mrd		0.0006666666666666666
mrds		0.0006666666666666666
mri		0.006
mris		0.0006666666666666666
mrna		0.009333333333333334
mrnacontaining		0.0006666666666666666
mrnas		0.002
mrp2		0.0006666666666666666
mrp2deficient		0.0006666666666666666
ms		0.0006666666666666666
msg_lex	Chemical	0.0006666666666666666
mssa		0.0006666666666666666
mt_lex	Chemical	0.0006666666666666666
mtdna		0.002
mtdnaencoded		0.0013333333333333333
mtor		0.0013333333333333333
mtori		0.0006666666666666666
mtx_lex	Chemical	0.0026666666666666666
much		0.0006666666666666666
mucosa		0.002
mucosal		0.0033333333333333335
mucositis_lex	Disease	0.002
mucous		0.0006666666666666666
multicenter		0.0006666666666666666
multichannel		0.0006666666666666666
multicystic_encephalomalacia_lex	Disease	0.0006666666666666666
multidrug		0.0033333333333333335
multielectrode		0.0006666666666666666
multigravida		0.0006666666666666666
multikinase		0.0006666666666666666
multiple		0.0026666666666666666
multiple_cranialnerve_involvement_lex	Disease	0.0006666666666666666
multiple_myeloma_lex	Disease	0.004
multiple_sclerosis_lex	Disease	0.0006666666666666666
multiple_system_atrophy_lex	Disease	0.0006666666666666666
multitasking		0.0006666666666666666
multivariate		0.002
multivitamin		0.0006666666666666666
mulv		0.0006666666666666666
mumolkg		0.0006666666666666666
mumolliter		0.0006666666666666666
muopiate		0.0006666666666666666
muopioid		0.0013333333333333333
murine		0.0033333333333333335
muscarine_lex	Chemical	0.0006666666666666666
muscarinic		0.006
muscimol_lex	Chemical	0.0013333333333333333
muscle		0.018
muscle_atrophy_lex	Disease	0.0013333333333333333
muscle_contractions_lex	Disease	0.0006666666666666666
muscle_cramps_lex	Disease	0.0006666666666666666
muscle_damage_lex	Disease	0.0006666666666666666
muscle_degeneration_lex	Disease	0.0006666666666666666
muscle_dysfunction_lex	Disease	0.0006666666666666666
muscle_fasciculation_lex	Disease	0.0013333333333333333
muscle_fasciculations_lex	Disease	0.0006666666666666666
muscle_flaccidity_lex	Disease	0.0006666666666666666
muscle_pain_lex	Disease	0.0006666666666666666
muscle_rigidity_lex	Disease	0.0026666666666666666
muscle_spasm_lex	Disease	0.0006666666666666666
muscle_spasms_lex	Disease	0.0013333333333333333
muscle_tear_lex	Disease	0.0006666666666666666
muscle_toxicity_lex	Disease	0.0006666666666666666
muscle_tremors_lex	Disease	0.0006666666666666666
muscle_wastage_lex	Disease	0.0006666666666666666
muscle_weakness_lex	Disease	0.0026666666666666666
musclelengthss		0.0006666666666666666
muscles		0.005333333333333333
muscular		0.0013333333333333333
muscular_atrophy_lex	Disease	0.0006666666666666666
muscular_dystrophy_lex	Disease	0.0013333333333333333
muscular_rigidity_lex	Disease	0.0013333333333333333
muscular_weakness_lex	Disease	0.0006666666666666666
musculoskeletal_pain_lex	Disease	0.0013333333333333333
must		0.0013333333333333333
mustard		0.0006666666666666666
mutants		0.0013333333333333333
mutation		0.0033333333333333335
mutational		0.0006666666666666666
mutations		0.0033333333333333335
myalgia_lex	Disease	0.0033333333333333335
myalgias_lex	Disease	0.0013333333333333333
myasthenia_gravis_lex	Disease	0.0026666666666666666
mycophenolate_mofetil_lex	Chemical	0.0013333333333333333
mydriasis_lex	Disease	0.0006666666666666666
mydriatics		0.0006666666666666666
myelin		0.002
myelinoid		0.0006666666666666666
myelitis_lex	Disease	0.0006666666666666666
myelodysplasia_lex	Disease	0.0006666666666666666
myelodysplastic_lex	Disease	0.0006666666666666666
myelodysplastic_syndrome_lex	Disease	0.0013333333333333333
myeloencephalopathy_lex	Disease	0.0013333333333333333
myeloid		0.0013333333333333333
myeloma_lex	Disease	0.0013333333333333333
myelomeningocoele		0.0006666666666666666
myelooptic		0.0006666666666666666
myelopathy_lex	Disease	0.0006666666666666666
myeloperoxidase		0.002
myeloperoxidaseanca		0.0006666666666666666
myeloperoxidaseantineutrophil		0.0006666666666666666
myelosis		0.0006666666666666666
myelosuppression_lex	Disease	0.004666666666666667
myelotoxicity_lex	Disease	0.0006666666666666666
myocardial		0.021333333333333333
myocardial_cell_injury_lex	Disease	0.0006666666666666666
myocardial_damage_lex	Disease	0.004666666666666667
myocardial_degeneration_lex	Disease	0.0006666666666666666
myocardial_depression_lex	Disease	0.0006666666666666666
myocardial_disease_lex	Disease	0.0006666666666666666
myocardial_dysfunction_lex	Disease	0.0013333333333333333
myocardial_hyperactivity_lex	Disease	0.0006666666666666666
myocardial_hypertrophy_lex	Disease	0.0006666666666666666
myocardial_impairment_lex	Disease	0.0006666666666666666
myocardial_infarction_lex	Disease	0.026
myocardial_infarctions_lex	Disease	0.0026666666666666666
myocardial_injury_lex	Disease	0.005333333333333333
myocardial_ischaemia_lex	Disease	0.0013333333333333333
myocardial_ischemia_lex	Disease	0.008666666666666666
myocardial_ischemic_injury_lex	Disease	0.0006666666666666666
myocardial_lesions_lex	Disease	0.0006666666666666666
myocardial_necrosis_lex	Disease	0.0013333333333333333
myocardial_strain_lex	Disease	0.0006666666666666666
myocardial_stunning_lex	Disease	0.0013333333333333333
myocardiopathy_lex	Disease	0.0013333333333333333
myocarditis_lex	Disease	0.005333333333333333
myocardium		0.007333333333333333
myocet_lex	Chemical	0.0006666666666666666
myoclonia_lex	Disease	0.0006666666666666666
myoclonic		0.0006666666666666666
myoclonic_jerks_lex	Disease	0.002
myoclonic_movements_lex	Disease	0.0006666666666666666
myoclonic_status_lex	Disease	0.0006666666666666666
myoclonus_lex	Disease	0.004666666666666667
myocyte		0.002
myocytes		0.0013333333333333333
myocytolytic		0.0006666666666666666
myodystrophy_lex	Disease	0.0006666666666666666
myofibre		0.0006666666666666666
myoglobinuria_lex	Disease	0.002
myoinositol1phosphate_lex	Chemical	0.0006666666666666666
myometrial		0.0013333333333333333
myonecrosis_lex	Disease	0.0006666666666666666
myopathic_lex	Disease	0.0006666666666666666
myopathic_disease_lex	Disease	0.0006666666666666666
myopathy_lex	Disease	0.008
myopic		0.0006666666666666666
myosin		0.0006666666666666666
myositis_lex	Disease	0.002
myotonia_lex	Disease	0.0013333333333333333
myotonia_congenita_lex	Disease	0.0013333333333333333
myotonic_condition_lex	Disease	0.0006666666666666666
myotonic_disorders_lex	Disease	0.0006666666666666666
myotonic_dystrophy_lex	Disease	0.0006666666666666666
myxedema		0.0006666666666666666
myxedemic		0.0006666666666666666
myxoedema		0.0006666666666666666
mz_lex	Chemical	0.0006666666666666666
n_lex	Chemical	0.0006666666666666666
n10		0.0006666666666666666
n100		0.0006666666666666666
n101		0.0006666666666666666
n10propargyl58dideazafolic_acid_lex	Chemical	0.0006666666666666666
n2hydroxypropylmethacrylamide_lex	Chemical	0.0006666666666666666
n2propylpentanoylurea_lex	Chemical	0.0006666666666666666
n45nitro2furyl2thiazolylformamide_lex	Chemical	0.0006666666666666666
n6cyclopentyladenosine_lex	Chemical	0.0006666666666666666
n92		0.0006666666666666666
n94		0.0006666666666666666
n_ndiisopropylphosphorodiamidofluoridate_lex	Chemical	0.0006666666666666666
n_omercazole_lex	Chemical	0.0006666666666666666
na_lex	Chemical	0.004
nacetyl_serotonin_lex	Chemical	0.0006666666666666666
nacetylbetadglucosaminidase		0.002
nacetylbetadglucosaminidasea		0.0006666666666666666
nacetylglucosaminidase		0.0006666666666666666
nachrs		0.0006666666666666666
nacl_lex	Chemical	0.002
nacylimidazole_lex	Chemical	0.0006666666666666666
nad_lex	Chemical	0.0006666666666666666
nadolol_lex	Chemical	0.0006666666666666666
nadph_lex	Chemical	0.0006666666666666666
nafcillin_lex	Chemical	0.0006666666666666666
nafld_lex	Disease	0.0006666666666666666
nag		0.0006666666666666666
nahco3_lex	Chemical	0.0006666666666666666
naloxazone_lex	Chemical	0.0006666666666666666
naloxone_lex	Chemical	0.008666666666666666
nalozone_lex	Chemical	0.0006666666666666666
naming		0.0006666666666666666
nanoparticle		0.0013333333333333333
nanoparticles		0.0013333333333333333
nanosphere		0.0006666666666666666
naphazoline_lex	Chemical	0.0006666666666666666
naproxen_lex	Chemical	0.0026666666666666666
naranjo		0.0006666666666666666
naranjos		0.0006666666666666666
narcosis_lex	Disease	0.0006666666666666666
narcotic		0.002
nasal		0.0026666666666666666
nasal_hypoplasia_lex	Disease	0.0006666666666666666
nascis		0.0006666666666666666
nassa		0.0006666666666666666
natriuretic		0.004
natural		0.0006666666666666666
naturalistic		0.0006666666666666666
naturally		0.0006666666666666666
nausea_lex	Disease	0.018
nausea_vomiting_lex	Disease	0.0006666666666666666
nbutyldeoxynojirimycin_lex	Chemical	0.0006666666666666666
ncimin		0.0006666666666666666
ncse_lex	Disease	0.0006666666666666666
ndnmba_lex	Chemical	0.0006666666666666666
ndnmbas_lex	Chemical	0.0006666666666666666
nebulized		0.0006666666666666666
necessarily		0.0006666666666666666
necessary		0.0013333333333333333
necessitated		0.0006666666666666666
neck		0.0013333333333333333
necrogenic		0.0006666666666666666
necropsy		0.0013333333333333333
necrosis_lex	Disease	0.011333333333333334
necrotic_lex	Disease	0.002
necrotising		0.0006666666666666666
necrotising_fasciitis_lex	Disease	0.0006666666666666666
necrotizing		0.0026666666666666666
necrotizing_enterocolitis_lex	Disease	0.0006666666666666666
need		0.0013333333333333333
needed		0.0033333333333333335
needle		0.0026666666666666666
needlestick		0.0006666666666666666
needs		0.0006666666666666666
nefiracetam_lex	Chemical	0.0006666666666666666
negative		0.0026666666666666666
negligible		0.0006666666666666666
negroes		0.0006666666666666666
neither		0.0026666666666666666
nelarabine_lex	Chemical	0.0013333333333333333
neoadjuvant		0.0006666666666666666
neoantigens		0.0006666666666666666
neonatal		0.007333333333333333
neonatal_apnea_lex	Disease	0.0006666666666666666
neonatally		0.0006666666666666666
neonate		0.0026666666666666666
neonates		0.004666666666666667
neoplasia_lex	Disease	0.0013333333333333333
neoplasms_lex	Disease	0.0006666666666666666
neoplastic		0.002
neostigmine_lex	Chemical	0.002
neovascularization		0.0006666666666666666
nephrectomized		0.0006666666666666666
nephrectomy		0.002
nephrin		0.0013333333333333333
nephritis_lex	Disease	0.0013333333333333333
nephrogenic		0.0013333333333333333
nephrogenic_di_lex	Disease	0.0006666666666666666
nephrogenic_diabetes_insipidus_lex	Disease	0.0026666666666666666
nephrolithiasis_lex	Disease	0.0033333333333333335
nephron		0.0006666666666666666
nephropathy_lex	Disease	0.02
nephroprotectant		0.0006666666666666666
nephroprotective		0.0006666666666666666
nephrosclerosis_lex	Disease	0.0006666666666666666
nephrosis_lex	Disease	0.007333333333333333
nephrostomy		0.0006666666666666666
nephrotic_lex	Disease	0.004666666666666667
nephrotic_syndrome_lex	Disease	0.007333333333333333
nephrotic_syndromes_lex	Disease	0.0006666666666666666
nephrotoxic_lex	Disease	0.012666666666666666
nephrotoxicant		0.0006666666666666666
nephrotoxicants		0.0006666666666666666
nephrotoxicity_lex	Disease	0.028666666666666667
nephroureterectomy		0.0006666666666666666
neprotic_lex	Disease	0.0006666666666666666
nerve		0.016
nerve_entrapment_lex	Disease	0.0006666666666666666
nerveconduction		0.0006666666666666666
nerveevoked		0.0006666666666666666
nerves		0.006
nervous		0.017333333333333333
nervous_system_abnormalities_lex	Disease	0.0006666666666666666
nervousness		0.0006666666666666666
netilmicin_lex	Chemical	0.0013333333333333333
netilmicin_sulfate_lex	Chemical	0.0006666666666666666
neural		0.005333333333333333
neuralgia_lex	Disease	0.0006666666666666666
neuraxial		0.0013333333333333333
neuroactive		0.002
neuroadaptation		0.0006666666666666666
neurobehavioral		0.0006666666666666666
neurobiol		0.0006666666666666666
neurobiological		0.0013333333333333333
neurobiology		0.0006666666666666666
neuroblastoma_lex	Disease	0.0013333333333333333
neurochemical		0.004
neurochemistry		0.0006666666666666666
neurocognitive		0.002
neurocognitive_defects_lex	Disease	0.0006666666666666666
neurocritical		0.0006666666666666666
neurodegeneration_lex	Disease	0.0013333333333333333
neurodegenerative		0.0006666666666666666
neurodegenerative_diseases_lex	Disease	0.0006666666666666666
neurodevelopment		0.0006666666666666666
neurodevelopmental		0.0006666666666666666
neurodevelopmental_disorder_lex	Disease	0.0006666666666666666
neuroendocrine		0.0013333333333333333
neurofilament		0.0013333333333333333
neurogenesis		0.0013333333333333333
neurogenic		0.0013333333333333333
neurogenic_di_lex	Disease	0.0006666666666666666
neurogenic_diabetes_insipidus_lex	Disease	0.0006666666666666666
neurogenic_hyperalgesia_lex	Disease	0.0006666666666666666
neuroglial		0.0006666666666666666
neurohypophysis		0.0006666666666666666
neuroimage		0.0006666666666666666
neuroimaging		0.0013333333333333333
neuroinflammation_lex	Disease	0.002
neuroinflammatory_lex	Disease	0.0026666666666666666
neurointensivists		0.0006666666666666666
neuroleptic_lex	Chemical	0.004
neuroleptic_drugs_lex	Chemical	0.0006666666666666666
neuroleptic_malignant_syndrome_lex	Disease	0.004666666666666667
neuroleptic_medications_lex	Chemical	0.0006666666666666666
neurolepticinduced		0.004
neurolepticlike		0.0006666666666666666
neuroleptics_lex	Chemical	0.004666666666666667
neurologic		0.007333333333333333
neurologic_complications_lex	Disease	0.0006666666666666666
neurologic_depression_lex	Disease	0.0006666666666666666
neurologic_deterioration_lex	Disease	0.0013333333333333333
neurologic_impairment_lex	Disease	0.0006666666666666666
neurologic_sequelae_lex	Disease	0.0006666666666666666
neurologic_toxicities_lex	Disease	0.0006666666666666666
neurologic_toxicity_lex	Disease	0.0013333333333333333
neurological		0.012
neurological_abnormalities_lex	Disease	0.0006666666666666666
neurological_complications_lex	Disease	0.002
neurological_deficit_lex	Disease	0.0006666666666666666
neurological_deficits_lex	Disease	0.0013333333333333333
neurological_disorders_lex	Disease	0.0006666666666666666
neurological_disturbance_lex	Disease	0.0006666666666666666
neurological_dysfunction_lex	Disease	0.0006666666666666666
neurological_dysfunctions_lex	Disease	0.0013333333333333333
neurological_sequelae_lex	Disease	0.0006666666666666666
neurological_symptoms_lex	Disease	0.0006666666666666666
neurological_toxicity_lex	Disease	0.0006666666666666666
neurologicallyimpaired_lex	Disease	0.0006666666666666666
neurolysis		0.0006666666666666666
neuromuscular		0.006
neuromuscular_blockade_lex	Disease	0.002
neuromuscular_disease_lex	Disease	0.0006666666666666666
neuromuscular_disorders_lex	Disease	0.0006666666666666666
neuromuscular_dysfunction_lex	Disease	0.0006666666666666666
neuron		0.002
neuronal		0.008666666666666666
neuronal_damage_lex	Disease	0.0026666666666666666
neuronal_death_lex	Disease	0.0013333333333333333
neuronal_degeneration_lex	Disease	0.0006666666666666666
neuronal_dysfunction_lex	Disease	0.0006666666666666666
neuronal_injury_lex	Disease	0.0006666666666666666
neuronal_loss_lex	Disease	0.0026666666666666666
neuronanatomical		0.0006666666666666666
neurone		0.0006666666666666666
neurones		0.0013333333333333333
neurons		0.022
neuronspecific		0.0006666666666666666
neuroophthalmologic		0.0013333333333333333
neuropathic_lex	Disease	0.0013333333333333333
neuropathic_damage_lex	Disease	0.0006666666666666666
neuropathic_pain_lex	Disease	0.0033333333333333335
neuropathic_symptoms_lex	Disease	0.0006666666666666666
neuropathies_lex	Disease	0.0006666666666666666
neuropathological		0.0013333333333333333
neuropathological_damages_lex	Disease	0.0006666666666666666
neuropathology		0.0006666666666666666
neuropathy_lex	Disease	0.014
neuropediatrician		0.0006666666666666666
neuropeptide		0.002
neuropeptidey		0.0006666666666666666
neuropharmacological		0.0013333333333333333
neurophysiological		0.0033333333333333335
neurophysiology		0.0006666666666666666
neuropil		0.0006666666666666666
neuroplasticity		0.0013333333333333333
neuroprotection		0.0026666666666666666
neuroprotective		0.004666666666666667
neuropsychiatric		0.002
neuropsychiatric_disorders_lex	Disease	0.0006666666666666666
neuropsychiatric_symptoms_lex	Disease	0.0013333333333333333
neuropsychiatriclike_behavior_lex	Disease	0.0006666666666666666
neuropsychiatriclike_behaviors_lex	Disease	0.0006666666666666666
neuropsychological		0.004
neuroradiologic		0.0013333333333333333
neuroradiologists		0.0006666666666666666
neurosci		0.0006666666666666666
neurosensorial_hearing_loss_lex	Disease	0.0006666666666666666
neurosteroids		0.0006666666666666666
neurosurgery		0.0006666666666666666
neurosurgical		0.0013333333333333333
neurotensin_lex	Chemical	0.0006666666666666666
neurotensin_type1_receptor_antagonist_lex	Chemical	0.0006666666666666666
neurotensinergic		0.0006666666666666666
neurotoxic_lex	Disease	0.012
neurotoxic_lesions_lex	Disease	0.0006666666666666666
neurotoxicity_lex	Disease	0.02266666666666667
neurotoxin		0.0013333333333333333
neurotransmission		0.007333333333333333
neurotransmitter		0.004666666666666667
neurotransmitter_dysfunction_lex	Disease	0.0006666666666666666
neurotransmitters		0.0026666666666666666
neurovascular_complications_lex	Disease	0.0006666666666666666
neutral		0.0013333333333333333
neutralization		0.0006666666666666666
neutropenia_lex	Disease	0.012666666666666666
neutropenic_lex	Disease	0.0013333333333333333
neutrophil		0.004666666666666667
neutrophils		0.0006666666666666666
nevirapine_lex	Chemical	0.0006666666666666666
newborn		0.005333333333333333
newborns		0.0013333333333333333
nf		0.0006666666666666666
nfkappab		0.002
nfm		0.0006666666666666666
nfs		0.0006666666666666666
ngf		0.0006666666666666666
ngnitrolarginine_lex	Chemical	0.0006666666666666666
ngnitrolarginine_methyl_ester_lex	Chemical	0.0006666666666666666
nh3_lex	Chemical	0.0006666666666666666
nh4ac_lex	Chemical	0.0006666666666666666
nh4cl_lex	Chemical	0.0006666666666666666
nhe3		0.0006666666666666666
niacin_lex	Chemical	0.0006666666666666666
niacin_extendedreleaselovastatin_lex	Chemical	0.0006666666666666666
niacinamide_lex	Chemical	0.0006666666666666666
nicardipine_lex	Chemical	0.0006666666666666666
nicergoline_lex	Chemical	0.0006666666666666666
nicotinamide_adenine_dinucleotide_phosphate_lex	Chemical	0.0006666666666666666
nicotine_lex	Chemical	0.008666666666666666
nicotinic		0.004666666666666667
nicotinic_acid_amide_lex	Chemical	0.0006666666666666666
nifedipine_lex	Chemical	0.006
nifekalant_lex	Chemical	0.0006666666666666666
nifekalant_hydrochloride_lex	Chemical	0.0006666666666666666
nigerian		0.0013333333333333333
nigerians		0.0006666666666666666
night		0.0026666666666666666
nightmare		0.0006666666666666666
nightmares		0.0006666666666666666
nighttime		0.0006666666666666666
nigra		0.0033333333333333335
nigral		0.0006666666666666666
nigrostriatal		0.0013333333333333333
nik247_lex	Chemical	0.0006666666666666666
nimesulide_lex	Chemical	0.0013333333333333333
nimo_lex	Chemical	0.0006666666666666666
nimodipine_lex	Chemical	0.002
nin_lex	Disease	0.0006666666666666666
nineteen		0.0026666666666666666
ninety-five		0.0006666666666666666
nisoldipine_lex	Chemical	0.0006666666666666666
nitrate_lex	Chemical	0.0013333333333333333
nitrazepam_lex	Chemical	0.0013333333333333333
nitrendipine_lex	Chemical	0.0013333333333333333
nitrergic		0.0006666666666666666
nitric_oxide_lex	Chemical	0.015333333333333332
nitricoxide_lex	Chemical	0.0006666666666666666
nitrite_lex	Chemical	0.0006666666666666666
nitrofurantoins_lex	Chemical	0.0006666666666666666
nitrogen_lex	Chemical	0.0006666666666666666
nitroglycerin_lex	Chemical	0.005333333333333333
nitrogranulogen_lex	Chemical	0.0006666666666666666
nitrolarginine_methyl_ester_lex	Chemical	0.0006666666666666666
nitrolingual_lex	Chemical	0.0006666666666666666
nitroprusside_lex	Chemical	0.004
nitrotyrosine_lex	Chemical	0.0006666666666666666
nitrous_oxide_lex	Chemical	0.002
nk1		0.0013333333333333333
nk2		0.0006666666666666666
nm		0.002
nmba		0.0006666666666666666
nmbas		0.0006666666666666666
nmda_lex	Chemical	0.006666666666666667
nmethyldaspartate_lex	Chemical	0.006666666666666667
nmethyldaspartic_acid_lex	Chemical	0.0013333333333333333
nmethylnnitrosourea_lex	Chemical	0.0006666666666666666
nmol		0.0013333333333333333
nmol05		0.0006666666666666666
nmp		0.0006666666666666666
nmps		0.0006666666666666666
nms_lex	Disease	0.002
nn926		0.0006666666666666666
nndibenzhydrylethane12diamine_dihydrochloride_lex	Chemical	0.0006666666666666666
nndimethylpropranolol_lex	Chemical	0.0006666666666666666
nnitrolargininemethyl_ester_lex	Chemical	0.0006666666666666666
nnitrosodimethylamine_lex	Chemical	0.0006666666666666666
nnitrosonmethylurea_lex	Chemical	0.0006666666666666666
no_lex	Chemical	0.0026666666666666666
nociceptin_lex	Chemical	0.0006666666666666666
nociception		0.0026666666666666666
nociceptive		0.005333333333333333
nociceptive_muscle_lex	Disease	0.0006666666666666666
nocistatin_lex	Chemical	0.0006666666666666666
nocturia_lex	Disease	0.0006666666666666666
nocturnal		0.0026666666666666666
nocturnal_leg_cramps_lex	Disease	0.0006666666666666666
nodal		0.0013333333333333333
nodule		0.0013333333333333333
nodules		0.002
nomeganitrolarginine_lex	Chemical	0.0006666666666666666
nomifensine_lex	Chemical	0.0006666666666666666
non		0.0013333333333333333
nonalcoholic		0.0006666666666666666
nonalcoholic_fatty_liver_disease_lex	Disease	0.0006666666666666666
nonanaesthesized		0.0006666666666666666
nonantithrombotic		0.0006666666666666666
nonaspirin		0.0006666666666666666
nonassociative		0.0006666666666666666
nonbiodegradable		0.0006666666666666666
noncardiac		0.0013333333333333333
noncardiacperiprocedural		0.0006666666666666666
noncaseating		0.0006666666666666666
nonclipped		0.0006666666666666666
noncomparative		0.0006666666666666666
noncompetitive		0.0006666666666666666
nonconvulsant		0.0013333333333333333
nonconvulsive		0.0006666666666666666
nonconvulsive_status_epilepticus_lex	Disease	0.0006666666666666666
noncyanotic		0.0006666666666666666
nondependent		0.0006666666666666666
nondepolarizing		0.0006666666666666666
nondepolarizing_neuromuscular_blocking_agents_lex	Chemical	0.0006666666666666666
nondiabetic		0.0013333333333333333
nondopaminergic		0.0013333333333333333
nondrug		0.0006666666666666666
nondyskinetic		0.0006666666666666666
none		0.0006666666666666666
nonepileptic		0.0006666666666666666
nonfatal		0.0013333333333333333
nonfiltrating		0.0006666666666666666
nonhematologic		0.0006666666666666666
nonhemorrhagic		0.0006666666666666666
nonhodgkin_lymphoma_lex	Disease	0.0006666666666666666
nonhodgkin_lymphomas_lex	Disease	0.0006666666666666666
nonhodgkins_lymphoma_lex	Disease	0.0013333333333333333
nonhypertensive		0.0006666666666666666
nonimmune		0.0006666666666666666
nonimmunity		0.0006666666666666666
nonimmunologic		0.0006666666666666666
noninnervated		0.0006666666666666666
noninsulindependent_diabetes_mellitus_lex	Disease	0.0006666666666666666
noninvasive		0.0033333333333333335
nonionic		0.0006666666666666666
nonischemic		0.0013333333333333333
nonjaundiced		0.0006666666666666666
nonketotic_hyperglycinemia_lex	Disease	0.0006666666666666666
nonmetastasizing		0.0006666666666666666
nonoliguric		0.0006666666666666666
nonopaque		0.0006666666666666666
nonoverdose		0.0006666666666666666
nonpharmacologic		0.0006666666666666666
nonpregnant		0.0013333333333333333
nonpretreatment		0.0006666666666666666
nonprogesteronetreated		0.0006666666666666666
nonprotein		0.0006666666666666666
nonrandomized		0.0006666666666666666
nonsclerotic		0.0006666666666666666
nonsignificantly		0.0006666666666666666
nonsmall_cell_lung_cancer_lex	Disease	0.002
nonsmall_cell_lung_carcinoma_lex	Disease	0.0013333333333333333
nonsmallcell_lung_cancer_lex	Disease	0.0006666666666666666
nonspecific		0.002
nonstelevation		0.0006666666666666666
nonsteroidal		0.01
nonsteroidal_antiinflammatory_drugs_lex	Chemical	0.0013333333333333333
nonsurgical		0.0006666666666666666
nonsustained		0.0006666666666666666
nontoxic		0.0006666666666666666
nontrained		0.0006666666666666666
nontransgenic		0.0013333333333333333
nontraumatic		0.0006666666666666666
nontxg		0.0006666666666666666
nonurologic		0.0006666666666666666
nor		0.002
noradrenaline_lex	Chemical	0.005333333333333333
noradrenergic		0.004
norepinephrine_lex	Chemical	0.011333333333333334
norethisterone_lex	Chemical	0.0006666666666666666
norfloxacin_lex	Chemical	0.0006666666666666666
norleucine_lex	Chemical	0.0006666666666666666
normal		0.014666666666666666
normalsalt		0.0006666666666666666
normetanephrine_lex	Chemical	0.0006666666666666666
normoammonemic		0.0006666666666666666
normocalcemic		0.0006666666666666666
normocarbia		0.0006666666666666666
normokalemic		0.0006666666666666666
normotension		0.002
normotensive		0.004
norpethidine_lex	Chemical	0.0013333333333333333
nortriptyline_lex	Chemical	0.0006666666666666666
norvaline_lex	Chemical	0.0006666666666666666
nos		0.0006666666666666666
nosimmunoreactive		0.0006666666666666666
not		0.012666666666666666
noted		0.0013333333333333333
noticeable		0.0006666666666666666
noticed		0.0006666666666666666
novel		0.0013333333333333333
noveltysuppressed		0.0006666666666666666
november		0.0006666666666666666
novo		0.0006666666666666666
now		0.0006666666666666666
nox		0.0006666666666666666
noxious		0.0013333333333333333
nphenylimide		0.0006666666666666666
npy		0.0006666666666666666
npyrimidinyl2phenoxyacetamide_lex	Chemical	0.0006666666666666666
npyrimidinyl2phenoxyacetamides_lex	Chemical	0.0006666666666666666
nrf2		0.0006666666666666666
nrf2mediated		0.0006666666666666666
ns718		0.0006666666666666666
ns718treated		0.0006666666666666666
nsaid_lex	Chemical	0.004666666666666667
nsaids_lex	Chemical	0.006
nsaidsassociated		0.0006666666666666666
nsc_three		0.0006666666666666666
nsclc_lex	Disease	0.0026666666666666666
nsubstituted		0.0006666666666666666
nte		0.0006666666666666666
nterminal		0.0006666666666666666
nterminal_pro_brain_natriuretic_peptide_lex	Chemical	0.0006666666666666666
ntg_lex	Chemical	0.0006666666666666666
ntprobnp_lex	Chemical	0.0006666666666666666
ntrans3hydroxy1234tetrahydro2naphthyln3oxo3phenyl2methylpropylpiperazine_hydrochloride_lex	Chemical	0.0006666666666666666
nuclear		0.002
nuclearencoded		0.0006666666666666666
nucleation		0.0006666666666666666
nuclei		0.0026666666666666666
nucleosides_lex	Chemical	0.0006666666666666666
nucleotide_lex	Chemical	0.0006666666666666666
nucleus		0.006
nulliparous		0.0006666666666666666
number		0.0006666666666666666
numbness_lex	Disease	0.0026666666666666666
nurse		0.0006666666666666666
nursing		0.0013333333333333333
nutritional		0.0013333333333333333
nutritional_deficiency_lex	Disease	0.0013333333333333333
nystagmus_lex	Disease	0.002
o2_lex	Chemical	0.0013333333333333333
oab_lex	Disease	0.0013333333333333333
oat		0.0006666666666666666
oat1		0.0006666666666666666
oat3		0.0006666666666666666
obese_lex	Disease	0.0013333333333333333
obesity_lex	Disease	0.0013333333333333333
objective		0.0013333333333333333
observation		0.0006666666666666666
observations		0.0006666666666666666
observed		0.006666666666666667
obsessive_compulsive_disorder_lex	Disease	0.0013333333333333333
obsessivecompulsive_behavior_lex	Disease	0.0006666666666666666
obsessivecompulsive_disorder_lex	Disease	0.0013333333333333333
obsessivecompulsive_symptoms_lex	Disease	0.0006666666666666666
obsessivecompulsivelike_behaviors_lex	Disease	0.0006666666666666666
obsolete		0.0006666666666666666
obstetric		0.0006666666666666666
obstruction		0.002
obstructive		0.0006666666666666666
obstructive_lung_disease_lex	Disease	0.0006666666666666666
obstructive_sleep_apnea_lex	Disease	0.0006666666666666666
obstructive_sleep_apnea_syndrome_lex	Disease	0.0006666666666666666
obstructive_uropathy_lex	Disease	0.0006666666666666666
obtainable		0.0006666666666666666
obtained		0.0006666666666666666
occasion		0.0006666666666666666
occasional		0.002
occasionally		0.0006666666666666666
occlusion		0.0026666666666666666
occlusion_of_renal_vessels_lex	Disease	0.0006666666666666666
occlusion_of_the_left_internal_carotid_artery_lex	Disease	0.0006666666666666666
occupancy		0.0006666666666666666
occur		0.0026666666666666666
occurred		0.022
occurrence		0.006
occurring		0.008
occurs		0.004
ocd_lex	Disease	0.0006666666666666666
octapeptide		0.0006666666666666666
octapeptides		0.0006666666666666666
october		0.0006666666666666666
octogenarian		0.0006666666666666666
octreotide_lex	Chemical	0.002
ocular		0.008
ocular_dyskinesias_lex	Disease	0.0006666666666666666
ocular_hypertension_lex	Disease	0.0026666666666666666
ocular_hypotensive_lex	Disease	0.0006666666666666666
ocular_myasthenia_lex	Disease	0.0006666666666666666
ocular_pain_lex	Disease	0.0013333333333333333
ocular_toxicity_lex	Disease	0.0013333333333333333
ocularspecific		0.0006666666666666666
oculomotor		0.0006666666666666666
od		0.0006666666666666666
oddi		0.0006666666666666666
odds		0.0013333333333333333
oedema_lex	Disease	0.0006666666666666666
oestrogen_lex	Chemical	0.0026666666666666666
oestrogens_lex	Chemical	0.0013333333333333333
of		0.017333333333333333
offdrug		0.0013333333333333333
offending		0.0006666666666666666
offperiod		0.0006666666666666666
offspring		0.0026666666666666666
ofloxacin_lex	Chemical	0.0006666666666666666
often		0.0013333333333333333
oih_lex	Disease	0.0006666666666666666
oil		0.0026666666666666666
oils		0.0006666666666666666
ointment		0.002
olanzapine_lex	Chemical	0.004666666666666667
olanzipine_lex	Chemical	0.0006666666666666666
old		0.0033333333333333335
older		0.004666666666666667
oleic_acid_lex	Chemical	0.0006666666666666666
olfactory		0.0006666666666666666
olfactory_disorder_lex	Disease	0.0006666666666666666
olig		0.0006666666666666666
oligodendrocytes		0.0006666666666666666
oligodeoxynucleotide_lex	Chemical	0.0006666666666666666
oligomenorrhea_lex	Disease	0.0006666666666666666
oliguria_lex	Disease	0.002
oliguric		0.0013333333333333333
oltx		0.0006666666666666666
omd_lex	Disease	0.0006666666666666666
omegai131heptadecanoic_acid_lex	Chemical	0.0006666666666666666
omeprazole_lex	Chemical	0.0013333333333333333
omission		0.0006666666666666666
omitting		0.0006666666666666666
on		0.014666666666666666
once		0.002
oncedaily		0.0013333333333333333
oncological		0.0006666666666666666
oncologists		0.0013333333333333333
oncology		0.008
ondansetron_lex	Chemical	0.0006666666666666666
ondrug		0.0006666666666666666
one		0.016666666666666666
onehalf		0.0006666666666666666
onethird		0.0006666666666666666
only		0.0026666666666666666
onset		0.021333333333333333
onychomycosis_lex	Disease	0.0006666666666666666
op_compound_lex	Chemical	0.0006666666666666666
opaque		0.0006666666666666666
open_angle_glaucoma_lex	Disease	0.0006666666666666666
openangle_glaucoma_lex	Disease	0.0006666666666666666
openarm		0.0006666666666666666
openchest		0.0006666666666666666
operated		0.0006666666666666666
operating		0.0006666666666666666
operation		0.0006666666666666666
operative		0.0026666666666666666
ophthalmic		0.005333333333333333
ophthalmologic		0.002
ophthalmological		0.0026666666666666666
ophthalmologists		0.0013333333333333333
ophthalmology		0.0013333333333333333
opiate		0.0026666666666666666
opiateinduced		0.0013333333333333333
opiates		0.0013333333333333333
opioid		0.011333333333333334
opioid_addiction_lex	Disease	0.0006666666666666666
opioid_addicts_lex	Disease	0.0006666666666666666
opioidagonists		0.0006666666666666666
opioidergic		0.0006666666666666666
opioidinduced		0.0006666666666666666
opioidreceptors		0.0006666666666666666
opioids		0.004666666666666667
opistothonus		0.0006666666666666666
opponent		0.0006666666666666666
opportunistic_infection_lex	Disease	0.0006666666666666666
opportunistic_infections_lex	Disease	0.0006666666666666666
opsonized		0.0006666666666666666
optic		0.004666666666666667
optic_atrophy_lex	Disease	0.0013333333333333333
optic_disc_edema_lex	Disease	0.0006666666666666666
optic_nerve_hypoplasia_lex	Disease	0.0006666666666666666
optic_nerve_toxicity_lex	Disease	0.0006666666666666666
optic_neuropathies_lex	Disease	0.0006666666666666666
optic_neuropathy_lex	Disease	0.004666666666666667
optical		0.0026666666666666666
optimization		0.0006666666666666666
optochiasmatic		0.0006666666666666666
or		0.008
or50		0.0006666666666666666
oral		0.019333333333333334
oral_candidiasis_lex	Disease	0.0006666666666666666
oral_contraception_lex	Chemical	0.0006666666666666666
oral_contraceptive_lex	Chemical	0.0026666666666666666
oral_contraceptives_lex	Chemical	0.006666666666666667
oral_dyskinesia_lex	Disease	0.0006666666666666666
oral_stereotypies_lex	Disease	0.0006666666666666666
oralcontraceptive_lex	Chemical	0.0006666666666666666
oralis		0.0006666666666666666
orally		0.0033333333333333335
orallytreated		0.0006666666666666666
orbital		0.0006666666666666666
orciprenaline_lex	Chemical	0.0006666666666666666
order		0.0006666666666666666
ordinal		0.0006666666666666666
organ		0.0033333333333333335
organelle		0.0006666666666666666
organelles		0.002
organic		0.0013333333333333333
organic_brain_lesions_lex	Disease	0.0006666666666666666
organic_mental_disorder_lex	Disease	0.0013333333333333333
organic_mental_disorders_lex	Disease	0.0006666666666666666
organic_personality_syndrome_lex	Disease	0.0006666666666666666
organic_psychotic_lex	Disease	0.0006666666666666666
organisms		0.0006666666666666666
organochloride		0.0006666666666666666
organochlorine		0.0006666666666666666
organogenesis		0.002
organophosphate_lex	Chemical	0.002
organophosphorous_lex	Chemical	0.0006666666666666666
organophosphorus_lex	Chemical	0.002
organophosphorus_op_poisons_lex	Chemical	0.0006666666666666666
organs		0.0013333333333333333
orgasm		0.0006666666666666666
orgasmic		0.0006666666666666666
orl1		0.0006666666666666666
ornithine_lex	Chemical	0.0006666666666666666
orofacial		0.0006666666666666666
orofacial_diskinesia_lex	Disease	0.0006666666666666666
orofacial_dyskinesia_lex	Disease	0.0013333333333333333
oromandibular		0.0006666666666666666
oromandibular_dystonia_lex	Disease	0.0006666666666666666
oropharyngeal		0.0013333333333333333
oropharynx		0.0013333333333333333
orphan		0.0006666666666666666
orphanin_fq_lex	Chemical	0.0006666666666666666
orthopaedic		0.002
orthopedic		0.0006666666666666666
orthostatic		0.0006666666666666666
orthostatic_hypotension_lex	Disease	0.0026666666666666666
orthotopic		0.0006666666666666666
orthotropic		0.0006666666666666666
oscillations		0.0006666666666666666
oscillopsia_lex	Disease	0.0006666666666666666
oscs		0.0006666666666666666
osmolality		0.0033333333333333335
osmoregulated		0.0006666666666666666
osmotic		0.0013333333333333333
osteoarthritis_lex	Disease	0.0013333333333333333
osteoid		0.0006666666666666666
osteomyelitis_lex	Disease	0.0006666666666666666
osteopenia_lex	Disease	0.0006666666666666666
osteoporosis_lex	Disease	0.005333333333333333
other		0.010666666666666666
otherwise		0.0026666666666666666
otoacoustic		0.0006666666666666666
otological		0.0006666666666666666
otoprotectant		0.0006666666666666666
ototoxic_lex	Disease	0.002
ototoxicity_lex	Disease	0.006
ouabain_lex	Chemical	0.0026666666666666666
our		0.0006666666666666666
outcome		0.0013333333333333333
outcomes		0.004
outpatient		0.006
outpatients		0.004666666666666667
ovarian		0.002
ovarian_cancer_lex	Disease	0.004
ovarian_failure_lex	Disease	0.0006666666666666666
ovariectomized		0.0033333333333333335
ovariectomy		0.0006666666666666666
over		0.0013333333333333333
overactivation		0.0006666666666666666
overactive_bladder_lex	Disease	0.0013333333333333333
overall		0.0006666666666666666
overdosage_lex	Disease	0.0006666666666666666
overdosageinduced		0.0006666666666666666
overdose_lex	Disease	0.015333333333333332
overdoses		0.0006666666666666666
overexpression		0.0006666666666666666
overflow		0.0006666666666666666
overgrowth		0.0006666666666666666
overimmunosuppression		0.0006666666666666666
overlooked		0.0006666666666666666
overnight		0.0013333333333333333
overrepresentation		0.0006666666666666666
overstimulation		0.0006666666666666666
oversulfated		0.0006666666666666666
overthecounter		0.0013333333333333333
overtreatment		0.0006666666666666666
overuse		0.0006666666666666666
ovulation		0.0013333333333333333
oxacillin_lex	Chemical	0.0013333333333333333
oxaloacetate_lex	Chemical	0.0006666666666666666
oxazaphosphorine		0.0006666666666666666
oxazepam_lex	Chemical	0.0006666666666666666
oxazolidine_lex	Chemical	0.0006666666666666666
oxc_lex	Chemical	0.0006666666666666666
oxcarbazepine_lex	Chemical	0.0013333333333333333
oxidant		0.002
oxidantmediated		0.0006666666666666666
oxidants		0.0006666666666666666
oxidase		0.004666666666666667
oxidation		0.002
oxidative		0.016666666666666666
oxidativenitrative		0.0006666666666666666
oxidativenitrosative		0.0006666666666666666
oxidized		0.0013333333333333333
oxidized_glutathione_lex	Chemical	0.0006666666666666666
oximeters		0.0006666666666666666
oximetry		0.0006666666666666666
oxitropium_lex	Chemical	0.0006666666666666666
oxitropium_bromide_lex	Chemical	0.0006666666666666666
oxprenolol_lex	Chemical	0.0006666666666666666
oxycodone_lex	Chemical	0.0006666666666666666
oxygen_lex	Chemical	0.016
oxygenation		0.002
oxyhemoglobin		0.0006666666666666666
oxypurines_lex	Chemical	0.0006666666666666666
oxytocics		0.0006666666666666666
oxytocin_lex	Chemical	0.0026666666666666666
ozone_lex	Chemical	0.0013333333333333333
p_lex	Chemical	0.0006666666666666666
p036		0.0006666666666666666
p048		0.0006666666666666666
p065		0.0006666666666666666
p11_lex	Chemical	0.0006666666666666666
p2		0.0006666666666666666
p20		0.0006666666666666666
p2x3		0.0006666666666666666
p300		0.0006666666666666666
p40		0.0006666666666666666
p45		0.0006666666666666666
p450		0.004666666666666667
p4501a11a2		0.0006666666666666666
p450mediated		0.0006666666666666666
p450s		0.0006666666666666666
p53		0.0013333333333333333
p53dependent		0.0006666666666666666
p75ntr		0.0006666666666666666
p75ntrimmunoreactive		0.0006666666666666666
p75ntrir		0.0006666666666666666
p9201		0.0006666666666666666
p9605		0.0006666666666666666
pa_lex	Disease	0.0006666666666666666
paced		0.0006666666666666666
pacemaker		0.005333333333333333
pacemakers		0.0013333333333333333
pacing		0.004
paclitaxel_lex	Chemical	0.008666666666666666
paco2		0.0006666666666666666
paediatric		0.0013333333333333333
paf		0.0006666666666666666
pai1		0.0006666666666666666
pain_lex	Disease	0.034
pain_disorders_lex	Disease	0.0006666666666666666
pain_in_the_legs_andor_back_lex	Disease	0.0006666666666666666
painful_lex	Disease	0.004
painful_muscle_lex	Disease	0.0006666666666666666
painful_syndromes_lex	Disease	0.0006666666666666666
painintolerant_lex	Disease	0.0006666666666666666
pains_lex	Disease	0.0013333333333333333
pairmatched		0.0006666666666666666
palliation		0.0006666666666666666
palliative		0.0006666666666666666
pallidal		0.0013333333333333333
pallidothalamocortical		0.0006666666666666666
pallidotomies		0.0006666666666666666
pallidotomy		0.0033333333333333335
pallidus		0.0026666666666666666
palmoplantar_pustulosis_lex	Disease	0.0006666666666666666
palpable		0.0006666666666666666
palpebral_twitching_lex	Disease	0.0006666666666666666
palpitation_lex	Disease	0.0013333333333333333
palpitations_lex	Disease	0.0013333333333333333
palsy_lex	Disease	0.0013333333333333333
pamidronate_lex	Chemical	0.0013333333333333333
paminohippuric_acid_lex	Chemical	0.0006666666666666666
paminophenol_lex	Chemical	0.0006666666666666666
pancapositive		0.0006666666666666666
pancreatic		0.0006666666666666666
pancreaticobiliary		0.0006666666666666666
pancreatitis_lex	Disease	0.0006666666666666666
pancuronium_lex	Chemical	0.0006666666666666666
pancytopenia_lex	Disease	0.0006666666666666666
panic_attack_lex	Disease	0.0006666666666666666
panic_attacks_lex	Disease	0.0013333333333333333
panic_disorder_lex	Disease	0.0026666666666666666
panic_disorders_lex	Disease	0.0013333333333333333
pantoprazole_lex	Chemical	0.0006666666666666666
pap_lex	Chemical	0.0006666666666666666
papaverine_lex	Chemical	0.0013333333333333333
papaverine_hydrochloride_lex	Chemical	0.0006666666666666666
papillary		0.0013333333333333333
papillary_necrosis_lex	Disease	0.0006666666666666666
papilledema_lex	Disease	0.0013333333333333333
papillomacular		0.0006666666666666666
papillomas_lex	Disease	0.0006666666666666666
papular_rosacea_lex	Disease	0.0006666666666666666
paraaminohippurate_lex	Chemical	0.0006666666666666666
paracellular		0.0006666666666666666
paracentral		0.0006666666666666666
paracetamol_lex	Chemical	0.009333333333333334
parachlorophenylalanine_lex	Chemical	0.0006666666666666666
paradoxical		0.0026666666666666666
paradoxically		0.0006666666666666666
paraesthesia_lex	Disease	0.0006666666666666666
parahippocampal		0.0006666666666666666
parallel		0.0006666666666666666
parallelgroup		0.0006666666666666666
parallelgroups		0.0006666666666666666
paralysis_lex	Disease	0.006666666666666667
paramedic		0.0006666666666666666
paramedical		0.0006666666666666666
paramedics		0.0006666666666666666
parameningeal		0.0006666666666666666
parameters		0.004
paramethasone_lex	Chemical	0.0006666666666666666
paranoia_lex	Disease	0.002
paranoid_lex	Disease	0.0006666666666666666
paranoid_type_schizophrenia_lex	Disease	0.0006666666666666666
paraplegia_lex	Disease	0.0006666666666666666
parasites		0.0006666666666666666
parasomnias_lex	Disease	0.0006666666666666666
parasympathetic		0.0013333333333333333
parathyroid		0.0026666666666666666
paraventricular		0.0006666666666666666
parenchyma		0.0013333333333333333
parenchymal		0.0006666666666666666
parent		0.0006666666666666666
parenteral		0.0033333333333333335
parentrated		0.0006666666666666666
paresthesia_lex	Disease	0.0013333333333333333
paresthesias_lex	Disease	0.0013333333333333333
parkinson_disability_lex	Disease	0.0006666666666666666
parkinson_disease_lex	Disease	0.0006666666666666666
parkinsonian_lex	Disease	0.008666666666666666
parkinsonian_catalepsy_lex	Disease	0.0006666666666666666
parkinsonian_disability_lex	Disease	0.0006666666666666666
parkinsonian_symptoms_lex	Disease	0.0013333333333333333
parkinsonism_lex	Disease	0.008666666666666666
parkinsons_disease_lex	Disease	0.024
parotiditis_lex	Disease	0.0006666666666666666
paroxetine_lex	Chemical	0.004666666666666667
paroxysmal		0.0013333333333333333
paroxysms		0.0006666666666666666
parp		0.0006666666666666666
parp1		0.0006666666666666666
partial		0.0013333333333333333
partial_loss_of_quadriceps_functions_lex	Disease	0.0006666666666666666
partially		0.0006666666666666666
participated		0.0006666666666666666
particular		0.002
particulate_matter_lex	Chemical	0.0006666666666666666
parvalbumin		0.0006666666666666666
parvalbuminstaining		0.0006666666666666666
passed		0.0006666666666666666
passive		0.0026666666666666666
passiveavoidance		0.0006666666666666666
past		0.0006666666666666666
pastes		0.0006666666666666666
patch		0.0006666666666666666
patent_ductus_arteriosus_lex	Disease	0.0006666666666666666
patent_foramen_ovale_lex	Disease	0.0006666666666666666
pathogen		0.0006666666666666666
pathogeneses		0.0006666666666666666
pathogenesis		0.021333333333333333
pathogenetic		0.002
pathogenic		0.002
pathogens		0.0013333333333333333
pathologic		0.0006666666666666666
pathological		0.004
pathological_renal_medullary_lesions_lex	Disease	0.0006666666666666666
pathologically		0.0013333333333333333
pathologicalprocess		0.0006666666666666666
pathology		0.006
pathology_at_both_the_neuromuscular_junction_lex	Disease	0.0006666666666666666
pathomechanism		0.0006666666666666666
pathophysiologic		0.0033333333333333335
pathophysiological		0.004
pathophysiology		0.01
pathway		0.012
pathways		0.008666666666666666
patient		0.148
patientcontrolled		0.002
patients		0.37733333333333335
patientsa		0.0006666666666666666
patientyears		0.0013333333333333333
pattern		0.0006666666666666666
patterns		0.0013333333333333333
pauses		0.0006666666666666666
paw		0.002
pawpressure		0.0006666666666666666
paws		0.0006666666666666666
pb_lex	Chemical	0.0033333333333333335
pb_poisoning_lex	Disease	0.0006666666666666666
pbo		0.0006666666666666666
pbsct		0.0006666666666666666
pbto2		0.0006666666666666666
pca		0.0006666666666666666
pcbcp		0.0006666666666666666
pcc_lex	Chemical	0.0006666666666666666
pce		0.0006666666666666666
pchlorophenylalamine_lex	Chemical	0.0006666666666666666
pcholoroaniline_lex	Chemical	0.0006666666666666666
pci		0.0006666666666666666
pcna		0.0006666666666666666
pco2		0.0013333333333333333
pcos_lex	Disease	0.0006666666666666666
pcoumaric_acid_lex	Chemical	0.0006666666666666666
pcp_lex	Disease	0.0006666666666666666
pcpa_lex	Chemical	0.0006666666666666666
pcr		0.0006666666666666666
pcrrflp		0.0006666666666666666
pd_lex	Disease	0.009333333333333334
pdn_lex	Chemical	0.0006666666666666666
pdtc_lex	Chemical	0.0006666666666666666
peak		0.0013333333333333333
peakdose		0.0006666666666666666
pediatric		0.009333333333333334
pediatrics		0.0013333333333333333
peg_four		0.0006666666666666666
pegasparaginase_lex	Chemical	0.0006666666666666666
pegylated_ifn_alpha2b_lex	Chemical	0.0006666666666666666
pegylated_interferon_lex	Chemical	0.002
pegylated_interferon_alpha2b_lex	Chemical	0.0006666666666666666
pegylated_interferon_alpha_2a_lex	Chemical	0.0006666666666666666
pegylated_interferon_ifn_alpha2b_lex	Chemical	0.0006666666666666666
peliosis_lex	Disease	0.0006666666666666666
pelvic		0.0013333333333333333
pelvic_pain_lex	Disease	0.0006666666666666666
pelvic_tumor_lex	Disease	0.0006666666666666666
pelvis		0.0006666666666666666
pelvocalyceal		0.0006666666666666666
pemoline_lex	Chemical	0.0006666666666666666
pencilpoint		0.0006666666666666666
penetrating		0.0006666666666666666
penicillamine_lex	Chemical	0.0033333333333333335
penicillin_lex	Chemical	0.004666666666666667
penicillin_g_lex	Chemical	0.0006666666666666666
penicilling_lex	Chemical	0.0006666666666666666
penicilling_potassium_lex	Chemical	0.0006666666666666666
penicillins_lex	Chemical	0.0013333333333333333
penile		0.0006666666666666666
penile_pain_lex	Disease	0.0006666666666666666
penis		0.0006666666666666666
pentaglutamate		0.0006666666666666666
pentamidine_lex	Chemical	0.0006666666666666666
pentamidine_isethionate_lex	Chemical	0.0006666666666666666
pentazocine_lex	Chemical	0.0013333333333333333
pentetrazol_lex	Chemical	0.0006666666666666666
pentobarbital_lex	Chemical	0.004
pentose_phosphate_lex	Chemical	0.0006666666666666666
pentoxifylline_lex	Chemical	0.0006666666666666666
pentoxyifylline_lex	Chemical	0.0006666666666666666
pentylenetetrazol_lex	Chemical	0.002
pentylenetetrazole_lex	Chemical	0.0026666666666666666
pentylenetrazol		0.0006666666666666666
peptic		0.0006666666666666666
peptic_ulcer_disease_lex	Disease	0.0013333333333333333
peptide		0.007333333333333333
peptideproduced		0.0006666666666666666
peptidergic		0.0006666666666666666
peptides		0.0033333333333333335
per		0.002
perceived		0.0006666666666666666
percent		0.0013333333333333333
perception		0.0013333333333333333
percutaneous		0.005333333333333333
performance		0.0026666666666666666
performed		0.005333333333333333
perfused		0.002
perfusion		0.008
perfusioncultured		0.0006666666666666666
pergolide_lex	Chemical	0.0006666666666666666
perhexiline_maleate_lex	Chemical	0.0006666666666666666
pericardial		0.0013333333333333333
pericarditis_lex	Disease	0.0006666666666666666
periconception		0.0006666666666666666
periconceptional		0.0006666666666666666
perimenopausal		0.0013333333333333333
perimetry		0.002
perimysial		0.0006666666666666666
perinatal		0.002
perineal		0.0006666666666666666
perinuclearstaining		0.0006666666666666666
periocular_dermatitis_lex	Disease	0.0006666666666666666
period		0.004666666666666667
periodic		0.0013333333333333333
periodic_acid_lex	Chemical	0.0006666666666666666
periods		0.002
perioperative		0.006666666666666667
perioral_dermatitis_lex	Disease	0.0006666666666666666
periorbital		0.0006666666666666666
peripheral		0.014666666666666666
peripheral_nerve_disease_lex	Disease	0.0006666666666666666
peripheral_nerve_toxicity_lex	Disease	0.0006666666666666666
peripheral_nervous_system_damage_lex	Disease	0.0006666666666666666
peripheral_neuropathy_lex	Disease	0.011333333333333334
peripheral_neurotoxicity_lex	Disease	0.002
peripheral_sensory_neuropathy_lex	Disease	0.0006666666666666666
peripheral_vascular_disease_lex	Disease	0.0006666666666666666
peritoneal		0.0006666666666666666
peritoneal_carcinoma_lex	Disease	0.0006666666666666666
peritubular		0.0006666666666666666
periventricular		0.0006666666666666666
periventricular_leukomalacia_lex	Disease	0.0006666666666666666
permanent		0.002
permeability		0.0026666666666666666
permissive		0.0006666666666666666
peroxidase		0.002
peroxidaseantiperoxidase		0.0006666666666666666
peroxidation		0.008
peroxide_lex	Chemical	0.0013333333333333333
peroxides_lex	Chemical	0.0006666666666666666
peroxisome		0.0006666666666666666
peroxisomes		0.0006666666666666666
persist		0.0006666666666666666
persisted		0.0013333333333333333
persistence		0.0006666666666666666
persistent		0.0013333333333333333
persisting		0.0006666666666666666
persists		0.0006666666666666666
personal		0.0006666666666666666
personality_disorder_lex	Disease	0.0006666666666666666
pertussis_lex	Disease	0.0006666666666666666
pertussis_vaccine_lex	Chemical	0.0006666666666666666
pesticide		0.0033333333333333335
petechiae_lex	Disease	0.0006666666666666666
petechial		0.0006666666666666666
pethidine_lex	Chemical	0.0013333333333333333
pg_lex	Chemical	0.0033333333333333335
pge1_lex	Chemical	0.0013333333333333333
pge2_lex	Chemical	0.0026666666666666666
pgf2alpha_lex	Chemical	0.0006666666666666666
pgi2_lex	Chemical	0.0006666666666666666
pglycoprotein		0.0006666666666666666
pgp		0.0006666666666666666
pgpenhancing		0.0006666666666666666
pgs_lex	Chemical	0.0013333333333333333
ph		0.005333333333333333
phacoemulsification		0.0006666666666666666
phagocytosis		0.0006666666666666666
phap		0.0006666666666666666
pharmaceutical		0.0026666666666666666
pharmaceuticals		0.0013333333333333333
pharmacists		0.0006666666666666666
pharmacodynamic		0.0033333333333333335
pharmacodynamics		0.0033333333333333335
pharmacoeconomics		0.0006666666666666666
pharmacokinetic		0.009333333333333334
pharmacokineticdynamic		0.0006666666666666666
pharmacokineticpharmacodynamic		0.0006666666666666666
pharmacokinetics		0.008
pharmacol		0.0006666666666666666
pharmacologic		0.004666666666666667
pharmacological		0.022
pharmacologically		0.0006666666666666666
pharmacologicallyinduced		0.0006666666666666666
pharmacology		0.006666666666666667
pharmacon		0.0006666666666666666
pharmacotherapeutic		0.0006666666666666666
pharmacotherapies		0.0006666666666666666
pharmacotherapy		0.0006666666666666666
pharmacovigilance		0.0013333333333333333
pharmacy		0.0013333333333333333
pharyngitis_lex	Disease	0.0006666666666666666
phase		0.0006666666666666666
phases		0.0006666666666666666
phenacetin_lex	Chemical	0.0013333333333333333
phenanthridinone		0.0006666666666666666
phencyclidine_lex	Chemical	0.0013333333333333333
phenobarbital_lex	Chemical	0.005333333333333333
phenobarbitone_lex	Chemical	0.0013333333333333333
phenol_lex	Chemical	0.0006666666666666666
phenomena		0.0006666666666666666
phenomenon		0.0013333333333333333
phenothiazines_lex	Chemical	0.0013333333333333333
phenotype		0.004
phenotypes		0.002
phenotypic		0.0006666666666666666
phenotyping		0.0006666666666666666
phentermine_lex	Chemical	0.0006666666666666666
phentolamine_lex	Chemical	0.002
phenylacetic_acid_lex	Chemical	0.0006666666666666666
phenylalanine_lex	Chemical	0.0006666666666666666
phenylbutazone_lex	Chemical	0.0006666666666666666
phenylephrine_lex	Chemical	0.005333333333333333
phenylethylbarbiturate_lex	Chemical	0.0006666666666666666
phenylhydrazine_lex	Chemical	0.0006666666666666666
phenylpropanolamine_lex	Chemical	0.0026666666666666666
phenytoin_lex	Chemical	0.006
phenytoin_sodium_lex	Chemical	0.0006666666666666666
pheochromocytoma_lex	Disease	0.0006666666666666666
philadelphia_chromosome_lex	Disease	0.0006666666666666666
phlorizin_lex	Chemical	0.0006666666666666666
phn_lex	Disease	0.0006666666666666666
phonological		0.0006666666666666666
phophorylcreatine_lex	Chemical	0.0006666666666666666
phosphatase		0.004
phosphatases		0.0006666666666666666
phosphate_lex	Chemical	0.0026666666666666666
phosphatidylserine_lex	Chemical	0.0006666666666666666
phosphodiesterase		0.0013333333333333333
phosphokinase		0.0013333333333333333
phospholipid		0.0013333333333333333
phosphorus_lex	Chemical	0.0006666666666666666
phosphorylation		0.004
phosphorylcreatine_lex	Chemical	0.0006666666666666666
photodermatitis_lex	Disease	0.0006666666666666666
photodistributed		0.0006666666666666666
photodistribution		0.0006666666666666666
photon		0.0006666666666666666
photophobia_lex	Disease	0.0006666666666666666
photopic		0.0006666666666666666
photorefractive		0.0006666666666666666
photosensitivity		0.0006666666666666666
photostimulation		0.0006666666666666666
physical		0.0026666666666666666
physician		0.002
physicians		0.012666666666666666
physicochemical		0.0006666666666666666
physiologic		0.0033333333333333335
physiological		0.006666666666666667
physiologically		0.0006666666666666666
physiology		0.0006666666666666666
physostigmine_lex	Chemical	0.0026666666666666666
phytomitogen		0.0006666666666666666
phytotherapyassociated		0.0006666666666666666
pial		0.0006666666666666666
picloxydine_lex	Chemical	0.0006666666666666666
picrorrhiza		0.0006666666666666666
picrotoxin_lex	Chemical	0.004
picture		0.0006666666666666666
pig		0.0013333333333333333
piglets		0.0006666666666666666
pigmentary_retinal_deposits_lex	Disease	0.0006666666666666666
pigs		0.0013333333333333333
pill		0.0013333333333333333
pills		0.0026666666666666666
pilo_lex	Chemical	0.0013333333333333333
pilocarpine_lex	Chemical	0.020666666666666667
pilocarpine_nitrate_lex	Chemical	0.0006666666666666666
pilsicainide_lex	Chemical	0.0006666666666666666
pimecrolimus_lex	Chemical	0.0006666666666666666
pimozide_lex	Chemical	0.0006666666666666666
pinacidil_lex	Chemical	0.0006666666666666666
pindolol_lex	Chemical	0.0006666666666666666
pineal		0.0006666666666666666
pinealectomized		0.0006666666666666666
pinprick		0.0013333333333333333
piperacillin_lex	Chemical	0.002
piperacillin_sodium_lex	Chemical	0.0006666666666666666
piperacillintazobactam_lex	Chemical	0.0006666666666666666
piperazine_lex	Chemical	0.0006666666666666666
piracetam_lex	Chemical	0.0006666666666666666
pirarubicin_lex	Chemical	0.0006666666666666666
pirenzepine_lex	Chemical	0.0013333333333333333
piriform		0.0006666666666666666
piroxicam_lex	Chemical	0.0013333333333333333
pituitaries		0.0013333333333333333
pituitary		0.0026666666666666666
pituitary_tumors_lex	Disease	0.0026666666666666666
pk		0.0006666666666666666
pkca		0.0006666666666666666
pkcalpha		0.0006666666666666666
placebo		0.03866666666666667
placebocontrolled		0.018666666666666668
placebolevel		0.0006666666666666666
placebos		0.0006666666666666666
placenta		0.0006666666666666666
placentae		0.0006666666666666666
planned		0.0006666666666666666
plasma		0.03933333333333333
plasmacytoma_lex	Disease	0.0006666666666666666
plasmakidney		0.0006666666666666666
plasmapheresis		0.0013333333333333333
plasmatoblood		0.0006666666666666666
plasminogen		0.0013333333333333333
plasmodium		0.0006666666666666666
plasticity		0.0006666666666666666
platelet		0.011333333333333334
platelet_aggregation_lex	Disease	0.004666666666666667
platelet_aggregations_lex	Disease	0.0006666666666666666
plateletactivating		0.0006666666666666666
plateletfibrin		0.0006666666666666666
platelets		0.005333333333333333
platinum_lex	Chemical	0.0026666666666666666
platypneaorthodeoxia_lex	Disease	0.0006666666666666666
platypneaorthodeoxialike_syndrome_lex	Disease	0.0006666666666666666
plausibility		0.0006666666666666666
pleural		0.0006666666666666666
pleural_effusion_lex	Disease	0.0006666666666666666
pleural_effusions_lex	Disease	0.0013333333333333333
plexus		0.0006666666666666666
pluripotent		0.0006666666666666666
plusmaze		0.0013333333333333333
pmol		0.0013333333333333333
pneumatic		0.0006666666666666666
pneumocystis_carinii_pneumonia_lex	Disease	0.0006666666666666666
pneumocystis_pneumonia_lex	Disease	0.0006666666666666666
pneumonia_lex	Disease	0.0026666666666666666
pneumoniae_lex	Disease	0.0013333333333333333
pneumonitis_lex	Disease	0.0026666666666666666
pneumotachograph		0.0006666666666666666
po		0.0013333333333333333
po2_lex	Chemical	0.0013333333333333333
podocalyxin		0.0006666666666666666
podocyte		0.002
podocyteassociated		0.0006666666666666666
podocytes		0.0006666666666666666
pointer		0.0006666666666666666
poison		0.002
poisoned		0.0006666666666666666
poisoning_lex	Disease	0.004
poisons		0.0006666666666666666
polacrilex		0.0006666666666666666
pollutant		0.0006666666666666666
pollutants		0.0006666666666666666
polyadpribose_lex	Chemical	0.0006666666666666666
polyarteritis_nodosa_lex	Disease	0.0006666666666666666
polyarthralgia_lex	Disease	0.0006666666666666666
polychemotherapy		0.0006666666666666666
polycystic_ovary_syndrome_lex	Disease	0.0006666666666666666
polycythemia_lex	Disease	0.0006666666666666666
polydipsia_lex	Disease	0.0026666666666666666
polydrug		0.002
polyethylene_glycol_lex	Chemical	0.0006666666666666666
polyethylene_glycol_four		0.0006666666666666666
polyethylene_glycolasparaginase_lex	Chemical	0.0006666666666666666
polyllactid_acid_lex	Chemical	0.0006666666666666666
polymer		0.0006666666666666666
polymerase		0.002
polymerbound		0.0006666666666666666
polymorphic		0.0006666666666666666
polymorphism		0.002
polymorphisms		0.0013333333333333333
polymorphous		0.0006666666666666666
polymyositis_lex	Disease	0.0026666666666666666
polyneuropathy_lex	Disease	0.0033333333333333335
polypeptide		0.002
polyphagia_lex	Disease	0.0006666666666666666
polyphenol_lex	Chemical	0.0006666666666666666
polysaccharide		0.0013333333333333333
polysomnographic		0.0006666666666666666
polysomnography		0.0006666666666666666
polytherapy		0.0006666666666666666
polyuria_lex	Disease	0.006666666666666667
polyuric_lex	Disease	0.0013333333333333333
pontine		0.0006666666666666666
pontis		0.0006666666666666666
pooled		0.0006666666666666666
poormetabolizer		0.0006666666666666666
population		0.006
populationbased		0.0013333333333333333
portal		0.002
portal_hypertension_lex	Disease	0.0006666666666666666
posaconazole_lex	Chemical	0.0006666666666666666
positive		0.0026666666666666666
positivepressure		0.0006666666666666666
possess		0.0006666666666666666
possibility		0.004
possible		0.008666666666666666
post		0.0006666666666666666
postalcoholic		0.0006666666666666666
postcab		0.0006666666666666666
postchemotherapy		0.0006666666666666666
postdose		0.0013333333333333333
postdrug		0.0006666666666666666
posterior		0.004
posterior_leukoencephalopathy_lex	Disease	0.0006666666666666666
posterior_reversible_encephalopathy_syndrome_lex	Disease	0.0006666666666666666
posterolateral		0.0006666666666666666
posteromedial		0.0006666666666666666
posteroventral		0.0013333333333333333
postherpetic_neuralgia_lex	Disease	0.0006666666666666666
postimplant		0.0006666666666666666
postinfarct		0.0006666666666666666
postinfarction		0.0006666666666666666
postinfusion		0.0013333333333333333
postlesion		0.0006666666666666666
postmarketing		0.0006666666666666666
postmenopausal		0.005333333333333333
postmortem		0.0026666666666666666
postnatal		0.0026666666666666666
postoperative		0.021333333333333333
postoperative_complication_lex	Disease	0.0006666666666666666
postoperative_delirium_lex	Disease	0.0006666666666666666
postoperative_emetic_symptoms_lex	Disease	0.0006666666666666666
postoperative_myalgia_lex	Disease	0.0013333333333333333
postoperative_nausea_and_vomiting_lex	Disease	0.0013333333333333333
postoperative_pain_lex	Disease	0.002
postoperatively		0.008666666666666666
postpartum		0.0026666666666666666
postprandial		0.0006666666666666666
postprandial_dyspepsia_lex	Disease	0.0006666666666666666
postpregnancy		0.0006666666666666666
postprocedural		0.0006666666666666666
postreceptor		0.0006666666666666666
postrenal		0.0006666666666666666
postrenal_failure_lex	Disease	0.0006666666666666666
postsynaptic		0.0033333333333333335
postsynaptic_neuromuscular_blockade_lex	Disease	0.0006666666666666666
posttherapy		0.0013333333333333333
postthrombectomy		0.0006666666666666666
posttraining		0.002
posttransfusion		0.0006666666666666666
posttransplant		0.0033333333333333335
posttransplant_lmphoproliferate_disease_lex	Disease	0.0006666666666666666
posttransplant_lymphoproliferative_disorder_lex	Disease	0.0006666666666666666
posttransplantation		0.0006666666666666666
posttransplantation_lymphoproliferative_disorder_lex	Disease	0.0006666666666666666
postulated		0.0006666666666666666
postural		0.0026666666666666666
postural_hypotension_lex	Disease	0.0013333333333333333
postzosteric_lex	Disease	0.0006666666666666666
potassium_lex	Chemical	0.017333333333333333
potencies		0.0006666666666666666
potency		0.004666666666666667
potent		0.009333333333333334
potential		0.005333333333333333
potentially		0.004666666666666667
potentials		0.0013333333333333333
potentiate		0.005333333333333333
potentiated		0.006
potentiates		0.0026666666666666666
potentiating		0.0006666666666666666
potentiation		0.006666666666666667
potters_facies_lex	Disease	0.0006666666666666666
pottertype_iia_polycystic_kidney_lex	Disease	0.0006666666666666666
povidoneiodine_lex	Chemical	0.0006666666666666666
powder		0.0006666666666666666
powders		0.0006666666666666666
power		0.0006666666666666666
pp		0.0006666666666666666
ppa_lex	Chemical	0.0026666666666666666
ppi		0.0006666666666666666
ppm		0.0006666666666666666
pr0515		0.0006666666666666666
pr3anca		0.0006666666666666666
pr3ancapositive		0.0006666666666666666
pra		0.0006666666666666666
practices		0.0006666666666666666
practitioners		0.002
pralidoxime2chloride_lex	Chemical	0.0006666666666666666
pravastatin_lex	Chemical	0.002
prazosin_lex	Chemical	0.0033333333333333335
prc_lex	Chemical	0.0006666666666666666
preangiographic		0.0006666666666666666
precancerous_lesions_lex	Disease	0.0006666666666666666
precautions		0.0013333333333333333
precede		0.0006666666666666666
preceded		0.0006666666666666666
precipitate		0.0026666666666666666
precipitated		0.002
precipitating		0.002
precordial		0.0006666666666666666
precordial_pain_lex	Disease	0.0006666666666666666
predialysis		0.0006666666666666666
predictors		0.0013333333333333333
predilection		0.0006666666666666666
predisposed		0.0026666666666666666
predisposing		0.0033333333333333335
prednisolone_lex	Chemical	0.0033333333333333335
prednisone_lex	Chemical	0.005333333333333333
predobutamine_lex	Chemical	0.0006666666666666666
predose		0.0006666666666666666
predrug		0.0006666666666666666
preeclampsia_lex	Disease	0.0006666666666666666
preexcitation		0.0006666666666666666
preexisting		0.002
preference		0.0013333333333333333
preferential		0.0006666666666666666
preferred		0.0013333333333333333
prefrontal		0.002
prefrontostriatal		0.0006666666666666666
pregnancies		0.0026666666666666666
pregnancy		0.013333333333333334
pregnanolone_lex	Chemical	0.0006666666666666666
pregnant		0.009333333333333334
pregnenolone_sulphate_lex	Chemical	0.0006666666666666666
pregs_lex	Chemical	0.0006666666666666666
prehospital		0.0013333333333333333
preinfusion		0.0006666666666666666
preischemia		0.0006666666666666666
prejunctional		0.0006666666666666666
preliminary		0.0006666666666666666
premature		0.0026666666666666666
premature_atherosclerosis_lex	Disease	0.0006666666666666666
premature_thirty-six_weeks_of_gestation_infants_lex	Disease	0.0006666666666666666
premature_ventricular_contraction_lex	Disease	0.0006666666666666666
premature_ventricular_contractions_lex	Disease	0.0013333333333333333
prematurely		0.002
premedicated		0.0006666666666666666
premedication		0.002
premenopausal		0.0013333333333333333
prenatal		0.005333333333333333
prenatally		0.0026666666666666666
preneoplastic		0.0013333333333333333
preneoplastic_foci_lex	Disease	0.0006666666666666666
preoperative		0.009333333333333334
preoperatively		0.004
preoptic		0.0006666666666666666
preparation		0.0026666666666666666
preparations		0.004
preprocedure		0.0006666666666666666
prepulse		0.0006666666666666666
prerenal		0.0006666666666666666
presacral		0.0006666666666666666
prescribe		0.0006666666666666666
prescribed		0.014666666666666666
prescribing		0.008
prescription		0.002
presence		0.0026666666666666666
present		0.002
presentation		0.0013333333333333333
presented		0.007333333333333333
presenting		0.0006666666666666666
presents		0.0013333333333333333
preservativefree		0.0006666666666666666
preservatives		0.0006666666666666666
pressing		0.0006666666666666666
pressor		0.008666666666666666
pressure		0.05266666666666667
pressurelowering		0.0006666666666666666
pressures		0.006
pressurevolume		0.0006666666666666666
presumably		0.0006666666666666666
presumed		0.0006666666666666666
presumptive		0.0006666666666666666
preswitch		0.0006666666666666666
presynaptic		0.002
preterm		0.002
preterm_infants_lex	Disease	0.0006666666666666666
preterm_labor_lex	Disease	0.0013333333333333333
pretest		0.0006666666666666666
pretherapeutic		0.0006666666666666666
pretraining		0.0006666666666666666
pretransplant		0.002
pretreated		0.008666666666666666
pretreatment		0.022
prevalence		0.009333333333333334
prevent		0.0033333333333333335
preventative		0.0006666666666666666
prevented		0.004
preventing		0.0013333333333333333
prevention		0.016666666666666666
preventive		0.0013333333333333333
prevents		0.002
previous		0.0013333333333333333
previously		0.013333333333333334
preweaning		0.0006666666666666666
preweanling		0.0006666666666666666
priapism_lex	Disease	0.0013333333333333333
prick		0.0006666666666666666
prilocaine_lex	Chemical	0.0013333333333333333
primary		0.005333333333333333
primary_biliary_cirrhosis_lex	Disease	0.0006666666666666666
primary_cardiomyopathy_lex	Disease	0.0006666666666666666
primary_headaches_lex	Disease	0.0006666666666666666
primary_hyperparathyroidism_lex	Disease	0.0006666666666666666
primary_open_angle_glaucoma_lex	Disease	0.0006666666666666666
primary_openangle_glaucoma_lex	Disease	0.0006666666666666666
primary_pulmonary_hypertension_lex	Disease	0.0013333333333333333
primary_systemic_amyloidosis_lex	Disease	0.0006666666666666666
primate		0.0013333333333333333
primates		0.0006666666666666666
primed		0.0006666666666666666
primigravida		0.0006666666666666666
prinzmetals_angina_lex	Disease	0.0013333333333333333
prior		0.009333333333333334
prk		0.0006666666666666666
prl_lex	Chemical	0.0033333333333333335
prlpositive		0.0006666666666666666
prlr		0.0006666666666666666
pro		0.0006666666666666666
proabsence		0.0006666666666666666
proactive		0.0006666666666666666
proanthocyanidins_lex	Chemical	0.0006666666666666666
proarrhythmia_lex	Disease	0.0013333333333333333
proarrhythmic		0.002
probable		0.0013333333333333333
probably		0.0026666666666666666
problems		0.002
procainamide_lex	Chemical	0.0013333333333333333
procaine_lex	Chemical	0.0006666666666666666
procaterol_lex	Chemical	0.0006666666666666666
procedure		0.009333333333333334
procedures		0.008
prochlorperazine_lex	Chemical	0.0013333333333333333
procoagulant		0.0026666666666666666
proconvulsant		0.0006666666666666666
proconvulsive		0.0006666666666666666
procyclidine_lex	Chemical	0.0006666666666666666
procyclindine_lex	Chemical	0.0006666666666666666
prodrug		0.002
prodrugs		0.0006666666666666666
producing		0.0006666666666666666
product		0.0006666666666666666
production		0.0006666666666666666
products		0.002
prodysrhythmic		0.0006666666666666666
proenkephalin_lex	Chemical	0.0006666666666666666
profound		0.0013333333333333333
progestagen_lex	Chemical	0.002
progestagens_lex	Chemical	0.0006666666666666666
progestational		0.0006666666666666666
progestative		0.0006666666666666666
progesterone_lex	Chemical	0.0026666666666666666
progestins_lex	Chemical	0.0006666666666666666
progestogens_lex	Chemical	0.0013333333333333333
prognosis		0.008666666666666666
prognostic		0.0033333333333333335
prograf		0.0006666666666666666
progressed		0.0006666666666666666
progressing		0.0006666666666666666
progression		0.002
progressionfree		0.0013333333333333333
progressive_supranuclear_palsy_lex	Disease	0.0006666666666666666
proinflammatory		0.002
prokinetic		0.0013333333333333333
prolactin		0.008666666666666666
prolactininduced		0.0006666666666666666
prolactinoma_lex	Disease	0.0013333333333333333
prolactinomas_lex	Disease	0.002
prolactinreleasing		0.0006666666666666666
prolactins		0.0006666666666666666
proliferate		0.0006666666666666666
proliferated		0.0006666666666666666
proliferating		0.0006666666666666666
proliferation		0.006
proliferative		0.0013333333333333333
proliferatoractivated		0.0006666666666666666
prolong		0.0006666666666666666
prolongation		0.004666666666666667
prolongation_of_qt_interval_lex	Disease	0.0006666666666666666
prolongation_of_the_qt_interval_lex	Disease	0.0013333333333333333
prolonged		0.038
prolonged_jaw_rigidity_lex	Disease	0.0006666666666666666
prolonged_qt_interval_lex	Disease	0.0006666666666666666
prolonged_qt_syndrome_lex	Disease	0.0013333333333333333
prolonged_qtc_interval_lex	Disease	0.0006666666666666666
prolonged_status_epilepticus_lex	Disease	0.0006666666666666666
prolongs		0.0006666666666666666
promethazine_lex	Chemical	0.0006666666666666666
promoter		0.0006666666666666666
prompt		0.0013333333333333333
pronociceptive		0.0006666666666666666
prooxidant		0.0006666666666666666
propafenone_lex	Chemical	0.0013333333333333333
propanolol_lex	Chemical	0.0006666666666666666
propensity		0.0033333333333333335
propensitymatched		0.0006666666666666666
prophylactic		0.011333333333333334
prophylactically		0.002
prophylaxis		0.010666666666666666
propidium_iodide_lex	Chemical	0.0006666666666666666
propofol_lex	Chemical	0.007333333333333333
proportion		0.002
proportional		0.0006666666666666666
proportions		0.0006666666666666666
propranolol_lex	Chemical	0.016
propylene_glycol_lex	Chemical	0.0006666666666666666
propylthio_uracil_lex	Chemical	0.0006666666666666666
propylthiouracil_lex	Chemical	0.004666666666666667
prospective		0.009333333333333334
prospectively		0.0033333333333333335
prostacyclin_lex	Chemical	0.0013333333333333333
prostaglandin_lex	Chemical	0.005333333333333333
prostaglandin_d2_lex	Chemical	0.0006666666666666666
prostaglandin_e_lex	Chemical	0.0006666666666666666
prostaglandin_e1_lex	Chemical	0.002
prostaglandin_e2_lex	Chemical	0.0026666666666666666
prostaglandin_f2_alpha_lex	Chemical	0.0013333333333333333
prostaglandin_pg_e2_lex	Chemical	0.0006666666666666666
prostaglandins_lex	Chemical	0.004
prostanoid		0.0013333333333333333
prostate		0.0013333333333333333
prostate_adenocarcinomas_lex	Disease	0.0013333333333333333
prostate_cancer_lex	Disease	0.005333333333333333
prostatespecific		0.0006666666666666666
prostatic_adenocarcinoma_lex	Disease	0.0006666666666666666
prostatitis_lex	Disease	0.0006666666666666666
prosthesis		0.0006666666666666666
prosthetic		0.002
prostigmine_lex	Chemical	0.0006666666666666666
protamine		0.0006666666666666666
protamine_sulfate_lex	Chemical	0.0006666666666666666
protease		0.0026666666666666666
proteaseinhibitor		0.0006666666666666666
proteases		0.0006666666666666666
proteasome		0.0006666666666666666
protected		0.0013333333333333333
protection		0.0013333333333333333
protective		0.008666666666666666
protector		0.0006666666666666666
protects		0.0006666666666666666
protein		0.032
protein_excretion_lex	Disease	0.0006666666666666666
proteinaceous		0.0006666666666666666
proteinase		0.0006666666666666666
proteinase3antineutrophil		0.0006666666666666666
proteinases		0.0006666666666666666
proteinbased		0.0006666666666666666
proteinmg		0.0006666666666666666
proteins		0.01
proteinuria_lex	Disease	0.024666666666666667
proteinuric_lex	Disease	0.0006666666666666666
proteinuric_injury_lex	Disease	0.0006666666666666666
proteome		0.0006666666666666666
proteomic		0.0006666666666666666
prothrombin		0.0026666666666666666
prothrombin_complex_concentrate_lex	Chemical	0.0006666666666666666
prothrombotic		0.0006666666666666666
protidogram		0.0006666666666666666
prototypic		0.0006666666666666666
protrusion		0.0006666666666666666
proved		0.0006666666666666666
proven		0.0033333333333333335
provide		0.0006666666666666666
provided		0.0006666666666666666
provoke		0.0006666666666666666
provoked		0.0006666666666666666
prox1		0.0006666666666666666
proximal		0.0006666666666666666
proximal_motor_neuropathy_lex	Disease	0.0006666666666666666
pruritus_lex	Disease	0.002
psa		0.0013333333333333333
pseudoacromegaly_lex	Disease	0.0006666666666666666
pseudoallergic		0.0006666666666666666
pseudocholinesterase		0.0006666666666666666
pseudocystic_transformation_lex	Disease	0.0006666666666666666
pseudolithiasis_lex	Disease	0.0006666666666666666
pseudomonas		0.0013333333333333333
pseudomonas_infections_lex	Disease	0.0006666666666666666
pseudoprolactinoma_lex	Disease	0.0006666666666666666
pseudotumor_cerebri_lex	Disease	0.0006666666666666666
psoriasis_lex	Disease	0.002
psoriatic_lex	Disease	0.0006666666666666666
psp_lex	Disease	0.0006666666666666666
psychiatric_lex	Disease	0.012666666666666666
psychiatric_disorders_lex	Disease	0.002
psychiatric_symptoms_lex	Disease	0.0006666666666666666
psychiatrically		0.0006666666666666666
psychiatry		0.002
psychlit		0.0006666666666666666
psychoactive		0.0013333333333333333
psychobiological_dysfunction_lex	Disease	0.0006666666666666666
psychogenic_parasitosis_lex	Disease	0.0006666666666666666
psychological		0.004666666666666667
psychological_disturbance_lex	Disease	0.0006666666666666666
psychologist		0.0006666666666666666
psychologists		0.0006666666666666666
psychometric		0.0006666666666666666
psychomotor		0.0013333333333333333
psychomotor_agitation_lex	Disease	0.0006666666666666666
psychomotor_retardation_lex	Disease	0.002
psychopathological		0.0006666666666666666
psychopathology		0.0026666666666666666
psychopaths_lex	Disease	0.0006666666666666666
psychopharmacologic		0.0006666666666666666
psychopharmacological		0.0006666666666666666
psychophysiologic		0.0006666666666666666
psychoses_lex	Disease	0.002
psychosis_lex	Disease	0.008
psychosocial		0.0006666666666666666
psychostimulant		0.002
psychostimulantinduced		0.0006666666666666666
psychotic_lex	Disease	0.002
psychotic_disorder_lex	Disease	0.0006666666666666666
psychotic_disorders_lex	Disease	0.0006666666666666666
psychotic_symptoms_lex	Disease	0.0026666666666666666
psychotic_syndromes_belonging_predominantly_to_the_schizophrenia_group_lex	Disease	0.0006666666666666666
psychotropic		0.0013333333333333333
ptcr		0.0006666666666666666
pth		0.0013333333333333333
pthrelated		0.0006666666666666666
ptosis_on_the_right_upper_lid_lex	Disease	0.0006666666666666666
ptpro		0.0006666666666666666
ptra		0.0006666666666666666
ptu_lex	Chemical	0.0013333333333333333
ptz_lex	Chemical	0.0026666666666666666
pubertal		0.0013333333333333333
puberty		0.002
published		0.0013333333333333333
pueraria		0.0006666666666666666
puerperium		0.0006666666666666666
pulmonary		0.009333333333333334
pulmonary_edema_lex	Disease	0.0033333333333333335
pulmonary_emboli_lex	Disease	0.0006666666666666666
pulmonary_embolism_lex	Disease	0.0006666666666666666
pulmonary_hypertension_lex	Disease	0.0026666666666666666
pulmonary_hypertension_syndrome_lex	Disease	0.0006666666666666666
pulmonary_lesion_lex	Disease	0.0006666666666666666
pulmonary_mass_lex	Disease	0.0006666666666666666
pulmonary_obstruction_lex	Disease	0.0006666666666666666
pulmonary_toxicity_lex	Disease	0.0006666666666666666
pulmonary_tuberculosis_lex	Disease	0.0013333333333333333
pulmonaryrenal_syndrome_lex	Disease	0.0006666666666666666
pulse		0.0013333333333333333
pulses		0.0006666666666666666
pump		0.0006666666666666666
punched		0.0006666666666666666
punctateevoked		0.0006666666666666666
puncture		0.002
pupil		0.002
pupil_dilation_lex	Disease	0.0006666666666666666
pupillary		0.0013333333333333333
pupillary_abnormalities_lex	Disease	0.0006666666666666666
pupillary_dilation_lex	Disease	0.0006666666666666666
pupillary_oscillation_lex	Disease	0.0013333333333333333
pupillometer		0.0006666666666666666
pupillometric		0.0006666666666666666
pure_red_cell_aplasia_lex	Disease	0.0006666666666666666
purine_lex	Chemical	0.0006666666666666666
purinergic		0.0006666666666666666
purinoceptor		0.0006666666666666666
puromycin_aminonucleoside_lex	Chemical	0.010666666666666666
puromycinaminonucleoside_lex	Chemical	0.0006666666666666666
purpura_lex	Disease	0.0006666666666666666
purpuric_lesions_lex	Disease	0.0013333333333333333
pustular		0.0006666666666666666
putamen		0.0013333333333333333
putaminal_hemorrhage_lex	Disease	0.0006666666666666666
pval204asppasp70glypala539thr		0.0006666666666666666
pvn		0.0006666666666666666
pyeloureteral		0.0006666666666666666
pyeloureteritis_cystica_lex	Disease	0.0006666666666666666
pyocin		0.0006666666666666666
pyramidal		0.0006666666666666666
pyrazinamide_lex	Chemical	0.0006666666666666666
pyrexia_lex	Disease	0.0006666666666666666
pyridoxal_lex	Chemical	0.0006666666666666666
pyridoxine_lex	Chemical	0.0013333333333333333
pyridoxine_hydrochloride_lex	Chemical	0.0006666666666666666
pyrimidines		0.0006666666666666666
pyrrolidine_lex	Chemical	0.0006666666666666666
pyrrolidine_dithiocarbamate_lex	Chemical	0.0013333333333333333
pyrrolidone_lex	Chemical	0.0006666666666666666
pyruvate_lex	Chemical	0.0006666666666666666
qd		0.0006666666666666666
qrs		0.002
qsqt		0.0006666666666666666
qt		0.008666666666666666
qt_interval_prolongation_lex	Disease	0.0006666666666666666
qt_prolongation_lex	Disease	0.006
qtc		0.002
qtc_interval_prolongation_lex	Disease	0.0006666666666666666
qtc_prolongation_lex	Disease	0.0006666666666666666
qtinterval_prolongation_lex	Disease	0.0006666666666666666
qtls		0.0006666666666666666
quadriparesis_lex	Disease	0.0006666666666666666
quadriplegic_lex	Disease	0.0006666666666666666
qualitatively		0.0006666666666666666
quantification		0.0006666666666666666
quantify		0.0013333333333333333
quantifying		0.0006666666666666666
quantitative		0.0006666666666666666
quantitatively		0.0006666666666666666
quantities		0.0006666666666666666
quaternary		0.0006666666666666666
quaternary_ammonium_lex	Chemical	0.0006666666666666666
quebec		0.0006666666666666666
questionnaire		0.004666666666666667
questionnaires		0.002
quetiapine_lex	Chemical	0.0026666666666666666
quickly		0.0006666666666666666
quinacrine_hydrochloride_lex	Chemical	0.0006666666666666666
quinckes_disease_lex	Disease	0.0006666666666666666
quinidine_lex	Chemical	0.002
quinidine_phenylethylbarbiturate_lex	Chemical	0.0006666666666666666
quinine_lex	Chemical	0.0033333333333333335
quinine_sulfate_lex	Chemical	0.0006666666666666666
quinpirole_lex	Chemical	0.0006666666666666666
quipazine_lex	Chemical	0.0006666666666666666
quotient		0.0006666666666666666
ra_lex	Chemical	0.0026666666666666666
rabbit		0.0006666666666666666
rabbit_syndrome_lex	Disease	0.0013333333333333333
racial		0.0006666666666666666
rad001_lex	Chemical	0.0006666666666666666
radiation		0.004
radiation_injury_lex	Disease	0.0006666666666666666
radical		0.0026666666666666666
radicals		0.0013333333333333333
radiculopathy_lex	Disease	0.0006666666666666666
radioablation		0.0006666666666666666
radioactivity		0.0013333333333333333
radiocalcium_lex	Chemical	0.0006666666666666666
radiochemotherapy		0.0006666666666666666
radiocontrast		0.0006666666666666666
radiofrequency		0.0013333333333333333
radiographic		0.004
radiography		0.0006666666666666666
radioimmunoassay		0.0026666666666666666
radioiodine		0.0006666666666666666
radiolabeled_metaiodobenzylguanidine_lex	Chemical	0.0006666666666666666
radiolabelling		0.0006666666666666666
radiologic		0.0013333333333333333
radiological		0.0026666666666666666
radiologically		0.0006666666666666666
radiology		0.0006666666666666666
radiolucent		0.0006666666666666666
radionuclide		0.0026666666666666666
radiopharmaceutical		0.0006666666666666666
radiopharmaceuticals		0.0006666666666666666
radiopharmacy		0.0006666666666666666
radiotherapy		0.004666666666666667
radius		0.0006666666666666666
raised		0.0006666666666666666
raised_intraocular_pressure_lex	Disease	0.0006666666666666666
raloxifene_lex	Chemical	0.0013333333333333333
raloxifene_hydrochloride_lex	Chemical	0.0006666666666666666
ralphamethylhistamine_lex	Chemical	0.0013333333333333333
raminobutyric_acid_lex	Chemical	0.0006666666666666666
rampant		0.0006666666666666666
ranges		0.0006666666666666666
ranitidine_lex	Chemical	0.002
rapamycin_lex	Chemical	0.006
rapid		0.0013333333333333333
rapidly		0.0013333333333333333
rare		0.016
rarer		0.0006666666666666666
rarest		0.0013333333333333333
rash_lex	Disease	0.004
rat		0.06866666666666667
rate		0.002
ratepressure		0.0013333333333333333
rates		0.0006666666666666666
rating		0.004
ratings		0.0006666666666666666
ratio		0.004666666666666667
ratios		0.0006666666666666666
rats		0.12333333333333334
ratsabstract		0.0006666666666666666
raynauds_phenomenon_lex	Disease	0.0006666666666666666
rb1_lex	Chemical	0.0006666666666666666
rbcs		0.0006666666666666666
rcbf		0.0006666666666666666
reabsorption		0.002
reaction		0.013333333333333334
reactions		0.005333333333333333
reactivation		0.0013333333333333333
reactive		0.004
reactivity		0.0006666666666666666
readings		0.0006666666666666666
readmitted		0.0006666666666666666
reappeared		0.0006666666666666666
reappearing		0.0006666666666666666
reappraisal		0.0006666666666666666
reasons		0.0006666666666666666
reassurance		0.0006666666666666666
rebound		0.002
rebounded		0.0006666666666666666
rebreathing		0.0006666666666666666
recall		0.0033333333333333335
recalled		0.0013333333333333333
recalling		0.0006666666666666666
receive		0.0013333333333333333
received		0.012666666666666666
receiving		0.009333333333333334
recent		0.0013333333333333333
recently		0.0026666666666666666
recentonset		0.0006666666666666666
receptor		0.066
receptoralpha		0.0006666666666666666
receptorassociated		0.0006666666666666666
receptorblocking		0.0006666666666666666
receptordeficient		0.0006666666666666666
receptordependent		0.0006666666666666666
receptorlike		0.0006666666666666666
receptorlinked		0.0006666666666666666
receptormediated		0.0026666666666666666
receptorpositive		0.0006666666666666666
receptors		0.044
receptorstimulating		0.0006666666666666666
recessive		0.0006666666666666666
rechallenge		0.002
rechallenged		0.0006666666666666666
recipient		0.0006666666666666666
recipients		0.0013333333333333333
recognition		0.0006666666666666666
recognize		0.0006666666666666666
recombinant		0.0006666666666666666
recommend		0.0006666666666666666
recommended		0.002
reconsidered		0.0006666666666666666
recorded		0.005333333333333333
recording		0.0013333333333333333
recordings		0.0033333333333333335
recover		0.0006666666666666666
recovered		0.0013333333333333333
recovers		0.0006666666666666666
recovery		0.028
recreational		0.0033333333333333335
rectus		0.0006666666666666666
recur		0.0013333333333333333
recurarization		0.0006666666666666666
recurred		0.002
recurrence		0.0006666666666666666
recurrent		0.006
red		0.002
red_eyes_lex	Disease	0.0006666666666666666
redox		0.0013333333333333333
reduce		0.0006666666666666666
reduced		0.007333333333333333
reduced_glutathione_lex	Chemical	0.0006666666666666666
reduced_the_supine_systolic_and_diastolic_blood_pressures_lex	Disease	0.0006666666666666666
reduces		0.0033333333333333335
reduces_frontal_lobe_oxygenation_lex	Disease	0.0006666666666666666
reducing		0.0006666666666666666
reductase		0.0033333333333333335
reduction		0.0026666666666666666
reduction_in_blood_pressure_lex	Disease	0.0006666666666666666
reduction_in_glomerular_number_lex	Disease	0.0006666666666666666
reduction_in_renal_function_lex	Disease	0.0006666666666666666
reduction_in_systolic_bp_lex	Disease	0.0006666666666666666
reductions_in_mean_arterial_blood_pressure_lex	Disease	0.0006666666666666666
reelevate		0.0006666666666666666
reentry		0.0013333333333333333
reestablished		0.0006666666666666666
reexposure		0.0026666666666666666
reference		0.0006666666666666666
referral		0.0006666666666666666
referred		0.0006666666666666666
reflex		0.007333333333333333
reflex_sympathetic_dystrophy_lex	Disease	0.0006666666666666666
reflexenhancing		0.0006666666666666666
reflexes		0.0033333333333333335
reflux_esophagitis_lex	Disease	0.0006666666666666666
refractory		0.0013333333333333333
refractory_seizures_lex	Disease	0.0006666666666666666
regenerating		0.0006666666666666666
regeneration		0.002
regenerative		0.0006666666666666666
regimen		0.004
regimens		0.002
registry		0.0006666666666666666
regressed		0.0006666666666666666
regression		0.0033333333333333335
regulation		0.0013333333333333333
regurgitation		0.0013333333333333333
rehabilitation		0.0006666666666666666
reinforcement		0.0006666666666666666
reintroduced		0.0006666666666666666
reintroduction		0.002
rejection		0.005333333333333333
relapse		0.006
relapsed		0.0033333333333333335
relapsedrefractory		0.002
relapses		0.0006666666666666666
related		0.014
relationship		0.002
relationships		0.0006666666666666666
relaxant		0.002
relaxants		0.0013333333333333333
relaxation		0.0013333333333333333
relaxing		0.0006666666666666666
release		0.0006666666666666666
releaser		0.0006666666666666666
releasing		0.0006666666666666666
relevant		0.0006666666666666666
reliability		0.0006666666666666666
relief		0.002
relieved		0.0006666666666666666
rem_sleep_deprivation_lex	Disease	0.0006666666666666666
remained		0.0026666666666666666
remaining		0.002
remarkably		0.0006666666666666666
remd_lex	Disease	0.0006666666666666666
remedies		0.0013333333333333333
remedy		0.0006666666666666666
remember		0.0006666666666666666
remifentanil_lex	Chemical	0.002
remission		0.013333333333333334
remissions		0.0013333333333333333
remitted		0.0006666666666666666
remodelling		0.0006666666666666666
removal		0.0013333333333333333
removed		0.002
remoxipride_lex	Chemical	0.0006666666666666666
renal		0.08266666666666667
renal_abnormalities_lex	Disease	0.0006666666666666666
renal_abnormality_lex	Disease	0.0006666666666666666
renal_artery_stenosis_lex	Disease	0.0006666666666666666
renal_calculi_lex	Disease	0.0013333333333333333
renal_calculus_lex	Disease	0.0006666666666666666
renal_cancer_lex	Disease	0.0006666666666666666
renal_carcinomas_lex	Disease	0.0006666666666666666
renal_cell_cancer_lex	Disease	0.0006666666666666666
renal_cell_carcinoma_lex	Disease	0.0013333333333333333
renal_cell_carsinom_lex	Disease	0.0006666666666666666
renal_damage_lex	Disease	0.008
renal_damages_lex	Disease	0.0006666666666666666
renal_disease_lex	Disease	0.006666666666666667
renal_disturbance_lex	Disease	0.0006666666666666666
renal_dysfunction_lex	Disease	0.008
renal_failure_lex	Disease	0.020666666666666667
renal_fanconi_syndrome_lex	Disease	0.0006666666666666666
renal_function_significantly_deteriorated_lex	Disease	0.0006666666666666666
renal_impairment_lex	Disease	0.004666666666666667
renal_injury_lex	Disease	0.005333333333333333
renal_insufficiency_lex	Disease	0.007333333333333333
renal_interstitial_damage_lex	Disease	0.0006666666666666666
renal_involvement_lex	Disease	0.0013333333333333333
renal_lesions_lex	Disease	0.0033333333333333335
renal_papillary_necrosis_lex	Disease	0.002
renal_tissue_damage_lex	Disease	0.0006666666666666666
renal_toxicity_lex	Disease	0.005333333333333333
renal_tubular_acidosis_lex	Disease	0.0006666666666666666
renal_tubular_dysfunction_lex	Disease	0.0006666666666666666
renal_tubular_injury_lex	Disease	0.0006666666666666666
renal_tubular_necrosis_lex	Disease	0.0006666666666666666
renally		0.0006666666666666666
renaltransplant		0.0006666666666666666
renin		0.008
reninangiotensin		0.0006666666666666666
renografin_lex	Chemical	0.0006666666666666666
renografin_seventy-six_lex	Chemical	0.0006666666666666666
renography		0.0006666666666666666
renoprotective		0.0006666666666666666
renovascular		0.0006666666666666666
renovascular_disease_lex	Disease	0.0006666666666666666
renovascular_hypertension_lex	Disease	0.0013333333333333333
reobserved		0.0006666666666666666
reorganization		0.0006666666666666666
repair		0.0006666666666666666
repeat		0.0013333333333333333
repeated		0.006
repeatedly		0.0026666666666666666
repeaters		0.0006666666666666666
reperfusion		0.002
reperfusion_injury_lex	Disease	0.0006666666666666666
repetitive		0.002
replacement		0.0006666666666666666
repleted		0.0006666666666666666
repolarization		0.0006666666666666666
report		0.04533333333333334
reported		0.028666666666666667
reporting		0.0013333333333333333
reports		0.01
represented		0.0006666666666666666
represents		0.0006666666666666666
reproducibility		0.0006666666666666666
reproducible		0.0006666666666666666
reproducibly		0.0006666666666666666
required		0.0006666666666666666
resection		0.002
resembled		0.0006666666666666666
resembling		0.0006666666666666666
reserpine_lex	Chemical	0.004
residence		0.0006666666666666666
residual		0.0006666666666666666
residue		0.0006666666666666666
resistance		0.007333333333333333
resistant		0.0013333333333333333
resolution		0.0033333333333333335
resolved		0.002
resonance		0.004666666666666667
resorption		0.0006666666666666666
respectively		0.004
respiration		0.0026666666666666666
respiratory		0.008666666666666666
respiratory_arrest_lex	Disease	0.002
respiratory_depression_lex	Disease	0.002
respiratory_distress_lex	Disease	0.0006666666666666666
respiratory_dysfunction_lex	Disease	0.0013333333333333333
respiratory_failure_lex	Disease	0.0033333333333333335
respiratory_insufficiency_lex	Disease	0.0006666666666666666
respiratory_paralysis_lex	Disease	0.0006666666666666666
respiratory_syncytial_virus_infection_lex	Disease	0.0006666666666666666
respiratory_upset_lex	Disease	0.0006666666666666666
respond		0.0006666666666666666
responders		0.0006666666666666666
response		0.005333333333333333
responses		0.0026666666666666666
responsible		0.0013333333333333333
responsive		0.0013333333333333333
responsiveness		0.0006666666666666666
restarted		0.0006666666666666666
resting		0.004
restless_legs_syndrome_lex	Disease	0.0006666666666666666
restlessness_lex	Disease	0.0033333333333333335
restoration		0.0006666666666666666
restrict		0.0006666666666666666
restricted		0.0013333333333333333
restricted_right_eye_movement_lex	Disease	0.0006666666666666666
restrictive		0.0006666666666666666
resultant		0.0006666666666666666
resulted		0.006
resulting		0.0013333333333333333
results		0.007333333333333333
resuscitate		0.0013333333333333333
resuscitated		0.0013333333333333333
resuscitation		0.004666666666666667
resuscitations		0.0006666666666666666
resuscitative		0.0006666666666666666
retained_placenta_lex	Disease	0.0006666666666666666
retarded		0.0006666666666666666
retention		0.004
retention_deficit_lex	Disease	0.0006666666666666666
retention_of_urine_lex	Disease	0.0006666666666666666
reticularis		0.0006666666666666666
reticulocytes		0.0006666666666666666
reticulocytosis_lex	Disease	0.0006666666666666666
reticuloendothelial		0.0006666666666666666
reticulothalamic		0.0006666666666666666
reticulum		0.0013333333333333333
retina		0.0013333333333333333
retinal		0.0033333333333333335
retinal_artery_and_choriocapillaris_occlusion_lex	Disease	0.0006666666666666666
retinal_artery_and_choriocapillaris_occlusions_lex	Disease	0.0006666666666666666
retinal_detachment_lex	Disease	0.0006666666666666666
retinal_ganglion_lex	Disease	0.0006666666666666666
retinal_toxicity_lex	Disease	0.0013333333333333333
retinal_vasculitis_lex	Disease	0.0013333333333333333
retinal_vein_occlusion_lex	Disease	0.002
retinoblastoma_lex	Disease	0.0006666666666666666
retinopathy_lex	Disease	0.0013333333333333333
retinyl_acetate_lex	Chemical	0.0006666666666666666
retrieval		0.0013333333333333333
retrievals		0.0006666666666666666
retrograde_amnesia_lex	Disease	0.0006666666666666666
retrospective		0.002
retrospectively		0.0006666666666666666
returned		0.0006666666666666666
reuptake		0.0013333333333333333
revascularization		0.0013333333333333333
revealed		0.002
reversal		0.0026666666666666666
reverse		0.0026666666666666666
reversed		0.0026666666666666666
reverses		0.0006666666666666666
reversibility		0.002
reversible		0.010666666666666666
review		0.0013333333333333333
reviewed		0.0013333333333333333
reviewing		0.0006666666666666666
reviews		0.0013333333333333333
revised		0.0006666666666666666
reward		0.0006666666666666666
rewarding		0.0006666666666666666
reye_lex	Disease	0.0006666666666666666
reye_syndrome_lex	Disease	0.0006666666666666666
rg1_lex	Chemical	0.0013333333333333333
rhabdomyolysis_lex	Disease	0.006
rheumatic_disease_lex	Disease	0.0006666666666666666
rheumatic_fever_lex	Disease	0.0006666666666666666
rheumatic_heart_disease_lex	Disease	0.0006666666666666666
rheumatoid_arthritis_lex	Disease	0.01
rheumatologic_disease_lex	Disease	0.0006666666666666666
rheumatologic_diseases_lex	Disease	0.0013333333333333333
rheumatologic_disorders_lex	Disease	0.0006666666666666666
rheumatology		0.0013333333333333333
rhigfi		0.0006666666666666666
rhigfitreated		0.0006666666666666666
rhizoma		0.0006666666666666666
rhizomes		0.0006666666666666666
rhorock		0.0006666666666666666
rhubarb		0.0006666666666666666
rhuepo		0.0006666666666666666
rhythm		0.006666666666666667
rhythmic		0.0013333333333333333
rhythms		0.0013333333333333333
ribavirin_lex	Chemical	0.006666666666666667
riboflavin_lex	Chemical	0.0006666666666666666
ribonucleic		0.0006666666666666666
ribonucleic_acid_lex	Chemical	0.0006666666666666666
ribosomal		0.0006666666666666666
rifampicin_lex	Chemical	0.0026666666666666666
rifampin_lex	Chemical	0.002
right		0.0006666666666666666
right_bundle_branch_block_lex	Disease	0.0006666666666666666
right_heart_failure_lex	Disease	0.0006666666666666666
righting		0.0006666666666666666
rightpawed		0.0006666666666666666
righttoleft		0.0006666666666666666
rigid		0.0013333333333333333
rigidity_lex	Disease	0.002
riha_lex	Disease	0.0006666666666666666
rilmenidine_lex	Chemical	0.0006666666666666666
rise_in_resting_blood_pressure_lex	Disease	0.0006666666666666666
risk		0.023333333333333334
riskbenefit		0.0006666666666666666
risks		0.007333333333333333
risperidone_lex	Chemical	0.006666666666666667
ritanserin_lex	Chemical	0.0006666666666666666
ritodrine_lex	Chemical	0.0006666666666666666
ritodrinhcl_lex	Chemical	0.0006666666666666666
ritonavir_lex	Chemical	0.0006666666666666666
rituximab		0.0006666666666666666
rizatriptan_lex	Chemical	0.0006666666666666666
rls_lex	Disease	0.0006666666666666666
rna		0.0033333333333333335
rnase		0.0006666666666666666
ro151788_lex	Chemical	0.0006666666666666666
ro4368554_lex	Chemical	0.0006666666666666666
rocuronium_lex	Chemical	0.0013333333333333333
rodent		0.0026666666666666666
rodents		0.005333333333333333
rofecoxib_lex	Chemical	0.0013333333333333333
room		0.0006666666666666666
roots		0.0013333333333333333
ropivacaine_lex	Chemical	0.0013333333333333333
ros		0.0013333333333333333
rosacea_lex	Disease	0.0013333333333333333
rosaceiform		0.0013333333333333333
rostral		0.0013333333333333333
rosuvastatin_lex	Chemical	0.0006666666666666666
rotation_lex	Disease	0.0013333333333333333
rotational_behavior_lex	Disease	0.0006666666666666666
rotator		0.0006666666666666666
routine		0.0006666666666666666
rpgn_lex	Disease	0.0006666666666666666
rpn_lex	Disease	0.0006666666666666666
rr		0.0006666666666666666
rrmm_lex	Disease	0.0006666666666666666
rs_lex	Disease	0.0006666666666666666
rs10942891		0.0006666666666666666
rs1aminoindan15dicarboxylic_acid_lex	Chemical	0.0006666666666666666
rs4704559		0.0006666666666666666
rs4704560		0.0006666666666666666
rs6275		0.0006666666666666666
rs6277		0.0006666666666666666
rs6693503		0.0006666666666666666
rtms		0.0013333333333333333
rubella_lex	Disease	0.0006666666666666666
rudimentary_left_uterine_cornu_lex	Disease	0.0006666666666666666
ruptured_aneurysms_lex	Disease	0.0006666666666666666
ruthenium_lex	Chemical	0.0006666666666666666
s10acetoxy1011dihydro5hdibenzobfazepine5carboxamide_lex	Chemical	0.0006666666666666666
s23121_lex	Chemical	0.0006666666666666666
s312_lex	Chemical	0.0006666666666666666
s312d_lex	Chemical	0.0006666666666666666
s312l_lex	Chemical	0.0006666666666666666
s3bromon1ethyl2pyrrolidinylmethyl26dimethoxybenz_amide_lex	Chemical	0.0006666666666666666
s53482_lex	Chemical	0.0006666666666666666
sa		0.0006666666666666666
saccades		0.0006666666666666666
sacrificed		0.0006666666666666666
saddle		0.0006666666666666666
safe		0.004
safely		0.0013333333333333333
safety		0.006666666666666667
safetyefficacy		0.0006666666666666666
sagittal		0.0013333333333333333
sah_lex	Disease	0.0006666666666666666
salbutamol_lex	Chemical	0.002
salicylate_lex	Chemical	0.0013333333333333333
salicylates_lex	Chemical	0.002
salience		0.0006666666666666666
saline		0.029333333333333333
salineinduced		0.0006666666666666666
salineinfused		0.0006666666666666666
salinepretreated		0.0006666666666666666
salineside		0.0006666666666666666
salinetreated		0.0013333333333333333
salivary		0.0006666666666666666
salivation_lex	Disease	0.0006666666666666666
salt		0.0033333333333333335
saltdepleted		0.0006666666666666666
saltloaded		0.0006666666666666666
salts		0.0006666666666666666
saltsensitive		0.0006666666666666666
saltsensitivity		0.0006666666666666666
salvage		0.0013333333333333333
salvianolic_acid_a_lex	Chemical	0.0006666666666666666
same		0.0013333333333333333
sample		0.002
samples		0.0013333333333333333
sap		0.0006666666666666666
saphenous		0.0006666666666666666
sar		0.0006666666666666666
saralasin_lex	Chemical	0.0006666666666666666
sarcolemma		0.0006666666666666666
sarcolemmal		0.0006666666666666666
sarcoma_lex	Disease	0.0006666666666666666
sarcomas_lex	Disease	0.0006666666666666666
sarcomeric		0.0006666666666666666
sarcoplasmic		0.0006666666666666666
satisfaction		0.0006666666666666666
sativus		0.0006666666666666666
saxitoxin_lex	Chemical	0.0006666666666666666
sbp		0.002
sc		0.0006666666666666666
sc48334_lex	Chemical	0.0006666666666666666
scabicide		0.0006666666666666666
scabicides		0.0006666666666666666
scabies_lex	Disease	0.0006666666666666666
scale		0.0006666666666666666
scales		0.0006666666666666666
scaleup		0.0006666666666666666
scan		0.0013333333333333333
scanning		0.0006666666666666666
scans		0.0013333333333333333
scavengers		0.0006666666666666666
sch_lex	Chemical	0.0013333333333333333
sch_twenty-three		0.0006666666666666666
schedule		0.002
scheduled		0.0006666666666666666
schedules		0.0006666666666666666
schiff		0.0006666666666666666
schizoaffective_disorder_lex	Disease	0.002
schizophrenia_lex	Disease	0.008666666666666666
schizophrenic_lex	Disease	0.006
schizophreniform_disorder_lex	Disease	0.0006666666666666666
schoolchildren		0.0006666666666666666
scintigraphic		0.0006666666666666666
scintigraphy		0.0013333333333333333
scleroderma_renal_crisis_lex	Disease	0.0006666666666666666
sclerosis_lex	Disease	0.0006666666666666666
sclerotic		0.0006666666666666666
sco2		0.0006666666666666666
scoline_lex	Chemical	0.0006666666666666666
scopolamine_lex	Chemical	0.014666666666666666
score		0.0013333333333333333
scores		0.0006666666666666666
scotoma_lex	Disease	0.0006666666666666666
scr		0.0006666666666666666
screened		0.0006666666666666666
screening		0.006
screenings		0.0006666666666666666
sealants		0.0006666666666666666
seasonal_allergic_rhinitis_lex	Disease	0.0006666666666666666
second		0.005333333333333333
secondary		0.006
secondary_hyperalgesia_lex	Disease	0.0013333333333333333
secondary_hyperparathyroidism_lex	Disease	0.0006666666666666666
secondary_infection_lex	Disease	0.0006666666666666666
secondgeneration		0.002
secondline		0.0006666666666666666
seconds		0.0013333333333333333
secreted		0.0006666666666666666
secretion		0.007333333333333333
secretions		0.0006666666666666666
secretory		0.002
sedated		0.002
sedation		0.012666666666666666
sedations		0.0013333333333333333
sedative		0.0026666666666666666
sedativehypnotic		0.0006666666666666666
sedatives		0.0013333333333333333
sedentary		0.0013333333333333333
sediment		0.0006666666666666666
seeds		0.0006666666666666666
seeing		0.0006666666666666666
seem		0.0006666666666666666
seems		0.0013333333333333333
seen		0.0006666666666666666
segmental		0.0013333333333333333
segmental_necrotizing_glomerulonephritis_lex	Disease	0.0006666666666666666
seizure_lex	Disease	0.034666666666666665
seizure_disorder_lex	Disease	0.0006666666666666666
seizures_lex	Disease	0.05266666666666667
selective		0.007333333333333333
selective_serotonin_reuptake_inhibitor_lex	Chemical	0.0006666666666666666
selectivity		0.0006666666666666666
selegiline_lex	Chemical	0.0006666666666666666
selenium_lex	Chemical	0.0006666666666666666
self		0.0006666666666666666
selfdosing		0.0006666666666666666
selflimited		0.0006666666666666666
selflimiting		0.0006666666666666666
selftreating		0.0006666666666666666
sem		0.0006666666666666666
semipurified		0.0006666666666666666
sensation		0.005333333333333333
sensations		0.0006666666666666666
sensitive		0.008666666666666666
sensitivities		0.0006666666666666666
sensitivity		0.013333333333333334
sensitization		0.005333333333333333
sensitized		0.0006666666666666666
sensorimotor		0.002
sensorimotor_neuropathy_lex	Disease	0.0006666666666666666
sensorineural_hearing_loss_lex	Disease	0.0033333333333333335
sensorium		0.0006666666666666666
sensory		0.006666666666666667
sensory_and_motor_dysfunction_lex	Disease	0.0006666666666666666
sensory_axonal_neuropathy_lex	Disease	0.0006666666666666666
sensory_disturbance_lex	Disease	0.0006666666666666666
sensory_loss_lex	Disease	0.0006666666666666666
sensory_neuropathy_lex	Disease	0.0006666666666666666
sensory_neurotoxicity_lex	Disease	0.0006666666666666666
sensorydiscriminative		0.0006666666666666666
sensorymotor		0.0006666666666666666
separate		0.0006666666666666666
sepsis_lex	Disease	0.0026666666666666666
septal		0.0006666666666666666
septal_rupture_lex	Disease	0.0006666666666666666
septic		0.0006666666666666666
septicaemia_lex	Disease	0.0006666666666666666
septicemia_lex	Disease	0.0013333333333333333
septohippocampal		0.0013333333333333333
sequential		0.0006666666666666666
ser311cys		0.0006666666666666666
sera		0.0006666666666666666
serca2		0.0006666666666666666
serial		0.0013333333333333333
serious		0.006666666666666667
sermion_lex	Chemical	0.0006666666666666666
serologic		0.0006666666666666666
serositis_lex	Disease	0.0006666666666666666
serotonergic		0.009333333333333334
serotonergic_antidepressants_lex	Chemical	0.0006666666666666666
serotonergically		0.0006666666666666666
serotonin_lex	Chemical	0.021333333333333333
serotonin_5ht2_lex	Chemical	0.0006666666666666666
serotonin_reuptake_inhibitors_lex	Chemical	0.0006666666666666666
serotonin_syndrome_lex	Disease	0.0013333333333333333
serotoninergic		0.0006666666666666666
sertraline_lex	Chemical	0.002
serum		0.07866666666666666
serumalbumin		0.0006666666666666666
serumfree		0.0006666666666666666
serums		0.0006666666666666666
serumurine		0.0006666666666666666
session		0.002
sessions		0.0013333333333333333
seven		0.004
seventeen		0.0006666666666666666
seventh		0.0006666666666666666
seventy		0.0026666666666666666
seventy-eight		0.0013333333333333333
seventy-five		0.0033333333333333335
seventy-six		0.0006666666666666666
seventy-two		0.0013333333333333333
several		0.002
severe		0.07333333333333333
severe_combined_immunodeficiency_syndrome_lex	Disease	0.0006666666666666666
severe_malaria_lex	Disease	0.0006666666666666666
severely		0.0033333333333333335
severity		0.03
sevoflurane_lex	Chemical	0.002
sex		0.002
sexcomparable		0.0006666666666666666
sexes		0.0006666666666666666
sexrelated		0.0006666666666666666
sexual		0.004
sexual_dysfunction_lex	Disease	0.004
sexual_dysfunctions_lex	Disease	0.0006666666666666666
sexual_side_effects_lex	Disease	0.0006666666666666666
sexually_dysfunctional_lex	Disease	0.0006666666666666666
sfas		0.0006666666666666666
sg145r		0.0006666666666666666
sgk1		0.0006666666666666666
shamtreated		0.0006666666666666666
she		0.004666666666666667
sheath		0.0006666666666666666
shell		0.0006666666666666666
shivering		0.0006666666666666666
shock_lex	Disease	0.0006666666666666666
shoed		0.0006666666666666666
short		0.0006666666666666666
shortly		0.0006666666666666666
shortness_of_breath_lex	Disease	0.0006666666666666666
shortterm		0.002
should		0.004666666666666667
shoulder		0.0006666666666666666
showed		0.002
shr		0.002
shrabstract		0.0006666666666666666
shrinkage		0.0006666666666666666
shunt		0.002
shunting		0.0006666666666666666
siadh_lex	Disease	0.002
siat_lex	Disease	0.0006666666666666666
sick		0.0006666666666666666
side		0.009333333333333334
sided		0.0006666666666666666
sideeffect		0.004
sideeffects		0.0033333333333333335
sigma		0.0006666666666666666
sigma1		0.0013333333333333333
sigma2		0.0013333333333333333
sigma2preferring		0.0006666666666666666
signal		0.0006666666666666666
signaling		0.007333333333333333
signalregulated		0.0006666666666666666
significance		0.0006666666666666666
significant		0.016666666666666666
significantly		0.008666666666666666
signs		0.006666666666666667
silver_lex	Chemical	0.0013333333333333333
silver_sulphadiazine_lex	Chemical	0.0006666666666666666
similar		0.01
similarity		0.0006666666666666666
simulator		0.0006666666666666666
simultaneous		0.0006666666666666666
simultaneously		0.002
simvastatin_lex	Chemical	0.004666666666666667
simvastatin_hydroxy_acid_lex	Chemical	0.0006666666666666666
simvastatin_ten_mgezetimibe_forty_mg_lex	Chemical	0.0006666666666666666
simvastatinezetimibe_lex	Chemical	0.0006666666666666666
since		0.0006666666666666666
singleagent		0.0013333333333333333
singleblind		0.0006666666666666666
singlecell		0.0006666666666666666
singlecenter		0.0006666666666666666
singlephoton		0.0013333333333333333
sinoatrial		0.0026666666666666666
sinoatrial_block_lex	Disease	0.002
sinoatrial_sa_block_lex	Disease	0.0006666666666666666
sinuatrial_disease_lex	Disease	0.0006666666666666666
sinus		0.014
sinus_arrest_lex	Disease	0.0006666666666666666
sinus_bradycardia_lex	Disease	0.002
sinus_node_dysfunction_lex	Disease	0.0006666666666666666
sinus_tachycardia_lex	Disease	0.0006666666666666666
sinus_tachycardias_lex	Disease	0.0006666666666666666
sinuscycle		0.0006666666666666666
sinusitis_lex	Disease	0.0006666666666666666
sinusoidal		0.0006666666666666666
sinusoidal_obstruction_syndrome_lex	Disease	0.0006666666666666666
siriraj		0.0006666666666666666
sirius		0.0006666666666666666
sirolimus_lex	Chemical	0.008
sirolmus_lex	Chemical	0.0006666666666666666
sister		0.0006666666666666666
sites		0.0006666666666666666
six		0.0033333333333333335
sixteen		0.0006666666666666666
sixth		0.0006666666666666666
sixty		0.0033333333333333335
sixty-one		0.0013333333333333333
sixty-seven		0.0013333333333333333
sixty-six		0.0006666666666666666
size		0.0006666666666666666
sjl		0.0006666666666666666
skeletal		0.002
sketamine_lex	Chemical	0.0006666666666666666
skin		0.009333333333333334
skin_eruptions_lex	Disease	0.0006666666666666666
skin_lesion_lex	Disease	0.0013333333333333333
skin_rash_lex	Disease	0.0026666666666666666
skin_rashes_lex	Disease	0.0006666666666666666
skin_reactions_lex	Disease	0.002
slcddy		0.0006666666666666666
sleep		0.004666666666666667
sleep_apnea_lex	Disease	0.0006666666666666666
sleep_deprivation_lex	Disease	0.0006666666666666666
sleep_disturbance_lex	Disease	0.0013333333333333333
sleep_disturbances_lex	Disease	0.0006666666666666666
sleepinducing		0.0006666666666666666
sleeping		0.0006666666666666666
sleeping_difficulties_lex	Disease	0.0006666666666666666
sleeprelated_impairments_lex	Disease	0.0006666666666666666
sleepwake		0.0006666666666666666
sleepwakefulness		0.0006666666666666666
slimonene_lex	Chemical	0.0006666666666666666
slope		0.0006666666666666666
slotblot		0.0006666666666666666
slowdown		0.0006666666666666666
slowed		0.0006666666666666666
slowing		0.0006666666666666666
slowrelease		0.0006666666666666666
sludge		0.0006666666666666666
sm5887_lex	Chemical	0.0006666666666666666
sm_twenty-one_lex	Chemical	0.0006666666666666666
smad3		0.0006666666666666666
small		0.0006666666666666666
smallbowel		0.0006666666666666666
smear		0.0006666666666666666
smell		0.0006666666666666666
smelling		0.0006666666666666666
smoke		0.0006666666666666666
smoked		0.0006666666666666666
smoker		0.0006666666666666666
smokers		0.002
smoking_lex	Chemical	0.006
smokingrelated		0.0006666666666666666
sn_lex	Chemical	0.0006666666666666666
sn_lesion_lex	Disease	0.0006666666666666666
snap		0.0006666666666666666
snarling		0.0006666666666666666
snhl_lex	Disease	0.0006666666666666666
snp_lex	Chemical	0.0013333333333333333
snpsingle		0.0006666666666666666
snr		0.0006666666666666666
social		0.0006666666666666666
sociodemographic		0.0006666666666666666
socioeconomically		0.0006666666666666666
sodium_lex	Chemical	0.018
sodium_2mercaptoethane_sulphonate_lex	Chemical	0.0006666666666666666
sodium_2sulfanylethanesulfonate_lex	Chemical	0.0006666666666666666
sodium_4phenylbutyrate_lex	Chemical	0.0006666666666666666
sodium_acetylsalicylate_lex	Chemical	0.0006666666666666666
sodium_bicarbonate_lex	Chemical	0.002
sodium_chloride_lex	Chemical	0.002
sodium_citrate_lex	Chemical	0.0013333333333333333
sodium_deoxycholate_lex	Chemical	0.0006666666666666666
sodium_nitrite_lex	Chemical	0.0006666666666666666
sodium_nitroprusside_lex	Chemical	0.004
sodium_pentobarbital_lex	Chemical	0.0006666666666666666
sodium_pentothal_lex	Chemical	0.0006666666666666666
sodium_salicylate_lex	Chemical	0.0006666666666666666
sodium_thiopental_lex	Chemical	0.0006666666666666666
sodium_thiopenthal_lex	Chemical	0.0006666666666666666
sodium_valproate_lex	Chemical	0.002
sodium_warfarin_lex	Chemical	0.0006666666666666666
solubility		0.0006666666666666666
soluble		0.0013333333333333333
solute		0.0006666666666666666
solution		0.0006666666666666666
solutions		0.0006666666666666666
solvent		0.0006666666666666666
somatic		0.0006666666666666666
somatic_rigidity_lex	Disease	0.0006666666666666666
somatosensory		0.0006666666666666666
somatostatin		0.0013333333333333333
somatotopy		0.0006666666666666666
some		0.002
somnolence_lex	Disease	0.0013333333333333333
sonicated		0.0006666666666666666
sonograms		0.0013333333333333333
sonographic		0.0006666666666666666
sonography		0.0006666666666666666
sonomicrometry		0.0006666666666666666
soon		0.0006666666666666666
sorafenib_lex	Chemical	0.0013333333333333333
sore_throat_lex	Disease	0.0006666666666666666
sotalol_lex	Chemical	0.0013333333333333333
soundinduced		0.0006666666666666666
soundsilence		0.0006666666666666666
soundsource		0.0006666666666666666
soyabean		0.0006666666666666666
sp120t		0.0006666666666666666
space		0.0006666666666666666
sparing		0.0013333333333333333
sparteine_lex	Chemical	0.0006666666666666666
spasm_lex	Disease	0.005333333333333333
spasmodic_dysphonia_lex	Disease	0.0006666666666666666
spasticity_lex	Disease	0.0006666666666666666
spatial		0.0006666666666666666
speaking		0.0006666666666666666
special		0.0026666666666666666
specific		0.0013333333333333333
specification		0.0006666666666666666
specificity		0.0006666666666666666
specified		0.0006666666666666666
specimens		0.0006666666666666666
speckle		0.0006666666666666666
spect		0.0013333333333333333
spectral		0.0006666666666666666
spectrometry		0.0006666666666666666
spectrum		0.0013333333333333333
speech		0.0013333333333333333
speed		0.0006666666666666666
sperillyl_alcohol_lex	Chemical	0.0006666666666666666
sph		0.0006666666666666666
sphenoidal		0.0006666666666666666
sphincter		0.0006666666666666666
sphincter_of_oddi_dyskinesia_lex	Disease	0.0006666666666666666
sphincterrelaxing		0.0006666666666666666
spicy		0.0006666666666666666
spike		0.0006666666666666666
spin		0.0006666666666666666
spinal		0.014
spinal_cord_injury_lex	Disease	0.0006666666666666666
spinal_cord_ischemia_lex	Disease	0.0006666666666666666
spine		0.0013333333333333333
spiperone_lex	Chemical	0.0013333333333333333
spiranolactone_lex	Chemical	0.0006666666666666666
spironolactone_lex	Chemical	0.0026666666666666666
spite		0.0006666666666666666
splenic		0.0006666666666666666
splenium		0.0006666666666666666
splenomegaly_lex	Disease	0.0006666666666666666
spondyloarthropathy_lex	Disease	0.0006666666666666666
spontaneous		0.004666666666666667
spontaneous_recurrent_seizures_lex	Disease	0.0006666666666666666
spontaneously		0.005333333333333333
sporadic		0.0006666666666666666
sporotrichosis_lex	Disease	0.0006666666666666666
spraguedawley		0.004666666666666667
spring_allergic_rhinitis_lex	Disease	0.0006666666666666666
spv		0.0006666666666666666
squamous_carcinoma_lex	Disease	0.0006666666666666666
squamous_cell_carcinoma_lex	Disease	0.0006666666666666666
squamous_cell_esophageal_carcinoma_lex	Disease	0.0006666666666666666
squamous_cell_papilloma_lex	Disease	0.0006666666666666666
sr		0.0006666666666666666
src_lex	Disease	0.0006666666666666666
srl_lex	Chemical	0.0026666666666666666
ss_lex	Disease	0.0006666666666666666
ssc_lex	Disease	0.0006666666666666666
ssr103800_lex	Chemical	0.0006666666666666666
ssri_lex	Chemical	0.002
ssriinduced		0.0006666666666666666
ssris_lex	Chemical	0.0026666666666666666
st		0.0006666666666666666
st_anthonys_fire_lex	Disease	0.0006666666666666666
stabilization		0.0006666666666666666
stabilized		0.002
stable		0.0013333333333333333
stable_angina_lex	Disease	0.0013333333333333333
stage		0.0006666666666666666
stages		0.0013333333333333333
staining		0.0026666666666666666
stainings		0.0006666666666666666
standard		0.0013333333333333333
standarddose		0.0006666666666666666
standardized		0.0013333333333333333
standing		0.0006666666666666666
staphylococcal		0.0006666666666666666
staphylococcal_infections_lex	Disease	0.0013333333333333333
staphylococcus		0.002
started		0.0006666666666666666
starting		0.0013333333333333333
startle_lex	Disease	0.0006666666666666666
starvation		0.0006666666666666666
stat3		0.0006666666666666666
statin_lex	Chemical	0.0026666666666666666
statins_lex	Chemical	0.0033333333333333335
statistical		0.0033333333333333335
statistically		0.002
statistics		0.0006666666666666666
status		0.0026666666666666666
status_epilepticus_lex	Disease	0.013333333333333334
status_migrainosus_lex	Disease	0.0006666666666666666
staying		0.0006666666666666666
steal		0.0006666666666666666
steatosis_lex	Disease	0.0006666666666666666
steering		0.0006666666666666666
steinerts_disease_lex	Disease	0.0006666666666666666
stem		0.002
stenosis_lex	Disease	0.0026666666666666666
stent		0.0006666666666666666
stenting		0.0006666666666666666
stents		0.0006666666666666666
stepwise		0.0006666666666666666
stereological		0.0006666666666666666
stereology		0.0006666666666666666
stereotactic		0.002
stereotaxic		0.0006666666666666666
stereotyped		0.0013333333333333333
stereotypies_lex	Disease	0.0013333333333333333
sterile		0.0013333333333333333
steroid_lex	Chemical	0.012
steroid_glaucoma_lex	Disease	0.0006666666666666666
steroids_lex	Chemical	0.008666666666666666
sterol_lex	Chemical	0.0006666666666666666
stevensjohnson_syndrome_lex	Disease	0.0013333333333333333
stevensjohnson_syndromes_lex	Disease	0.0006666666666666666
stiffness		0.0006666666666666666
stillbirth_lex	Disease	0.0006666666666666666
stimulant		0.006666666666666667
stimulantinduced		0.0013333333333333333
stimulants		0.0006666666666666666
stimulate		0.0006666666666666666
stimulated		0.0013333333333333333
stimulating		0.0013333333333333333
stimulation		0.029333333333333333
stimulationevoked		0.0006666666666666666
stimulations		0.0006666666666666666
stimulatory		0.0013333333333333333
stimuli		0.004
stimulus		0.002
stimulusinduced		0.0013333333333333333
stl1		0.0006666666666666666
stl2		0.0006666666666666666
stn		0.0006666666666666666
stomach		0.0013333333333333333
stomatitis_lex	Disease	0.002
stone		0.0013333333333333333
stones		0.002
stools		0.0006666666666666666
stoppage		0.0006666666666666666
stopped		0.0006666666666666666
stopping		0.0033333333333333335
strain		0.0006666666666666666
strains		0.004
stratum		0.0006666666666666666
strength		0.0013333333333333333
streptococcal		0.0006666666666666666
streptococcal_endophthalmitis_lex	Disease	0.0006666666666666666
streptococcus		0.0006666666666666666
streptomycin_lex	Chemical	0.0013333333333333333
streptozocin_lex	Chemical	0.0006666666666666666
streptozotocin_lex	Chemical	0.007333333333333333
stress		0.012666666666666666
stress_fractures_lex	Disease	0.0006666666666666666
stress_incontinence_lex	Disease	0.0013333333333333333
stressed		0.0013333333333333333
stressful		0.0006666666666666666
stressinduced		0.0006666666666666666
stressor		0.0006666666666666666
stretch		0.0006666666666666666
stretches		0.0006666666666666666
striatal		0.006
striatalresident		0.0006666666666666666
striatonigral		0.0006666666666666666
striatum		0.013333333333333334
strips		0.0006666666666666666
stroke_lex	Disease	0.014
strokes_lex	Disease	0.004
strong		0.0006666666666666666
strophanthidin_lex	Chemical	0.0006666666666666666
strophantine_g_lex	Chemical	0.0006666666666666666
structural_and_functional_impairment_of_mitochondria_lex	Disease	0.0006666666666666666
structural_damage_to_the_frontal_lobe_lex	Disease	0.0006666666666666666
structural_deficits_in_the_human_brain_lex	Disease	0.0006666666666666666
structural_lesions_of_the_brain_lex	Disease	0.0006666666666666666
structure		0.0013333333333333333
structurefunction		0.0006666666666666666
strychnine_lex	Chemical	0.0006666666666666666
stt		0.0006666666666666666
studied		0.0033333333333333335
studies		0.017333333333333333
study		0.016
stz_lex	Chemical	0.002
subanesthetic		0.0006666666666666666
subarachnoid		0.0013333333333333333
subarachnoid_haemorrhage_lex	Disease	0.0013333333333333333
subarachnoid_hemorrhage_lex	Disease	0.0033333333333333335
subcellular		0.002
subcellular_degeneration_lex	Disease	0.0006666666666666666
subconvulsant		0.0006666666666666666
subcortical		0.0013333333333333333
subcutaneous		0.005333333333333333
subcutaneously		0.0026666666666666666
subdural		0.0006666666666666666
subeffective		0.0006666666666666666
subendocardial_infarction_lex	Disease	0.0006666666666666666
subendothelial		0.0013333333333333333
subependymal		0.0006666666666666666
subepithelial		0.0006666666666666666
subfertility		0.0013333333333333333
subgroup		0.0006666666666666666
subhypnotic		0.0006666666666666666
subject		0.0006666666666666666
subjective		0.0013333333333333333
subjects		0.002
sublingual		0.0006666666666666666
sublingually		0.0013333333333333333
submitochondrial		0.0006666666666666666
submucosal		0.0006666666666666666
submucosal_hemorrhage_lex	Disease	0.0006666666666666666
suboptimal		0.0006666666666666666
subpial_necrosis_lex	Disease	0.0006666666666666666
subprotective		0.0006666666666666666
subsequent		0.0026666666666666666
subsequently		0.002
subsided		0.0013333333333333333
substance		0.0013333333333333333
substance_abuse_lex	Disease	0.0013333333333333333
substance_abuse_disorder_lex	Disease	0.0006666666666666666
substanceinduced		0.0006666666666666666
substances		0.0013333333333333333
substancespecific		0.0006666666666666666
substantia		0.0006666666666666666
substantia_nigra_lesion_lex	Disease	0.0006666666666666666
substantiate		0.0006666666666666666
substantiates		0.0006666666666666666
substituted		0.002
substituting		0.0006666666666666666
substrate		0.0006666666666666666
subthalamic		0.0013333333333333333
subthalamotomy		0.0006666666666666666
subtherapeutic		0.0006666666666666666
subtypeselective		0.0006666666666666666
subunit		0.0026666666666666666
subunits		0.002
suburothelium		0.0006666666666666666
success		0.0006666666666666666
successful		0.0006666666666666666
successfully		0.002
succimer_lex	Chemical	0.0006666666666666666
succinylcholine_lex	Chemical	0.005333333333333333
such		0.0006666666666666666
sucralfate_lex	Chemical	0.0006666666666666666
sucrose_lex	Chemical	0.0006666666666666666
sudden		0.004
sudden_cardiac_death_lex	Disease	0.0013333333333333333
sudden_death_lex	Disease	0.0026666666666666666
sudden_deterioration_of_renal_function_lex	Disease	0.0006666666666666666
suffer		0.0006666666666666666
suffered		0.006
sufferers		0.0006666666666666666
suffering		0.002
suffers		0.0006666666666666666
sugar		0.0006666666666666666
sugar_alcohols_lex	Chemical	0.0006666666666666666
sugar_dependency_lex	Disease	0.0006666666666666666
suggest		0.002
suggested		0.002
suggesting		0.0006666666666666666
suggests		0.008
suicidal		0.0026666666666666666
suicide		0.0013333333333333333
suicides		0.0006666666666666666
sulfadiazine_lex	Chemical	0.0006666666666666666
sulfamethoxazole_lex	Chemical	0.0006666666666666666
sulfasalazine_lex	Chemical	0.0013333333333333333
sulfate		0.0006666666666666666
sulfatetreated		0.0006666666666666666
sulfation		0.0006666666666666666
sulfhydryl_lex	Chemical	0.0006666666666666666
sulfonamides_lex	Chemical	0.0006666666666666666
sulfonylurea_lex	Chemical	0.0006666666666666666
sulfonylureas_lex	Chemical	0.0006666666666666666
sulindac_lex	Chemical	0.002
sulphasalazine_lex	Chemical	0.002
sulphonylurea_lex	Chemical	0.0006666666666666666
sulphonylureas_lex	Chemical	0.0006666666666666666
sulpiride_lex	Chemical	0.0013333333333333333
sumatriptan_lex	Chemical	0.002
sumatriptan_succinate_lex	Chemical	0.0006666666666666666
summarized		0.0006666666666666666
summarizes		0.0006666666666666666
summed		0.0006666666666666666
sunburn_lex	Disease	0.0006666666666666666
sunitinib_lex	Chemical	0.0006666666666666666
superficial		0.0006666666666666666
superficially		0.0006666666666666666
superior		0.0006666666666666666
superior_vena_cava_svc_syndrome_lex	Disease	0.0006666666666666666
superoxide_lex	Chemical	0.008666666666666666
supersensitivity		0.0006666666666666666
supine		0.004
supplement		0.002
supplementary		0.0006666666666666666
supplementation		0.008
supplemented		0.0033333333333333335
supplements		0.0013333333333333333
supportive		0.0006666666666666666
suppressant		0.0006666666666666666
suppressants		0.0006666666666666666
suppressed		0.0033333333333333335
suppresses		0.0006666666666666666
suppression		0.0033333333333333335
suppression_of_bone_turnover_lex	Disease	0.0006666666666666666
suppression_of_motility_lex	Disease	0.0006666666666666666
supraclinoid		0.0006666666666666666
supraglottic		0.0006666666666666666
supraoptic		0.0006666666666666666
supraphysiologic		0.0006666666666666666
supratherapeutic		0.0006666666666666666
supraventricular_tachyarrhythmia_lex	Disease	0.0006666666666666666
supraventricular_tachyarrhythmias_lex	Disease	0.0013333333333333333
supraventricular_tachycardia_lex	Disease	0.0013333333333333333
suprofen_lex	Chemical	0.0013333333333333333
sural		0.0006666666666666666
surgeon		0.0006666666666666666
surgeries		0.0006666666666666666
surgery		0.036
surgeryradiotherapy		0.0013333333333333333
surgical		0.006666666666666667
surgically		0.0006666666666666666
surreptitious		0.0006666666666666666
surveillance		0.0006666666666666666
survival		0.002
survived		0.0013333333333333333
survivors		0.0006666666666666666
susceptibility		0.006666666666666667
susceptible		0.0013333333333333333
suspected		0.004666666666666667
suspicion		0.0026666666666666666
sustained		0.007333333333333333
sustained_membrane_depolarisation_lex	Disease	0.0006666666666666666
sustainedrelease		0.0026666666666666666
sutureless		0.0006666666666666666
sutures		0.0006666666666666666
suxamethonium_lex	Chemical	0.006666666666666667
suxamethonium_chloride_lex	Chemical	0.0006666666666666666
svc_syndrome_lex	Disease	0.0006666666666666666
svr		0.0006666666666666666
swallow		0.0006666666666666666
swallowing		0.002
swallowing_abnormalities_lex	Disease	0.0006666666666666666
swallowinginduced		0.0006666666666666666
sweating_lex	Disease	0.0013333333333333333
swedish		0.0013333333333333333
swelling_lex	Disease	0.0033333333333333335
swim		0.0006666666666666666
swimming		0.0006666666666666666
switch		0.0006666666666666666
switched		0.002
switching		0.002
sympathectomy		0.0013333333333333333
sympathetic		0.013333333333333334
sympathicotomy		0.0006666666666666666
sympathoadrenal		0.0006666666666666666
sympathomimetic		0.002
symptom		0.008
symptomatic		0.010666666666666666
symptomatology		0.002
symptomfree		0.0006666666666666666
symptoms		0.074
synapse		0.0013333333333333333
synapses		0.0013333333333333333
synaptic		0.004
synaptophysin		0.0013333333333333333
synaptosomal		0.0013333333333333333
syncopal_attacks_lex	Disease	0.0013333333333333333
syncopal_episode_lex	Disease	0.0006666666666666666
syncope_lex	Disease	0.004
syndrome		0.021333333333333333
syndrome_of_inappropriate_antidiuretic_hormone_lex	Disease	0.0013333333333333333
syndrome_of_inappropriate_secretion_of_antidiuretic_hormone_lex	Disease	0.002
syndrome_of_obstructive_sleep_apnea_lex	Disease	0.0006666666666666666
syndromes		0.0033333333333333335
synergistic		0.0013333333333333333
synergistically		0.0006666666666666666
synergy		0.0006666666666666666
synovitis_lex	Disease	0.0013333333333333333
synthase		0.005333333333333333
synthase1		0.0006666666666666666
syntheses		0.0006666666666666666
synthesis		0.008666666666666666
synthesisrelease		0.0006666666666666666
synthesisturnover		0.0006666666666666666
synthesize		0.0006666666666666666
synthetase		0.0013333333333333333
synthetic		0.0013333333333333333
synthetically		0.0006666666666666666
syringe		0.0006666666666666666
system		0.0006666666666666666
systematic		0.0033333333333333335
systemic		0.009333333333333334
systemic_lupus_erythematodes_lex	Disease	0.0006666666666666666
systemic_lupus_erythematosus_lex	Disease	0.002
systemic_mastocytosis_lex	Disease	0.0006666666666666666
systemic_sclerosis_lex	Disease	0.0013333333333333333
systolic		0.024
systolic_dysfunction_lex	Disease	0.0006666666666666666
systolic_orthostatic_hypotension_lex	Disease	0.0006666666666666666
t1		0.0006666666666666666
t1weighted		0.0013333333333333333
t3_lex	Chemical	0.0006666666666666666
t35sbutylbicyclophosphorothionate_lex	Chemical	0.0006666666666666666
t4_lex	Chemical	0.0006666666666666666
t922		0.0006666666666666666
t_chebula_extract_lex	Chemical	0.0006666666666666666
tablet		0.0033333333333333335
tablets		0.006666666666666667
tac_lex	Chemical	0.0013333333333333333
tachy_or_bradycardia_lex	Disease	0.0006666666666666666
tachyarrhythmia_lex	Disease	0.0006666666666666666
tachyarrhythmias_lex	Disease	0.002
tachycardia_lex	Disease	0.012666666666666666
tachycardial_lex	Disease	0.0006666666666666666
tachydysrhythmias_lex	Disease	0.0006666666666666666
tachykinins_lex	Chemical	0.0006666666666666666
tachyphylaxis		0.0006666666666666666
tacrine_lex	Chemical	0.0013333333333333333
tacrolimus_lex	Chemical	0.016
tactile		0.0006666666666666666
tafi		0.0006666666666666666
tailflick		0.0006666666666666666
taiwanese		0.0006666666666666666
take		0.0006666666666666666
taken		0.0026666666666666666
taking		0.01
takotsubo_cardiomyopathy_lex	Disease	0.0006666666666666666
takotsubo_syndrome_lex	Disease	0.0006666666666666666
talipes_equinovarus_lex	Disease	0.0006666666666666666
tam_lex	Chemical	0.0006666666666666666
tamca_lex	Chemical	0.0006666666666666666
tamoxifen_lex	Chemical	0.004666666666666667
tardive_dsykinesia_lex	Disease	0.0006666666666666666
tardive_dyskinesia_lex	Disease	0.004
tardive_dystonia_lex	Disease	0.0006666666666666666
targetcontrolled		0.0006666666666666666
tarsorrhaphy		0.0006666666666666666
task		0.002
tasks		0.0013333333333333333
taste		0.0006666666666666666
tat1		0.0006666666666666666
taurocholic_acid_lex	Chemical	0.0006666666666666666
taurodeoxycholic_acid_lex	Chemical	0.0006666666666666666
taussigbing_malformation_lex	Disease	0.0006666666666666666
taxol_lex	Chemical	0.004
tbutyl_bicycloorthobenzoate_lex	Chemical	0.0006666666666666666
tcell		0.0026666666666666666
tcell_lymphoblastic_lymphoma_lex	Disease	0.0006666666666666666
tcr_lex	Chemical	0.0006666666666666666
tdf_lex	Chemical	0.0006666666666666666
tdi		0.0006666666666666666
tdp_lex	Disease	0.002
tdr		0.0006666666666666666
tds		0.0006666666666666666
tear		0.0006666666666666666
technetium99m_sestamibi_lex	Chemical	0.0006666666666666666
technique		0.0006666666666666666
telangiectasia_lex	Disease	0.0013333333333333333
telangiectasis_lex	Disease	0.0006666666666666666
telaprevir_lex	Chemical	0.0006666666666666666
telemetric		0.0006666666666666666
telithromycin_lex	Chemical	0.0006666666666666666
telmisartan_lex	Chemical	0.0006666666666666666
temazepam_lex	Chemical	0.0006666666666666666
temocapril_lex	Chemical	0.0006666666666666666
temperament		0.0006666666666666666
temperature		0.0013333333333333333
temporal		0.0006666666666666666
temporal_lobe_epilepsy_lex	Disease	0.004666666666666667
temporalis		0.0006666666666666666
temporally		0.0006666666666666666
temporary		0.0006666666666666666
temporomandibular_disorders_lex	Disease	0.0006666666666666666
temsirolimus_lex	Chemical	0.0006666666666666666
ten		0.004666666666666667
tended		0.0006666666666666666
tendency		0.0006666666666666666
tender_joints_lex	Disease	0.0006666666666666666
tenderness_lex	Disease	0.0006666666666666666
tenofovir_lex	Chemical	0.0013333333333333333
tenofovir_disoproxil_fumarate_lex	Chemical	0.0013333333333333333
tension		0.0006666666666666666
tensiontype_headache_lex	Disease	0.0006666666666666666
teratogenic_lex	Disease	0.002
teratogenicity_lex	Disease	0.002
teratology		0.0006666666666666666
terbinafine_lex	Chemical	0.0006666666666666666
terbutaline_lex	Chemical	0.0033333333333333335
terfenadine_lex	Chemical	0.0013333333333333333
termed		0.0006666666666666666
terminal		0.002
terminalia_chebula_lex	Chemical	0.0006666666666666666
terminals		0.0013333333333333333
termination		0.0006666666666666666
terminology		0.0006666666666666666
terms		0.0013333333333333333
terodiline_lex	Chemical	0.0006666666666666666
tertbutyls8bromo11121313atetrahydro9oxo9h_imidazo15apyrrolo21c14benzodiazepine1carboxylate_lex	Chemical	0.0006666666666666666
test		0.017333333333333333
tested		0.013333333333333334
testes		0.0006666666666666666
testicular_pain_lex	Disease	0.0006666666666666666
testing		0.006666666666666667
testosterone_lex	Chemical	0.007333333333333333
testosterone_heptylate_lex	Chemical	0.0006666666666666666
testosterone_propionate_lex	Chemical	0.0006666666666666666
testosteronedependent		0.0006666666666666666
tests		0.011333333333333334
tet_lex	Chemical	0.0006666666666666666
tetanic_lex	Disease	0.0006666666666666666
tetanus_lex	Disease	0.0006666666666666666
tetany_lex	Disease	0.0013333333333333333
tetra		0.0006666666666666666
tetrabenazine_lex	Chemical	0.0006666666666666666
tetracycline_lex	Chemical	0.0006666666666666666
tetrahydropyranyladriamycinol_lex	Chemical	0.0006666666666666666
tetrandrine_lex	Chemical	0.0006666666666666666
tetraparetic_lex	Disease	0.0006666666666666666
tetrapeptide		0.0006666666666666666
tfl		0.0006666666666666666
tgfbeta1		0.0013333333333333333
tgr		0.0006666666666666666
thai		0.0006666666666666666
thalamic_lesions_lex	Disease	0.0006666666666666666
thalamocortical		0.0006666666666666666
thalamotomy		0.0013333333333333333
thalamus		0.0006666666666666666
thalassemia_lex	Disease	0.0006666666666666666
thalassemic_lex	Disease	0.0006666666666666666
thalidomide_lex	Chemical	0.005333333333333333
thallium_lex	Chemical	0.0013333333333333333
than		0.005333333333333333
that		0.008
thc_lex	Chemical	0.0006666666666666666
the		0.018
their		0.0006666666666666666
then		0.0006666666666666666
theophylline_lex	Chemical	0.004
therapeutic		0.03933333333333333
therapeutically		0.0013333333333333333
therapeutictoxic		0.0006666666666666666
therapies		0.006
therapy		0.12533333333333332
therapyinduced		0.0013333333333333333
therapypostmortem		0.0006666666666666666
therapyresistant		0.0006666666666666666
there		0.0006666666666666666
thereafter		0.0006666666666666666
thermal		0.0006666666666666666
thermal_hyperalgesia_lex	Disease	0.0006666666666666666
thermoregulation		0.0006666666666666666
these		0.004
theta		0.0006666666666666666
thiabendazole_lex	Chemical	0.0006666666666666666
thiamine_lex	Chemical	0.002
thiamine_pyrophosphate_lex	Chemical	0.0006666666666666666
thiazide_lex	Chemical	0.0013333333333333333
thickening		0.0006666666666666666
thickness		0.0013333333333333333
thienodiazepine_lex	Chemical	0.0006666666666666666
thimmunoreactive		0.0006666666666666666
thinning		0.0006666666666666666
thiobarbituric_acid_lex	Chemical	0.0013333333333333333
thiobarbituric_acid_reactive_substances_lex	Chemical	0.0006666666666666666
thiol_lex	Chemical	0.0013333333333333333
thiols_lex	Chemical	0.0006666666666666666
thiopental_lex	Chemical	0.0013333333333333333
thiopentone_lex	Chemical	0.0033333333333333335
thioperamide_lex	Chemical	0.0006666666666666666
thioridazine_lex	Chemical	0.0006666666666666666
thiosemicarbazide_lex	Chemical	0.0006666666666666666
thiosulphate_lex	Chemical	0.0006666666666666666
thiotepa_lex	Chemical	0.0013333333333333333
third		0.002
thirdgeneration		0.0013333333333333333
thirst		0.0006666666666666666
thirsty		0.0006666666666666666
thirteen		0.0006666666666666666
thirty-eight		0.0006666666666666666
thirty-five		0.0026666666666666666
thirty-four		0.0006666666666666666
thirty-one		0.002
thirty-seven		0.0006666666666666666
thirty-six		0.0006666666666666666
thirty-two		0.0013333333333333333
thirtynine		0.0006666666666666666
thirtysix		0.0006666666666666666
this		0.012666666666666666
thoracic		0.0006666666666666666
thoracic_aortic_aneurysm_lex	Disease	0.0006666666666666666
thoracic_hematomyelia_lex	Disease	0.0006666666666666666
thoracoabdominal		0.0006666666666666666
thorazine_lex	Chemical	0.0006666666666666666
thousand		0.017333333333333333
threatening		0.0006666666666666666
three		0.0026666666666666666
three_alphahydroxy_pregnane20ones_lex	Chemical	0.0006666666666666666
three_alphahydroxy_pregnane21diol20ones_lex	Chemical	0.0006666666666666666
three_alphatropyl_2pbromophenylpropionate_lex	Chemical	0.0006666666666666666
threshold		0.002
thresholds		0.0006666666666666666
throat_pain_lex	Disease	0.0006666666666666666
thrombectomy		0.0006666666666666666
thrombi_lex	Disease	0.0026666666666666666
thrombin		0.004
thrombinactivatable		0.0006666666666666666
thrombocytopenia_lex	Disease	0.02
thrombocytopenia_type_ii_lex	Disease	0.0006666666666666666
thromboemboli_lex	Disease	0.0006666666666666666
thromboembolic_lex	Disease	0.004666666666666667
thromboembolic_disease_lex	Disease	0.0006666666666666666
thromboembolic_episodes_lex	Disease	0.0006666666666666666
thromboembolic_phenomena_lex	Disease	0.0006666666666666666
thromboembolism_lex	Disease	0.0033333333333333335
thrombogenicity		0.0006666666666666666
thrombolysis_lex	Disease	0.0006666666666666666
thrombolytic		0.0006666666666666666
thrombopenia_lex	Disease	0.0006666666666666666
thrombophlebitis_lex	Disease	0.0026666666666666666
thromboplastin		0.002
thrombopoetin		0.0006666666666666666
thromboses		0.0006666666666666666
thrombosis_lex	Disease	0.012
thrombosis_of_a_normal_renal_artery_lex	Disease	0.0006666666666666666
thrombotic_lex	Disease	0.004
thrombotic_cardiovascular_lex	Disease	0.0006666666666666666
thrombotic_microangiopathy_lex	Disease	0.0033333333333333335
thrombotic_thrombocytopenic_purpura_lex	Disease	0.0006666666666666666
thromboxane_lex	Chemical	0.0006666666666666666
thromboxane_b2_lex	Chemical	0.0006666666666666666
thrombus_lex	Disease	0.0006666666666666666
thrso3h7accck28se		0.0006666666666666666
thrush_lex	Disease	0.0006666666666666666
thus		0.0006666666666666666
thymidine_lex	Chemical	0.0013333333333333333
thymidylate		0.0006666666666666666
thymus		0.0013333333333333333
thyroarytenoid		0.0013333333333333333
thyroid		0.004666666666666667
thyroid_disease_lex	Disease	0.0013333333333333333
thyroid_disorders_lex	Disease	0.0006666666666666666
thyroid_function_abnormalities_lex	Disease	0.0006666666666666666
thyroid_illness_lex	Disease	0.0006666666666666666
thyroidectomy		0.0006666666666666666
thyroidstimulating		0.002
thyrotoxicosis_lex	Disease	0.0006666666666666666
thyrotropin_lex	Chemical	0.0013333333333333333
thyroxine_lex	Chemical	0.0033333333333333335
tia_lex	Disease	0.0006666666666666666
tiapride_lex	Chemical	0.002
tiaprofenic_acid_lex	Chemical	0.0006666666666666666
tiazofurin_lex	Chemical	0.0006666666666666666
tibialis		0.0013333333333333333
tic_disorders_lex	Disease	0.0006666666666666666
ticlike_symptoms_lex	Disease	0.0006666666666666666
ticlopidine_lex	Chemical	0.0013333333333333333
tid		0.0006666666666666666
tida		0.0006666666666666666
tie2creloxpegfp		0.0006666666666666666
tightness		0.0006666666666666666
tilt		0.0013333333333333333
tilts		0.0006666666666666666
time		0.0013333333333333333
timedependent		0.0006666666666666666
timolol_lex	Chemical	0.004
timolol_maleate_lex	Chemical	0.0013333333333333333
timp		0.0006666666666666666
timps		0.0006666666666666666
tincture_of_crataegus_lex	Chemical	0.0006666666666666666
tingling		0.0006666666666666666
tingling_or_burning_sensations_lex	Disease	0.0006666666666666666
tinnitus_lex	Disease	0.0013333333333333333
tiopronin_lex	Chemical	0.0006666666666666666
tissue		0.006
tissue_damage_lex	Disease	0.0006666666666666666
tissues		0.002
tissuespecific		0.0006666666666666666
tissuetype		0.0006666666666666666
titrate		0.0006666666666666666
titration		0.0006666666666666666
tizanidine_lex	Chemical	0.0006666666666666666
tj		0.0006666666666666666
tjassociated		0.0006666666666666666
tjs		0.0006666666666666666
tma_lex	Disease	0.0006666666666666666
tmax		0.0006666666666666666
tmp_lex	Chemical	0.0006666666666666666
tmpsmz_lex	Chemical	0.0006666666666666666
tnf		0.0006666666666666666
tnfa		0.0006666666666666666
to		0.009333333333333334
tobacco		0.0006666666666666666
tobanum_lex	Chemical	0.0006666666666666666
tobramicyn_lex	Chemical	0.0006666666666666666
tobramycin_lex	Chemical	0.0033333333333333335
tobramycin_sulfate_lex	Chemical	0.0013333333333333333
tocainide_lex	Chemical	0.0006666666666666666
tocolysis		0.0006666666666666666
tocolytic		0.0006666666666666666
tocolytics		0.0006666666666666666
tolazamide_lex	Chemical	0.0006666666666666666
tolerability		0.006
tolerance		0.006
tolerate		0.0006666666666666666
toleration		0.0006666666666666666
tolterodine_lex	Chemical	0.0006666666666666666
tomography		0.006666666666666667
tone		0.0013333333333333333
toneburst		0.0006666666666666666
tongue		0.0026666666666666666
tonic		0.006666666666666667
tonic_and_clonic_seizure_lex	Disease	0.0006666666666666666
tonic_clonic_convulsions_lex	Disease	0.0006666666666666666
tonic_pupillary_lex	Disease	0.0006666666666666666
tonic_seizures_lex	Disease	0.0006666666666666666
tonically		0.0006666666666666666
tonicclonic_convulsions_lex	Disease	0.0006666666666666666
tonicclonic_seizure_lex	Disease	0.0013333333333333333
tonicclonic_seizures_lex	Disease	0.0026666666666666666
tonotopic		0.0006666666666666666
took		0.0013333333333333333
tooth_wear_lex	Disease	0.0006666666666666666
topical		0.008666666666666666
topically		0.0013333333333333333
topiramate_lex	Chemical	0.0013333333333333333
topoisomerase		0.0006666666666666666
topotecan_lex	Chemical	0.0006666666666666666
torsade		0.0006666666666666666
torsade_de_pointes_lex	Disease	0.006666666666666667
torsades_de_pointes_lex	Disease	0.0033333333333333335
torsadogenic		0.0006666666666666666
total		0.005333333333333333
totp_lex	Chemical	0.0006666666666666666
touch		0.0006666666666666666
tourniquets		0.0006666666666666666
toxic		0.029333333333333333
toxic_dermatitis_lex	Disease	0.0006666666666666666
toxic_epidermal_necrolysis_lex	Disease	0.0006666666666666666
toxic_hepatitis_lex	Disease	0.002
toxic_liver_damage_lex	Disease	0.0006666666666666666
toxic_neurodegenerative_cascade_lex	Disease	0.0006666666666666666
toxic_neuropathy_lex	Disease	0.0006666666666666666
toxic_optic_neuropathy_lex	Disease	0.0013333333333333333
toxic_to_the_central_nervous_system_lex	Disease	0.0006666666666666666
toxicities_lex	Disease	0.006666666666666667
toxicity_lex	Disease	0.07866666666666666
toxicokinetics		0.0006666666666666666
toxicologic		0.0013333333333333333
toxicological		0.0006666666666666666
toxicology		0.0033333333333333335
toxin		0.004
toxins		0.0006666666666666666
toxoplasmosis_lex	Disease	0.0006666666666666666
tp_lex	Chemical	0.0006666666666666666
tpa		0.0006666666666666666
tpp_lex	Chemical	0.0006666666666666666
trabecular		0.0013333333333333333
trabeculectomies		0.0006666666666666666
tracheal		0.0013333333333333333
tracheotomies		0.0006666666666666666
tracheotomy		0.0006666666666666666
tract		0.002
trained		0.0026666666666666666
training		0.004
trainoffour		0.0006666666666666666
trait		0.0013333333333333333
tramadol_lex	Chemical	0.0006666666666666666
tranexamic_acid_lex	Chemical	0.004666666666666667
trans2amino3hydroxy1_two_three_4tetrahydroanaphthalene_lex	Chemical	0.0006666666666666666
transaminase		0.004
transaminasemia		0.0006666666666666666
transaminases		0.004
transcranial		0.0013333333333333333
transcriptase		0.0013333333333333333
transcription		0.002
transcriptional		0.0006666666666666666
transcriptome		0.0006666666666666666
transepithelial		0.0006666666666666666
transesophageal		0.0006666666666666666
transferred		0.0006666666666666666
transformation		0.0006666666666666666
transfusion		0.0033333333333333335
transfusionchelation		0.0006666666666666666
transfusiondependent		0.0013333333333333333
transfusions		0.0013333333333333333
transgenic		0.0033333333333333335
transient		0.01
transient_hemiparesis_lex	Disease	0.0006666666666666666
transient_ischemic_attack_lex	Disease	0.0006666666666666666
transient_neurologic_symptoms_lex	Disease	0.0006666666666666666
transiently		0.0006666666666666666
transit		0.0006666666666666666
transitional		0.002
transitory		0.0006666666666666666
transketolase		0.0006666666666666666
translocation		0.0006666666666666666
translocations		0.0006666666666666666
transmembrane		0.0006666666666666666
transmembraneous		0.0006666666666666666
transmitted		0.0006666666666666666
transmural		0.002
transmurally		0.0006666666666666666
transplant		0.020666666666666667
transplant_glomerulopathy_lex	Disease	0.0006666666666666666
transplantable		0.0013333333333333333
transplantation		0.032
transplantationa		0.0006666666666666666
transplantationassociated_microangiopathy_lex	Disease	0.0006666666666666666
transplantations		0.0013333333333333333
transplanted		0.004666666666666667
transplantfree		0.0006666666666666666
transplantrelated		0.0006666666666666666
transplants		0.0026666666666666666
transport		0.0006666666666666666
transportcompetent		0.0006666666666666666
transportdeficient		0.0006666666666666666
transporter		0.0013333333333333333
transporter1		0.0006666666666666666
transporters		0.002
transthoracic		0.0013333333333333333
transurethral		0.0006666666666666666
tranylcypromine_lex	Chemical	0.0006666666666666666
trauma_lex	Disease	0.0013333333333333333
traumatic_lex	Disease	0.0006666666666666666
traumatic_brain_injury_lex	Disease	0.0006666666666666666
trazodone_lex	Chemical	0.0013333333333333333
treadmill		0.0026666666666666666
treat		0.01
treatable		0.0006666666666666666
treated		0.10133333333333333
treating		0.0033333333333333335
treatment		0.294
treatmentemergent		0.0013333333333333333
treatmentfree		0.0006666666666666666
treatmentinduced		0.0006666666666666666
treatmentrelated		0.0026666666666666666
treatmentresistant		0.0006666666666666666
treatmentresistant_depression_lex	Disease	0.0006666666666666666
treatments		0.020666666666666667
tremor_lex	Disease	0.008
tremorgenic_lex	Disease	0.0006666666666666666
tremors_lex	Disease	0.0033333333333333335
trends		0.0006666666666666666
trental_lex	Chemical	0.0006666666666666666
trh		0.0006666666666666666
tri_lex	Chemical	0.0006666666666666666
triacylglycerol_lex	Chemical	0.0006666666666666666
trial		0.020666666666666667
trialists		0.0006666666666666666
trials		0.009333333333333334
triamcinolone_lex	Chemical	0.0013333333333333333
triamcinolone_diacetate_lex	Chemical	0.0006666666666666666
triamterene_lex	Chemical	0.0006666666666666666
triazolam_lex	Chemical	0.0006666666666666666
triazolo_lex	Chemical	0.0006666666666666666
tricaine_lex	Chemical	0.0006666666666666666
triceps		0.0006666666666666666
trichotillomania_lex	Disease	0.0006666666666666666
tricuspid		0.002
tricuspid_regurgitation_lex	Disease	0.0006666666666666666
tricuspid_valve_regurgitation_lex	Disease	0.0006666666666666666
tricyclic		0.0033333333333333335
tricyclics		0.0006666666666666666
trifluoroacetyl_lex	Chemical	0.0013333333333333333
trigeminal		0.0013333333333333333
trigeminal_neuralgia_lex	Disease	0.0013333333333333333
trigeminoparasympathetic		0.0006666666666666666
triggering		0.0013333333333333333
triggers		0.0013333333333333333
triglyceride_lex	Chemical	0.0026666666666666666
triglycerides_lex	Chemical	0.0033333333333333335
trihexyphenidyl_lex	Chemical	0.002
trihexyphenidyl_hydrochloride_lex	Chemical	0.0006666666666666666
triiodothyronine_lex	Chemical	0.0006666666666666666
trimester		0.004
trimetaphan_lex	Chemical	0.0006666666666666666
trimethaphan_lex	Chemical	0.0013333333333333333
trimethoprim_lex	Chemical	0.0013333333333333333
trimethoprimsulfamethoxazole_lex	Chemical	0.0013333333333333333
trimethoprimsulfomethoxazole_lex	Chemical	0.0006666666666666666
trimipramine_lex	Chemical	0.0006666666666666666
triniol		0.0006666666666666666
triorthotolyl_phosphate_lex	Chemical	0.0006666666666666666
triphasic		0.002
triphenyltetrazolium_lex	Chemical	0.0006666666666666666
tris_salt_lex	Chemical	0.0006666666666666666
trks		0.0006666666666666666
troleandomycin_lex	Chemical	0.0006666666666666666
tropicamide_lex	Chemical	0.0013333333333333333
troponin		0.004
troponins		0.0006666666666666666
troublesome		0.0006666666666666666
trypsin		0.0006666666666666666
tryptophan_lex	Chemical	0.0013333333333333333
ts_lex	Disease	0.0006666666666666666
tsc		0.0006666666666666666
tsh		0.0006666666666666666
tspa_lex	Chemical	0.0006666666666666666
tt		0.0006666666666666666
tube		0.0006666666666666666
tuberculosis_lex	Disease	0.004666666666666667
tuberculous_lex	Disease	0.0006666666666666666
tubes		0.0006666666666666666
tubular		0.012666666666666666
tubular_damage_lex	Disease	0.0006666666666666666
tubular_dysfunction_lex	Disease	0.0006666666666666666
tubular_injury_lex	Disease	0.0006666666666666666
tubular_lesions_lex	Disease	0.0006666666666666666
tubular_necrosis_lex	Disease	0.0026666666666666666
tubule		0.0013333333333333333
tubules		0.0026666666666666666
tubuloglomerular		0.0006666666666666666
tubulointerstial_disease_lex	Disease	0.0006666666666666666
tubulointerstitial		0.0013333333333333333
tubulointerstitial_inflammation_lex	Disease	0.0006666666666666666
tubulointerstitial_injury_lex	Disease	0.0013333333333333333
tubulointerstitial_nephritis_lex	Disease	0.0006666666666666666
tubulopathies_lex	Disease	0.0006666666666666666
tumor_lex	Disease	0.02
tumor_lysis_syndrome_lex	Disease	0.0006666666666666666
tumors_lex	Disease	0.009333333333333334
tumour_lex	Disease	0.002
tumourbearing		0.0006666666666666666
tumours_lex	Disease	0.002
tunisian		0.0006666666666666666
turner_syndrome_lex	Disease	0.0006666666666666666
twelve		0.0033333333333333335
twenty		0.0006666666666666666
twenty-eight		0.0006666666666666666
twenty-five		0.0026666666666666666
twenty-four		0.0013333333333333333
twenty-nine		0.0013333333333333333
twenty-one		0.0006666666666666666
twenty-seven		0.0006666666666666666
twenty-six		0.0006666666666666666
twenty-three_dideoxyinosine_lex	Chemical	0.0006666666666666666
twenty-two		0.0013333333333333333
twentynine		0.0006666666666666666
twice		0.0033333333333333335
twicedaily		0.0013333333333333333
twin		0.002
twins		0.0006666666666666666
twitch_lex	Disease	0.0013333333333333333
twitching		0.0013333333333333333
two		0.020666666666666667
twosided		0.0006666666666666666
txa_lex	Chemical	0.0006666666666666666
txb2_lex	Chemical	0.0006666666666666666
type		0.0006666666666666666
type_b_hepatitis_lex	Disease	0.0006666666666666666
type_ii_diabetes_mellitus_lex	Disease	0.0006666666666666666
type_iv_renal_tubular_acidosis_lex	Disease	0.0006666666666666666
type_one_diabetes_lex	Disease	0.0006666666666666666
type_two_diabetes_lex	Disease	0.0013333333333333333
type_two_diabetic_lex	Disease	0.0006666666666666666
typical		0.002
tyrdalaglynmepheglyol_lex	Chemical	0.0006666666666666666
tyrosine_lex	Chemical	0.0026666666666666666
ufh_lex	Chemical	0.0006666666666666666
uganda		0.0006666666666666666
uii_lex	Chemical	0.0006666666666666666
ulcer_lex	Disease	0.0013333333333333333
ulceration		0.0013333333333333333
ulcerative_colitis_lex	Disease	0.002
ulcerogenic		0.0006666666666666666
ulcers_lex	Disease	0.002
ulnar		0.0013333333333333333
ultradistal		0.0006666666666666666
ultrashortacting		0.0006666666666666666
ultrasonic		0.0006666666666666666
ultrasonography		0.0006666666666666666
ultrasound		0.005333333333333333
ultrastructural		0.0033333333333333335
ultrastructurally		0.0006666666666666666
um272_lex	Chemical	0.0006666666666666666
umb24_lex	Chemical	0.0006666666666666666
uml		0.0006666666666666666
unaffected		0.0006666666666666666
unanticipated		0.0006666666666666666
uncertainties		0.0013333333333333333
uncommon		0.0013333333333333333
unconscious		0.0006666666666666666
unconsciousness_lex	Disease	0.0006666666666666666
uncontrolled		0.0006666666666666666
underdiagnosed		0.0006666666666666666
undergoing		0.016666666666666666
undergone		0.002
underlying		0.0006666666666666666
underperfusion		0.0006666666666666666
underreporting		0.0006666666666666666
undertaken		0.0006666666666666666
underwent		0.004
undiagnosed		0.0006666666666666666
undifferentiated_carcinoma_lex	Disease	0.0006666666666666666
unease		0.0006666666666666666
uneventful		0.0013333333333333333
unexpectedly		0.0006666666666666666
unfractionated_heparin_lex	Chemical	0.0006666666666666666
unfractionated_heparin_sodium_lex	Chemical	0.0006666666666666666
unhappiness		0.0006666666666666666
unidirectional		0.0006666666666666666
unilateral		0.005333333333333333
uninephrectomized		0.0006666666666666666
uninephrectomy		0.0006666666666666666
unipolar		0.0006666666666666666
unipolar_depression_lex	Disease	0.0006666666666666666
unique		0.0013333333333333333
universityaffiliated		0.0006666666666666666
unknown		0.0033333333333333335
unlabeled		0.0006666666666666666
unphysiologic		0.0006666666666666666
unpredictable		0.0006666666666666666
unpremedicated		0.0006666666666666666
unrecognised		0.0006666666666666666
unrelated		0.0006666666666666666
unreported		0.0006666666666666666
unresponsive		0.002
unstable_angina_lex	Disease	0.0006666666666666666
unsuccessful		0.0006666666666666666
untreated		0.002
unusual		0.005333333333333333
up		0.0006666666666666666
updrs		0.002
upper_respiratory_tract_infection_lex	Disease	0.0006666666666666666
upperairway_obstruction_lex	Disease	0.0006666666666666666
upperextremity_deep_venous_thrombosis_lex	Disease	0.0006666666666666666
upregulation		0.0026666666666666666
upward		0.0006666666666666666
uraemia_lex	Disease	0.0006666666666666666
urate_lex	Chemical	0.0006666666666666666
urd_lex	Chemical	0.0006666666666666666
urea_lex	Chemical	0.006
urea_nitrogen_lex	Chemical	0.0006666666666666666
uremia_lex	Disease	0.0013333333333333333
uremic_lex	Disease	0.0006666666666666666
ureter		0.0013333333333333333
ureteral_lithiasis_lex	Disease	0.0006666666666666666
ureteric		0.0006666666666666666
ureteric_calculi_lex	Disease	0.0006666666666666666
ureteric_cancer_lex	Disease	0.0006666666666666666
ureteric_obstruction_lex	Disease	0.0006666666666666666
ureterovesical		0.0006666666666666666
urethane_lex	Chemical	0.0026666666666666666
urethra		0.0013333333333333333
urethral		0.0013333333333333333
urge		0.0006666666666666666
urgent		0.0013333333333333333
uric_acid_lex	Chemical	0.0026666666666666666
uric_acid_salts_lex	Chemical	0.0006666666666666666
uridine_lex	Chemical	0.0006666666666666666
urinalysis		0.002
urinary		0.032
urinary_abnormalities_lex	Disease	0.0006666666666666666
urinary_bladder_cancer_lex	Disease	0.0006666666666666666
urinary_bladder_inflammation_lex	Disease	0.0006666666666666666
urinary_bladder_retention_lex	Disease	0.0006666666666666666
urinary_incontinence_lex	Disease	0.0006666666666666666
urinary_stress_incontinence_lex	Disease	0.0006666666666666666
urinary_tract_cancer_lex	Disease	0.0006666666666666666
urinary_tract_infection_lex	Disease	0.0006666666666666666
urinary_tract_infections_lex	Disease	0.0006666666666666666
urine		0.028
urineconcentrating		0.0006666666666666666
urodynamic		0.002
urolithiasis_lex	Disease	0.0006666666666666666
urologic		0.0006666666666666666
urological		0.0006666666666666666
urologists		0.0006666666666666666
uroprophylaxis		0.0006666666666666666
urotensinii_lex	Chemical	0.0006666666666666666
urothelial_cancer_lex	Disease	0.0013333333333333333
urothelial_toxicity_lex	Disease	0.0006666666666666666
urothelium		0.0033333333333333335
urotoxic		0.0013333333333333333
urotoxicity		0.0006666666666666666
ursodeoxycholic_acid_lex	Chemical	0.0013333333333333333
urticaria_lex	Disease	0.0033333333333333335
urtication_lex	Disease	0.0006666666666666666
use		0.012
used		0.010666666666666666
user		0.0006666666666666666
users		0.0006666666666666666
uses		0.0006666666666666666
using		0.0013333333333333333
usual		0.0006666666666666666
usually		0.0006666666666666666
uteri		0.0006666666666666666
uterine		0.0026666666666666666
utero		0.002
uterotonic		0.0006666666666666666
uterus		0.0013333333333333333
utility		0.0006666666666666666
uveitis_lex	Disease	0.0013333333333333333
uvspectrophotometric		0.0006666666666666666
vaccinated		0.0006666666666666666
vaccination		0.0013333333333333333
vaccine		0.002
vacuolar_degeneration_lex	Disease	0.0006666666666666666
vacuolar_degeneration_of_myocardial_cells_lex	Disease	0.0006666666666666666
vacuoles		0.0006666666666666666
vagal		0.0013333333333333333
vagina		0.0006666666666666666
vaginal		0.0013333333333333333
vaginally		0.0006666666666666666
vaginum		0.0006666666666666666
val_lex	Chemical	0.0006666666666666666
valdecoxib_lex	Chemical	0.0006666666666666666
validity		0.0013333333333333333
valproate_lex	Chemical	0.006
valproic_acid_lex	Chemical	0.004666666666666667
valsartan_lex	Chemical	0.0013333333333333333
valuable		0.0006666666666666666
values		0.0006666666666666666
valve		0.0033333333333333335
valve_regurgitation_lex	Disease	0.0006666666666666666
valves		0.0026666666666666666
valvular_abnormalities_lex	Disease	0.0006666666666666666
valvular_disease_lex	Disease	0.0006666666666666666
valvular_heart_abnormalities_lex	Disease	0.0006666666666666666
valvular_heart_abnormality_lex	Disease	0.0006666666666666666
valvular_heart_disease_lex	Disease	0.0026666666666666666
valvular_regurgitation_lex	Disease	0.0006666666666666666
valvulopathy_lex	Disease	0.0006666666666666666
vancomycin_lex	Chemical	0.004
vancouver		0.0006666666666666666
vanishing_bile_duct_lex	Disease	0.0006666666666666666
vanishing_bile_duct_syndrome_lex	Disease	0.0006666666666666666
variability		0.002
variant		0.0006666666666666666
variant_angina_lex	Disease	0.0013333333333333333
variants		0.0013333333333333333
variation		0.0006666666666666666
varidase		0.0006666666666666666
varied		0.0013333333333333333
variety		0.0013333333333333333
vascular		0.019333333333333334
vascular_dysfunction_lex	Disease	0.0006666666666666666
vascular_dysfunctions_lex	Disease	0.0006666666666666666
vascular_events_lex	Disease	0.0006666666666666666
vascularmediated		0.0006666666666666666
vasculature		0.0013333333333333333
vasculitic_lex	Disease	0.0006666666666666666
vasculitic_disorders_lex	Disease	0.0006666666666666666
vasculitis_lex	Disease	0.005333333333333333
vasculogenic		0.0006666666666666666
vasoactive		0.005333333333333333
vasoconstriction		0.006
vasoconstrictive		0.0006666666666666666
vasodepressor		0.0006666666666666666
vasodilatation		0.002
vasodilating		0.0013333333333333333
vasodilation		0.0013333333333333333
vasodilator		0.004666666666666667
vasodilators		0.0013333333333333333
vasodilatory		0.0013333333333333333
vasogenic_edema_lex	Disease	0.0006666666666666666
vasomotor		0.0006666666666666666
vasopressin_lex	Chemical	0.0026666666666666666
vasopressor		0.004
vasoreactivity		0.0006666666666666666
vasospasm_lex	Disease	0.002
vasovagal_syncope_lex	Disease	0.0006666666666666666
vasurix_polyvidone_lex	Chemical	0.0006666666666666666
vcug		0.0006666666666666666
vecuronium_lex	Chemical	0.0006666666666666666
vecuronium_bromide_lex	Chemical	0.0006666666666666666
vegetable		0.0006666666666666666
vegf		0.002
vegf165		0.0006666666666666666
vegfr2		0.0006666666666666666
vegfr2flk1kdr		0.0006666666666666666
vegfvpf		0.0006666666666666666
vehicledrugs		0.0006666666666666666
vehiclevehicle		0.0006666666666666666
vein		0.0026666666666666666
vein_thrombosis_lex	Disease	0.0006666666666666666
veins		0.004
velocity		0.0006666666666666666
vena		0.0006666666666666666
venlafaxine_lex	Chemical	0.002
venom		0.0006666666666666666
venomotor		0.0006666666666666666
venoocclusive		0.0006666666666666666
venoocclusive_disease_of_the_liver_lex	Disease	0.0013333333333333333
venoocclusive_liver_disease_lex	Disease	0.0006666666666666666
venous		0.010666666666666666
venous_complications_lex	Disease	0.0006666666666666666
venous_congestion_lex	Disease	0.0006666666666666666
venous_sinus_thrombosis_lex	Disease	0.0006666666666666666
venous_thromboembolism_lex	Disease	0.005333333333333333
venous_thrombosis_lex	Disease	0.0013333333333333333
ventilated		0.0013333333333333333
ventilation		0.005333333333333333
ventilator		0.0006666666666666666
ventilators		0.0006666666666666666
ventilatory		0.002
ventral		0.0026666666666666666
ventralis		0.0006666666666666666
ventricle		0.004
ventricles		0.004
ventricular		0.03333333333333333
ventricular_arrhythmia_lex	Disease	0.0013333333333333333
ventricular_arrhythmias_lex	Disease	0.007333333333333333
ventricular_dilation_lex	Disease	0.0006666666666666666
ventricular_dysfunction_lex	Disease	0.0006666666666666666
ventricular_dysrhythmias_lex	Disease	0.0006666666666666666
ventricular_ectopic_beats_lex	Disease	0.0013333333333333333
ventricular_ectopy_lex	Disease	0.0006666666666666666
ventricular_fibrillation_lex	Disease	0.006666666666666667
ventricular_remodeling_lex	Disease	0.0006666666666666666
ventricular_septal_defect_lex	Disease	0.002
ventricular_septal_defects_lex	Disease	0.0006666666666666666
ventricular_septal_rupture_lex	Disease	0.0006666666666666666
ventricular_tachyarrhythmia_lex	Disease	0.0006666666666666666
ventricular_tachyarrhythmias_lex	Disease	0.002
ventricular_tachycardia_lex	Disease	0.014
ventricular_tachycardias_lex	Disease	0.0006666666666666666
ventricularly		0.0006666666666666666
ventriculoperitoneal		0.0006666666666666666
ventrolateral		0.002
veralipride_lex	Chemical	0.0006666666666666666
verapamil_lex	Chemical	0.011333333333333334
veratridine_lex	Chemical	0.0006666666666666666
verbal		0.002
versus		0.0006666666666666666
vertebral		0.0006666666666666666
vertigo_lex	Disease	0.0006666666666666666
very		0.0006666666666666666
verylowbirthweight		0.0013333333333333333
vesicles		0.0006666666666666666
vesicoprostatic		0.0006666666666666666
vessel		0.002
vessel_rupture_lex	Disease	0.0006666666666666666
vessels		0.004
vestibular		0.0013333333333333333
vestibuloocular		0.0006666666666666666
vestibulotoxicity_lex	Disease	0.0006666666666666666
veterinary		0.0006666666666666666
vgb_lex	Chemical	0.0006666666666666666
vice		0.0006666666666666666
victim		0.0006666666666666666
videofluoroscopic		0.0006666666666666666
videofluoroscopy		0.0006666666666666666
videooculography		0.0006666666666666666
view		0.0006666666666666666
vigabatrin_lex	Chemical	0.004
vigilance		0.0013333333333333333
vinca_alkaloid_lex	Chemical	0.0006666666666666666
vincristin_lex	Chemical	0.0006666666666666666
vincristine_lex	Chemical	0.004666666666666667
vincristine_sulfate_lex	Chemical	0.0006666666666666666
vincristineinduced		0.0006666666666666666
vinculin		0.0006666666666666666
vindesine_lex	Chemical	0.0006666666666666666
vinorelbine_lex	Chemical	0.002
violent_behavior_lex	Disease	0.0006666666666666666
vip		0.0013333333333333333
vips		0.0006666666666666666
viracept_lex	Chemical	0.0006666666666666666
viral		0.0026666666666666666
viral_hepatitis_lex	Disease	0.0006666666666666666
viral_infection_lex	Disease	0.0006666666666666666
virallike		0.0006666666666666666
viramidine_lex	Chemical	0.0006666666666666666
viremia_lex	Disease	0.0006666666666666666
virgaurea		0.0006666666666666666
virility		0.0006666666666666666
virologic		0.0006666666666666666
virological		0.0013333333333333333
virus		0.006
viruses		0.0013333333333333333
virusrelated		0.0006666666666666666
visceral_pain_lex	Disease	0.0006666666666666666
viscosity		0.0006666666666666666
visibility		0.0006666666666666666
vision		0.004666666666666667
visual		0.011333333333333334
visual_defects_lex	Disease	0.0006666666666666666
visual_deficits_lex	Disease	0.0006666666666666666
visual_disturbance_lex	Disease	0.0013333333333333333
visual_disturbances_lex	Disease	0.0006666666666666666
visual_field_abnormalities_lex	Disease	0.0006666666666666666
visual_field_constriction_lex	Disease	0.0006666666666666666
visual_field_defect_lex	Disease	0.0006666666666666666
visual_field_defects_lex	Disease	0.0013333333333333333
visual_field_loss_lex	Disease	0.002
visual_hallucinations_lex	Disease	0.0026666666666666666
visual_impairment_lex	Disease	0.0006666666666666666
visual_loss_lex	Disease	0.0026666666666666666
visual_toxicity_lex	Disease	0.0006666666666666666
visualevoked		0.0006666666666666666
vital		0.0006666666666666666
vitamin_a_lex	Chemical	0.0006666666666666666
vitamin_b12_lex	Chemical	0.0006666666666666666
vitamin_b6_lex	Chemical	0.0006666666666666666
vitamin_c_lex	Chemical	0.0013333333333333333
vitamin_d_lex	Chemical	0.0026666666666666666
vitamin_d2_lex	Chemical	0.0006666666666666666
vitamin_d3_lex	Chemical	0.0006666666666666666
vitamin_e_lex	Chemical	0.0033333333333333335
vitamin_k_lex	Chemical	0.0013333333333333333
vitro		0.016666666666666666
vivo		0.019333333333333334
vivoin		0.0006666666666666666
vivoprepared		0.0006666666666666666
vlbw		0.0006666666666666666
vnb_lex	Chemical	0.0006666666666666666
vnr_lex	Chemical	0.0006666666666666666
vocabulary		0.0006666666666666666
vocal		0.0013333333333333333
vocal_cord_paralysis_lex	Disease	0.0006666666666666666
vocal_fold_palsy_lex	Disease	0.0006666666666666666
vocal_nerve_palsies_lex	Disease	0.0006666666666666666
vocalization		0.0006666666666666666
vocalizations		0.0006666666666666666
vohland		0.0006666666666666666
voltage		0.0013333333333333333
voltagedependent		0.0006666666666666666
voltagesensitive		0.0006666666666666666
voltammetry		0.0006666666666666666
voltarol_lex	Chemical	0.0006666666666666666
volume		0.006666666666666667
volume_retention_lex	Disease	0.0006666666666666666
volumes		0.0013333333333333333
volumetric		0.0013333333333333333
volumetry		0.0006666666666666666
volunteers		0.0006666666666666666
vomiting_lex	Disease	0.011333333333333334
vp16213_lex	Chemical	0.0006666666666666666
vpa_lex	Chemical	0.004666666666666667
vpu_lex	Chemical	0.0006666666666666666
vt_lex	Disease	0.0013333333333333333
vte_lex	Disease	0.0033333333333333335
vulnerability		0.0013333333333333333
vupral		0.0006666666666666666
w		0.0006666666666666666
wakefulness		0.0006666666666666666
waldenstrom_macroglobulinaemia_lex	Disease	0.0006666666666666666
wall		0.002
warfarin_lex	Chemical	0.011333333333333334
warm		0.0006666666666666666
warmreactive		0.0006666666666666666
warn		0.0006666666666666666
warning		0.0026666666666666666
warnings		0.0006666666666666666
warranted		0.0033333333333333335
warrants		0.0006666666666666666
was		0.02
washing		0.0006666666666666666
water		0.006
water_intoxication_lex	Disease	0.0006666666666666666
watersoluble		0.0006666666666666666
waveform		0.0013333333333333333
waveforms		0.0006666666666666666
waves		0.002
we		0.0033333333333333335
weakness_lex	Disease	0.0033333333333333335
weakness_of_extremities_lex	Disease	0.0006666666666666666
weakness_of_the_central_nervous_system_lex	Disease	0.0006666666666666666
weeks		0.006666666666666667
wegeners_granulomatosis_lex	Disease	0.0013333333333333333
weight		0.011333333333333334
weight_gain_lex	Disease	0.0033333333333333335
weight_loss_lex	Disease	0.0026666666666666666
weightcontrol		0.0006666666666666666
well		0.0026666666666666666
welldemarcated		0.0006666666666666666
welldifferentiated		0.0006666666666666666
wellknown		0.0006666666666666666
welltolerated		0.004
were		0.0026666666666666666
wernickekorsakoff_syndrome_lex	Disease	0.0006666666666666666
wernickes_encephalopathy_lex	Disease	0.0006666666666666666
wet		0.0006666666666666666
wheezing_lex	Disease	0.0006666666666666666
when		0.0006666666666666666
whereas		0.0006666666666666666
whereby		0.0006666666666666666
whether		0.0026666666666666666
which		0.0006666666666666666
while		0.004666666666666667
white		0.002
white_matter_abnormalities_lex	Disease	0.0013333333333333333
white_matter_edema_lex	Disease	0.0006666666666666666
whitecell		0.0006666666666666666
who		0.0026666666666666666
whom		0.0013333333333333333
why		0.0006666666666666666
widefield		0.0006666666666666666
widely		0.0026666666666666666
widening		0.0006666666666666666
wilcoxon		0.0006666666666666666
will		0.0013333333333333333
wilms_tumor_lex	Disease	0.0006666666666666666
wilson_disease_lex	Disease	0.0006666666666666666
wilsons_disease_lex	Disease	0.002
wine		0.0006666666666666666
wiskottaldrich_syndrome_lex	Disease	0.0006666666666666666
wistar		0.0013333333333333333
with		0.015333333333333332
withdraw		0.0006666666666666666
withdrawal		0.027333333333333334
withdrawal_symptoms_lex	Disease	0.0006666666666666666
withdrawalemergent		0.0006666666666666666
withdrawing		0.0006666666666666666
withdrawn		0.004
withdrew		0.0006666666666666666
within		0.0006666666666666666
withinsubject		0.0006666666666666666
witnessed		0.0006666666666666666
wk		0.0006666666666666666
wolffparkinsonwhite_syndrome_lex	Disease	0.0013333333333333333
woman		0.014666666666666666
womanyears		0.0006666666666666666
women		0.014666666666666666
worldwide		0.0006666666666666666
worsened		0.0006666666666666666
worsening		0.0006666666666666666
would		0.0013333333333333333
wound		0.0006666666666666666
wounds		0.0006666666666666666
wpw_syndrome_lex	Disease	0.0006666666666666666
wrist		0.0013333333333333333
x		0.0006666666666666666
xanthine_lex	Chemical	0.0006666666666666666
xdrtb_lex	Disease	0.0006666666666666666
xenon_lex	Chemical	0.0006666666666666666
xerostomia_lex	Disease	0.0006666666666666666
ximelagatran_lex	Chemical	0.0006666666666666666
xminute		0.0006666666666666666
xray		0.0013333333333333333
xylazine_lex	Chemical	0.0006666666666666666
xylometazoline_lex	Chemical	0.0006666666666666666
yahr		0.0006666666666666666
year		0.0006666666666666666
years		0.0013333333333333333
yellow		0.0006666666666666666
ymdd		0.0006666666666666666
ymrs		0.0006666666666666666
yohimbine_lex	Chemical	0.0026666666666666666
young		0.0033333333333333335
younger		0.002
youth		0.0006666666666666666
zdv_lex	Chemical	0.0006666666666666666
zero		0.0006666666666666666
zidovudine_lex	Chemical	0.005333333333333333
zinc_lex	Chemical	0.0013333333333333333
zinc_acetate_lex	Chemical	0.0006666666666666666
ziprasidone_lex	Chemical	0.0013333333333333333
zn_lex	Chemical	0.0006666666666666666
znso4_lex	Chemical	0.0006666666666666666
zollingerellison_syndrome_lex	Disease	0.0013333333333333333
zolmitriptan_lex	Chemical	0.0006666666666666666
zonisamide_lex	Chemical	0.0013333333333333333
zopiclone_lex	Chemical	0.0006666666666666666
zuclopenthixol_lex	Chemical	0.0006666666666666666
zungconde		0.0006666666666666666
zyban_lex	Chemical	0.0006666666666666666
zymosan		0.0006666666666666666
aluminium_lex	Chemical	0.0
amca_lex	Chemical	0.0
cor_pulmonale_lex	Disease	0.0
acriflavine_lex	Chemical	0.0
pan_lex	Chemical	0.0
deformations_lex	Disease	0.0
excessive_flexion_or_extension_of_one_or_more_toes_lex	Disease	0.0
cranial_hemorrhage_lex	Disease	0.0
eps_lex	Disease	0.0
fan_lex	Chemical	0.0
ep_lex	Chemical	0.0
gammacarboxyglutamate_lex	Chemical	0.0
la_lex	Chemical	0.0
gr_fifty-five thousand, five hundred and sixty-two_lex	Chemical	0.0
cp_ninety-three thousand, one hundred and twenty-nine_lex	Chemical	0.0
penile_erection_lex	Disease	0.0
tissue_injury_lex	Disease	0.0
bumetanide_lex	Chemical	0.0
skin_cancers_lex	Disease	0.0
intestinal_tumors_lex	Disease	0.0
alphabetamethylene_adenosine5triphosphate_lex	Chemical	0.0
alphabetameatp_lex	Chemical	0.0
4diphenylacetoxynmethylpiperidine_lex	Chemical	0.0
4damp_lex	Chemical	0.0
methoctramine_lex	Chemical	0.0
tiredness_lex	Disease	0.0
giddiness_lex	Disease	0.0
3ma_lex	Chemical	0.0
hitt_lex	Disease	0.0
renal_and_kidney_disease_lex	Disease	0.0
sr48692_lex	Chemical	0.0
mk486_lex	Chemical	0.0
fla63_lex	Chemical	0.0
5htp_lex	Chemical	0.0
bpopll_lex	Chemical	0.0
amp_lex	Chemical	0.0
bpo_lex	Chemical	0.0
mdm_lex	Disease	0.0
ng_lex	Chemical	0.0
mfl_lex	Chemical	0.0
impaired_heart_function_lex	Disease	0.0
incomprehensible_shouts_lex	Disease	0.0
pg9_lex	Chemical	0.0
set126_lex	Chemical	0.0
oc_lex	Chemical	0.0
tg_lex	Disease	0.0
malignant_hypertension_lex	Disease	0.0
immunologic_injury_lex	Disease	0.0
bd1063_lex	Chemical	0.0
dtg_lex	Chemical	0.0
e4031_lex	Chemical	0.0
ach_lex	Chemical	0.0
lhrha_lex	Chemical	0.0
op_lex	Chemical	0.0
dfp_lex	Chemical	0.0
sarin_lex	Chemical	0.0
soman_lex	Chemical	0.0
ops_lex	Chemical	0.0
2pam_lex	Chemical	0.0
n6cyclopentyl_adenosine_lex	Chemical	0.0
a_reduced_locomotor_activity_lex	Disease	0.0
dce_lex	Chemical	0.0
repetitive_behaviors_lex	Disease	0.0
ne_lex	Chemical	0.0
aripiprazole_lex	Chemical	0.0
hoarding_lex	Disease	0.0
iva_lex	Chemical	0.0
fanconis_syndrome_lex	Disease	0.0
tdfs_lex	Disease	0.0
sch_twenty-three thousand, three hundred and ninety_lex	Chemical	0.0
raclopride_lex	Chemical	0.0
phno_lex	Chemical	0.0
skf_thirty-eight thousand, three hundred and ninety-three_lex	Chemical	0.0
abnormal_audiograms_with_deficits_mostly_in_the_high_frequency_range_of_four thousand_to_eight thousand_hz_lex	Disease	0.0
permanent_disability_lex	Disease	0.0
polyethylene_glycol_four hundred_lex	Chemical	0.0
peg_four hundred_lex	Chemical	0.0
enuresis_lex	Disease	0.0
dup_seven hundred and fifty-three_lex	Chemical	0.0
hcfc_one hundred and twenty-three_lex	Chemical	0.0
hcfc_one hundred and twenty-four_lex	Chemical	0.0
alphat_lex	Chemical	0.0
alphatocopherol_acetate_lex	Chemical	0.0
alphatac_lex	Chemical	0.0
aaph_lex	Chemical	0.0
tocopherols_lex	Chemical	0.0
lname_lex	Chemical	0.0
ami_lex	Chemical	0.0
charcoal_lex	Chemical	0.0
vfd_lex	Disease	0.0
se_lex	Disease	0.0
hexamethonium_chloride_lex	Chemical	0.0
hypolocomotion_lex	Disease	0.0
nacetylcysteine_lex	Chemical	0.0
acei_lex	Chemical	0.0
increased_sbp_lex	Disease	0.0
uridine_diphosphate_lex	Chemical	0.0
dislocation_lex	Disease	0.0
clumsiness_lex	Disease	0.0
ataxic_movements_lex	Disease	0.0
fl_lex	Chemical	0.0
dormex_lex	Chemical	0.0
wr242511_lex	Chemical	0.0
microangiopathies_lex	Disease	0.0
hoe140_lex	Chemical	0.0
12dmh_lex	Chemical	0.0
tc99msestamibi_lex	Chemical	0.0
sestamibi_lex	Chemical	0.0
ro_four hundred and five thousand, nine hundred and sixty-seven_lex	Chemical	0.0
adefovir_lex	Chemical	0.0
apamin_lex	Chemical	0.0
extrapyramidal_signs_lex	Disease	0.0
mpep_lex	Chemical	0.0
2methyl6phenylethynylpyridine_lex	Chemical	0.0
lid_lex	Disease	0.0
overdosages_lex	Disease	0.0
cips_lex	Disease	0.0
dnr_lex	Chemical	0.0
transverse_limb_deficiency_lex	Disease	0.0
diaphragmatic_hernia_lex	Disease	0.0
cleft_lip_lex	Disease	0.0
quinolones_lex	Chemical	0.0
fatty_change_lex	Disease	0.0
arthralgias_lex	Disease	0.0
phlebitis_lex	Disease	0.0
basal_cell_carcinoma_lex	Disease	0.0
ptx_lex	Chemical	0.0
mpa_lex	Chemical	0.0
bcc_lex	Chemical	0.0
dmcm_lex	Chemical	0.0
str_lex	Chemical	0.0
3htbob_lex	Chemical	0.0
nsc_three hundred and forty-three thousand, four hundred and ninety-nine_lex	Chemical	0.0
embolic_events_lex	Disease	0.0
idraparinux_lex	Chemical	0.0
cardiac_remodelling_lex	Disease	0.0
nra0160_lex	Chemical	0.0
map_lex	Chemical	0.0
cardiac_tamponade_lex	Disease	0.0
stuporous_lex	Disease	0.0
mmf_lex	Chemical	0.0
ramh_lex	Chemical	0.0
thp_lex	Chemical	0.0
wr2721_lex	Chemical	0.0
trp_lex	Chemical	0.0
55dimethyl33fluorophenyl44methylsulphonyl_phenyl25hfuranon_lex	Chemical	0.0
increase_of_external_and_skeletal_variations_lex	Disease	0.0
srs_lex	Disease	0.0
cr_lex	Chemical	0.0
dbp_reduction_lex	Disease	0.0
tnss_lex	Disease	0.0
udca_lex	Chemical	0.0
ly274614_lex	Chemical	0.0
iprindole_lex	Chemical	0.0
fits_lex	Disease	0.0
taa_lex	Disease	0.0
pac_lex	Chemical	0.0
tariquidar_lex	Chemical	0.0
injury_to_the_brain_lex	Disease	0.0
hemorrhaging_lex	Disease	0.0
hypersalivation_lex	Disease	0.0
miosis_lex	Disease	0.0
proteus_mirabilis_infection_lex	Disease	0.0
phonophobia_lex	Disease	0.0
bleomycin_lex	Chemical	0.0
vp_lex	Chemical	0.0
cpm_lex	Chemical	0.0
multiorgan_failure_lex	Disease	0.0
exanthema_lex	Disease	0.0
hoe_one hundred and forty_lex	Chemical	0.0
des_arg10_hoe_one hundred and forty_lex	Chemical	0.0
desarg10hoe_one hundred and forty_lex	Chemical	0.0
ddi_lex	Chemical	0.0
3aminopropyldiethoxymethylphosphinic_acid_lex	Chemical	0.0
2methoxy4amino5chlorobenzoic_acid_2diethylaminoethyl_ester_lex	Chemical	0.0
pentylenetetrezol_lex	Chemical	0.0
acc9089_lex	Chemical	0.0
fk_five hundred and six_lex	Chemical	0.0
fr_one hundred and thirty-nine thousand, three hundred and seventeen_lex	Chemical	0.0
sd_lex	Disease	0.0
nucleoside_lex	Chemical	0.0
td_lex	Disease	0.0
dopac_lex	Chemical	0.0
hva_lex	Chemical	0.0
tle_lex	Disease	0.0
rupture_lex	Disease	0.0
mds_lex	Disease	0.0
sos_lex	Disease	0.0
bay_k8644_lex	Chemical	0.0
flatulence_lex	Disease	0.0
camp_lex	Chemical	0.0
gi_aes_lex	Disease	0.0
qtp_lex	Chemical	0.0
dvp_lex	Chemical	0.0
increase_in_map_lex	Disease	0.0
malnutrition_lex	Disease	0.0
incoordination_lex	Disease	0.0
a86929_lex	Chemical	0.0
skf82958_lex	Chemical	0.0
a77636_lex	Chemical	0.0
5ar11bs455a6711bhexahydro2propyl3thia5_azacyclopent1_enacphenathrene910diol_lex	Chemical	0.0
ap7_lex	Chemical	0.0
amn082_lex	Chemical	0.0
ischaemic_injury_lex	Disease	0.0
ob_lex	Disease	0.0
isph_lex	Chemical	0.0
triphenyl_tetrazolium_chloride_lex	Chemical	0.0
ttc_lex	Chemical	0.0
dimethyl_sulphoxide_lex	Chemical	0.0
ad_lex	Disease	0.0
hypertriglyceridaemia_lex	Disease	0.0
8ohdpat_lex	Chemical	0.0
spastic_paraparesis_lex	Disease	0.0
stx_lex	Chemical	0.0
iddm_lex	Disease	0.0
ptld_lex	Disease	0.0
15f2tisop_lex	Chemical	0.0
lpo_lex	Chemical	0.0
tbars_lex	Chemical	0.0
4enevpa_lex	Chemical	0.0
24dienevpa_lex	Chemical	0.0
isosorbide_lex	Chemical	0.0
sle_lex	Disease	0.0
cq_lex	Chemical	0.0
digeorge_syndrome_lex	Disease	0.0
progressive_renal_failure_lex	Disease	0.0
interferonalpha_lex	Chemical	0.0
altered_taste_perception_lex	Disease	0.0
rp_sixty-seven thousand, five hundred and eighty_lex	Chemical	0.0
sr_forty-eight thousand, nine hundred and sixty-eight_lex	Chemical	0.0
prostanoids_lex	Chemical	0.0
ah6809_lex	Chemical	0.0
nitrates_lex	Chemical	0.0
nicorandil_lex	Chemical	0.0
dcm_lex	Disease	0.0
uh_lex	Chemical	0.0
ka_lex	Chemical	0.0
rapa_lex	Chemical	0.0
facial_dysmorphism_lex	Disease	0.0
aphtous_ulcers_lex	Disease	0.0
rosens_t5_or_t10_protocol_lex	Chemical	0.0
cresyl_violet_lex	Chemical	0.0
bun_lex	Chemical	0.0
gyki41_nine hundred_lex	Chemical	0.0
cyanoacrylate_lex	Chemical	0.0
phz_lex	Chemical	0.0
mibg_lex	Chemical	0.0
rauwolscine_lex	Chemical	0.0
abbott53693_lex	Chemical	0.0
dm_lex	Disease	0.0
fatiguability_lex	Disease	0.0
oct_lex	Chemical	0.0
woven_osteoid_lex	Disease	0.0
vf_lex	Disease	0.0
visual_halos_or_blurring_lex	Disease	0.0
pulmonary_interstitial_infiltrates_lex	Disease	0.0
mellaril_lex	Chemical	0.0
aventyl_lex	Chemical	0.0
elavil_lex	Chemical	0.0
mk212_lex	Chemical	0.0
4diphenylacetoxynmethylpiperidinemethiodide_lex	Chemical	0.0
scotomata_lex	Disease	0.0
2bromoethylamine_lex	Chemical	0.0
bea_lex	Chemical	0.0
naa_lex	Chemical	0.0
digitalis_lex	Chemical	0.0
reduced_cerebellar_growth_lex	Disease	0.0
decreased_cranial_to_body_growth_lex	Disease	0.0
aida_lex	Chemical	0.0
mda_lex	Chemical	0.0
advanced_disease_lex	Disease	0.0
cl_lex	Chemical	0.0
t_lex	Chemical	0.0
ndma_lex	Chemical	0.0
cobalt_chloride_lex	Chemical	0.0
ns_lex	Disease	0.0
pah_lex	Chemical	0.0
paralyzed_lex	Disease	0.0
5mdot_lex	Chemical	0.0
cb_three thousand, seven hundred and seventeen_lex	Chemical	0.0
apomophine_lex	Chemical	0.0
m_lex	Chemical	0.0
reduction_of_food_intake_lex	Disease	0.0
trans34dichloronmethyln21pyrrolidinyl_cyclohexylbenzeneactemide_lex	Chemical	0.0
ag_lex	Chemical	0.0
contractures_lex	Disease	0.0
five_flourouracil_lex	Chemical	0.0
abs_lex	Disease	0.0
akinesis_lex	Disease	0.0
den_lex	Chemical	0.0
5hiaa_lex	Chemical	0.0
cs_lex	Chemical	0.0
cse_lex	Chemical	0.0
cough_lex	Disease	0.0
icrf187_lex	Chemical	0.0
ro_one hundred and thirty-five thousand and fifty-seven_lex	Chemical	0.0
pyrrolidinone_lex	Chemical	0.0
bn_fifty-two thousand and twenty-one_lex	Chemical	0.0
bau_lex	Chemical	0.0
e_lex	Chemical	0.0
eai_lex	Chemical	0.0
writhing_lex	Disease	0.0
cgs_twenty-one thousand, six hundred and eighty_lex	Chemical	0.0
benserazide_lex	Chemical	0.0
mcpp_lex	Chemical	0.0
vsds_lex	Disease	0.0
midline_defects_lex	Disease	0.0
dh_lex	Disease	0.0
vsd_lex	Disease	0.0
hydrocephalus_lex	Disease	0.0
57dcka_lex	Chemical	0.0
haematuria_lex	Disease	0.0
pollakisuria_lex	Disease	0.0
pas_lex	Disease	0.0
msh_lex	Chemical	0.0
dmed_lex	Chemical	0.0
dg5128_lex	Chemical	0.0
bethanechol_lex	Chemical	0.0
hypotony_lex	Disease	0.0
pj34_lex	Chemical	0.0
nsvt_lex	Disease	0.0
idm_lex	Chemical	0.0
suramin_lex	Chemical	0.0
gr_eighty-two thousand, three hundred and thirty-four_lex	Chemical	0.0
cvds_lex	Disease	0.0
rd_lex	Chemical	0.0
al_lex	Disease	0.0
hit_ii_lex	Disease	0.0
memantine_lex	Chemical	0.0
tna_lex	Chemical	0.0
tls_lex	Disease	0.0
gadolinium_lex	Chemical	0.0
poag_lex	Disease	0.0
re_lex	Chemical	0.0
dvt_lex	Disease	0.0
hyper_lex	Disease	0.0
dutp_lex	Chemical	0.0
biotin_lex	Chemical	0.0
skin_diseases_lex	Disease	0.0
diarrheas_lex	Disease	0.0
eosin_lex	Chemical	0.0
ndi_lex	Disease	0.0
mivacurium_lex	Chemical	0.0
btc_lex	Chemical	0.0
fluoride_lex	Chemical	0.0
hydrogen_lex	Chemical	0.0
malate_lex	Chemical	0.0
follicular_cell_lymphoma_lex	Disease	0.0
ias_lex	Chemical	0.0
dianabol_lex	Chemical	0.0
ciba_lex	Chemical	0.0
stippled_epiphyses_lex	Disease	0.0
glu_lex	Chemical	0.0
mhpg_lex	Chemical	0.0
myxomatous_degeneration_lex	Disease	0.0
hypokinesis_lex	Disease	0.0
ari_lex	Disease	0.0
inappetence_lex	Disease	0.0
25dioacetyldglucaro1463dilactone_lex	Chemical	0.0
saccharic_acid_lex	Chemical	0.0
tca_lex	Chemical	0.0
35stbps_lex	Chemical	0.0
ro_one hundred and sixty-six thousand and twenty-eight_lex	Chemical	0.0
isoniazide_lex	Chemical	0.0
metabolic_derangement_lex	Disease	0.0
hpma_lex	Chemical	0.0
dec_lex	Chemical	0.0
gssg_lex	Chemical	0.0
emergency_department_lex	Disease	0.0
agsd_lex	Chemical	0.0
i_lex	Chemical	0.0
naoh_lex	Chemical	0.0
necroses_lex	Disease	0.0
motor_deficits_lex	Disease	0.0
fsgs_lex	Disease	0.0
amns_lex	Chemical	0.0
ps_lex	Chemical	0.0
dl4aminohex5enoic_acid_lex	Chemical	0.0
antmi_lex	Disease	0.0
ta064_lex	Chemical	0.0
pgf2_alpha_lex	Chemical	0.0
carbon_lex	Chemical	0.0
toxocity_lex	Disease	0.0
premarin_lex	Chemical	0.0
aza_lex	Chemical	0.0
doca_lex	Chemical	0.0
sa_block_lex	Disease	0.0
hmm_lex	Chemical	0.0
cgmp_lex	Chemical	0.0
dmtu_lex	Chemical	0.0
phe_lex	Chemical	0.0
ganciclovir_lex	Chemical	0.0
movement_difficulties_lex	Disease	0.0
tubulointerstitial_damage_lex	Disease	0.0
hypercapnic_lex	Disease	0.0
ocs_lex	Chemical	0.0
dep_lex	Chemical	0.0
levcromakalim_lex	Chemical	0.0
hoechst_thirty-three thousand, three hundred and forty-two_lex	Chemical	0.0
ncq436_lex	Chemical	0.0
ncq344_lex	Chemical	0.0
phenols_lex	Chemical	0.0
fla797_lex	Chemical	0.0
pph_lex	Disease	0.0
damb_lex	Chemical	0.0
epss_lex	Disease	0.0
ce_lex	Chemical	0.0
oral_ulcers_lex	Disease	0.0
azimilide_lex	Chemical	0.0
cu_lex	Chemical	0.0
vomitus_lex	Disease	0.0
ain_lex	Disease	0.0
neca_lex	Chemical	0.0
dmpx_lex	Chemical	0.0
cpt_lex	Chemical	0.0
aluminum_chloride_lex	Chemical	0.0
vds_lex	Chemical	0.0
gliosis_lex	Disease	0.0
di_lex	Disease	0.0
4hne_lex	Chemical	0.0
3nt_lex	Chemical	0.0
htn_lex	Disease	0.0
pyrazolones_lex	Chemical	0.0
transient_ischaemic_attacks_lex	Disease	0.0
dili_lex	Disease	0.0
vcm_lex	Chemical	0.0
desquamation_lex	Disease	0.0
domperione_lex	Chemical	0.0
c_lex	Chemical	0.0
afl_lex	Disease	0.0
tempol_lex	Chemical	0.0
bia_two thousand and ninety-three_lex	Chemical	0.0
sh_lex	Chemical	0.0
trypan_blue_lex	Chemical	0.0
chill_lex	Disease	0.0
loss_of_hearing_lex	Disease	0.0
pvc_lex	Disease	0.0
potassium_aspartate_lex	Chemical	0.0
electrolyte_disorder_lex	Disease	0.0
gtcs_lex	Disease	0.0
atin_lex	Disease	0.0
ie_lex	Disease	0.0
3tc_lex	Chemical	0.0
nvp_lex	Chemical	0.0
cle_lex	Disease	0.0
neoplasm_lex	Disease	0.0
los_lex	Chemical	0.0
penk_lex	Chemical	0.0
fhf_lex	Disease	0.0
cld_lex	Disease	0.0
ramipril_lex	Chemical	0.0
tazobactam_lex	Chemical	0.0
