term	sem	KeyLLM
		0.0006666666666666666
112dihydro2acenaphthylenylpiperazine_lex	Chemical	0.0006666666666666666
11deoxycortisol_lex	Chemical	0.0006666666666666666
11dichloro222trifluoroethane_lex	Chemical	0.0006666666666666666
11ketopregnenolone_sulphate_lex	Chemical	0.0006666666666666666
125dihydroxyvitamin_d_lex	Chemical	0.0006666666666666666
125oh2d_lex	Chemical	0.0006666666666666666
12dimethylhydrazine_lex	Chemical	0.0006666666666666666
12yearold		0.0006666666666666666
131i		0.0006666666666666666
131ihippuran		0.0006666666666666666
13butadiene_lex	Chemical	0.0006666666666666666
13cisretinoic_acid_lex	Chemical	0.0006666666666666666
141cinsdel		0.0006666666666666666
1433e		0.0006666666666666666
14c41_ninety-nine_lex	Chemical	0.0006666666666666666
15f2tisop_lex	Chemical	0.0006666666666666666
15f2tisoprostane_lex	Chemical	0.0006666666666666666
15yearold		0.0006666666666666666
17alphaethinylestradiol_lex	Chemical	0.0006666666666666666
17betaestradiol_lex	Chemical	0.0026666666666666666
1anisoyl2pyrrolidinone_lex	Chemical	0.0006666666666666666
1chloro1222tetrafluoroethane_lex	Chemical	0.0006666666666666666
22oxacalcitriol_lex	Chemical	0.0006666666666666666
25dioacetyldglucaro1463dilactone_lex	Chemical	0.0006666666666666666
2acetylaminofluorene_lex	Chemical	0.0006666666666666666
2bromoethylamine_lex	Chemical	0.0006666666666666666
2chloroprocainece_lex	Chemical	0.0006666666666666666
2pam_lex	Chemical	0.0006666666666666666
2r4r4aminopyrrolidine24dicarboxylate_lex	Chemical	0.0006666666666666666
2r4rapdc_lex	Chemical	0.0006666666666666666
34dihydroxyphenylacetic_acid_lex	Chemical	0.0013333333333333333
34methylenedioxymethamphetamine_lex	Chemical	0.0013333333333333333
35stbps_lex	Chemical	0.0006666666666666666
35yearold		0.0006666666666666666
37dimethyl1propargylxanthine_lex	Chemical	0.0006666666666666666
3alphatropyl_2pbromophenylpropionate_lex	Chemical	0.0006666666666666666
3azido23deoxythymidine_lex	Chemical	0.0006666666666666666
3hlarginine_lex	Chemical	0.0006666666666666666
3hnaloxone_lex	Chemical	0.0006666666666666666
3htbob_lex	Chemical	0.0006666666666666666
3hydroxybutyrate_lex	Chemical	0.0006666666666666666
3hydroxymethyl55diphenylhydantoin_lex	Chemical	0.0006666666666666666
3ma_lex	Chemical	0.0006666666666666666
3mercaptopropionic_acid_lex	Chemical	0.0006666666666666666
3methoxy4hydroxyphenethyleneglycol_lex	Chemical	0.0006666666666666666
3methyladenine_lex	Chemical	0.0006666666666666666
3methylcholanthrene_lex	Chemical	0.0006666666666666666
3nitrotyrosine_lex	Chemical	0.0006666666666666666
3nt_lex	Chemical	0.0006666666666666666
3tc_lex	Chemical	0.0006666666666666666
3yearold		0.0006666666666666666
40tetrahydropyranyladriamycin_lex	Chemical	0.0006666666666666666
4aminopyridine_lex	Chemical	0.0013333333333333333
4damp_lex	Chemical	0.0013333333333333333
4diphenylacetoxynmethylpiperidine_lex	Chemical	0.0006666666666666666
4diphenylacetoxynmethylpiperidinemethiodide_lex	Chemical	0.0006666666666666666
4enevpa_lex	Chemical	0.0006666666666666666
4hne_lex	Chemical	0.0006666666666666666
4hydroxy2nonenal_lex	Chemical	0.0006666666666666666
57dcka_lex	Chemical	0.0006666666666666666
57dht_lex	Chemical	0.0006666666666666666
57dihydroxytryptamine_lex	Chemical	0.0013333333333333333
5azacytidine_lex	Chemical	0.0013333333333333333
5azadeoxycytidine		0.0006666666666666666
5azc_lex	Chemical	0.0006666666666666666
5fluorouracil_lex	Chemical	0.008666666666666666
5fu_lex	Chemical	0.004666666666666667
5h		0.0006666666666666666
5hiaa_lex	Chemical	0.0013333333333333333
5ht_lex	Chemical	0.004
5ht1a		0.002
5ht1b		0.0006666666666666666
5ht2a		0.0013333333333333333
5htp_lex	Chemical	0.0006666666666666666
5httlpr		0.0006666666666666666
5hydroxyindoleacetic_acid_lex	Chemical	0.0013333333333333333
5hydroxytriptamine_lex	Chemical	0.0006666666666666666
5hydroxytryptamine_lex	Chemical	0.0033333333333333335
5hydroxytryptamine4_lex	Chemical	0.0006666666666666666
5hydroxytryptaminergic_agonists_lex	Chemical	0.0006666666666666666
5hydroxytryptophan_lex	Chemical	0.002
5hz		0.0006666666666666666
5nethylcarboxamidoadenosine_lex	Chemical	0.0006666666666666666
64yearold		0.0006666666666666666
69yearold		0.0006666666666666666
6hydroxydopamine_lex	Chemical	0.0026666666666666666
6ohda_lex	Chemical	0.0026666666666666666
6thioguanine_lex	Chemical	0.0006666666666666666
77yearold		0.0006666666666666666
7alphahydroxylation		0.0006666666666666666
7e		0.0006666666666666666
7ethoxyresorufinodeethylase		0.0006666666666666666
7h6		0.0006666666666666666
7hydroxydipropyloaminotetralin		0.0006666666666666666
7ni		0.0006666666666666666
7pentoxyresorufinodealkylase		0.0006666666666666666
8aminoquinoline_lex	Chemical	0.0006666666666666666
8bromo_cyclic_adenosine_monophosphate_lex	Chemical	0.0006666666666666666
8cyclopentyltheophylline_lex	Chemical	0.0006666666666666666
8ohdpat_lex	Chemical	0.0006666666666666666
8phenyltheophylline_lex	Chemical	0.0006666666666666666
99mtcecdspect		0.0006666666666666666
99mtcglucarate_lex	Chemical	0.0006666666666666666
a1		0.0013333333333333333
a1a2a		0.0006666666666666666
a2a		0.0013333333333333333
a77636_lex	Chemical	0.0006666666666666666
a86929_lex	Chemical	0.0006666666666666666
aactinin		0.0006666666666666666
aaph_lex	Chemical	0.0006666666666666666
abbott53693_lex	Chemical	0.0006666666666666666
abdomen		0.0006666666666666666
abdominal		0.0006666666666666666
abdominal_infections_lex	Disease	0.0006666666666666666
abdominal_pain_lex	Disease	0.007333333333333333
abecarnil_lex	Chemical	0.0006666666666666666
aberrant		0.0006666666666666666
ability		0.0013333333333333333
ablation		0.002
abnormal		0.0006666666666666666
abnormal_audiograms_with_deficits		0.0006666666666666666
abnormal_involuntary_movements_lex	Disease	0.0013333333333333333
abnormal_left_ventricular_filling_lex	Disease	0.0006666666666666666
abnormal_movements_lex	Disease	0.0013333333333333333
abnormal_ocular_motility_lex	Disease	0.0006666666666666666
abnormalities		0.002
abnormalities_of_liver_function_lex	Disease	0.0006666666666666666
abortion_lex	Disease	0.0006666666666666666
absence		0.0006666666666666666
absence_epilepsy_lex	Disease	0.0006666666666666666
absence_seizures_lex	Disease	0.0006666666666666666
absences		0.0006666666666666666
absent_kidneys		0.0006666666666666666
absorption		0.0013333333333333333
absorptionlimiting		0.0006666666666666666
abstinence		0.002
abuse		0.0013333333333333333
abusers		0.0006666666666666666
acc9653_lex	Chemical	0.0006666666666666666
accelerated_junctional_rhythms_lex	Disease	0.0006666666666666666
acceleromyography		0.0006666666666666666
accident		0.0006666666666666666
accl0131		0.0006666666666666666
accumbal		0.0006666666666666666
accumulation		0.002
ace		0.0006666666666666666
ace_inhibitor_lex	Chemical	0.0013333333333333333
ace_inhibitors_lex	Chemical	0.0013333333333333333
acearb		0.0006666666666666666
acetaldehyde_lex	Chemical	0.0006666666666666666
acetaminophen_lex	Chemical	0.010666666666666666
acetazolamide_lex	Chemical	0.0013333333333333333
acetic_acid_lex	Chemical	0.0006666666666666666
acetoacetate_lex	Chemical	0.0006666666666666666
acetrizoate_lex	Chemical	0.0006666666666666666
acetylcholine_lex	Chemical	0.010666666666666666
acetylcholinesterase		0.0026666666666666666
acetylcholinesterases		0.0006666666666666666
acetylsalicylate_lex	Chemical	0.0006666666666666666
acetylsalicylic_acid_lex	Chemical	0.002
ach_lex	Chemical	0.002
ache		0.002
aches		0.0006666666666666666
achr		0.0006666666666666666
acid		0.0006666666666666666
acidbase		0.0006666666666666666
acidosis_lex	Disease	0.0013333333333333333
acidotic		0.0006666666666666666
acitretin_lex	Chemical	0.0006666666666666666
acne_lex	Disease	0.0006666666666666666
aconitine_lex	Chemical	0.002
acquired_immunodeficiency_syndrome_lex	Disease	0.0006666666666666666
acquisition		0.002
acriflavine_lex	Chemical	0.0006666666666666666
acrodermatitis_enteropathica_lex	Disease	0.0006666666666666666
acrolein_lex	Chemical	0.002
acromegalic_lex	Disease	0.0006666666666666666
acromegaloid		0.0006666666666666666
acromegaly_lex	Disease	0.002
acth_lex	Chemical	0.0006666666666666666
actin		0.0006666666666666666
action		0.004
actions		0.0006666666666666666
activation		0.0033333333333333335
activator		0.0013333333333333333
active		0.0013333333333333333
active avoidance task		0.0006666666666666666
activity		0.013333333333333334
actomycin		0.0006666666666666666
acuity		0.0006666666666666666
acupuncture		0.0006666666666666666
acute		0.015333333333333332
acute_alcohol_intoxication_lex	Disease	0.0006666666666666666
acute_cardiac_syndrome_lex	Disease	0.0006666666666666666
acute_cholecystitis_lex	Disease	0.0013333333333333333
acute_coronary_insufficiency_lex	Disease	0.0006666666666666666
acute_coronary_syndrome_lex	Disease	0.0013333333333333333
acute_encephalopathy_lex	Disease	0.0006666666666666666
acute_experimental_models		0.0006666666666666666
acute_hepatic_necrosis_lex	Disease	0.0006666666666666666
acute_hepatitis_lex	Disease	0.0013333333333333333
acute_hepatitislike_syndrome_lex	Disease	0.0006666666666666666
acute_kidney_injury_lex	Disease	0.0033333333333333335
acute_leukemia_lex	Disease	0.0013333333333333333
acute_liver_failure_lex	Disease	0.005333333333333333
acute_liver_insult_lex	Disease	0.0006666666666666666
acute_lymphoblastic_leucemia_lex	Disease	0.0006666666666666666
acute_lymphoblastic_leukemia_lex	Disease	0.0033333333333333335
acute_lymphocytic_leukemia_lex	Disease	0.0006666666666666666
acute_myeloblastic_leukemia_lex	Disease	0.0006666666666666666
acute_myeloid_leukemia_lex	Disease	0.0013333333333333333
acute_myocardial_infarction_lex	Disease	0.0013333333333333333
acute_nephrotoxicity_lex	Disease	0.0006666666666666666
acute_neurologic_dysfunction_lex	Disease	0.0006666666666666666
acute_nonlymphocytic_leukemia_lex	Disease	0.0006666666666666666
acute_pain_lex	Disease	0.0006666666666666666
acute_prerenal_failure_lex	Disease	0.0006666666666666666
acute_promyelocytic_leukemia_lex	Disease	0.002
acute_psychosis_lex	Disease	0.0006666666666666666
acute_renal_dysfunction_lex	Disease	0.0006666666666666666
acute_renal_failure_lex	Disease	0.02266666666666667
acute_renal_injury_lex	Disease	0.0013333333333333333
acute_renal_insufficiency_lex	Disease	0.0013333333333333333
acute_stroke_lex	Disease	0.0006666666666666666
acute_tlymphocytic_leukemia_lex	Disease	0.0006666666666666666
acute_tubular_necrosis_lex	Disease	0.0026666666666666666
acute_tubulointerstitial_nephritis_lex	Disease	0.0006666666666666666
acylamidase		0.0006666666666666666
ad50		0.0006666666666666666
adalat_lex	Chemical	0.0006666666666666666
adam		0.0006666666666666666
adam10		0.0006666666666666666
adam17		0.0006666666666666666
adaptation		0.0006666666666666666
addiction		0.0013333333333333333
addicts		0.0006666666666666666
additional		0.0006666666666666666
addon		0.0006666666666666666
adductor_spasmodic_dysphonia_lex	Disease	0.0006666666666666666
adducts		0.0006666666666666666
adefovir_lex	Chemical	0.0006666666666666666
adenocarcinoma_lex	Disease	0.0013333333333333333
adenocarcinomas		0.0006666666666666666
adenohypophyseal_tumors_lex	Disease	0.0006666666666666666
adenoma_lex	Disease	0.0013333333333333333
adenomatous_polyps_lex	Disease	0.0006666666666666666
adenomyosis_lex	Disease	0.0006666666666666666
adenoribosylation		0.0006666666666666666
adenosine_lex	Chemical	0.004666666666666667
adenosine_a2aa1_receptor_antagonist_lex	Chemical	0.0006666666666666666
adenosine_diphosphate_lex	Chemical	0.0006666666666666666
adenosine_triphosphate_lex	Chemical	0.0006666666666666666
adenovirus		0.0006666666666666666
adenovirus_disease_lex	Disease	0.0006666666666666666
adenylate		0.0006666666666666666
adiponectin		0.0006666666666666666
adjunct		0.0006666666666666666
adjustment		0.0006666666666666666
adjuvant		0.002
adl		0.0006666666666666666
administration		0.032
admission		0.0006666666666666666
admissions		0.0013333333333333333
adolescent		0.002
adolescents		0.002
adp_lex	Chemical	0.0006666666666666666
adr_lex	Chemical	0.0006666666666666666
adrenalectomy		0.0006666666666666666
adrenaline_lex	Chemical	0.007333333333333333
adrenaline_arrhythmia_lex	Disease	0.0006666666666666666
adrenergic		0.004666666666666667
adrenoceptors		0.0006666666666666666
adriamycin_lex	Chemical	0.012666666666666666
adriamycinol_lex	Chemical	0.0006666666666666666
adriamycinone_lex	Chemical	0.0006666666666666666
adsd_lex	Disease	0.0006666666666666666
adult		0.004
adult_respiratory_distress_syndrome_lex	Disease	0.0006666666666666666
adulthood		0.0013333333333333333
adultonset_diabetes_lex	Disease	0.0006666666666666666
adults		0.0026666666666666666
advanced		0.0013333333333333333
advanced_disease_lex	Disease	0.0006666666666666666
adverse		0.007333333333333333
adverse event		0.0006666666666666666
adverse_drug_reaction_lex	Disease	0.0013333333333333333
adverse_drug_reactions_lex	Disease	0.002
adverse_effect		0.0006666666666666666
adynamic_bone_disease_lex	Disease	0.0006666666666666666
ae		0.0006666666666666666
aed		0.0006666666666666666
aeroallergens		0.0006666666666666666
aerosol		0.0006666666666666666
aerosolized		0.0006666666666666666
aes		0.0006666666666666666
aetiologies		0.0006666666666666666
aetiology		0.0013333333333333333
af_lex	Disease	0.0006666666666666666
affective		0.0013333333333333333
affective_disorder_lex	Disease	0.0013333333333333333
affective_disorders_lex	Disease	0.0006666666666666666
affinity		0.0013333333333333333
afl_lex	Disease	0.0006666666666666666
african		0.0006666666666666666
afterdischarge		0.0006666666666666666
age		0.01
ageadjusted		0.0006666666666666666
agedependent		0.0006666666666666666
ageing		0.0006666666666666666
ageinteraction		0.0006666666666666666
agent		0.0033333333333333335
agents		0.002
agespecific		0.0006666666666666666
aggravation		0.0013333333333333333
aggregability		0.0006666666666666666
aggregation		0.0013333333333333333
aggression_lex	Disease	0.002
aggressive_behavior_lex	Disease	0.0013333333333333333
aggressive_behaviors_lex	Disease	0.0006666666666666666
aggressiveness_lex	Disease	0.0013333333333333333
aging		0.002
agitation_lex	Disease	0.004
agonism		0.0006666666666666666
agonist		0.012666666666666666
agonists		0.002
agoraphobia_lex	Disease	0.002
agranulocytosis_lex	Disease	0.002
agriculture		0.0006666666666666666
agsd_lex	Chemical	0.0006666666666666666
ah6809_lex	Chemical	0.0006666666666666666
ahf_lex	Disease	0.0006666666666666666
aida_lex	Chemical	0.0006666666666666666
aids_lex	Disease	0.004666666666666667
airflow		0.0006666666666666666
airway		0.002
akathisia_lex	Disease	0.004666666666666667
akbr		0.0006666666666666666
aki_lex	Disease	0.0006666666666666666
akinesia_lex	Disease	0.0026666666666666666
akinetic_lex	Disease	0.0013333333333333333
akt		0.0006666666666666666
albino		0.0033333333333333335
albumin		0.004666666666666667
albuminuria_lex	Disease	0.0033333333333333335
albuterol_lex	Chemical	0.0006666666666666666
alcalinization		0.0006666666666666666
alcohol_lex	Chemical	0.0026666666666666666
alcohol_abuse_lex	Disease	0.0006666666666666666
alcohol_dependence_lex	Disease	0.0006666666666666666
alcoholic_cirrhosis_lex	Disease	0.0006666666666666666
alcoholic_extract		0.0006666666666666666
alcoholic_hepatitis_lex	Disease	0.0006666666666666666
aldomet_lex	Chemical	0.0006666666666666666
aldosterone_lex	Chemical	0.004
alendronate_lex	Chemical	0.0013333333333333333
alertness		0.0006666666666666666
alfentanil_lex	Chemical	0.0026666666666666666
alkali_lex	Chemical	0.0006666666666666666
alkaloid		0.0006666666666666666
alkalosis_lex	Disease	0.0006666666666666666
alkylating		0.0006666666666666666
alkylating_agents_lex	Chemical	0.0013333333333333333
alkylxanthines_lex	Chemical	0.0013333333333333333
all_transretinoic_acid_lex	Chemical	0.0006666666666666666
alleles		0.0006666666666666666
allergic_lex	Disease	0.0013333333333333333
allergic_reaction_lex	Disease	0.0013333333333333333
allergic_reactions_lex	Disease	0.0026666666666666666
allergy_lex	Disease	0.0006666666666666666
allodynia_lex	Disease	0.002
allogeneic		0.0006666666666666666
allograft		0.002
allografts		0.0006666666666666666
allopregnanolone_lex	Chemical	0.0006666666666666666
allopurinol_lex	Chemical	0.0013333333333333333
alltrans_retinoic_acid_lex	Chemical	0.0006666666666666666
alltransretinoic_acid_lex	Chemical	0.0006666666666666666
alopecia_lex	Disease	0.0026666666666666666
alpha		0.0013333333333333333
alpha1		0.0006666666666666666
alpha1adrenergic		0.0006666666666666666
alpha1adrenoceptor		0.0006666666666666666
alpha2		0.0006666666666666666
alpha2abc		0.0006666666666666666
alpha2adrenergic		0.0013333333333333333
alpha2adrenergic_receptor_agonist_lex	Chemical	0.0006666666666666666
alpha3		0.0006666666666666666
alpha5		0.0006666666666666666
alphaadrenoceptor		0.002
alphabenzene_hexachloride_lex	Chemical	0.0006666666666666666
alphabetacrystalin		0.0006666666666666666
alphabetameatp_lex	Chemical	0.0006666666666666666
alphabetamethylene_adenosine5triphosphate_lex	Chemical	0.0006666666666666666
alphablocker		0.0006666666666666666
alphabungarotoxin		0.0006666666666666666
alphaconfigurations		0.0006666666666666666
alphaenac		0.0006666666666666666
alphafluorobetaalanine_lex	Chemical	0.0006666666666666666
alphagst		0.0006666666666666666
alphahydroxymetoprolol_lex	Chemical	0.0006666666666666666
alphalipoic_acid_lex	Chemical	0.0006666666666666666
alphamediated		0.0006666666666666666
alphamethyldopa_lex	Chemical	0.0013333333333333333
alphamethylparatyrosine_lex	Chemical	0.0006666666666666666
alphamethyltyrosine_lex	Chemical	0.0006666666666666666
alphamotoneurons		0.0006666666666666666
alphaposition		0.0006666666666666666
alphareceptor		0.0006666666666666666
alphatocopherol_lex	Chemical	0.0013333333333333333
alphatocopherol_acetate_lex	Chemical	0.0006666666666666666
alprazolam_lex	Chemical	0.0013333333333333333
alt		0.0026666666666666666
alteplase		0.0006666666666666666
alteration		0.0006666666666666666
alterations		0.0013333333333333333
altered		0.0006666666666666666
altered_taste_perception_lex	Disease	0.0006666666666666666
alternating_rhythm_lex	Disease	0.0006666666666666666
alternating_sinus_rhythm_lex	Disease	0.0006666666666666666
alternative		0.0006666666666666666
althesin_lex	Chemical	0.0006666666666666666
aluminium_lex	Chemical	0.0006666666666666666
aluminum_chloride_lex	Chemical	0.0006666666666666666
alzheimer_lex	Disease	0.0006666666666666666
alzheimers_disease_lex	Disease	0.004666666666666667
amantadine_hydrochloride_lex	Chemical	0.0006666666666666666
amb_lex	Chemical	0.0006666666666666666
ambiguus		0.0006666666666666666
ambulate		0.0006666666666666666
ambulatory		0.002
amelioration		0.0006666666666666666
amenorrhea_lex	Disease	0.0013333333333333333
amhs		0.0006666666666666666
ami_lex	Chemical	0.0006666666666666666
amide		0.0006666666666666666
amifostine_lex	Chemical	0.0006666666666666666
amikacin_lex	Chemical	0.002
amiloride_lex	Chemical	0.0013333333333333333
amine_lex	Chemical	0.0013333333333333333
amino_acid_lex	Chemical	0.0013333333333333333
amino_acid_metabolism		0.0006666666666666666
amino_acids_lex	Chemical	0.0006666666666666666
aminoaciduria_lex	Disease	0.0013333333333333333
aminocaproic_acid_lex	Chemical	0.0006666666666666666
aminoglycoside_lex	Chemical	0.005333333333333333
aminoglycosides_lex	Chemical	0.0013333333333333333
aminoguanidine_lex	Chemical	0.0006666666666666666
aminophosphonovaleric_acid_lex	Chemical	0.0006666666666666666
aminophylline_lex	Chemical	0.002
aminosteroidbased		0.0006666666666666666
aminotransferase		0.0006666666666666666
amiodarone_lex	Chemical	0.011333333333333334
amisulpride_lex	Chemical	0.002
amitriptyline_lex	Chemical	0.0026666666666666666
amlodipine_lex	Chemical	0.0033333333333333335
ammonia_lex	Chemical	0.0013333333333333333
ammonium_acetate_lex	Chemical	0.0006666666666666666
ammonium_salt_lex	Chemical	0.0006666666666666666
amn082_lex	Chemical	0.0006666666666666666
amnesia_lex	Disease	0.01
amnesic_lex	Disease	0.0006666666666666666
amnestic_syndrome_lex	Disease	0.0006666666666666666
amns_lex	Chemical	0.0006666666666666666
amoxicillin_lex	Chemical	0.002
amoxicillinclavulanate_lex	Chemical	0.0006666666666666666
amoxicillinclavulanic_acid_lex	Chemical	0.0006666666666666666
amphetamine_lex	Chemical	0.012666666666666666
amphetamine_abuse_lex	Disease	0.0006666666666666666
amphetamines_lex	Chemical	0.0013333333333333333
amphotericin_lex	Chemical	0.0006666666666666666
amphotericin_b_lex	Chemical	0.004
amphothericin_b_lex	Chemical	0.0006666666666666666
ampicillin_lex	Chemical	0.002
ampk		0.0006666666666666666
amplifier		0.0006666666666666666
amplitude		0.0026666666666666666
amplitudes		0.0006666666666666666
amputation		0.0006666666666666666
amygdala		0.0026666666666666666
amygdala_dysfunction_lex	Disease	0.0006666666666666666
amygdalae		0.0006666666666666666
amylase		0.0006666666666666666
amyloid_beta_peptide142_lex	Chemical	0.0006666666666666666
ana		0.0006666666666666666
anacardiaceae		0.0006666666666666666
anaemia_lex	Disease	0.0013333333333333333
anaesthesia		0.011333333333333334
anaesthesized		0.0006666666666666666
anaesthetic		0.0006666666666666666
anaesthetised		0.0006666666666666666
anaesthetist		0.0006666666666666666
anaesthetists		0.0006666666666666666
anaesthetized		0.0006666666666666666
analgesia_lex	Disease	0.007333333333333333
analgesic		0.004666666666666667
analgesics		0.0013333333333333333
analogue		0.0013333333333333333
analogues		0.0006666666666666666
analyser		0.0006666666666666666
analyses		0.0006666666666666666
analysis		0.0006666666666666666
anaphylactoid		0.0006666666666666666
anaphylaxis_lex	Disease	0.002
anastrozole_lex	Chemical	0.0006666666666666666
anatomical		0.0013333333333333333
anca		0.0006666666666666666
anca_positive_vasculitis_lex	Disease	0.0006666666666666666
ancas		0.0006666666666666666
ancrod		0.0006666666666666666
androgen_lex	Chemical	0.002
androgenindependent		0.0006666666666666666
androgens_lex	Chemical	0.0006666666666666666
anemia_lex	Disease	0.015333333333333332
anencephaly_lex	Disease	0.0013333333333333333
anephric		0.0006666666666666666
anesthesia		0.012666666666666666
anesthesiologists		0.0006666666666666666
anesthetic		0.004
anesthetics		0.0013333333333333333
anesthetized		0.006
aneurysm_lex	Disease	0.0013333333333333333
aneurysmal_lex	Disease	0.0006666666666666666
aneurysmal_subarachnoid_hemorrhage_lex	Disease	0.0006666666666666666
anf		0.0006666666666666666
anger		0.0013333333333333333
angina_lex	Disease	0.0033333333333333335
angina_pectoris_lex	Disease	0.0013333333333333333
anginal_attacks_lex	Disease	0.0006666666666666666
angiodegeneration		0.0006666666666666666
angioedema_lex	Disease	0.004666666666666667
angiogenesis		0.002
angiogenic		0.0013333333333333333
angiograms		0.0013333333333333333
angiographic		0.0013333333333333333
angiographically		0.0006666666666666666
angiographies		0.0006666666666666666
angiography		0.004
angioneurotic_edema_lex	Disease	0.0013333333333333333
angiooedema_lex	Disease	0.0006666666666666666
angiopathy_lex	Disease	0.0006666666666666666
angioplasty		0.0006666666666666666
angiopoetin2		0.0006666666666666666
angiosarcoma_lex	Disease	0.0006666666666666666
angiotensin_lex	Chemical	0.0026666666666666666
angiotensin_converting_enzyme_ace_inhibitors_lex	Chemical	0.0006666666666666666
angiotensin_ii_lex	Chemical	0.002
angiotensinconverting_enzyme_ace_inhibitor_lex	Chemical	0.0006666666666666666
angiotensinconverting_enzyme_ace_inhibitors_lex	Chemical	0.0013333333333333333
angiotensinconverting_enzyme_inhibitor_lex	Chemical	0.0006666666666666666
angiotensinconverting_enzyme_inhibitors_lex	Chemical	0.0013333333333333333
angiotensinogen		0.002
angiotension_ii_lex	Chemical	0.0006666666666666666
anicteric		0.0006666666666666666
animal		0.0013333333333333333
animals		0.006
anionic		0.0006666666666666666
aniracetam_lex	Chemical	0.0006666666666666666
annual		0.0006666666666666666
anomalies		0.0006666666666666666
anophthalmia_lex	Disease	0.0006666666666666666
anorectics		0.0006666666666666666
anorexia_lex	Disease	0.002
anorexigens		0.0006666666666666666
anotia_lex	Disease	0.0006666666666666666
anova		0.0006666666666666666
anp		0.0006666666666666666
antacid		0.0006666666666666666
antagonism		0.0033333333333333335
antagonist		0.023333333333333334
antagonists		0.006666666666666667
antagonize		0.0006666666666666666
antagonized		0.0006666666666666666
antagonizing		0.0006666666666666666
antecedent		0.0006666666666666666
anterior		0.0006666666666666666
anterior_infarction_lex	Disease	0.0006666666666666666
anthracyclin		0.0006666666666666666
anthracycline_lex	Chemical	0.005333333333333333
anthracyclines_lex	Chemical	0.0026666666666666666
anthraquinones_lex	Chemical	0.0006666666666666666
antiadrenergic		0.0006666666666666666
antiallergic		0.0006666666666666666
antiamnesic		0.0013333333333333333
antiangiogenic		0.0013333333333333333
antiarrhythmic		0.008
antibacterials		0.0006666666666666666
antibiomania_lex	Disease	0.0006666666666666666
antibiotic		0.006
antibioticinduced		0.0006666666666666666
antibiotics		0.0026666666666666666
antibodies		0.005333333333333333
antibody		0.0033333333333333335
anticancer		0.0006666666666666666
anticholinergic		0.005333333333333333
anticholinergics		0.0006666666666666666
anticholinesterase		0.0006666666666666666
anticholinesterases		0.0006666666666666666
anticn		0.0006666666666666666
anticoagulant		0.006666666666666667
anticoagulants		0.0013333333333333333
anticoagulated		0.0013333333333333333
anticoagulation		0.006666666666666667
anticocaine		0.0006666666666666666
anticonvulsant		0.008
anticonvulsants		0.004
anticonvulsive		0.0006666666666666666
anticraving		0.0006666666666666666
antidepressant_lex	Chemical	0.006666666666666667
antidepressantinduced		0.0006666666666666666
antidepressants_lex	Chemical	0.004666666666666667
antidiabetic		0.0006666666666666666
antidiuretic		0.0006666666666666666
antidopaminergic		0.0013333333333333333
antidote		0.0006666666666666666
antidotes		0.0006666666666666666
antidyskinetic		0.0013333333333333333
antiemetic		0.002
antiemetics		0.0006666666666666666
antiepileptic		0.004
antiepileptogenic		0.0006666666666666666
antiestrogenic		0.0006666666666666666
antifibrinolytic		0.0006666666666666666
antifolate		0.0006666666666666666
antigen		0.002
antigenic		0.0006666666666666666
antigens		0.0026666666666666666
antihbc		0.0006666666666666666
antihbe		0.0013333333333333333
antihbs		0.0013333333333333333
antihcv		0.0006666666666666666
antihiv		0.0006666666666666666
antihyperalgesia		0.0006666666666666666
antihyperalgesic		0.0013333333333333333
antihypertensive		0.006666666666666667
antiinfective		0.0006666666666666666
antiinflammatory		0.0033333333333333335
antimicrobial		0.0013333333333333333
antimicrobialinduced		0.0006666666666666666
antimicrobials		0.0013333333333333333
antimigraine		0.0006666666666666666
antimpo		0.0006666666666666666
antimuscarinic		0.0006666666666666666
antineoplasmic		0.0006666666666666666
antineoplastic		0.0013333333333333333
antineutrophil		0.0006666666666666666
antineutrophil_cytoplasmic_antibody_ancaassociated_vasculitis_lex	Disease	0.0006666666666666666
antinociception		0.0013333333333333333
antinociceptive		0.0026666666666666666
antioxidant		0.006
antioxidants		0.0026666666666666666
antioxidative		0.0006666666666666666
antiparkinsonian		0.0033333333333333335
antiparkinsonians		0.0006666666666666666
antiphospholipid_syndrome_lex	Disease	0.0006666666666666666
antiplatelet		0.002
antiplatelet_agents_lex	Chemical	0.0006666666666666666
antiproliferative		0.0006666666666666666
antipsychotic		0.006666666666666667
antipsychoticlike		0.0013333333333333333
antipsychotics		0.0033333333333333335
antipurine_lex	Chemical	0.0006666666666666666
antipyretic		0.0006666666666666666
antiretroviral		0.0013333333333333333
antiseizure		0.0006666666666666666
antisialogue		0.0006666666666666666
antisocial_disorder_lex	Disease	0.0006666666666666666
antisocial_personality_disorder_lex	Disease	0.0006666666666666666
antithrombin		0.0006666666666666666
antithrombintreated		0.0006666666666666666
antithrombosis		0.0006666666666666666
antithrombotic		0.0006666666666666666
antithymocyte_globulin_lex	Chemical	0.0006666666666666666
antithyroid		0.002
antithyroid_drugs_lex	Chemical	0.0006666666666666666
antithyroid_medications_lex	Chemical	0.0006666666666666666
antituberculosis_lex	Chemical	0.0006666666666666666
antituberculous		0.0006666666666666666
antitumor		0.004
antitumoral		0.0006666666666666666
antitussives		0.0006666666666666666
antiviral		0.0013333333333333333
antmi_lex	Disease	0.0006666666666666666
antrum		0.0006666666666666666
anuria_lex	Disease	0.0026666666666666666
anxiety_lex	Disease	0.008666666666666666
anxiety_neurosis_lex	Disease	0.0006666666666666666
anxiogenic		0.002
anxiolysis		0.0006666666666666666
anxiolytic		0.002
aorta		0.0013333333333333333
aortaserumratio		0.0006666666666666666
aortic		0.0013333333333333333
aortic_insufficiency_lex	Disease	0.0006666666666666666
aortic_occlusion_lex	Disease	0.0006666666666666666
aortic_regurgitation_lex	Disease	0.0013333333333333333
aortofemoral		0.0006666666666666666
ap7_lex	Chemical	0.0006666666666666666
apamin_lex	Chemical	0.0006666666666666666
apex		0.0006666666666666666
aphasia_lex	Disease	0.0013333333333333333
apical		0.0006666666666666666
apical_ballooning_lex	Disease	0.0006666666666666666
apical_ballooning_syndrome_lex	Disease	0.0013333333333333333
apigenin_lex	Chemical	0.0006666666666666666
apl_lex	Disease	0.002
aplastic_anaemia_lex	Disease	0.0006666666666666666
aplastic_anemia_lex	Disease	0.004666666666666667
apnea_lex	Disease	0.0026666666666666666
apnoea_lex	Disease	0.0026666666666666666
apolipoproteins		0.0006666666666666666
apomorphine_lex	Chemical	0.012666666666666666
aponidine_hydrochloride_lex	Chemical	0.0006666666666666666
apoptosis		0.009333333333333334
apoptotic		0.0006666666666666666
appearances		0.0013333333333333333
appetite		0.0006666666666666666
appetite_suppressants_lex	Chemical	0.0006666666666666666
applicators		0.0006666666666666666
appointment		0.0006666666666666666
apraclonidine_lex	Chemical	0.0006666666666666666
aprotinin		0.002
aptt		0.0006666666666666666
aqp1		0.0006666666666666666
aqp2		0.0013333333333333333
aquaporin2		0.0006666666666666666
aqueous		0.0013333333333333333
arac_lex	Chemical	0.0006666666666666666
arb_lex	Chemical	0.0006666666666666666
areas		0.0013333333333333333
arf_lex	Disease	0.0006666666666666666
argatroban_lex	Chemical	0.002
argentine_hemorrhagic_fever_lex	Disease	0.0006666666666666666
arginine_vasopressin_lex	Chemical	0.0013333333333333333
aripiprazole_lex	Chemical	0.0006666666666666666
aristolochic_acids_lex	Chemical	0.0006666666666666666
arm		0.0013333333333333333
armrest		0.0006666666666666666
arousal		0.002
arrhythmia_lex	Disease	0.009333333333333334
arrhythmias_lex	Disease	0.006
arrhythmogenicity		0.0006666666666666666
arterial		0.005333333333333333
arterial_blood_pressure		0.0006666666666666666
arterial_dysfunction_lex	Disease	0.0006666666666666666
arterial_hypotension_lex	Disease	0.0006666666666666666
arterial_injury_lex	Disease	0.0006666666666666666
arterial_occlusion_lex	Disease	0.0006666666666666666
arteries		0.0026666666666666666
arteriography		0.0006666666666666666
arteriolar		0.002
arteriole		0.0006666666666666666
arterioles		0.0006666666666666666
arteriolopathy		0.0006666666666666666
arteriopathic_lex	Disease	0.0006666666666666666
arteriovenous		0.0006666666666666666
arteriovenous_malformations_lex	Disease	0.0006666666666666666
arteritis_lex	Disease	0.0006666666666666666
artery_calcification_lex	Disease	0.0006666666666666666
artery_occlusion		0.0006666666666666666
arthralgia_lex	Disease	0.0033333333333333335
arthralgias_lex	Disease	0.0006666666666666666
arthritis_lex	Disease	0.0026666666666666666
arthrogryposis_lex	Disease	0.0006666666666666666
arv		0.0006666666666666666
arylpiperazine_lex	Chemical	0.0006666666666666666
arytenoid		0.0006666666666666666
asa_lex	Chemical	0.0006666666666666666
ascending		0.0006666666666666666
ascites_lex	Disease	0.0033333333333333335
ascitis		0.0006666666666666666
asenapine_lex	Chemical	0.0006666666666666666
asex		0.0006666666666666666
asian		0.0006666666666666666
aspartate_lex	Chemical	0.002
asphyxia_lex	Disease	0.0006666666666666666
aspiration		0.0006666666666666666
aspirin_lex	Chemical	0.009333333333333334
assay		0.002
assays		0.0006666666666666666
assessment		0.002
association		0.0013333333333333333
associative_learning		0.0006666666666666666
associative_memory		0.0006666666666666666
ast		0.0006666666666666666
asterixis_lex	Disease	0.0013333333333333333
asthenia_lex	Disease	0.0006666666666666666
asthma_lex	Disease	0.0013333333333333333
asthmatic_lex	Disease	0.0006666666666666666
asthmatics_lex	Disease	0.0006666666666666666
astroctytes		0.0006666666666666666
astrocytes		0.0033333333333333335
astrocytomas_lex	Disease	0.0006666666666666666
asymptomatic		0.0026666666666666666
asynergy		0.0006666666666666666
asystole_lex	Disease	0.004666666666666667
asystolic_lex	Disease	0.0006666666666666666
at1ar		0.0006666666666666666
at2r		0.0006666666666666666
ataxia_lex	Disease	0.0033333333333333335
ataxic_movements_lex	Disease	0.0006666666666666666
atazanavir_lex	Chemical	0.0006666666666666666
atenolol_lex	Chemical	0.002
atheromatous		0.0006666666666666666
atherosclerosis_lex	Disease	0.0026666666666666666
atherosclerotic_lesion_lex	Disease	0.0006666666666666666
atherosclerotic_obstruction_lex	Disease	0.0006666666666666666
atherosclerotic_vascular_disease_lex	Disease	0.0006666666666666666
atin_lex	Disease	0.0006666666666666666
atonic		0.0006666666666666666
atopic_dermatitis_lex	Disease	0.0006666666666666666
atorvastatin_lex	Chemical	0.002
atp_lex	Chemical	0.0026666666666666666
atra_lex	Chemical	0.002
atracurium_lex	Chemical	0.0013333333333333333
atracurium_besylate_lex	Chemical	0.0006666666666666666
atria		0.0013333333333333333
atrial		0.0013333333333333333
atrial_fibrillation_lex	Disease	0.01
atrial_flutter_lex	Disease	0.0033333333333333335
atrial_septal_defects_lex	Disease	0.0006666666666666666
atrial_tachyarrhythmia_lex	Disease	0.0006666666666666666
atrial_tachycardia_lex	Disease	0.0013333333333333333
atrial_thrombosis_lex	Disease	0.0006666666666666666
atrioventricular		0.0013333333333333333
atrioventricular_av_block_lex	Disease	0.0006666666666666666
atrioventricular_block_lex	Disease	0.0006666666666666666
atrioventricular_conduction_delay_lex	Disease	0.0006666666666666666
atrioventricular_dissociation_lex	Disease	0.0006666666666666666
atrioventricular_reentrant_tachycardia_lex	Disease	0.0006666666666666666
atrophy_lex	Disease	0.0013333333333333333
atropine_lex	Chemical	0.012
atropine_sulfate_lex	Chemical	0.0006666666666666666
atropine_sulphate_lex	Chemical	0.0006666666666666666
atropinic		0.0006666666666666666
attack		0.002
attempt		0.0006666666666666666
attention		0.0026666666666666666
attention_deficit_disorder_lex	Disease	0.0006666666666666666
attention_problems_lex	Disease	0.0006666666666666666
attentiondeficit_hyperactivity_disorder_lex	Disease	0.0006666666666666666
attentiondeficithyperactivity_disorder_lex	Disease	0.0006666666666666666
attenuation		0.0006666666666666666
atypical		0.002
atypical_sensations_lex	Disease	0.0006666666666666666
atypicality		0.0006666666666666666
auc		0.004
auccgrp		0.0006666666666666666
audiogenic		0.0006666666666666666
audiogenic_tonic_convulsions_lex	Disease	0.0006666666666666666
audiograms		0.002
audiologic		0.002
audiological		0.0006666666666666666
audiometry		0.0006666666666666666
audiovisual_toxicity_lex	Disease	0.0006666666666666666
auditory		0.0013333333333333333
auditory_abnormality_lex	Disease	0.0006666666666666666
auditory_dysfunction_lex	Disease	0.0013333333333333333
auditory_function		0.0006666666666666666
auditory_hallucinations_lex	Disease	0.0006666666666666666
auditory_loss_lex	Disease	0.0006666666666666666
auditory_neurotoxicity_lex	Disease	0.0006666666666666666
auditory_toxicity_lex	Disease	0.0006666666666666666
aura		0.0006666666666666666
australia		0.0006666666666666666
autism_lex	Disease	0.0013333333333333333
autistic_disorder_lex	Disease	0.0006666666666666666
autoalloimmunity		0.0006666666666666666
autoantibodies		0.0026666666666666666
autoantibodypositive		0.0006666666666666666
autoimmune		0.004
autoimmune_disease_lex	Disease	0.0006666666666666666
autoimmune_diseases_lex	Disease	0.0013333333333333333
autoimmune_hemolytic_anemia_lex	Disease	0.002
autoimmune_thyroiditis_lex	Disease	0.0006666666666666666
autoimmunity_lex	Disease	0.0013333333333333333
autonomic		0.0006666666666666666
autonomic_neuropathy_lex	Disease	0.002
autophagic		0.0006666666666666666
autophagy		0.0006666666666666666
autopsy		0.004
autoradiographic		0.002
autosomic		0.0006666666666666666
avascular_necrosis_lex	Disease	0.0006666666666666666
aventyl_lex	Chemical	0.0006666666666666666
avp_lex	Chemical	0.002
avrt_lex	Disease	0.0006666666666666666
awakening		0.0006666666666666666
awareness		0.0006666666666666666
axis		0.0006666666666666666
axon		0.0006666666666666666
axonal		0.0006666666666666666
axonal_damage_lex	Disease	0.0013333333333333333
axonal_degeneration_lex	Disease	0.0013333333333333333
axonal_injury_lex	Disease	0.0006666666666666666
axonal_neuropathy_lex	Disease	0.0006666666666666666
axons		0.002
azathioprine_lex	Chemical	0.005333333333333333
azelastine_lex	Chemical	0.0006666666666666666
azidothymidine_lex	Chemical	0.0026666666666666666
azimilide_lex	Chemical	0.0006666666666666666
azithromycin_lex	Chemical	0.0013333333333333333
azotemia_lex	Disease	0.0013333333333333333
azrin		0.0006666666666666666
azt_lex	Chemical	0.0026666666666666666
b wave		0.0006666666666666666
b waves		0.0006666666666666666
b1r		0.0006666666666666666
b3		0.0006666666666666666
b6d2f1		0.0006666666666666666
baboon_syndrome_lex	Disease	0.0006666666666666666
baby		0.0006666666666666666
backcross		0.0006666666666666666
backcrossing		0.0006666666666666666
bacl2_lex	Chemical	0.0006666666666666666
baclofen_lex	Chemical	0.002
bacteremia_lex	Disease	0.0006666666666666666
bacteremias_lex	Disease	0.0006666666666666666
bacteria		0.002
bacterial_infections_lex	Disease	0.002
bacteriologically		0.0006666666666666666
bad_breath_lex	Disease	0.0006666666666666666
baep		0.0006666666666666666
baeps		0.0006666666666666666
balance		0.0006666666666666666
balbc		0.002
ballistic		0.0013333333333333333
band_keratopathy_lex	Disease	0.0006666666666666666
barbiturate_lex	Chemical	0.0006666666666666666
barium_chloride_lex	Chemical	0.0006666666666666666
baroreceptors		0.0006666666666666666
baroreflex		0.0013333333333333333
barrier		0.0013333333333333333
bars		0.0006666666666666666
basal		0.0013333333333333333
basal_cell_carcinoma_lex	Disease	0.0006666666666666666
basal_ganglia_infarcts_lex	Disease	0.0006666666666666666
basal_ganglia_perfusion		0.0006666666666666666
basd_ne_lex	Chemical	0.0006666666666666666
baseline		0.008666666666666666
basilar		0.0006666666666666666
bax		0.0006666666666666666
bay_k8644_lex	Chemical	0.0006666666666666666
bbb		0.002
bcc_lex	Chemical	0.0006666666666666666
bcell		0.0006666666666666666
bcell_nonhodgkins_lymphoma_lex	Disease	0.0006666666666666666
bche		0.0013333333333333333
bches		0.0006666666666666666
bcl2		0.002
bcnu_lex	Chemical	0.002
bd1018_lex	Chemical	0.0006666666666666666
bd1031_lex	Chemical	0.0006666666666666666
bd1063_lex	Chemical	0.0006666666666666666
bea_lex	Chemical	0.0006666666666666666
beagle		0.0006666666666666666
beat		0.0006666666666666666
beatsmin		0.002
beatsminute		0.0006666666666666666
beclomethasone_dipropionate_lex	Chemical	0.0006666666666666666
bed		0.0006666666666666666
behavior		0.005333333333333333
behavior_disorder_lex	Disease	0.0006666666666666666
behavioral		0.007333333333333333
behavioral seizure		0.0006666666666666666
behavioral_abnormalities_lex	Disease	0.0006666666666666666
behavioral_crosssensitization_lex	Disease	0.0006666666666666666
behavioral_depression_lex	Disease	0.0006666666666666666
behavioral_disorder_lex	Disease	0.0006666666666666666
behavioral_dyscontrol_lex	Disease	0.0006666666666666666
behavioral_impairment_lex	Disease	0.0006666666666666666
behavioral_inflexibility_lex	Disease	0.0006666666666666666
behaviors		0.0006666666666666666
behaviour		0.0013333333333333333
behavioural		0.0033333333333333335
bemegride_lex	Chemical	0.0006666666666666666
benazapril_lex	Chemical	0.0006666666666666666
bendazac_lysine_lex	Chemical	0.0006666666666666666
bendrofluazide_lex	Chemical	0.0013333333333333333
benefit		0.0006666666666666666
benign		0.002
benserazide_lex	Chemical	0.0026666666666666666
benzamide_lex	Chemical	0.0013333333333333333
benzene_lex	Chemical	0.0006666666666666666
benzoapyrene_lex	Chemical	0.0006666666666666666
benzodiazepine_lex	Chemical	0.004
benzodiazepines_lex	Chemical	0.004666666666666667
benzothiazepine		0.0006666666666666666
benzoylecgonine_lex	Chemical	0.002
benztropine_lex	Chemical	0.0006666666666666666
benzylacyclouridine_lex	Chemical	0.0006666666666666666
benzylisoquinolinium_lex	Chemical	0.0006666666666666666
benzylpenicillin_lex	Chemical	0.0006666666666666666
benzylpenicilloate_lex	Chemical	0.0006666666666666666
benzylpenicilloylpolyllysine_lex	Chemical	0.0006666666666666666
benzylthiouracil_lex	Chemical	0.0006666666666666666
bepridil_lex	Chemical	0.0013333333333333333
bepridil_hydrochloride_lex	Chemical	0.0006666666666666666
beraprost_lex	Chemical	0.0006666666666666666
bergmanns		0.0006666666666666666
berries		0.0006666666666666666
beta		0.002
beta1integrin		0.0006666666666666666
beta2adrenoceptor		0.0006666666666666666
beta2adrenoceptormediated		0.0006666666666666666
beta2subunits		0.0006666666666666666
beta4		0.0006666666666666666
betaadrenergic		0.004666666666666667
betaadrenergic_blocking_drugs_lex	Chemical	0.0006666666666666666
betaadrenoblocking		0.0006666666666666666
betaadrenoceptor		0.004666666666666667
betaagonist		0.0006666666666666666
betaagonists		0.0006666666666666666
betaar		0.0006666666666666666
betablockade		0.0006666666666666666
betablocker		0.0033333333333333335
betablockers		0.0033333333333333335
betablocking		0.0013333333333333333
betacarboline_lex	Chemical	0.0013333333333333333
betacarotene_lex	Chemical	0.0006666666666666666
betaccm_lex	Chemical	0.0006666666666666666
betaconfigurations		0.0006666666666666666
betadystroglycan		0.0006666666666666666
betaenac		0.0006666666666666666
betahcg		0.0006666666666666666
betahydroxylase		0.0006666666666666666
betaine_lex	Chemical	0.0006666666666666666
betalactam_lex	Chemical	0.0006666666666666666
betamimetic		0.0006666666666666666
betamimetics		0.0006666666666666666
betamuricholate		0.0006666666666666666
betaoxidase		0.0006666666666666666
betaoxidation		0.0006666666666666666
betareceptor		0.0006666666666666666
betathalassemia_lex	Disease	0.0006666666666666666
betathalassemic_lex	Disease	0.0006666666666666666
betaxolol_lex	Chemical	0.0006666666666666666
bethanechol_lex	Chemical	0.0006666666666666666
bevacizumab_lex	Chemical	0.0006666666666666666
bfgf		0.0013333333333333333
bfue		0.0006666666666666666
bias		0.0006666666666666666
bicuculline_lex	Chemical	0.0026666666666666666
bicuspid_aortic_valve_lex	Disease	0.0006666666666666666
bid		0.0013333333333333333
bigeminy		0.0006666666666666666
bilateral		0.006
bilateral_optic_neuropathy_lex	Disease	0.0006666666666666666
bilateral_retrobulbar_neuropathy_lex	Disease	0.0006666666666666666
bilateral_visual_field_abnormalities_lex	Disease	0.0006666666666666666
bile		0.0026666666666666666
bile_acid_lex	Chemical	0.0006666666666666666
bile_duct		0.0006666666666666666
bile_duct_destruction_lex	Disease	0.0006666666666666666
bile_duct_injury_lex	Disease	0.0013333333333333333
bile_salt_lex	Chemical	0.0006666666666666666
biliary		0.002
biliary_pseudolithiasis_lex	Disease	0.0006666666666666666
bilirubin_lex	Chemical	0.002
binasal_visual_field_defects_lex	Disease	0.0006666666666666666
binding		0.006
bingeing		0.0006666666666666666
bioavailability		0.0006666666666666666
biochemical		0.009333333333333334
biochemical mechanisms		0.0006666666666666666
biochemically		0.0006666666666666666
biodegradable		0.0006666666666666666
biodistribution		0.0006666666666666666
bioelectrical		0.0006666666666666666
bioenergetic		0.0006666666666666666
biofeedback		0.0006666666666666666
biological		0.0006666666666666666
biomarkers		0.002
biomembranes		0.0006666666666666666
biometric		0.0006666666666666666
biometry		0.0006666666666666666
biopsied		0.0006666666666666666
biopsies		0.0013333333333333333
biopsy		0.006
biosyntheses		0.0006666666666666666
biosynthesis		0.0013333333333333333
biotransformation		0.0013333333333333333
biperiden_lex	Chemical	0.0013333333333333333
biperiden_lactate_lex	Chemical	0.0006666666666666666
biphasic		0.0006666666666666666
biphosphonate_lex	Chemical	0.0006666666666666666
bipolar_lex	Disease	0.0006666666666666666
bipolar_depression_lex	Disease	0.0006666666666666666
bipolar_disorder_lex	Disease	0.005333333333333333
bipolar_i_lex	Disease	0.0006666666666666666
bipolar_i_disorder_lex	Disease	0.0006666666666666666
bipolar_ii_lex	Disease	0.0006666666666666666
bipolar_mania_lex	Disease	0.002
bipolarity		0.0006666666666666666
birdshot_retinochoroidopathy_lex	Disease	0.0006666666666666666
birth_defects_lex	Disease	0.0013333333333333333
bis		0.0006666666666666666
bisbenzylisoquinoline_lex	Chemical	0.0006666666666666666
bisoprolol_lex	Chemical	0.0006666666666666666
bisphenol_a_lex	Chemical	0.0006666666666666666
bisphosphonates_lex	Chemical	0.0013333333333333333
bispnitrophenyl_phosphate_lex	Chemical	0.0006666666666666666
bitemporal_hemianopia_lex	Disease	0.0006666666666666666
biting		0.0006666666666666666
biventricular_dysfunction_lex	Disease	0.0006666666666666666
biventricular_failure_lex	Disease	0.0006666666666666666
biweekly		0.0006666666666666666
black		0.0013333333333333333
blackandwhite		0.0006666666666666666
bladder		0.007333333333333333
bladder_calculi_lex	Disease	0.0006666666666666666
bladder_cancer_lex	Disease	0.0013333333333333333
bladder_carcinomas_lex	Disease	0.0013333333333333333
bladder_damage_lex	Disease	0.0006666666666666666
bladder_dysfunction_lex	Disease	0.0006666666666666666
bladder_hyperactivity_lex	Disease	0.0006666666666666666
bladder_inflammation_lex	Disease	0.0013333333333333333
bladder_irritation_lex	Disease	0.0006666666666666666
bladder_tumors_lex	Disease	0.0006666666666666666
bladder_tumours_lex	Disease	0.0006666666666666666
bladders		0.0006666666666666666
bleeding_lex	Disease	0.004666666666666667
bleomycin_lex	Chemical	0.0006666666666666666
blepharoconjunctivitis_lex	Disease	0.0006666666666666666
blindness_lex	Disease	0.0013333333333333333
block		0.002
blockade		0.004666666666666667
blocker		0.0026666666666666666
blockers		0.0006666666666666666
blocking		0.0026666666666666666
blocks		0.0006666666666666666
blood		0.01
blood_clotting		0.0006666666666666666
blood_coagulation_lex	Disease	0.0013333333333333333
blood_dyscrasias_lex	Disease	0.002
blood_loss_lex	Disease	0.002
blood_nitrogen_urea_lex	Chemical	0.0006666666666666666
blood_pressure		0.005333333333333333
blood_pressures		0.0006666666666666666
blood_urea_nitrogen_lex	Chemical	0.004
bloodbrain		0.0013333333333333333
bloodbrainbarrier		0.0006666666666666666
bloodpressure		0.0006666666666666666
blurred_vision_lex	Disease	0.002
bmcs		0.0006666666666666666
bmt		0.0013333333333333333
body		0.0006666666666666666
bodyweights		0.0006666666666666666
bold		0.0013333333333333333
bolus		0.007333333333333333
boluses		0.0013333333333333333
bonding		0.0006666666666666666
bone		0.0026666666666666666
bone_marrow		0.0006666666666666666
bone_marrow_depression_lex	Disease	0.0006666666666666666
bone_marrow_hypoplasia_lex	Disease	0.0006666666666666666
bone_marrow_necrosis_lex	Disease	0.0006666666666666666
bone_marrow_suppression_lex	Disease	0.0026666666666666666
bone_marrow_toxicity_lex	Disease	0.0006666666666666666
bone_turnover		0.0006666666666666666
boosted		0.0006666666666666666
borderline		0.0006666666666666666
borderzone		0.0006666666666666666
bortezomib_lex	Chemical	0.0033333333333333335
botox_lex	Chemical	0.0006666666666666666
bovine		0.0006666666666666666
boy		0.0013333333333333333
bp		0.0006666666666666666
bpa_lex	Chemical	0.0006666666666666666
bpd_lex	Chemical	0.0006666666666666666
bpm		0.0006666666666666666
brachial_neuritis_lex	Disease	0.0006666666666666666
brachial_plexitis_lex	Disease	0.0006666666666666666
bradyarrhythmia_lex	Disease	0.0013333333333333333
bradyarrhythmias_lex	Disease	0.002
bradycardia_lex	Disease	0.028666666666666667
bradycardiac_lex	Disease	0.0006666666666666666
bradycardias_lex	Disease	0.0006666666666666666
bradycardic_lex	Disease	0.0006666666666666666
bradydysrhythmias_lex	Disease	0.0006666666666666666
bradykinesia_lex	Disease	0.0026666666666666666
bradykinin_lex	Chemical	0.0013333333333333333
brain		0.02266666666666667
brain_damage_lex	Disease	0.004
brain_edema_lex	Disease	0.002
brain_injury_lex	Disease	0.0006666666666666666
brain_ischemic_lex	Disease	0.0006666666666666666
brain_trauma_lex	Disease	0.0006666666666666666
brain_tumor_lex	Disease	0.0006666666666666666
brain_tumors_lex	Disease	0.0006666666666666666
brain_tumour_lex	Disease	0.0006666666666666666
brainmapping		0.0006666666666666666
brainstem		0.0033333333333333335
brainstem_dysgenesis_lex	Disease	0.0006666666666666666
branches		0.0006666666666666666
breast		0.0006666666666666666
breast_cancer_lex	Disease	0.008
breast_carcinoma_lex	Disease	0.0006666666666666666
breast_tumors_lex	Disease	0.0006666666666666666
breathiness		0.0006666666666666666
breathing		0.0006666666666666666
breeder		0.0006666666666666666
broken_heart_syndrome_lex	Disease	0.0006666666666666666
bromide_lex	Chemical	0.0013333333333333333
bromocriptine_lex	Chemical	0.005333333333333333
bromperidol_lex	Chemical	0.0006666666666666666
bronchial_asthma_lex	Disease	0.0006666666666666666
bronchiectasis_lex	Disease	0.0006666666666666666
bronchioalveolar_carcinoma_lex	Disease	0.0006666666666666666
bronchiolitis_obliterans_lex	Disease	0.0006666666666666666
bronchitis_lex	Disease	0.0006666666666666666
bronchodilator		0.0006666666666666666
bronchorrhoea_lex	Disease	0.0006666666666666666
bronchoscopic		0.0006666666666666666
bronchospasm_lex	Disease	0.0006666666666666666
bruising_lex	Disease	0.0006666666666666666
bsa		0.0006666666666666666
buche		0.0006666666666666666
bulbospinal		0.0006666666666666666
bumetanide_lex	Chemical	0.0006666666666666666
bun_lex	Chemical	0.0033333333333333335
bundle_branch_block_lex	Disease	0.0006666666666666666
bupivacaine_lex	Chemical	0.010666666666666666
bupivacaine_hydrochloride_lex	Chemical	0.0006666666666666666
buprenorphine_lex	Chemical	0.0006666666666666666
bupropion_lex	Chemical	0.0026666666666666666
bupropion_hydrochloride_lex	Chemical	0.0013333333333333333
burden		0.0006666666666666666
burkitt_lymphoma_lex	Disease	0.0006666666666666666
burkitttype_malignant_lymphoma_lex	Disease	0.0006666666666666666
burn_lex	Disease	0.0006666666666666666
burns_lex	Disease	0.0006666666666666666
buspirone_lex	Chemical	0.0006666666666666666
busulfan_lex	Chemical	0.0013333333333333333
buttocks		0.0006666666666666666
butylated_hydroxyanisole_lex	Chemical	0.0006666666666666666
butyrylcholinesterase		0.0013333333333333333
butyrylcholinesterases		0.0006666666666666666
butyrylcholinestrase		0.0006666666666666666
bw		0.0006666666666666666
c1q		0.0006666666666666666
c3		0.002
c3hebfej		0.0006666666666666666
c4		0.0006666666666666666
c57bl6		0.0026666666666666666
c57bl6j		0.0006666666666666666
c57bl6tgnsod13cje		0.0006666666666666666
c695ta		0.0006666666666666666
ca1		0.0033333333333333335
ca3		0.0006666666666666666
ca3c		0.0006666666666666666
cabergoline_lex	Chemical	0.0006666666666666666
cacl2_lex	Chemical	0.0006666666666666666
caco3_lex	Chemical	0.0006666666666666666
cadaveric		0.0006666666666666666
caesarian		0.0006666666666666666
caffeine_lex	Chemical	0.007333333333333333
calcification_lex	Disease	0.0006666666666666666
calcineurin		0.0033333333333333335
calcineurin inhibitors		0.0006666666666666666
calcineurin inhibitors withdrawal		0.0006666666666666666
calcineurinfree		0.0006666666666666666
calcineurininhibitor		0.0006666666666666666
calcitonin_lex	Chemical	0.0013333333333333333
calcitonin_generelated_peptide_lex	Chemical	0.0006666666666666666
calcitriol_lex	Chemical	0.0013333333333333333
calcium_lex	Chemical	0.011333333333333334
calcium_carbonate_lex	Chemical	0.0026666666666666666
calcium_channel_blockers_lex	Chemical	0.0006666666666666666
calcium_channel_blocking_agents_lex	Chemical	0.0006666666666666666
calcium_chloride_lex	Chemical	0.0033333333333333335
calcium_disodium_edetate_lex	Chemical	0.0006666666666666666
calcium_gluconate_lex	Chemical	0.0006666666666666666
calcium_phosphate_lex	Chemical	0.0006666666666666666
calculi		0.0006666666666666666
cambodian		0.0006666666666666666
camera		0.0006666666666666666
camkiia		0.0006666666666666666
camp_lex	Chemical	0.002
canalicular		0.0006666666666666666
cancer_lex	Disease	0.011333333333333334
cancer_of_the_ureter_lex	Disease	0.0006666666666666666
canine		0.0026666666666666666
cannabis_lex	Chemical	0.0006666666666666666
cannulae		0.002
capacity		0.0006666666666666666
capd		0.0013333333333333333
capecitabine_lex	Chemical	0.0013333333333333333
capillaries		0.0013333333333333333
capillary		0.0013333333333333333
capillary_leak_syndrome_lex	Disease	0.0006666666666666666
capnocytophaga		0.0006666666666666666
caproate_lex	Chemical	0.0006666666666666666
capsaicin_lex	Chemical	0.008
capsules		0.0006666666666666666
captopril_lex	Chemical	0.004
carbachol_lex	Chemical	0.004
carbamazepine_lex	Chemical	0.012
carbamylcholin_lex	Chemical	0.0006666666666666666
carbenicillin_lex	Chemical	0.0006666666666666666
carbetocin_lex	Chemical	0.0006666666666666666
carbidopalevodopa_lex	Chemical	0.0006666666666666666
carbimazole_lex	Chemical	0.002
carbon_dioxide_lex	Chemical	0.0013333333333333333
carbon_monoxide_lex	Chemical	0.0006666666666666666
carbon_tetrachloride_lex	Chemical	0.0013333333333333333
carboplatin_lex	Chemical	0.006
carcinogen		0.002
carcinogenesis_lex	Disease	0.002
carcinogenic_lex	Disease	0.0013333333333333333
carcinogenic_process		0.0006666666666666666
carcinogenicity		0.0006666666666666666
carcinogens		0.0006666666666666666
carcinoma_lex	Disease	0.004666666666666667
carcinoma_of_the_breast_lex	Disease	0.0006666666666666666
carcinoma_of_the_peritoneum_lex	Disease	0.0006666666666666666
carcinoma_of_the_prostate_lex	Disease	0.0006666666666666666
carcinoma_of_the_renal_pelvis_lex	Disease	0.0006666666666666666
carcinoma_of_the_urinary_tract_lex	Disease	0.0006666666666666666
carcinomas_of_the_urinary_bladder_lex	Disease	0.0006666666666666666
carcinostatics		0.0006666666666666666
cardiac		0.014666666666666666
cardiac_abnormalities_lex	Disease	0.0006666666666666666
cardiac_apoptosis_lex	Disease	0.0006666666666666666
cardiac_arrest_lex	Disease	0.006666666666666667
cardiac_arrhythmia_lex	Disease	0.002
cardiac_arrhythmias_lex	Disease	0.005333333333333333
cardiac_asystole_lex	Disease	0.0006666666666666666
cardiac_complications_lex	Disease	0.0013333333333333333
cardiac_damage_lex	Disease	0.0013333333333333333
cardiac_death_lex	Disease	0.0006666666666666666
cardiac_disarrangement_lex	Disease	0.0006666666666666666
cardiac_disease_lex	Disease	0.0033333333333333335
cardiac_diseases_lex	Disease	0.0006666666666666666
cardiac_disorders_lex	Disease	0.0006666666666666666
cardiac_disturbances_lex	Disease	0.0006666666666666666
cardiac_dysfunction_lex	Disease	0.005333333333333333
cardiac_dysrhythmias_lex	Disease	0.0013333333333333333
cardiac_failure_lex	Disease	0.002
cardiac_hypertrophy_lex	Disease	0.0033333333333333335
cardiac_infarction_lex	Disease	0.0006666666666666666
cardiac_injury_lex	Disease	0.0006666666666666666
cardiac_malformations_lex	Disease	0.0006666666666666666
cardiac_morphological_alterations_lex	Disease	0.0006666666666666666
cardiac_output		0.0026666666666666666
cardiac_remodelling_lex	Disease	0.0006666666666666666
cardiac_symptoms_lex	Disease	0.0006666666666666666
cardiac_tamponade_lex	Disease	0.0006666666666666666
cardiac_toxicity_lex	Disease	0.009333333333333334
cardiodepressant		0.0006666666666666666
cardiogenic_shock_lex	Disease	0.0013333333333333333
cardiology		0.0006666666666666666
cardiomegaly_lex	Disease	0.0006666666666666666
cardiomyocyte		0.0026666666666666666
cardiomyocyte_damage_lex	Disease	0.0006666666666666666
cardiomyocyte_degeneration_lex	Disease	0.0006666666666666666
cardiomyocytes		0.0026666666666666666
cardiomyopathic_disorder_lex	Disease	0.0006666666666666666
cardiomyopathy_lex	Disease	0.014
cardioprotection		0.0013333333333333333
cardioprotective		0.0033333333333333335
cardiopulmonary_arrest_lex	Disease	0.0006666666666666666
cardiorespiratory		0.002
cardiorespiratory_arrest_lex	Disease	0.0006666666666666666
cardioselective		0.002
cardiotoxic_lex	Disease	0.005333333333333333
cardiotoxicity_lex	Disease	0.024666666666666667
cardiotoxin		0.0006666666666666666
cardiotoxity_lex	Disease	0.0006666666666666666
cardiovascular		0.014
cardiovascular_alterations_lex	Disease	0.0013333333333333333
cardiovascular_collapse_lex	Disease	0.0013333333333333333
cardiovascular_complications_lex	Disease	0.0013333333333333333
cardiovascular_depression_lex	Disease	0.0006666666666666666
cardiovascular_disease_lex	Disease	0.006
cardiovascular_diseases_lex	Disease	0.0006666666666666666
cardiovascular_dysfunction_lex	Disease	0.0006666666666666666
cardiovascular_impairments_lex	Disease	0.0006666666666666666
cardiovascular_malformations_lex	Disease	0.0006666666666666666
cardiovascular_system		0.0006666666666666666
cardiovascular_toxicities_lex	Disease	0.0006666666666666666
cardiovascular_toxicity_lex	Disease	0.0026666666666666666
cardioversion		0.0013333333333333333
care		0.0006666666666666666
caribbean		0.0006666666666666666
caries_lex	Disease	0.0006666666666666666
carious_lesions_lex	Disease	0.0006666666666666666
carmofur_lex	Chemical	0.0013333333333333333
carmustine_lex	Chemical	0.0013333333333333333
carotid		0.0006666666666666666
carrageenan_lex	Chemical	0.002
carriers		0.0006666666666666666
carteolol_hydrochloride_lex	Chemical	0.0006666666666666666
cartilage		0.0006666666666666666
carvedilol_lex	Chemical	0.0013333333333333333
cas		0.0006666666666666666
cascade		0.0013333333333333333
case		0.010666666666666666
casecontrol		0.004
casecontrolled		0.0006666666666666666
casefatality		0.0006666666666666666
cases		0.006666666666666667
caspase3		0.0026666666666666666
caspase8		0.0006666666666666666
castrated		0.0006666666666666666
castration		0.0013333333333333333
cat		0.0006666666666666666
catalase		0.0026666666666666666
catalepsy_lex	Disease	0.016
cataleptic_lex	Disease	0.0006666666666666666
cataleptogenic		0.0006666666666666666
cataract_lex	Disease	0.002
cataractogenic		0.0006666666666666666
cataracts_lex	Disease	0.0006666666666666666
catatonia_lex	Disease	0.0006666666666666666
catechol_lex	Chemical	0.0006666666666666666
catecholamine_lex	Chemical	0.0026666666666666666
catecholaminergic		0.002
catecholamines_lex	Chemical	0.004666666666666667
catheter		0.0006666666666666666
catheterization		0.0006666666666666666
catheterizations		0.0006666666666666666
catheters		0.0006666666666666666
cats		0.0033333333333333335
caucasian		0.0006666666666666666
cauda_equina_syndrome_lex	Disease	0.0013333333333333333
caudal		0.0006666666666666666
caudate		0.0026666666666666666
caudateputamen		0.0006666666666666666
caudomedially		0.0006666666666666666
causality		0.002
cause		0.0013333333333333333
caution		0.0006666666666666666
cbdca_lex	Chemical	0.0006666666666666666
cbf		0.0006666666666666666
cbz_lex	Chemical	0.0013333333333333333
ccb		0.0006666666666666666
cck28		0.0006666666666666666
cck58		0.0006666666666666666
cck8_lex	Chemical	0.0006666666666666666
ccl2		0.0006666666666666666
ccl4_lex	Chemical	0.002
ccnu_lex	Chemical	0.0013333333333333333
cco		0.0006666666666666666
ccoi		0.0006666666666666666
ccoiv		0.0006666666666666666
ccr		0.0006666666666666666
ccr2		0.0006666666666666666
ccu		0.0006666666666666666
cd11b		0.0006666666666666666
cd34cd19		0.0006666666666666666
cd36		0.0006666666666666666
cd4		0.0013333333333333333
cd4tcell		0.0006666666666666666
cd68		0.0006666666666666666
cd832_lex	Chemical	0.0006666666666666666
cddp_lex	Chemical	0.0013333333333333333
cdfi		0.0006666666666666666
cdna		0.0006666666666666666
ce_lex	Chemical	0.0006666666666666666
cefotetan_lex	Chemical	0.0013333333333333333
ceftriaxone_lex	Chemical	0.0013333333333333333
celecoxib_lex	Chemical	0.0013333333333333333
cell		0.0026666666666666666
cells		0.0033333333333333335
cellsmicrol		0.0006666666666666666
cellular		0.0006666666666666666
cellularity		0.0006666666666666666
central		0.006
central_nervous_system		0.0013333333333333333
central_nervous_system_cns_complications_lex	Disease	0.0006666666666666666
central_nervous_system_leukemia_lex	Disease	0.0006666666666666666
central_nervous_system_toxicity_lex	Disease	0.0006666666666666666
central_visual_acuity		0.0006666666666666666
centrilobular		0.0006666666666666666
cephalexin_lex	Chemical	0.0006666666666666666
cephalosporin_lex	Chemical	0.0006666666666666666
cephalosporins_lex	Chemical	0.0013333333333333333
cephalothin_lex	Chemical	0.0013333333333333333
cephalothin_sodium_lex	Chemical	0.0006666666666666666
cerebellar		0.0033333333333333335
cerebellar_atrophy_lex	Disease	0.0006666666666666666
cerebellar_dysfunction_lex	Disease	0.0006666666666666666
cerebellar_growth		0.0006666666666666666
cerebellum		0.0033333333333333335
cerebellum_damage_lex	Disease	0.0006666666666666666
cerebral		0.004666666666666667
cerebral_abnormalities_lex	Disease	0.0006666666666666666
cerebral_aneurysms_lex	Disease	0.0006666666666666666
cerebral_anoxia_lex	Disease	0.0006666666666666666
cerebral_damage_lex	Disease	0.0006666666666666666
cerebral_edema_lex	Disease	0.002
cerebral_haemorrhage_lex	Disease	0.0013333333333333333
cerebral_hemorrhage_lex	Disease	0.0006666666666666666
cerebral_hypoperfusion_lex	Disease	0.0006666666666666666
cerebral_hypoxia_lex	Disease	0.0006666666666666666
cerebral_infarction_lex	Disease	0.0026666666666666666
cerebral_ischaemia_lex	Disease	0.0006666666666666666
cerebral_ischemia_lex	Disease	0.0013333333333333333
cerebral_ischemic_infarction_lex	Disease	0.0006666666666666666
cerebral_ischemic_injury_lex	Disease	0.0006666666666666666
cerebral_lesions_lex	Disease	0.0006666666666666666
cerebral_microbleeds_lex	Disease	0.0006666666666666666
cerebral_palsy_lex	Disease	0.0006666666666666666
cerebral_sinus_thrombosis_lex	Disease	0.0006666666666666666
cerebral_vascular_accident_lex	Disease	0.0006666666666666666
cerebral_vasculitis_lex	Disease	0.002
cerebral_vasospasm_lex	Disease	0.0006666666666666666
cerebrospinal		0.0006666666666666666
cerebrovascular		0.0006666666666666666
cerebrovascular_accident_lex	Disease	0.0006666666666666666
cerebrovascular_disease_lex	Disease	0.0006666666666666666
cerebrum		0.0006666666666666666
ceroid_lipofuscinosis_lex	Disease	0.0006666666666666666
cerruloplasmin		0.0006666666666666666
cervical_carcinoma_lex	Disease	0.0006666666666666666
cervix		0.0006666666666666666
cesarean		0.0006666666666666666
cesd		0.0006666666666666666
cessation		0.0033333333333333335
cg		0.0006666666666666666
cgisf		0.0006666666666666666
cgmp_lex	Chemical	0.0006666666666666666
cgrp_lex	Chemical	0.0006666666666666666
challenge		0.004666666666666667
challenges		0.0006666666666666666
changes		0.0006666666666666666
channel		0.0006666666666666666
channel sites		0.0006666666666666666
channels		0.0006666666666666666
chaperone		0.0006666666666666666
characteristics		0.0006666666666666666
chart		0.0006666666666666666
chelation		0.0013333333333333333
chemical		0.002
chemiluminescence		0.0006666666666666666
chemoconvulsants		0.0006666666666666666
chemokine		0.0006666666666666666
chemopreventive		0.0006666666666666666
chemotherapeutic		0.0026666666666666666
chemotherapeutics		0.0006666666666666666
chemotherapies		0.0006666666666666666
chemotherapy		0.036
chemotherapynaive		0.0006666666666666666
chemotherapyresponsive		0.0006666666666666666
chenodeoxycholate_lex	Chemical	0.0006666666666666666
chest		0.0006666666666666666
chest_pain_lex	Disease	0.010666666666666666
chest_wall_rigidity_lex	Disease	0.0006666666666666666
chf_lex	Disease	0.0006666666666666666
chi2test		0.0006666666666666666
chiari_malformation_lex	Disease	0.0006666666666666666
chiasmopathy		0.0006666666666666666
chick		0.0006666666666666666
chickens		0.0006666666666666666
child		0.0033333333333333335
childbearing		0.0006666666666666666
childhood		0.0013333333333333333
children		0.018
childrens		0.0006666666666666666
chills		0.0006666666666666666
chinese		0.0006666666666666666
chloralose_lex	Chemical	0.0006666666666666666
chlorambucil_lex	Chemical	0.0006666666666666666
chloramphenicol_lex	Chemical	0.0013333333333333333
chlordiazepoxide_lex	Chemical	0.0006666666666666666
chlorhexidine_diphosphanilate_lex	Chemical	0.0006666666666666666
chlorhexidine_phosphanilate_lex	Chemical	0.0006666666666666666
chloride_lex	Chemical	0.0006666666666666666
chlormethiazole_lex	Chemical	0.0006666666666666666
chloroacetaldehyde_lex	Chemical	0.0013333333333333333
chlorofluorocarbons_lex	Chemical	0.0006666666666666666
chloroform_lex	Chemical	0.0013333333333333333
chloroprocaine_lex	Chemical	0.0006666666666666666
chloroquine_lex	Chemical	0.0026666666666666666
chlorpheniramine_lex	Chemical	0.0013333333333333333
chlorpheniramine_maleate_lex	Chemical	0.0006666666666666666
chlorpromazine_lex	Chemical	0.0026666666666666666
chlorpropamide_lex	Chemical	0.0006666666666666666
chlorpropanol_lex	Chemical	0.0006666666666666666
chlorthalidone_lex	Chemical	0.0013333333333333333
choanal_atresia_lex	Disease	0.0006666666666666666
cholangitis_lex	Disease	0.0006666666666666666
cholate_lex	Chemical	0.0006666666666666666
cholecystectomy		0.0006666666666666666
cholecystitis_lex	Disease	0.0006666666666666666
cholecystokinin_lex	Chemical	0.0006666666666666666
cholecystokinin_octapeptide_lex	Chemical	0.0006666666666666666
cholecystokininoctapeptide_lex	Chemical	0.0006666666666666666
choleretic		0.0006666666666666666
cholestasis_lex	Disease	0.008666666666666666
cholestatic_lex	Disease	0.0026666666666666666
cholestatic_disease_lex	Disease	0.0006666666666666666
cholestatic_injury_lex	Disease	0.0006666666666666666
cholestatic_jaundice_lex	Disease	0.0013333333333333333
cholestatic_syndrome_lex	Disease	0.0006666666666666666
cholesterol_lex	Chemical	0.004
cholesteryl_ester_lex	Chemical	0.0006666666666666666
cholesteryl_esters_lex	Chemical	0.0006666666666666666
cholesteryl_hemisuccinate_lex	Chemical	0.0006666666666666666
choline_lex	Chemical	0.0006666666666666666
cholinergic		0.004666666666666667
cholinergicopioid		0.0006666666666666666
cholinesterase		0.0013333333333333333
cholinoceptive		0.0006666666666666666
cholinomimetic		0.0006666666666666666
chondrodysplasia_punctata_lex	Disease	0.0006666666666666666
chondroitin_sulfate_lex	Chemical	0.0006666666666666666
chop		0.0006666666666666666
chorea_lex	Disease	0.002
choreatic_dyskinesias_lex	Disease	0.0006666666666666666
choreatiform		0.0006666666666666666
choreic		0.0006666666666666666
choreoathetoid_movements_lex	Disease	0.0006666666666666666
choreoathetosis_lex	Disease	0.0006666666666666666
choriocapillaris_occlusion		0.0006666666666666666
choriocarcinoma_lex	Disease	0.0006666666666666666
chorioretinal_atrophy_lex	Disease	0.0013333333333333333
chorioretinopathy_lex	Disease	0.0006666666666666666
chow		0.0006666666666666666
chromosomes		0.0006666666666666666
chronic		0.01
chronic_active_aggressive_hepatitis_lex	Disease	0.0006666666666666666
chronic_active_hepatitis_lex	Disease	0.002
chronic_airflow_obstruction_lex	Disease	0.0006666666666666666
chronic_allograft_nephropathy_lex	Disease	0.002
chronic_hepatic_enzyme_dysfunction_lex	Disease	0.0006666666666666666
chronic_hepatitis_b_lex	Disease	0.0006666666666666666
chronic_hepatitis_c_lex	Disease	0.004
chronic_infection_with_hepatitis_c_virus_lex	Disease	0.0006666666666666666
chronic_kidney_disease_lex	Disease	0.0013333333333333333
chronic_liver_disease_lex	Disease	0.0013333333333333333
chronic_myeloid_leukemia_lex	Disease	0.0006666666666666666
chronic_obstructive_pulmonary_disease_lex	Disease	0.0006666666666666666
chronic_pain_lex	Disease	0.002
chronic_renal_damage_lex	Disease	0.0006666666666666666
chronic_renal_failure_lex	Disease	0.005333333333333333
chronic_renal_insufficiency_lex	Disease	0.0006666666666666666
chronicity		0.0006666666666666666
chronotropic		0.0026666666666666666
cibenzoline_lex	Chemical	0.0013333333333333333
cidofovir_lex	Chemical	0.0006666666666666666
cilostazol_lex	Chemical	0.0006666666666666666
cimetidine_lex	Chemical	0.004
cinacalcet_hcl_lex	Chemical	0.0006666666666666666
cip_lex	Disease	0.0006666666666666666
ciprofloxacin_lex	Chemical	0.0033333333333333335
cips_lex	Disease	0.0006666666666666666
cirazoline_lex	Chemical	0.0006666666666666666
circadian		0.0013333333333333333
circuitry		0.0006666666666666666
circulations		0.0006666666666666666
circulatory_failure_lex	Disease	0.0013333333333333333
circumference		0.0006666666666666666
circumflex		0.0013333333333333333
cirrhosis_lex	Disease	0.004
cirrhotic_lex	Disease	0.0006666666666666666
cirrhotic_diseases_lex	Disease	0.0006666666666666666
cis		0.0006666666666666666
cisapride_lex	Chemical	0.0026666666666666666
cisplatin_lex	Chemical	0.012666666666666666
cisplatinum_lex	Chemical	0.0013333333333333333
cisra_lex	Chemical	0.0006666666666666666
citalopram_lex	Chemical	0.0026666666666666666
citric_acid_lex	Chemical	0.0006666666666666666
ck		0.0006666666666666666
ckmb		0.0013333333333333333
cl_lex	Chemical	0.0006666666666666666
clarithromycin_lex	Chemical	0.0026666666666666666
classic		0.0006666666666666666
classification		0.0006666666666666666
claudin2		0.0006666666666666666
clavulanic_acid_lex	Chemical	0.0006666666666666666
claws		0.0006666666666666666
cle_lex	Disease	0.0006666666666666666
clear_cell_adenocarcinoma_lex	Disease	0.0006666666666666666
clearance		0.007333333333333333
clearances		0.0006666666666666666
cleft_lip_lex	Disease	0.0006666666666666666
cleft_palate_lex	Disease	0.0006666666666666666
clentiazem_lex	Chemical	0.0006666666666666666
climacteric		0.0006666666666666666
climbing		0.0013333333333333333
clinic		0.0006666666666666666
clinical		0.036
clinical complete responses		0.0006666666666666666
clinically		0.0013333333333333333
clinician		0.0013333333333333333
clinicians		0.008666666666666666
clioquinol_lex	Chemical	0.0006666666666666666
clomiphene_lex	Chemical	0.0006666666666666666
clomiphene_citrate_lex	Chemical	0.0013333333333333333
clomipramine_lex	Chemical	0.002
clonazepam_lex	Chemical	0.0033333333333333335
clonic		0.0013333333333333333
clonic_fits_lex	Disease	0.0006666666666666666
clonictonic_convulsions_lex	Disease	0.0006666666666666666
clonidine_lex	Chemical	0.008666666666666666
clonus		0.0013333333333333333
clopidogrel_lex	Chemical	0.002
clot		0.0006666666666666666
clotiazepam_lex	Chemical	0.0006666666666666666
clozapine_lex	Chemical	0.006666666666666667
cluster_headache_lex	Disease	0.002
cm_lex	Disease	0.0006666666666666666
cmax		0.0006666666666666666
cmaxmic		0.0006666666666666666
cml_lex	Disease	0.0006666666666666666
cmro2		0.0006666666666666666
cn		0.0006666666666666666
cnp		0.0006666666666666666
cns		0.007333333333333333
cns_damage_lex	Disease	0.0006666666666666666
cnsb002_lex	Chemical	0.0006666666666666666
co		0.0006666666666666666
co2_lex	Chemical	0.0013333333333333333
coadministration		0.004666666666666667
coagulation		0.0006666666666666666
coagulopathy_lex	Disease	0.002
coarctation_of_the_aorta_lex	Disease	0.0013333333333333333
cobalt_chloride_lex	Chemical	0.0006666666666666666
cocaethylene_lex	Chemical	0.0006666666666666666
cocaine_lex	Chemical	0.026
cocaine_abuse_lex	Disease	0.0026666666666666666
cocaine_hydrochloride_lex	Chemical	0.0006666666666666666
cocaine_overdose_lex	Disease	0.0006666666666666666
cocaineaddicted_lex	Disease	0.0006666666666666666
cocarcinogen		0.0006666666666666666
cochlea		0.0013333333333333333
cochlear		0.0006666666666666666
cochrane		0.0006666666666666666
cocs_lex	Chemical	0.0013333333333333333
codeine_lex	Chemical	0.0006666666666666666
coenzyme_q10_lex	Chemical	0.0006666666666666666
coerulospinal		0.0006666666666666666
cognition		0.002
cognition_deficits_lex	Disease	0.0006666666666666666
cognitive		0.002
cognitive_decline_lex	Disease	0.0006666666666666666
cognitive_deficits_lex	Disease	0.0033333333333333335
cognitive_deterioration_lex	Disease	0.0006666666666666666
cognitive_disorders_lex	Disease	0.0006666666666666666
cognitive_dysfunction_lex	Disease	0.002
cognitive_dysfunctions_lex	Disease	0.0006666666666666666
cognitive_function		0.0013333333333333333
cognitive_functions		0.0006666666666666666
cognitive_impairment_lex	Disease	0.0033333333333333335
cognitiveenhancing		0.0006666666666666666
cognitively		0.0006666666666666666
cohort		0.006
cohorts		0.0006666666666666666
cold		0.0006666666666666666
coldpressor		0.0006666666666666666
colistin_lex	Chemical	0.0006666666666666666
collagen		0.0013333333333333333
collagen_vascular_disease_lex	Disease	0.0006666666666666666
collagenase		0.002
collagenaseinduced		0.0006666666666666666
colliculi		0.0006666666666666666
colloidosmotic		0.0006666666666666666
colon_cancer_lex	Disease	0.002
colon_carcinoma_lex	Disease	0.0006666666666666666
colonoscopy		0.0006666666666666666
colony		0.0013333333333333333
colorectal		0.0006666666666666666
colorectal_cancer_lex	Disease	0.0006666666666666666
colorectal_carcinoma_lex	Disease	0.0006666666666666666
colour_vision		0.0006666666666666666
coma_lex	Disease	0.004
combination		0.004
combinatorial		0.0006666666666666666
combined		0.0006666666666666666
combined_oral_contraceptives_lex	Chemical	0.0006666666666666666
communication		0.0006666666666666666
comorbidities		0.0006666666666666666
comorbidity		0.0013333333333333333
comparative		0.0006666666666666666
comparison		0.0006666666666666666
compartment		0.0006666666666666666
compartment_syndrome_lex	Disease	0.0006666666666666666
compensated		0.0006666666666666666
compensatory		0.0013333333333333333
competitive		0.0013333333333333333
complement		0.002
complete		0.0013333333333333333
complex		0.0006666666666666666
compliance		0.002
complication		0.010666666666666666
complications		0.01
compound		0.0026666666666666666
comprehensive		0.0006666666666666666
compression_neuropathy_lex	Disease	0.0006666666666666666
computed		0.0006666666666666666
computeraided		0.0006666666666666666
comt		0.0006666666666666666
concentration		0.010666666666666666
concentrations		0.010666666666666666
conclusion		0.0006666666666666666
conclusions		0.0013333333333333333
concomitantly		0.0006666666666666666
concordance		0.0006666666666666666
concurrent		0.0006666666666666666
condition		0.0013333333333333333
conditioning		0.0013333333333333333
conduction		0.0006666666666666666
conduction_disorder_lex	Disease	0.0006666666666666666
confocal		0.0006666666666666666
confounders		0.0013333333333333333
confounding		0.0013333333333333333
confusion_lex	Disease	0.006666666666666667
congenital		0.0006666666666666666
congenital_abnormalities_lex	Disease	0.0006666666666666666
congenital_anomalies_lex	Disease	0.0006666666666666666
congenital_heart_disease_lex	Disease	0.0013333333333333333
congestive_heart_failure_lex	Disease	0.01
congolese		0.0006666666666666666
coniine_lex	Chemical	0.0006666666666666666
conjugated		0.0006666666666666666
conjugated_estrogens_lex	Chemical	0.0006666666666666666
conjugates		0.0013333333333333333
conjugation		0.0006666666666666666
conjunctiva		0.0013333333333333333
conjunctival_blanching_lex	Disease	0.0006666666666666666
conjunctivitis_lex	Disease	0.0006666666666666666
connection		0.0006666666666666666
connective		0.0006666666666666666
connective_tissue_disorders_lex	Disease	0.0006666666666666666
conscious		0.0026666666666666666
consciousness		0.002
consolidation		0.0026666666666666666
constipation_lex	Disease	0.002
consumption		0.0013333333333333333
consumption_coagulopathies_lex	Disease	0.0006666666666666666
contaminants		0.0006666666666666666
content		0.0006666666666666666
continence		0.0006666666666666666
continuous		0.002
continuousinfusion		0.0006666666666666666
contractility		0.0026666666666666666
contraction		0.0006666666666666666
contractions		0.0006666666666666666
contractures_lex	Disease	0.0013333333333333333
contraindicate		0.0006666666666666666
contraindication		0.0006666666666666666
contralateral		0.0026666666666666666
contralateral_rotation_lex	Disease	0.0006666666666666666
contrast_lex	Chemical	0.0013333333333333333
contrast_materials_lex	Chemical	0.0006666666666666666
contrast_media_lex	Chemical	0.0013333333333333333
contrast_medium_lex	Chemical	0.0006666666666666666
contrastenhanced		0.0006666666666666666
control		0.012666666666666666
controlled		0.0013333333333333333
controlledrelease		0.0006666666666666666
controls		0.008
conventional		0.0013333333333333333
conversion		0.0006666666666666666
convulsant		0.004
convulse		0.0006666666666666666
convulsion_lex	Disease	0.0013333333333333333
convulsions_lex	Disease	0.013333333333333334
convulsive_lex	Disease	0.0013333333333333333
coombspositive		0.0006666666666666666
copolymer		0.0006666666666666666
copper_lex	Chemical	0.0006666666666666666
copulation		0.0006666666666666666
cor_pulmonale_lex	Disease	0.0006666666666666666
core		0.0006666666666666666
cornea		0.0006666666666666666
corneal_abrasion_lex	Disease	0.0006666666666666666
corneal_disease_lex	Disease	0.0006666666666666666
corneal_ulcers_lex	Disease	0.0006666666666666666
coronary		0.004666666666666667
coronary_aneurysm_lex	Disease	0.0006666666666666666
coronary_arterial_disease_lex	Disease	0.0006666666666666666
coronary_arterial_stenosis_lex	Disease	0.0006666666666666666
coronary_artery		0.0006666666666666666
coronary_artery_disease_lex	Disease	0.012
coronary_artery_spasm_lex	Disease	0.002
coronary_artery_stenosis_lex	Disease	0.0006666666666666666
coronary_artery_vasospasm_lex	Disease	0.0006666666666666666
coronary_disease_lex	Disease	0.002
coronary_heart_disease_lex	Disease	0.0026666666666666666
coronary_occlusion_lex	Disease	0.0013333333333333333
coronary_spasm_lex	Disease	0.0026666666666666666
coronary_spastic_angina_lex	Disease	0.0006666666666666666
coronary_stenosis_lex	Disease	0.002
coronary_vasospasm_lex	Disease	0.0026666666666666666
correlation		0.004
correlative		0.0006666666666666666
cortex		0.01
cortex_hippocampus_white_matter_and_ventricles		0.0006666666666666666
cortical		0.005333333333333333
cortical_dysplasia_lex	Disease	0.0006666666666666666
cortical_laminar_necrosis_lex	Disease	0.0006666666666666666
corticography		0.0006666666666666666
corticosteroid_lex	Chemical	0.002
corticosteroid_glaucoma_lex	Disease	0.0006666666666666666
corticosteroids_lex	Chemical	0.007333333333333333
corticosterone_lex	Chemical	0.002
corticostriatal_dysfunction_lex	Disease	0.0006666666666666666
cortisol_lex	Chemical	0.0026666666666666666
cosmetic		0.0006666666666666666
costs		0.0006666666666666666
cotreatment		0.0006666666666666666
cotrimoxazole_lex	Chemical	0.0013333333333333333
cough_lex	Disease	0.0006666666666666666
coumadin_lex	Chemical	0.0006666666666666666
coumarin_lex	Chemical	0.0006666666666666666
countries		0.0006666666666666666
counts		0.0013333333333333333
course		0.0013333333333333333
cows		0.0006666666666666666
cox		0.0013333333333333333
cox1		0.0006666666666666666
cox2		0.0013333333333333333
cox2_inhibitors_lex	Chemical	0.0006666666666666666
coxii		0.0006666666666666666
coxiii		0.0006666666666666666
coxiv		0.0006666666666666666
cp_lex	Chemical	0.0006666666666666666
cpa_lex	Chemical	0.002
cpb		0.0006666666666666666
cpk		0.002
cpt_lex	Chemical	0.0006666666666666666
cpu		0.0006666666666666666
crack_cocaine_lex	Chemical	0.002
cranial		0.002
cranial_hemorrhage_lex	Disease	0.0006666666666666666
cranial_nerve_deficits_lex	Disease	0.0006666666666666666
cranial_nerve_dysfunction_lex	Disease	0.0006666666666666666
cranial_neuropathy_lex	Disease	0.0006666666666666666
cranial_to_body_growth		0.0006666666666666666
cranialnerve_involvement		0.0006666666666666666
craniotomy		0.0013333333333333333
crataegus_oxycantha_lex	Chemical	0.0006666666666666666
cream		0.0006666666666666666
creatinine_lex	Chemical	0.014666666666666666
crescentic		0.0006666666666666666
crescents		0.0006666666666666666
cresyl_violet_lex	Chemical	0.0006666666666666666
cret		0.0006666666666666666
crf_lex	Disease	0.0013333333333333333
criteria		0.0006666666666666666
critically_ill_lex	Disease	0.0006666666666666666
crocin_lex	Chemical	0.0013333333333333333
crohns_disease_lex	Disease	0.0013333333333333333
cromakalim_lex	Chemical	0.0006666666666666666
crosslink		0.0006666666666666666
crossmatching		0.0006666666666666666
crossover		0.007333333333333333
crossreacting		0.0006666666666666666
crossreactivity		0.0006666666666666666
crosssectional		0.0006666666666666666
crosstolerance		0.0006666666666666666
crp		0.0006666666666666666
cryoprecipitate		0.0006666666666666666
cryptococcal_meningitis_lex	Disease	0.0006666666666666666
crystal		0.0006666666666666666
crystalline		0.0006666666666666666
crystallization		0.0006666666666666666
crystals		0.0006666666666666666
csa_lex	Chemical	0.0006666666666666666
csf		0.0006666666666666666
css		0.0006666666666666666
cssep		0.0006666666666666666
ct		0.0033333333333333335
ctgf		0.0006666666666666666
ctni		0.0006666666666666666
ctnipositive		0.0006666666666666666
ctnt		0.0013333333333333333
ctx_lex	Chemical	0.0006666666666666666
culture		0.0033333333333333335
cultured		0.0006666666666666666
cultures		0.0013333333333333333
cumulative		0.0006666666666666666
cuprolinic_blue_lex	Chemical	0.0006666666666666666
curcumin_lex	Chemical	0.0013333333333333333
cushings_syndrome_lex	Disease	0.0006666666666666666
cutaneous		0.0026666666666666666
cutaneous_leucocytoclastic_vasculitis_lex	Disease	0.0006666666666666666
cutaneous_reactions_lex	Disease	0.0006666666666666666
cutaneous_small_vessel_vasculitis_lex	Disease	0.0006666666666666666
cutis_verticis_gyrata_lex	Disease	0.0006666666666666666
cv		0.0006666666666666666
cva_lex	Disease	0.0006666666666666666
cvp		0.0006666666666666666
cvvhdf		0.0006666666666666666
cw4		0.0006666666666666666
cx3cr1		0.0006666666666666666
cxad		0.0006666666666666666
cxcl1		0.0006666666666666666
cy_lex	Chemical	0.0006666666666666666
cya_lex	Chemical	0.0006666666666666666
cyanide		0.0006666666666666666
cyanosis_lex	Disease	0.002
cyclase		0.0006666666666666666
cycle		0.002
cycles		0.0006666666666666666
cyclic_adenosine_35monophosphate_lex	Chemical	0.0006666666666666666
cyclic_adenosine_monophosphate_lex	Chemical	0.0006666666666666666
cycloheximide_lex	Chemical	0.002
cyclooxygenase		0.0026666666666666666
cyclooxygenase2		0.0013333333333333333
cyclooxygenase_inhibitors_lex	Chemical	0.0006666666666666666
cyclophosphamide_lex	Chemical	0.02
cyclosporin_lex	Chemical	0.0013333333333333333
cyclosporin_a_lex	Chemical	0.0026666666666666666
cyclosporine_lex	Chemical	0.009333333333333334
cyclosporine_a_lex	Chemical	0.0006666666666666666
cylinder		0.0006666666666666666
cyp_lex	Chemical	0.0006666666666666666
cyp27		0.0006666666666666666
cyp2d6		0.0013333333333333333
cyp3a4		0.0026666666666666666
cyp7a		0.0006666666666666666
cyproheptadine_lex	Chemical	0.0006666666666666666
cyproterone_acetate_lex	Chemical	0.002
cystectomy		0.0006666666666666666
cystic_renal_diseases_lex	Disease	0.0006666666666666666
cystitis_lex	Disease	0.006666666666666667
cystoid_macular_edema_lex	Disease	0.0006666666666666666
cystometry		0.0006666666666666666
cysts_lex	Disease	0.0006666666666666666
cytoarchitectural		0.0006666666666666666
cytochromep450		0.0006666666666666666
cytogenetic		0.0006666666666666666
cytokine		0.0033333333333333335
cytokines		0.0006666666666666666
cytologic		0.0006666666666666666
cytolytic		0.0006666666666666666
cytomegalovirus		0.0006666666666666666
cytomegalovirus_infections_lex	Disease	0.0006666666666666666
cytomegaly		0.0006666666666666666
cytopenia_lex	Disease	0.0006666666666666666
cytopenias_lex	Disease	0.0006666666666666666
cytoplasm		0.002
cytoplasmic		0.002
cytoprotection		0.0006666666666666666
cytoprotective		0.0006666666666666666
cytosegresomes		0.0006666666666666666
cytosine_lex	Chemical	0.0006666666666666666
cytosine_arabinoside_lex	Chemical	0.0013333333333333333
cytosol		0.0006666666666666666
cytosolic		0.0006666666666666666
cytostatic		0.0026666666666666666
cytostatics		0.0013333333333333333
cytotoxic		0.0006666666666666666
cytotoxic_oedema		0.0006666666666666666
cytotoxicity_lex	Disease	0.0033333333333333335
d1		0.0013333333333333333
d1d2		0.0006666666666666666
d2		0.004666666666666667
d2d3		0.0006666666666666666
d2r		0.0006666666666666666
d2receptor		0.0006666666666666666
d3		0.0006666666666666666
d4t_lex	Chemical	0.0006666666666666666
da_lex	Chemical	0.0026666666666666666
dacarbazine_lex	Chemical	0.0006666666666666666
daergic		0.0006666666666666666
dahl		0.0006666666666666666
daidzein_lex	Chemical	0.0006666666666666666
daily		0.0006666666666666666
dainnervated		0.0006666666666666666
dairy		0.0006666666666666666
damage		0.004
damphetamine_lex	Chemical	0.0006666666666666666
danazol_lex	Chemical	0.0013333333333333333
danger		0.0006666666666666666
dantrolene_lex	Chemical	0.0006666666666666666
dapsone_lex	Chemical	0.0006666666666666666
daptomycin_lex	Chemical	0.0006666666666666666
dat		0.0006666666666666666
data		0.0013333333333333333
daucus_carota		0.0006666666666666666
daunorubicin_lex	Chemical	0.0013333333333333333
daunoxome		0.0006666666666666666
day		0.0013333333333333333
daytime_sleepiness_lex	Disease	0.0006666666666666666
dba2		0.0006666666666666666
dba2j		0.0006666666666666666
dbh		0.0006666666666666666
dbs		0.0006666666666666666
dcf_lex	Chemical	0.0006666666666666666
dcm_lex	Disease	0.0006666666666666666
ddavp_lex	Chemical	0.0013333333333333333
ddi_lex	Chemical	0.0006666666666666666
deacetylation		0.0006666666666666666
deactivations		0.0006666666666666666
deafness_lex	Disease	0.0006666666666666666
death_lex	Disease	0.009333333333333334
deaths_lex	Disease	0.004
debrisoquine_lex	Chemical	0.0006666666666666666
dec_lex	Chemical	0.0006666666666666666
decarboxylase		0.0006666666666666666
dechallenge		0.0006666666666666666
decibels		0.0006666666666666666
decline		0.0006666666666666666
decline_of_cognitive_function_lex	Disease	0.0006666666666666666
decompensated		0.0006666666666666666
decompression		0.0006666666666666666
decompressive		0.0006666666666666666
deconvolution		0.0006666666666666666
decrease		0.002
decreased_appetite_lex	Disease	0.0006666666666666666
decreased_basal_ganglia_perfusion_lex	Disease	0.0006666666666666666
decreased_renal_function_lex	Disease	0.0006666666666666666
decreased_visual_acuity_lex	Disease	0.0006666666666666666
decreases		0.0006666666666666666
deep_vein_thrombosis_lex	Disease	0.0006666666666666666
deepvein_thrombosis_lex	Disease	0.0006666666666666666
defects		0.002
defense		0.0006666666666666666
deferoxamine_lex	Chemical	0.0013333333333333333
deficiency		0.0006666666666666666
deficient		0.0006666666666666666
deficit_of_associative_memory_lex	Disease	0.0006666666666666666
deficits		0.002
deficits_in_auditory_discrimination_lex	Disease	0.0006666666666666666
deformations_lex	Disease	0.0006666666666666666
degenerating_myelinated_fibers_lex	Disease	0.0006666666666666666
degeneration		0.0033333333333333335
degeneration_of_dopaminergic_neurons_lex	Disease	0.0006666666666666666
degenerationinduced		0.0006666666666666666
degenerative		0.0006666666666666666
deglutition		0.0006666666666666666
degradative		0.0006666666666666666
dehydration_lex	Disease	0.0033333333333333335
dehydroepiandrosterone_lex	Chemical	0.0006666666666666666
delay		0.0006666666666666666
delayed_free_recall		0.0006666666666666666
delayed_puberty_lex	Disease	0.0006666666666666666
deletion		0.002
delirium_lex	Disease	0.005333333333333333
delivery		0.0026666666666666666
delta		0.0013333333333333333
delta_9tetrahydrocannabinol_lex	Chemical	0.0006666666666666666
delusional_parasitosis_lex	Disease	0.0006666666666666666
delusions_lex	Disease	0.0006666666666666666
demand		0.0006666666666666666
dementia_lex	Disease	0.006
demodex		0.0006666666666666666
demographic		0.0013333333333333333
demographics		0.0006666666666666666
demonstrate		0.0006666666666666666
demyelinating_disorder_lex	Disease	0.0006666666666666666
dendrin		0.0006666666666666666
denervated		0.0006666666666666666
denervation		0.0013333333333333333
denial		0.0006666666666666666
denopamine_lex	Chemical	0.0006666666666666666
denovo		0.0006666666666666666
dense		0.0006666666666666666
densitometry		0.0006666666666666666
density		0.0013333333333333333
deoxycholic_acid_lex	Chemical	0.0006666666666666666
deoxycorticosterone_lex	Chemical	0.0013333333333333333
dep_lex	Chemical	0.0006666666666666666
department		0.0026666666666666666
dependency		0.0006666666666666666
dependent		0.0006666666666666666
depletion		0.004
depletions		0.0006666666666666666
depletor		0.0006666666666666666
depolarization		0.0006666666666666666
deposition		0.0006666666666666666
deposits		0.0006666666666666666
depressant		0.0013333333333333333
depressed_lex	Disease	0.002
depressed_mood_lex	Disease	0.0013333333333333333
depression_lex	Disease	0.01
depression_disorder_lex	Disease	0.0006666666666666666
depressive_lex	Disease	0.0013333333333333333
depressive_disorders_lex	Disease	0.0006666666666666666
depressive_illness_lex	Disease	0.0006666666666666666
depressive_symptoms_lex	Disease	0.002
deprivation		0.0013333333333333333
deprived		0.0006666666666666666
derivative		0.002
derivatives		0.0006666666666666666
dermal		0.0006666666666666666
dermatitis_lex	Disease	0.002
dermatologic		0.0006666666666666666
dermatomyositis_lex	Disease	0.0006666666666666666
desaturation_lex	Disease	0.0006666666666666666
desensitisation		0.0006666666666666666
desensitization		0.0013333333333333333
desferrioxamine_lex	Chemical	0.0013333333333333333
desipramine_lex	Chemical	0.004
desipramine_hcl_lex	Chemical	0.0006666666666666666
desire		0.0006666666666666666
desmethylfluoxetine_lex	Chemical	0.0006666666666666666
desmethylimipramine_lex	Chemical	0.0006666666666666666
desmopressin		0.0006666666666666666
desogestrel_lex	Chemical	0.0013333333333333333
desquamation_lex	Disease	0.0006666666666666666
desvenlafaxine_lex	Chemical	0.0006666666666666666
detection		0.0006666666666666666
deterioration		0.0006666666666666666
deterioration_in_visual_field_lex	Disease	0.0006666666666666666
deterioration_of_cognitive_functions_lex	Disease	0.0006666666666666666
deterioration_of_lv_systolic_and_diastolic_performance_lex	Disease	0.0006666666666666666
deterioration_of_renal_function_lex	Disease	0.0013333333333333333
deterioration_of_vision_lex	Disease	0.002
detoxification		0.0006666666666666666
detrusor		0.0013333333333333333
devastating		0.0006666666666666666
development		0.004666666666666667
developmental		0.002
developmental_anomalies_lex	Disease	0.0006666666666666666
deviations		0.0006666666666666666
dex_lex	Chemical	0.0013333333333333333
dexamethasone_lex	Chemical	0.014
dexamphetamine_lex	Chemical	0.0006666666666666666
dexatrim_lex	Chemical	0.0006666666666666666
dexfenfluramine_lex	Chemical	0.0006666666666666666
dexmedetomidine_lex	Chemical	0.0026666666666666666
dexrazoxane_lex	Chemical	0.0006666666666666666
dextran_lex	Chemical	0.0013333333333333333
dextromethorphan_lex	Chemical	0.0013333333333333333
dextrose_lex	Chemical	0.002
dfo_lex	Chemical	0.0006666666666666666
dfp_lex	Chemical	0.0013333333333333333
dfu_lex	Chemical	0.0006666666666666666
dg		0.0006666666666666666
dg5128_lex	Chemical	0.0006666666666666666
dgc		0.0006666666666666666
dglucarates_lex	Chemical	0.0006666666666666666
dh_lex	Disease	0.0006666666666666666
dhea_lex	Chemical	0.0006666666666666666
diabenese_lex	Chemical	0.0006666666666666666
diabetes_lex	Disease	0.006
diabetes_complications_lex	Disease	0.0006666666666666666
diabetes_insipidus_lex	Disease	0.002
diabetes_mellitus_lex	Disease	0.007333333333333333
diabetesinsipiduslike_syndrome_lex	Disease	0.0006666666666666666
diabetic_lex	Disease	0.002
diabetic_autonomic_neuropathy_lex	Disease	0.0006666666666666666
diabetic_nephropathy_lex	Disease	0.0026666666666666666
diabetic_neuropathy_lex	Disease	0.0013333333333333333
diabetics_lex	Disease	0.0013333333333333333
diagnosing		0.0006666666666666666
diagnosis		0.019333333333333334
diagnostic		0.0026666666666666666
diagrams		0.0006666666666666666
dialysis		0.006666666666666667
dialyzer		0.0006666666666666666
diameter		0.002
diamorphine_lex	Chemical	0.0006666666666666666
dianabol_lex	Chemical	0.0006666666666666666
diaphoresis		0.0006666666666666666
diaphragmatic_hernia_lex	Disease	0.0013333333333333333
diarrhea_lex	Disease	0.004666666666666667
diarrheas_lex	Disease	0.0006666666666666666
diarrhoea_lex	Disease	0.0013333333333333333
diastase		0.0006666666666666666
diastolic		0.006666666666666667
diastolic_dysfunction_lex	Disease	0.0013333333333333333
diastolic_hypertension_lex	Disease	0.0006666666666666666
diatrizoate_lex	Chemical	0.0013333333333333333
diazepam_lex	Chemical	0.014
diazinon_lex	Chemical	0.0013333333333333333
dibenzothiazepine		0.0006666666666666666
dichlorokynurenic_acid		0.0006666666666666666
diclofenac_lex	Chemical	0.0026666666666666666
diclofenac_sodium_lex	Chemical	0.0013333333333333333
dicyclomine_lex	Chemical	0.0006666666666666666
didanosine_lex	Chemical	0.0013333333333333333
dideoxy_cytosine		0.0006666666666666666
diet		0.006666666666666667
dietary		0.0013333333333333333
dietary_sodium_chloride_lex	Chemical	0.0006666666666666666
diethylcarbamazine_lex	Chemical	0.0006666666666666666
diethylnitrosamine_lex	Chemical	0.0006666666666666666
diethylpropion_lex	Chemical	0.0006666666666666666
diethylstilbesterol_lex	Chemical	0.0006666666666666666
diethylstilbestrol_lex	Chemical	0.0026666666666666666
diets		0.0013333333333333333
differentiation		0.0006666666666666666
diffuse		0.0006666666666666666
diffusion		0.0006666666666666666
diffusionweighted		0.0006666666666666666
difluoromethylornithine_lex	Chemical	0.0006666666666666666
digeorge_syndrome_lex	Disease	0.0006666666666666666
digitalis_lex	Chemical	0.0006666666666666666
digitalis_glycosides_lex	Chemical	0.0006666666666666666
digitized		0.0006666666666666666
digoxigenin_lex	Chemical	0.0006666666666666666
digoxin_lex	Chemical	0.0026666666666666666
dihydroergocryptine		0.0006666666666666666
dihydropyridine_lex	Chemical	0.0013333333333333333
dihydrothienopyridine_calcium_lex	Chemical	0.0006666666666666666
dihydroxyisoflavone		0.0006666666666666666
diisopropyl_phosphorofluoridate		0.0006666666666666666
diisopropylfluorophosphate_lex	Chemical	0.0006666666666666666
dilated_cardiomyopathy_lex	Disease	0.004666666666666667
dilevalol_lex	Chemical	0.0006666666666666666
dili_lex	Disease	0.0006666666666666666
diltiazem_lex	Chemical	0.006666666666666667
diluent		0.0006666666666666666
diluents		0.0006666666666666666
dimer		0.0006666666666666666
dimeric		0.0006666666666666666
dimerx_lex	Chemical	0.0006666666666666666
dimethylthiourea_lex	Chemical	0.0006666666666666666
diopters		0.0006666666666666666
diotolylguanidine_lex	Chemical	0.0006666666666666666
diphenhydramine_lex	Chemical	0.0006666666666666666
diphenylhydantoin_lex	Chemical	0.0013333333333333333
dipivalyl_epinephrine_lex	Chemical	0.0006666666666666666
diplopia_lex	Disease	0.0013333333333333333
dipyridamole_lex	Chemical	0.004
dipyrone_lex	Chemical	0.0006666666666666666
direct_thrombin_inhibitor_lex	Chemical	0.0006666666666666666
disability		0.0006666666666666666
discharge		0.0006666666666666666
discharges		0.002
discomfort		0.0006666666666666666
discontinuance		0.0013333333333333333
discontinuation		0.008
discontinued		0.002
discontinuing		0.0006666666666666666
disease		0.008
diseased_kidney_lex	Disease	0.0006666666666666666
diseases_of_peripheral_nerves_lex	Disease	0.0006666666666666666
disfiguring		0.0006666666666666666
disgust		0.0006666666666666666
disinhibition		0.0013333333333333333
disintegrations		0.0006666666666666666
disintegrin		0.0006666666666666666
dislocation_lex	Disease	0.0006666666666666666
disodium_edetate_lex	Chemical	0.0006666666666666666
disodium_phosphate_ester_lex	Chemical	0.0006666666666666666
disorder		0.0013333333333333333
disordered_gastrointestinal_motility_lex	Disease	0.0006666666666666666
disorders		0.0026666666666666666
disorientation_lex	Disease	0.002
displacement		0.0006666666666666666
displacementtime		0.0006666666666666666
disruption		0.0006666666666666666
disruptive_behaviors_lex	Disease	0.0006666666666666666
dissecting_aneurysm_lex	Disease	0.0006666666666666666
dissection		0.0006666666666666666
disseminated_intravascular_coagulation_lex	Disease	0.0006666666666666666
distress		0.0013333333333333333
distribution		0.0006666666666666666
disturbances		0.0006666666666666666
disturbances_of_sleepwake_rhythm_lex	Disease	0.0006666666666666666
disulfiram_lex	Chemical	0.0026666666666666666
dithiothreitol_lex	Chemical	0.0006666666666666666
diuresis		0.002
diuretic_lex	Chemical	0.0013333333333333333
diuretics		0.002
diurnal		0.0006666666666666666
divalproex_lex	Chemical	0.0006666666666666666
divalproex_sodium_lex	Chemical	0.0006666666666666666
dizocilpine_lex	Chemical	0.0013333333333333333
dizocilpine_maleate_lex	Chemical	0.0006666666666666666
dizziness_lex	Disease	0.007333333333333333
dl4aminohex5enoic_acid_lex	Chemical	0.0006666666666666666
dlsotalol_lex	Chemical	0.0006666666666666666
dlt		0.0006666666666666666
dlthreodihydroxyphenylserine_lex	Chemical	0.0006666666666666666
dm9384_lex	Chemical	0.0006666666666666666
dmcm_lex	Chemical	0.0006666666666666666
dmpx_lex	Chemical	0.0006666666666666666
dmsiiir		0.0006666666666666666
dmso_lex	Chemical	0.0006666666666666666
dmtu_lex	Chemical	0.0006666666666666666
dna		0.004666666666666667
dna methylation		0.0006666666666666666
dnap		0.0006666666666666666
dnr_lex	Chemical	0.0006666666666666666
dobutamine_lex	Chemical	0.004666666666666667
docetaxel_lex	Chemical	0.0006666666666666666
doctordiagnosed		0.0006666666666666666
documentation		0.0013333333333333333
dog		0.0006666666666666666
dogs		0.01
dominantinterfering		0.0006666666666666666
domperidone_lex	Chemical	0.0013333333333333333
donor		0.0013333333333333333
donorderived		0.0006666666666666666
dopac_lex	Chemical	0.0026666666666666666
dopamine_lex	Chemical	0.03133333333333333
dopamine turnover		0.0006666666666666666
dopamine_agonist_lex	Chemical	0.0006666666666666666
dopaminergic		0.016
dopaminomimetics		0.0006666666666666666
doppler		0.0006666666666666666
dormex_lex	Chemical	0.0006666666666666666
dorsoventral		0.0006666666666666666
dosage		0.018
dosages		0.0013333333333333333
dose		0.06133333333333333
dosecomparison		0.0006666666666666666
dosedependent		0.0006666666666666666
doseeffect		0.0006666666666666666
doseresponse		0.0013333333333333333
doseresponse curves		0.0006666666666666666
doseresponses		0.0006666666666666666
doses		0.015333333333333332
dosing		0.006666666666666667
dosulepine_hydrochloride_lex	Chemical	0.0006666666666666666
dothiepin_lex	Chemical	0.0006666666666666666
dothiepin_hydrochloride_lex	Chemical	0.0006666666666666666
doubleblind		0.029333333333333333
doubleblinded		0.0013333333333333333
doubledose		0.0006666666666666666
downbeat_nystagmus_lex	Disease	0.0013333333333333333
downregulation		0.0013333333333333333
dox_lex	Chemical	0.0013333333333333333
doxil_lex	Chemical	0.0006666666666666666
doxorubicin_lex	Chemical	0.02266666666666667
doxorubicinol_lex	Chemical	0.0006666666666666666
dpdt		0.0013333333333333333
dpdtejc		0.0006666666666666666
dpdtmax		0.0013333333333333333
dpen25enkephalin_lex	Chemical	0.0006666666666666666
dpenicillamine_lex	Chemical	0.004
dph_lex	Chemical	0.0013333333333333333
dpi		0.0006666666666666666
dr5		0.0006666666666666666
drd2		0.0006666666666666666
dressing		0.0006666666666666666
drg		0.0013333333333333333
dribose_lex	Chemical	0.0006666666666666666
dronedarone_lex	Chemical	0.0006666666666666666
drop_in_blood_pressure_lex	Disease	0.0006666666666666666
droperidol_lex	Chemical	0.0013333333333333333
drowsiness_lex	Disease	0.005333333333333333
drug		0.034
drug_abuse_lex	Disease	0.0026666666666666666
drug_allergies_lex	Disease	0.0006666666666666666
drug_dependence_lex	Disease	0.0006666666666666666
drug_dependency_lex	Disease	0.0006666666666666666
drug_hypersensitivity_lex	Disease	0.0013333333333333333
drug_toxicity_lex	Disease	0.0013333333333333333
drugadsorption		0.0006666666666666666
drugcalcineurin		0.0006666666666666666
druginduced		0.009333333333333334
druginduced_acute_liver_injury_lex	Disease	0.0013333333333333333
druginduced_allergic_reaction_lex	Disease	0.0006666666666666666
druginduced_dyskinesias_lex	Disease	0.0006666666666666666
druginduced_hepatitis_lex	Disease	0.0013333333333333333
druginduced_liver_damage_lex	Disease	0.0006666666666666666
druginduced_liver_injury_lex	Disease	0.0006666666666666666
druginduced_parkinsonism_lex	Disease	0.0006666666666666666
druglight		0.0006666666666666666
drugnaive		0.0006666666666666666
drugrelated		0.0013333333333333333
drugs		0.008666666666666666
dry_eyes_lex	Disease	0.0006666666666666666
dry_mouth_lex	Disease	0.0033333333333333335
dse		0.0006666666666666666
dser2leuenkephalin		0.0006666666666666666
dsmiii		0.0013333333333333333
dsmiiir		0.0006666666666666666
dsmiv		0.002
dsp4_lex	Chemical	0.0006666666666666666
dtg_lex	Chemical	0.0006666666666666666
dtic_lex	Chemical	0.0006666666666666666
dtis		0.0006666666666666666
dtubocurarine_lex	Chemical	0.002
duchenne_dystrophy_lex	Disease	0.0006666666666666666
duct		0.0006666666666666666
duodenum		0.0006666666666666666
dup_seven		0.0006666666666666666
dupuytrens_contracture_lex	Disease	0.0006666666666666666
duration		0.011333333333333334
dx_lex	Chemical	0.0006666666666666666
dxnp		0.0006666666666666666
dxr_lex	Chemical	0.0006666666666666666
dyazide_lex	Chemical	0.0006666666666666666
dynamic		0.0013333333333333333
dynes		0.0006666666666666666
dysarthria_lex	Disease	0.0026666666666666666
dyschromatopsy_lex	Disease	0.0006666666666666666
dyserythropoiesis_lex	Disease	0.0006666666666666666
dysexecutive		0.0006666666666666666
dysfunction		0.0026666666666666666
dysfunctions		0.0006666666666666666
dysguesia_lex	Disease	0.0006666666666666666
dyskinesia_lex	Disease	0.006666666666666667
dyskinesias_lex	Disease	0.011333333333333334
dyskinetic_lex	Disease	0.0006666666666666666
dyskinetic_movements_lex	Disease	0.0006666666666666666
dyslipidemia_lex	Disease	0.0006666666666666666
dysmetria_lex	Disease	0.0006666666666666666
dysmyelopoiesis_lex	Disease	0.0006666666666666666
dysosmia_lex	Disease	0.0006666666666666666
dysphagia_lex	Disease	0.0013333333333333333
dysphonia_lex	Disease	0.0006666666666666666
dysphoric_reaction_lex	Disease	0.0006666666666666666
dysplasia_of_fetal_kidneys_lex	Disease	0.0006666666666666666
dyspnea_lex	Disease	0.0026666666666666666
dyspnoea_lex	Disease	0.002
dysregulation		0.0006666666666666666
dysrhythmia_lex	Disease	0.0006666666666666666
dysrhythmias_lex	Disease	0.0026666666666666666
dysrhythmogenic		0.0006666666666666666
dysrhythmogenicity		0.0006666666666666666
dystonia_lex	Disease	0.002
dystonic_lex	Disease	0.0013333333333333333
dystrophic		0.0006666666666666666
dystrophin		0.0006666666666666666
e2_lex	Chemical	0.0006666666666666666
e2020_lex	Chemical	0.0006666666666666666
e_antigen		0.0013333333333333333
eaca_lex	Chemical	0.0013333333333333333
ead		0.0006666666666666666
early morning		0.0006666666666666666
earlylife		0.0006666666666666666
ears		0.0006666666666666666
eastern cooperative oncology group		0.0006666666666666666
eating_disorders_lex	Disease	0.0006666666666666666
ebsteins_anomaly_lex	Disease	0.0013333333333333333
ec50		0.0006666666666666666
ece1		0.0006666666666666666
ecg		0.011333333333333334
ecgs		0.0006666666666666666
echocardiograms		0.0006666666666666666
echocardiographic		0.0033333333333333335
echocardiography		0.011333333333333334
echography		0.0013333333333333333
echothiophate_iodide_lex	Chemical	0.0006666666666666666
ecstasy_lex	Chemical	0.004666666666666667
ect		0.0013333333333333333
ectopies		0.0006666666666666666
ed1		0.002
ed1positive		0.0006666666666666666
ed50		0.004
edaravone_lex	Chemical	0.0006666666666666666
edema_lex	Disease	0.006666666666666667
edematous_lex	Disease	0.0006666666666666666
edits		0.0006666666666666666
edrf		0.0006666666666666666
edrophonium_lex	Chemical	0.0013333333333333333
eeg		0.01
ef		0.0006666666666666666
efavirenz_lex	Chemical	0.0006666666666666666
effect		0.002
effective		0.0006666666666666666
effects		0.006
efferent		0.0006666666666666666
efficacy		0.021333333333333333
efflux		0.0006666666666666666
efv_lex	Chemical	0.0006666666666666666
egfp		0.0006666666666666666
egfr		0.0006666666666666666
ehrlich_ascites_tumor_lex	Disease	0.0006666666666666666
eia		0.0006666666666666666
eighth_nerve		0.0006666666666666666
eighties		0.0006666666666666666
ekg		0.0006666666666666666
elastolysis		0.0006666666666666666
elastosis_perforans_serpiginosa_lex	Disease	0.0006666666666666666
elavil_lex	Chemical	0.0006666666666666666
elderly		0.014666666666666666
electro		0.0006666666666666666
electrocardiogram		0.011333333333333334
electrocardiograms		0.0033333333333333335
electrocardiograph		0.0013333333333333333
electrocardiographic		0.006666666666666667
electrocardiography		0.0033333333333333335
electroconvulsive		0.0006666666666666666
electroconvulsive shock		0.0006666666666666666
electrocorticogram		0.0006666666666666666
electrodes		0.0026666666666666666
electrodiagnostic		0.002
electroencephalogram		0.004
electroencephalographic		0.002
electroencephalography		0.002
electrolyte		0.002
electrolyte_disorder_lex	Disease	0.0006666666666666666
electrolytes		0.002
electromyogram		0.0013333333333333333
electromyographic		0.0026666666666666666
electron		0.002
electrondense		0.0006666666666666666
electrooculography		0.0006666666666666666
electrophysiologic		0.0033333333333333335
electrophysiological		0.0026666666666666666
electrophysiology		0.0006666666666666666
electroretinograms		0.0006666666666666666
electroretinography		0.0006666666666666666
electroshock		0.002
elevated_icp_lex	Disease	0.0006666666666666666
elevation		0.0013333333333333333
elevations		0.0006666666666666666
elimination		0.0006666666666666666
elisa		0.002
eluate		0.0013333333333333333
eluates		0.0006666666666666666
emax		0.0013333333333333333
emboli		0.0006666666666666666
embolic_events_lex	Disease	0.0006666666666666666
embryolethality_lex	Disease	0.0006666666666666666
embryonal_rhabdomyosarcoma_lex	Disease	0.0006666666666666666
embryonic_death_lex	Disease	0.0006666666666666666
embryopathy_lex	Disease	0.0006666666666666666
embryos		0.0006666666666666666
emergence		0.0013333333333333333
emergency		0.004666666666666667
emergency_department_lex	Disease	0.0006666666666666666
emergent		0.0006666666666666666
emesis_lex	Disease	0.0026666666666666666
emg		0.0013333333333333333
emission		0.0013333333333333333
emotional		0.0006666666666666666
emotional_judgement_processes		0.0006666666666666666
emulsions		0.0006666666666666666
enac		0.0013333333333333333
enalapril_lex	Chemical	0.0026666666666666666
enantiomer		0.0006666666666666666
enantiomers		0.0006666666666666666
encephalitis_lex	Disease	0.0013333333333333333
encephalopathic_lex	Disease	0.0006666666666666666
encephalopathy_lex	Disease	0.012
encoding		0.0006666666666666666
enddiastolic		0.0006666666666666666
endocardium		0.0006666666666666666
endocrine		0.0006666666666666666
endocrine_disorder_lex	Disease	0.0006666666666666666
endofdose		0.0006666666666666666
endogenous		0.0026666666666666666
endografine_lex	Chemical	0.0006666666666666666
endometrial		0.0006666666666666666
endometrial_cancer_lex	Disease	0.0026666666666666666
endometrial_carcinoma_lex	Disease	0.002
endometrial_disease_lex	Disease	0.0006666666666666666
endometrial_hyperplasia_lex	Disease	0.0013333333333333333
endomysial		0.0006666666666666666
endonuclease		0.0006666666666666666
endophthalmitis_lex	Disease	0.0006666666666666666
endothelial		0.0033333333333333335
endothelial_injury_lex	Disease	0.0006666666666666666
endothelin1		0.002
endotoxemia_lex	Disease	0.0006666666666666666
endpoint		0.0013333333333333333
endstage_hepatic_failure_lex	Disease	0.0006666666666666666
endstage_liver_disease_lex	Disease	0.0013333333333333333
endstage_renal_disease_lex	Disease	0.006
endsystolic		0.0006666666666666666
enflurane_lex	Chemical	0.0026666666666666666
english		0.0006666666666666666
engrafted		0.0006666666666666666
engraftment		0.0006666666666666666
enhancement		0.002
enlargement_of_the_liver_lex	Disease	0.0006666666666666666
enos		0.002
enprofylline_lex	Chemical	0.0006666666666666666
enrolment		0.0006666666666666666
entry		0.0006666666666666666
enucleations		0.0006666666666666666
enuresis_lex	Disease	0.0006666666666666666
enzymatically		0.0013333333333333333
enzyme		0.007333333333333333
enzymes		0.002
eosinophil		0.0006666666666666666
eosinophilia_lex	Disease	0.005333333333333333
eosinophilic_lex	Disease	0.0006666666666666666
eosinophils		0.0013333333333333333
ep1receptor		0.0006666666666666666
ephedrine_lex	Chemical	0.0026666666666666666
epicardial		0.002
epicardium		0.0006666666666666666
epidemics		0.0006666666666666666
epidemiologic		0.0013333333333333333
epidemiological		0.002
epidemiology		0.0013333333333333333
epidural		0.0013333333333333333
epigenetic		0.0006666666666666666
epilepsies_lex	Disease	0.0006666666666666666
epilepsy_lex	Disease	0.015333333333333332
epileptic_lex	Disease	0.004666666666666667
epileptic_seizure_lex	Disease	0.0006666666666666666
epileptic_seizures_lex	Disease	0.002
epileptiform_activity_lex	Disease	0.0006666666666666666
epileptogenecity		0.0006666666666666666
epileptogenesis		0.004666666666666667
epileptogenic		0.0026666666666666666
epinephrine_lex	Chemical	0.013333333333333334
epipodophyllotoxin_lex	Chemical	0.0006666666666666666
epipregnanolone_3betahydroxy5betapregnan20one_sulphate_lex	Chemical	0.0006666666666666666
epirubicin_lex	Chemical	0.0013333333333333333
episode		0.0006666666666666666
episodes		0.002
epistaxis_lex	Disease	0.0006666666666666666
epithelial		0.002
epithelial_defects_lex	Disease	0.0006666666666666666
epithelial_hyperplasia_lex	Disease	0.0006666666666666666
epitheliotropic_lymphoma_lex	Disease	0.0006666666666666666
epithelium		0.002
epm		0.0006666666666666666
epo		0.0006666666666666666
eps_lex	Disease	0.002
epsilon_aminocaproic_acid_lex	Chemical	0.0006666666666666666
epsilonaminocaproate_lex	Chemical	0.0006666666666666666
epsilonaminocaproic_acid_lex	Chemical	0.0013333333333333333
epstein_barr_virus		0.0006666666666666666
equimolar		0.0006666666666666666
ercp		0.0006666666666666666
erdosteine_lex	Chemical	0.0006666666666666666
erectile_dysfunction_lex	Disease	0.0026666666666666666
erection		0.0013333333333333333
erections		0.0006666666666666666
ergometrine_lex	Chemical	0.0006666666666666666
ergot_lex	Chemical	0.0006666666666666666
ergotamine_lex	Chemical	0.0006666666666666666
erk		0.0006666666666666666
erk12		0.0006666666666666666
erk2p		0.0006666666666666666
erod		0.0006666666666666666
erp		0.0006666666666666666
erpf		0.0006666666666666666
eryptosis		0.0006666666666666666
erythema_lex	Disease	0.0006666666666666666
erythema_multiforme_lex	Disease	0.0013333333333333333
erythema_nodosum_lex	Disease	0.0006666666666666666
erythematous_nodules_lex	Disease	0.0006666666666666666
erythroblastocytopenia_lex	Disease	0.0006666666666666666
erythroblasts		0.0006666666666666666
erythrocyte		0.0006666666666666666
erythrocytes		0.0013333333333333333
erythroderma_lex	Disease	0.0006666666666666666
erythrodysesthesia_lex	Disease	0.0006666666666666666
erythroid		0.0006666666666666666
erythromycin_lex	Chemical	0.0026666666666666666
erythromycins_lex	Chemical	0.0006666666666666666
erythron		0.0006666666666666666
erythrophagocytosis		0.0006666666666666666
erythropoietic		0.0006666666666666666
erythropoietin		0.0033333333333333335
escalation		0.0006666666666666666
escitalopram_lex	Chemical	0.0006666666666666666
eserine_lex	Chemical	0.0006666666666666666
eslicarbazepine_acetate_lex	Chemical	0.0006666666666666666
esophageal_carcinoma_lex	Disease	0.0006666666666666666
esophageal_squamous_cell_carcinoma_lex	Disease	0.0006666666666666666
esophagogastroduodenoscopy		0.0006666666666666666
esophagus		0.0006666666666666666
esrd_lex	Disease	0.0026666666666666666
essential_hypertension_lex	Disease	0.0006666666666666666
ester		0.0006666666666666666
esterification		0.0006666666666666666
estradiol_lex	Chemical	0.004
estradiol_and_testosterone_esters_lex	Chemical	0.0006666666666666666
estrogen_lex	Chemical	0.006666666666666667
estrogenic		0.0006666666666666666
estrogens_lex	Chemical	0.0013333333333333333
et1		0.0006666666666666666
ethacrynic_acid_lex	Chemical	0.0006666666666666666
ethambutol_lex	Chemical	0.004
ethanol_lex	Chemical	0.0033333333333333335
ethanolic_extract_of_terminalia_chebula_fruits_lex	Chemical	0.0006666666666666666
ethinyl_estradiol_lex	Chemical	0.002
ethinylestradiol_lex	Chemical	0.0006666666666666666
ethinyloestradiol_lex	Chemical	0.0006666666666666666
ethopropazine_lex	Chemical	0.0006666666666666666
ethosuximide_lex	Chemical	0.0006666666666666666
ethylalphapchlorophenoxyisobutyrate_lex	Chemical	0.0006666666666666666
etiology		0.0033333333333333335
etodolac_lex	Chemical	0.0006666666666666666
etomidate_lex	Chemical	0.0026666666666666666
etoposide_lex	Chemical	0.004
etoricoxib_lex	Chemical	0.0006666666666666666
eucalcemic		0.0006666666666666666
euphoria		0.0013333333333333333
europe		0.0006666666666666666
euthymia		0.0006666666666666666
euthymic		0.0006666666666666666
euthyroid		0.0006666666666666666
evaluable		0.0006666666666666666
evaluation		0.005333333333333333
evaluations		0.0006666666666666666
event		0.0006666666666666666
everolimus_lex	Chemical	0.0026666666666666666
evidence		0.0013333333333333333
evoked		0.0006666666666666666
exacerbation		0.0006666666666666666
examinations		0.0006666666666666666
exanthema_lex	Disease	0.0006666666666666666
excess		0.0006666666666666666
excessive		0.0006666666666666666
excimer		0.0006666666666666666
excipients		0.0006666666666666666
excitability		0.0026666666666666666
excitation		0.0006666666666666666
excitatory		0.0013333333333333333
excitement		0.0006666666666666666
excitotoxicity_lex	Disease	0.0006666666666666666
excretion		0.004666666666666667
exencephaly_lex	Disease	0.0006666666666666666
exercise		0.006
exertion		0.0006666666666666666
exfoliation		0.0006666666666666666
exhaustion		0.0013333333333333333
exogenous		0.0006666666666666666
experimental		0.010666666666666666
experiments		0.0006666666666666666
exploration		0.0006666666666666666
exposure		0.012666666666666666
exposureadjusted		0.0006666666666666666
exposures		0.0006666666666666666
expression		0.006
extendedinterval		0.0006666666666666666
extendedrelease		0.0006666666666666666
extension		0.0013333333333333333
extensive_hepatocellular_necrosis_lex	Disease	0.0006666666666666666
extensively_drugresistant_tuberculosis_lex	Disease	0.0006666666666666666
external		0.0006666666666666666
extracellular		0.0026666666666666666
extract		0.0006666666666666666
extradural		0.0006666666666666666
extrahepatic		0.0006666666666666666
extrahepatic_cholestasis_lex	Disease	0.0006666666666666666
extraneuronal		0.0006666666666666666
extrapyramidal		0.004
extrapyramidal_concomitant_symptoms_lex	Disease	0.0006666666666666666
extrapyramidal_signs_lex	Disease	0.0006666666666666666
extrapyramidal_symptom_lex	Disease	0.0013333333333333333
extrapyramidal_symptoms_lex	Disease	0.004
extrapyramidal_syndrome_lex	Disease	0.0013333333333333333
extrarenal		0.0006666666666666666
extravasation		0.0006666666666666666
extremities		0.0006666666666666666
extrication		0.0006666666666666666
eye		0.0013333333333333333
eyesclosed		0.0006666666666666666
ezetimibe_lex	Chemical	0.0006666666666666666
f2		0.0006666666666666666
f344		0.002
f344 rats		0.0006666666666666666
facelearning		0.0006666666666666666
facename		0.0006666666666666666
facial		0.0006666666666666666
facial_dermatitis_lex	Disease	0.0006666666666666666
facial_dysmorphism_lex	Disease	0.0006666666666666666
facial_flush_lex	Disease	0.0006666666666666666
facial_inflammatory_dermatoses_lex	Disease	0.0006666666666666666
facilitation		0.0013333333333333333
facs		0.0006666666666666666
factor		0.0006666666666666666
factors		0.0033333333333333335
failing_left_ventricle_lex	Disease	0.0006666666666666666
failure_of_kidney_function_lex	Disease	0.0006666666666666666
fall		0.0006666666666666666
famotidine_lex	Chemical	0.0006666666666666666
fanconi_syndrome_lex	Disease	0.0013333333333333333
fanconis_anemia_lex	Disease	0.0006666666666666666
fanft_lex	Chemical	0.0006666666666666666
fangchinoline_lex	Chemical	0.0006666666666666666
farmer		0.0006666666666666666
fas		0.0006666666666666666
fasciculation_lex	Disease	0.0006666666666666666
fasciculations_lex	Disease	0.0013333333333333333
fasciotomies		0.0006666666666666666
fastblue		0.0006666666666666666
fasting		0.0006666666666666666
fat_lex	Chemical	0.0006666666666666666
fatal		0.0033333333333333335
fatalities		0.0006666666666666666
fatality		0.0006666666666666666
fatfree		0.0006666666666666666
fatigability		0.0006666666666666666
fatigue_lex	Disease	0.004
fatty_acids_lex	Chemical	0.0006666666666666666
fatty_change_lex	Disease	0.0006666666666666666
fatty_liver_lex	Disease	0.0006666666666666666
favourable		0.0006666666666666666
fazadinium_lex	Chemical	0.0006666666666666666
fda		0.0006666666666666666
fear		0.0013333333333333333
feasibility		0.0006666666666666666
features		0.004
febrile_illness_lex	Disease	0.0006666666666666666
febrile_neutropenia_lex	Disease	0.0006666666666666666
fecal_occult_blood_lex	Disease	0.0006666666666666666
feeding		0.0013333333333333333
fef2575		0.0006666666666666666
female		0.008
females		0.0013333333333333333
femoral		0.0006666666666666666
femoral_nerve_palsy_lex	Disease	0.0006666666666666666
fenfluramine_lex	Chemical	0.0013333333333333333
fenfluramines_lex	Chemical	0.0006666666666666666
fenoldopam_lex	Chemical	0.0013333333333333333
fenoldopam_mesylate_lex	Chemical	0.0006666666666666666
fenoprofen_calcium_lex	Chemical	0.0006666666666666666
fenoterolhydrobromide_lex	Chemical	0.0006666666666666666
fentanyl_lex	Chemical	0.007333333333333333
ferric		0.0006666666666666666
ferritin		0.0006666666666666666
fertility		0.0006666666666666666
fess		0.0006666666666666666
fetal		0.0033333333333333335
fetal_anomalies_lex	Disease	0.0006666666666666666
fetus		0.0026666666666666666
fetuses		0.002
fev1		0.0013333333333333333
fever_lex	Disease	0.007333333333333333
fhf_lex	Disease	0.0006666666666666666
fibers		0.0013333333333333333
fibre		0.0006666666666666666
fibres		0.0013333333333333333
fibrillar		0.0006666666666666666
fibrillary		0.0006666666666666666
fibrillation_lex	Disease	0.0013333333333333333
fibrillations		0.0006666666666666666
fibrin		0.0013333333333333333
fibrinolysin		0.0006666666666666666
fibrinolysis		0.002
fibroblasts		0.0006666666666666666
fibronectin		0.0006666666666666666
fibroproliferative		0.0006666666666666666
fibrosis_lex	Disease	0.006666666666666667
fibrous_myopathy_lex	Disease	0.0006666666666666666
ficollhypaque		0.0006666666666666666
fields		0.0006666666666666666
fighting		0.0006666666666666666
filling		0.0006666666666666666
filtration		0.0006666666666666666
findings		0.0026666666666666666
fingers		0.0006666666666666666
fingertothumb		0.0006666666666666666
first		0.0006666666666666666
firstepisode		0.0006666666666666666
firstgeneration		0.0006666666666666666
firstline		0.0006666666666666666
fischer344		0.0006666666666666666
fistula_lex	Disease	0.0006666666666666666
fits_lex	Disease	0.0006666666666666666
five_flourouracil_lex	Chemical	0.0006666666666666666
fixeddose		0.0006666666666666666
fk506_lex	Chemical	0.0026666666666666666
fk_five hundred and six_lex	Chemical	0.0006666666666666666
fl_lex	Chemical	0.0006666666666666666
fla63_lex	Chemical	0.0006666666666666666
flaccid		0.0006666666666666666
flare		0.0006666666666666666
flashbacks		0.0006666666666666666
flatulence_lex	Disease	0.0013333333333333333
flavonoid_lex	Chemical	0.0006666666666666666
flavonoids_lex	Chemical	0.0006666666666666666
fleas		0.0006666666666666666
flecainide_lex	Chemical	0.0006666666666666666
flestolol_lex	Chemical	0.0006666666666666666
flexionextension		0.0006666666666666666
flow		0.002
fluconazole_lex	Chemical	0.0013333333333333333
fluctuating		0.0006666666666666666
fludrocortisone_lex	Chemical	0.0006666666666666666
fluid		0.0013333333333333333
fluids		0.0006666666666666666
flumazenil_lex	Chemical	0.0026666666666666666
flunarizine_lex	Chemical	0.0006666666666666666
flunitrazepam_lex	Chemical	0.0006666666666666666
fluo3_lex	Chemical	0.0006666666666666666
fluocinolone_acetonide_lex	Chemical	0.0013333333333333333
fluorescein_lex	Chemical	0.0006666666666666666
fluorescein_sodium_lex	Chemical	0.0006666666666666666
fluorinated		0.0006666666666666666
fluoroacetate_lex	Chemical	0.0006666666666666666
fluorocitrate_lex	Chemical	0.0006666666666666666
fluorogold		0.0006666666666666666
fluoropyrimidines_lex	Chemical	0.0006666666666666666
fluoroquinolone_lex	Chemical	0.0006666666666666666
fluoroquinolones_lex	Chemical	0.0006666666666666666
fluorouracil_lex	Chemical	0.002
fluoxetine_lex	Chemical	0.007333333333333333
fluoxetine_hydrochloride_lex	Chemical	0.0006666666666666666
fluphenazine_lex	Chemical	0.0013333333333333333
fluphenazine_enanthate_lex	Chemical	0.0006666666666666666
flurazepam_lex	Chemical	0.0006666666666666666
flurbiprofen_lex	Chemical	0.0006666666666666666
flurothyl_lex	Chemical	0.0013333333333333333
flushing_lex	Disease	0.0026666666666666666
flushing_of_the_face_lex	Disease	0.0006666666666666666
flutamide_lex	Chemical	0.0013333333333333333
fluvastatin_lex	Chemical	0.0013333333333333333
fluvoxamine_lex	Chemical	0.002
fmlp_lex	Chemical	0.0006666666666666666
fmri		0.0026666666666666666
focal segmental glomerulosclerosis		0.0006666666666666666
focal_glomerulosclerosis_lex	Disease	0.0006666666666666666
focal_nodular_hyperplasia_lex	Disease	0.0013333333333333333
focal_segmental_glomerular_sclerosis_lex	Disease	0.0006666666666666666
focal_segmental_glomerulosclerosis_lex	Disease	0.002
focal_seizures		0.0006666666666666666
foci		0.002
folate_lex	Chemical	0.002
folate_deficiency_lex	Disease	0.0006666666666666666
folic_acid_lex	Chemical	0.0026666666666666666
folinic_acid_lex	Chemical	0.0026666666666666666
follicular_cell_lymphoma_lex	Disease	0.0006666666666666666
follow		0.0013333333333333333
followup		0.018
food		0.0006666666666666666
foot_deformities_lex	Disease	0.0006666666666666666
footshock		0.0006666666666666666
foramen_ovale		0.0006666666666666666
forcedswimming		0.0006666666666666666
forearm		0.002
forebrain		0.0006666666666666666
forehead		0.0006666666666666666
forelimb		0.0006666666666666666
forestomach		0.0006666666666666666
forestomach_carcinogenesis_lex	Disease	0.0006666666666666666
forestomach_tumorigenesis_lex	Disease	0.0006666666666666666
forestomach_tumors_lex	Disease	0.0013333333333333333
forgetting		0.0006666666666666666
formalin_lex	Chemical	0.0006666666666666666
formation		0.0006666666666666666
formylmethionylleucylphenylalanine_lex	Chemical	0.0006666666666666666
fpd		0.0006666666666666666
fpdc		0.0006666666666666666
fr_one hundred and thirty-nine thousand		0.0006666666666666666
fractional		0.0006666666666666666
fracture_lex	Disease	0.0013333333333333333
fractures_lex	Disease	0.002
frataxin		0.0006666666666666666
free		0.0013333333333333333
frequencies		0.0026666666666666666
frequency		0.006666666666666667
frequent		0.0006666666666666666
frlma		0.0006666666666666666
frontal		0.0013333333333333333
frontal_lobe_oxygenation		0.0006666666666666666
frontal_lobe_syndrome_lex	Disease	0.0006666666666666666
frontocortical		0.0006666666666666666
frontostriatal		0.0013333333333333333
frontotemporal		0.0006666666666666666
fs		0.0006666666666666666
fsgs_lex	Disease	0.0006666666666666666
fucoidan_lex	Chemical	0.0006666666666666666
fulminant		0.0013333333333333333
fulminant_hepatic_failure_lex	Disease	0.0033333333333333335
fulminant_hepatitis_lex	Disease	0.0006666666666666666
fulminant_liver_failure_lex	Disease	0.0006666666666666666
function		0.008666666666666666
functional		0.005333333333333333
functional_deficits		0.0006666666666666666
functional_impairments_lex	Disease	0.0006666666666666666
functionalphysiological		0.0006666666666666666
fundoscopy		0.0006666666666666666
fundus		0.002
funduscopy		0.0006666666666666666
fungal_infection_lex	Disease	0.0013333333333333333
fungal_infections_lex	Disease	0.0006666666666666666
fungizone_lex	Chemical	0.0006666666666666666
furosemide_lex	Chemical	0.004666666666666667
fusidic_acid_lex	Chemical	0.0006666666666666666
fviiirag		0.0006666666666666666
fzp_lex	Chemical	0.0006666666666666666
g145r		0.0006666666666666666
gaba_lex	Chemical	0.006666666666666667
gabaergic		0.0033333333333333335
gabapentin_lex	Chemical	0.0006666666666666666
gad		0.0013333333333333333
gadolinium_lex	Chemical	0.0006666666666666666
gait		0.0013333333333333333
galactorrhea_lex	Disease	0.0006666666666666666
galactosamine_lex	Chemical	0.0013333333333333333
galantamine_lex	Chemical	0.0006666666666666666
galanthamine_hydrobromide_lex	Chemical	0.0006666666666666666
galenic		0.0006666666666666666
gall_bladder		0.0006666666666666666
gall_bladder_stones_lex	Disease	0.0006666666666666666
gall_stones_lex	Disease	0.0006666666666666666
gallbladder		0.0006666666666666666
gallbladder_disease_lex	Disease	0.002
gallbladder_dysfunction_lex	Disease	0.0006666666666666666
gallstone_lex	Disease	0.0006666666666666666
gamma		0.0006666666666666666
gamma_benzene_hexachloride_lex	Chemical	0.0006666666666666666
gammaaminobutyric_acid_lex	Chemical	0.006
gammaaminobutyric_acidb_lex	Chemical	0.0006666666666666666
gammacarboxyglutamate_lex	Chemical	0.0006666666666666666
gammacarboxylation		0.0006666666666666666
gammaenac		0.0006666666666666666
gammaenolase		0.0006666666666666666
gammaglutamyltransferase		0.002
gammagt		0.0006666666666666666
gammahexachlorocyclohexane_lex	Chemical	0.0013333333333333333
gammasarcoglycan		0.0006666666666666666
gammavinyl_gaba_lex	Chemical	0.0006666666666666666
gammavinylgaba_lex	Chemical	0.0006666666666666666
ganaxolone_lex	Chemical	0.0006666666666666666
ganciclovir_lex	Chemical	0.0006666666666666666
ganglionic		0.0006666666666666666
gangrene_lex	Disease	0.0013333333333333333
gap43		0.0006666666666666666
gap43ir		0.0006666666666666666
garcinielliptone_fc_lex	Chemical	0.0006666666666666666
garft		0.0006666666666666666
gasliquid chromatography		0.0006666666666666666
gastric		0.0006666666666666666
gastric_adenocarcinoma_lex	Disease	0.0013333333333333333
gastric_hemorrhage_lex	Disease	0.0006666666666666666
gastrocnemius		0.0033333333333333335
gastroenteritis_lex	Disease	0.0006666666666666666
gastroesophageal_reflux_disorder_lex	Disease	0.0006666666666666666
gastrointestinal		0.004
gastrointestinal_abnormalities_lex	Disease	0.0006666666666666666
gastrointestinal_bleed_lex	Disease	0.0006666666666666666
gastrointestinal_bleeding_lex	Disease	0.0006666666666666666
gastrointestinal_disorder_lex	Disease	0.0006666666666666666
gastrointestinal_disorders_lex	Disease	0.0006666666666666666
gastrointestinal_gi_bleeding_lex	Disease	0.0006666666666666666
gastrointestinal_gi_toxicity_lex	Disease	0.0006666666666666666
gastrointestinal_haemorrhage_lex	Disease	0.0006666666666666666
gastrointestinal_motility_disorders_lex	Disease	0.0006666666666666666
gastrointestinal_problems_lex	Disease	0.0006666666666666666
gastrointestinal_symptoms_lex	Disease	0.0006666666666666666
gastrointestinal_toxicity_lex	Disease	0.0006666666666666666
gastrointestinal_toxicosis_lex	Disease	0.0006666666666666666
gaze		0.0006666666666666666
gbm_lex	Disease	0.0006666666666666666
gcs		0.0006666666666666666
gday		0.0013333333333333333
gdl		0.002
gdnf		0.0006666666666666666
gellan		0.0006666666666666666
gemcitabine_lex	Chemical	0.0026666666666666666
gemfibrozil_lex	Chemical	0.0013333333333333333
gender		0.002
genderdependent		0.0006666666666666666
gene		0.004
generalized		0.004
generalized_seizures_lex	Disease	0.0006666666666666666
genes		0.0006666666666666666
genetic		0.004666666666666667
genetically		0.0013333333333333333
genetics		0.0006666666666666666
genital		0.0006666666666666666
genitourinary		0.0006666666666666666
genome		0.0006666666666666666
genotoxic		0.0006666666666666666
genotoxicity_lex	Disease	0.0006666666666666666
genotype		0.0013333333333333333
genotyped		0.0006666666666666666
gentamicin_lex	Chemical	0.01
gentamicin_sulfate_lex	Chemical	0.0013333333333333333
germany		0.0006666666666666666
germfree		0.0006666666666666666
gerstmann_syndrome_lex	Disease	0.0006666666666666666
gestation		0.005333333333333333
gestational		0.0006666666666666666
gestational_trophoblastic_disease_lex	Disease	0.0006666666666666666
gestodene_lex	Chemical	0.0013333333333333333
gfap		0.002
gfp		0.0006666666666666666
gfr		0.0033333333333333335
gi_bleeding_lex	Disease	0.0006666666666666666
giddiness_lex	Disease	0.0006666666666666666
gingival_hyperplasia_lex	Disease	0.0006666666666666666
ginseng		0.0006666666666666666
ginsenoside_rg1_lex	Chemical	0.0006666666666666666
ginsenosides_lex	Chemical	0.0006666666666666666
girl		0.0006666666666666666
glands		0.0006666666666666666
glaucoma_lex	Disease	0.0026666666666666666
glaucomatous_lex	Disease	0.0006666666666666666
glepp1		0.0006666666666666666
glial		0.0013333333333333333
glibenclamide_lex	Chemical	0.0013333333333333333
gliclazide_lex	Chemical	0.0006666666666666666
glimepiride_lex	Chemical	0.0006666666666666666
glioblastoma_lex	Disease	0.002
glioblastoma_multiforme_lex	Disease	0.0006666666666666666
glipizide_lex	Chemical	0.0006666666666666666
global		0.0013333333333333333
globus_pallidus		0.0006666666666666666
globus_pallidus_infarctions_lex	Disease	0.0006666666666666666
glomerular		0.0033333333333333335
glomerular_damage_lex	Disease	0.0006666666666666666
glomerular_disease_lex	Disease	0.0013333333333333333
glomerular_dysfunction_lex	Disease	0.0006666666666666666
glomerular_hypertrophy_lex	Disease	0.0006666666666666666
glomerular_lesions_lex	Disease	0.0006666666666666666
glomerular_number		0.0006666666666666666
glomerular_or_tubular_dysfunction_lex	Disease	0.0006666666666666666
glomerular_sclerosis_lex	Disease	0.0013333333333333333
glomeruli		0.006
glomerulonephritis_lex	Disease	0.0026666666666666666
glomerulopathies_lex	Disease	0.0006666666666666666
glomerulopathy_lex	Disease	0.0013333333333333333
glomerulosclerosis_lex	Disease	0.004666666666666667
glomerulosclerotic		0.0006666666666666666
glomerulus		0.0013333333333333333
gloves		0.0006666666666666666
gls		0.0006666666666666666
glucagon		0.0006666666666666666
glucaric_acid_lex	Chemical	0.0006666666666666666
glucocorticoid		0.002
glucocorticoidinduced		0.0006666666666666666
glucocorticoids		0.0013333333333333333
glucose_lex	Chemical	0.0033333333333333335
glucose_hypometabolism_lex	Disease	0.0006666666666666666
glucose_tolerance_curves_lex	Disease	0.0006666666666666666
glucosuria_lex	Disease	0.0013333333333333333
glucuronidation		0.0006666666666666666
glur5		0.0006666666666666666
glut3		0.0006666666666666666
glut4		0.0006666666666666666
glutamate_lex	Chemical	0.008666666666666666
glutamatergic		0.0033333333333333335
glutamine_lex	Chemical	0.0013333333333333333
glutaminergic		0.0006666666666666666
glutathione_lex	Chemical	0.004666666666666667
glyburide_lex	Chemical	0.0006666666666666666
glycate		0.0006666666666666666
glycerin_lex	Chemical	0.0006666666666666666
glyceryl_trinitrate_lex	Chemical	0.0033333333333333335
glycine_lex	Chemical	0.0026666666666666666
glycoaminoglycans		0.0006666666666666666
glycoprotein		0.0006666666666666666
glycopyrrolate_lex	Chemical	0.002
glycopyrronium_lex	Chemical	0.0006666666666666666
glycosaminoglycan_lex	Chemical	0.0006666666666666666
glycosuria_lex	Disease	0.0013333333333333333
glygly		0.0006666666666666666
glypheleugly_lex	Chemical	0.0006666666666666666
gnc92h2_lex	Chemical	0.0006666666666666666
gnrh		0.0006666666666666666
gold_lex	Chemical	0.0006666666666666666
gonadally		0.0006666666666666666
got		0.0013333333333333333
gout_lex	Disease	0.002
gouty_arthritis_lex	Disease	0.0006666666666666666
gpi		0.0006666666666666666
gpt		0.0013333333333333333
gr		0.0006666666666666666
grade		0.004
graded		0.0006666666666666666
graft		0.0013333333333333333
grafting		0.0006666666666666666
grafts		0.0006666666666666666
graftversushost_disease_lex	Disease	0.0013333333333333333
gramnegative		0.0013333333333333333
grampositive		0.0006666666666666666
grams		0.0006666666666666666
grand_mal_seizures_lex	Disease	0.0013333333333333333
granisetron_lex	Chemical	0.0006666666666666666
granular		0.0006666666666666666
granulecell		0.0006666666666666666
granulocyte		0.0006666666666666666
granulocyte colonystimulating factor		0.0006666666666666666
granulocyte_colonystimulating_factor_lex	Chemical	0.0006666666666666666
granulocytemacrophage		0.0006666666666666666
granulocytes		0.0006666666666666666
granulocytopenia_lex	Disease	0.002
granulomas_lex	Disease	0.0006666666666666666
granulosa_cell_tumor_of_the_ovary_lex	Disease	0.0006666666666666666
grape_seed_extract_lex	Chemical	0.0006666666666666666
graves_disease_lex	Disease	0.0026666666666666666
green_tea_lex	Chemical	0.0006666666666666666
grommet		0.0006666666666666666
group		0.002
groups		0.0006666666666666666
growth		0.004
growth_failure_lex	Disease	0.0006666666666666666
growth_retardation_lex	Disease	0.002
grs		0.0006666666666666666
gsh_lex	Chemical	0.0033333333333333335
gsi		0.0006666666666666666
gsk3alpha		0.0006666666666666666
gssg_lex	Chemical	0.0006666666666666666
gtbc		0.0006666666666666666
gtcs_lex	Disease	0.0006666666666666666
gtn_lex	Chemical	0.002
guanethidine_lex	Chemical	0.0006666666666666666
guarana		0.0006666666666666666
guidelines		0.0006666666666666666
guillainbarr_syndrome_lex	Disease	0.0006666666666666666
gum_arabic_lex	Chemical	0.0006666666666666666
gustatory_hyperhidrosis_lex	Disease	0.0006666666666666666
gyki41_ninety-nine_lex	Chemical	0.0006666666666666666
gynecologic		0.002
gynecologic_and_testicular_cancers_lex	Disease	0.0006666666666666666
gynecology		0.0006666666666666666
gynecomastia_lex	Disease	0.0006666666666666666
h_lex	Chemical	0.0006666666666666666
h1		0.0013333333333333333
h2		0.0006666666666666666
h2o_lex	Chemical	0.0006666666666666666
h2o2_lex	Chemical	0.0006666666666666666
h2receptors		0.0006666666666666666
h3receptor		0.0006666666666666666
haart		0.0026666666666666666
habituation		0.0006666666666666666
haematocrit		0.0006666666666666666
haematological		0.0026666666666666666
haematological_toxicity_lex	Disease	0.0006666666666666666
haematuria_lex	Disease	0.0006666666666666666
haemodialysis		0.0006666666666666666
haemodilution_lex	Disease	0.0006666666666666666
haemodynamic		0.0026666666666666666
haemofiltration		0.0006666666666666666
haemolytic_anaemia_lex	Disease	0.0006666666666666666
haemolyticuraemic_syndrome_lex	Disease	0.0006666666666666666
haemopericardium_lex	Disease	0.0006666666666666666
haemorrhage_lex	Disease	0.0006666666666666666
haemorrhages_lex	Disease	0.0006666666666666666
haemorrhagic_lex	Disease	0.0013333333333333333
hal_lex	Chemical	0.0006666666666666666
hallucinations_lex	Disease	0.004666666666666667
hallucinosis_lex	Disease	0.0006666666666666666
halogenated		0.0006666666666666666
halogenated_hydroxyquinolines_lex	Chemical	0.0006666666666666666
haloperidol_lex	Chemical	0.022
halothane_lex	Chemical	0.007333333333333333
halothane_hepatitis_lex	Disease	0.0013333333333333333
hamartoma_lex	Disease	0.0013333333333333333
hamster		0.0006666666666666666
handfoot_syndrome_lex	Disease	0.002
haplotype		0.0006666666666666666
haplotypes		0.0006666666666666666
happiness		0.0006666666666666666
haptoglobin		0.0006666666666666666
harm		0.0006666666666666666
hawthorn		0.0006666666666666666
hay_fever_lex	Disease	0.0006666666666666666
hazard		0.0013333333333333333
hb		0.0013333333333333333
hbeag_lex	Chemical	0.0026666666666666666
hbig		0.002
hbs_ag_lex	Chemical	0.0006666666666666666
hbsag_lex	Chemical	0.004666666666666667
hbv		0.0026666666666666666
hbvdna		0.0006666666666666666
hcbd_lex	Chemical	0.0006666666666666666
hcn4		0.0006666666666666666
hcrh		0.0006666666666666666
hcv_infection_lex	Disease	0.0006666666666666666
hcva		0.0006666666666666666
hdl		0.002
hdlc		0.0006666666666666666
head		0.0006666666666666666
head_and_neck_cancer_lex	Disease	0.0006666666666666666
head_and_neck_cancers_lex	Disease	0.0006666666666666666
head_and_neck_carcinoma_lex	Disease	0.0006666666666666666
head_injury_lex	Disease	0.0006666666666666666
head_trauma_lex	Disease	0.0006666666666666666
head_twitches_lex	Disease	0.0006666666666666666
headache_lex	Disease	0.014666666666666666
headaches_lex	Disease	0.0026666666666666666
health		0.0013333333333333333
healthcare		0.0006666666666666666
healthy		0.0006666666666666666
hearing		0.0013333333333333333
hearing_impairment_lex	Disease	0.002
hearing_loss_lex	Disease	0.004666666666666667
heart		0.009333333333333334
heart_damage_lex	Disease	0.0013333333333333333
heart_disease_lex	Disease	0.0026666666666666666
heart_diseases_lex	Disease	0.0013333333333333333
heart_failure_lex	Disease	0.012
heart_hypertrophy_lex	Disease	0.0006666666666666666
heart_rate		0.0006666666666666666
heartlung		0.0006666666666666666
heartrate		0.0006666666666666666
hearts		0.0013333333333333333
heat		0.0006666666666666666
height		0.0006666666666666666
helfb		0.0006666666666666666
helodermin_lex	Chemical	0.0006666666666666666
hematocrit		0.0013333333333333333
hematologic		0.002
hematologic toxicity		0.0006666666666666666
hematologic_disturbances_lex	Disease	0.0006666666666666666
hematologic_malignancies_lex	Disease	0.0006666666666666666
hematologic_syndrome_lex	Disease	0.0006666666666666666
hematologic_toxicities_lex	Disease	0.0006666666666666666
hematologic_toxicity_lex	Disease	0.0013333333333333333
hematological		0.0006666666666666666
hematological_abnormalities_lex	Disease	0.0006666666666666666
hematological_disorders_lex	Disease	0.0013333333333333333
hematological_malignancies_lex	Disease	0.0006666666666666666
hematologiconcologic		0.0006666666666666666
hematology		0.0006666666666666666
hematologyoncology		0.0006666666666666666
hematoma_lex	Disease	0.002
hematomas_lex	Disease	0.0006666666666666666
hematopathology		0.0006666666666666666
hematopoietic		0.0006666666666666666
hematotoxicity_lex	Disease	0.0006666666666666666
hematuria_lex	Disease	0.002
hemianopsia		0.0006666666666666666
hemiballistic		0.0006666666666666666
hemicholinium_lex	Chemical	0.0006666666666666666
hemicholinium3_lex	Chemical	0.0006666666666666666
hemiparesis_lex	Disease	0.0013333333333333333
hemiplegic_migraine_lex	Disease	0.0006666666666666666
hemodiafiltration		0.0006666666666666666
hemodialysis		0.004666666666666667
hemodialyzed		0.0006666666666666666
hemodilution_lex	Disease	0.0006666666666666666
hemodynamic		0.008
hemodynamics		0.004
hemoglobin		0.01
hemoglobinuria_lex	Disease	0.0013333333333333333
hemogram		0.0006666666666666666
hemolysis_lex	Disease	0.0033333333333333335
hemolytic_lex	Disease	0.0006666666666666666
hemolytic_anemia_lex	Disease	0.01
hemolytic_anemias_lex	Disease	0.0013333333333333333
hemolytic_uremic_syndrome_lex	Disease	0.002
hemolyticuremic_syndrome_lex	Disease	0.002
hemopoiesis		0.0006666666666666666
hemoptysis_lex	Disease	0.0006666666666666666
hemorrhage_lex	Disease	0.006
hemorrhagic_lex	Disease	0.002
hemorrhagic_bronchopneumonia_lex	Disease	0.0006666666666666666
hemorrhagic_fever_viruses		0.0006666666666666666
hemorrhaging_lex	Disease	0.0006666666666666666
hemosiderin_lex	Disease	0.0006666666666666666
hemosiderosis_lex	Disease	0.0006666666666666666
hemostasis		0.0006666666666666666
henochschonlein_nephritis_lex	Disease	0.0006666666666666666
heparan_sulphate_lex	Chemical	0.0006666666666666666
heparin_lex	Chemical	0.01
heparitinase		0.0006666666666666666
hepatectomy		0.0006666666666666666
hepatic		0.007333333333333333
hepatic_adverse_effects_lex	Disease	0.0006666666666666666
hepatic_complication_lex	Disease	0.0006666666666666666
hepatic_damage_lex	Disease	0.0033333333333333335
hepatic_dysfunction_lex	Disease	0.0026666666666666666
hepatic_failure_lex	Disease	0.0033333333333333335
hepatic_function		0.0006666666666666666
hepatic_impairment_lex	Disease	0.0013333333333333333
hepatic_injury_lex	Disease	0.0033333333333333335
hepatic_insufficiency_syndrome_lex	Disease	0.0006666666666666666
hepatic_toxicity_lex	Disease	0.0006666666666666666
hepatic_tumors_lex	Disease	0.0006666666666666666
hepatic_venoocclusive_disease_lex	Disease	0.0006666666666666666
hepatitis_lex	Disease	0.012666666666666666
hepatitis_b_lex	Disease	0.002
hepatitis_b_e_antigen_lex	Chemical	0.0006666666666666666
hepatitis_b_infection_lex	Disease	0.0006666666666666666
hepatitis_b_surface_antigen_lex	Chemical	0.0026666666666666666
hepatitis_b_vaccine_lex	Chemical	0.0006666666666666666
hepatitis_b_virus		0.0026666666666666666
hepatitis_b_virus_hbv		0.0006666666666666666
hepatitis_b_virus_hbv_infection_lex	Disease	0.0006666666666666666
hepatitis_b_virus_surface_antigen_lex	Chemical	0.0006666666666666666
hepatitis_c_lex	Disease	0.0013333333333333333
hepatitis_c_virus		0.002
hepatitis_virus_infection_lex	Disease	0.0006666666666666666
hepatitisb_surface_antigen_lex	Chemical	0.0006666666666666666
hepatocarcinogenesis_lex	Disease	0.0006666666666666666
hepatocarcinogenicity		0.0006666666666666666
hepatocarcinogens_lex	Disease	0.0006666666666666666
hepatocellular		0.0026666666666666666
hepatocellular_carcinoma_lex	Disease	0.0033333333333333335
hepatocellular_carcinomas_lex	Disease	0.0006666666666666666
hepatocellular_damage_lex	Disease	0.0006666666666666666
hepatocellular_injury_lex	Disease	0.0006666666666666666
hepatocellular_necrosis_lex	Disease	0.0006666666666666666
hepatocyte		0.002
hepatocytes		0.0033333333333333335
hepatoma_lex	Disease	0.0026666666666666666
hepatomegaly_lex	Disease	0.0026666666666666666
hepatonecrosis_lex	Disease	0.0006666666666666666
hepatoprotective		0.0006666666666666666
hepatorenal_syndrome_lex	Disease	0.0006666666666666666
hepatotoxic_lex	Disease	0.0013333333333333333
hepatotoxicity_lex	Disease	0.015333333333333332
hepg2		0.0006666666666666666
herbicide		0.0006666666666666666
herbicides		0.0006666666666666666
hereditary_angioedema_lex	Disease	0.0006666666666666666
heredofamilial		0.0006666666666666666
heroin_lex	Chemical	0.002
heroin_abuse_lex	Disease	0.0006666666666666666
heroine_lex	Chemical	0.0006666666666666666
heterogeneity		0.0006666666666666666
heterozygous		0.0013333333333333333
hexaaldonic_acids_lex	Chemical	0.0006666666666666666
hexaaldose		0.0006666666666666666
hexabrix_lex	Chemical	0.0006666666666666666
hexachloro13butadiene_lex	Chemical	0.0006666666666666666
hexafluorodiethyl_ether_lex	Chemical	0.0006666666666666666
hexamethonium_lex	Chemical	0.004
hexamethonium_chloride_lex	Chemical	0.0006666666666666666
hexamethylmelamine_lex	Chemical	0.0006666666666666666
hexauronic_acids_lex	Chemical	0.0006666666666666666
hfde_lex	Chemical	0.0006666666666666666
hibiscus_rosa_sinensis_lex	Chemical	0.0006666666666666666
hiccups_lex	Disease	0.0013333333333333333
high_frequency_range		0.0006666666666666666
highaffinity		0.0006666666666666666
highamplitude		0.0006666666666666666
highdose		0.004
higher		0.0006666666666666666
highflux		0.0006666666666666666
highfrequency_hearing_loss_lex	Disease	0.0006666666666666666
highresolution		0.0006666666666666666
highrisk		0.0013333333333333333
highsalt		0.0006666666666666666
hilus		0.002
hindlimb		0.002
hindpaw		0.0006666666666666666
hippocampal		0.006666666666666667
hippocampal_damage_lex	Disease	0.0006666666666666666
hippocampal_injury_lex	Disease	0.0006666666666666666
hippocampus		0.014
hipscms		0.0006666666666666666
hirsutism_lex	Disease	0.0006666666666666666
hissing		0.0006666666666666666
histamine_lex	Chemical	0.0033333333333333335
histaminergic		0.0006666666666666666
histiocytic_tumours_lex	Disease	0.0006666666666666666
histochemically		0.0006666666666666666
histochemistry		0.0006666666666666666
histologic		0.004666666666666667
histological		0.009333333333333334
histologically		0.0026666666666666666
histology		0.0026666666666666666
histopathologic		0.0033333333333333335
histopathological		0.007333333333333333
histopathologically		0.0006666666666666666
histopathology		0.0013333333333333333
history		0.0026666666666666666
hit_lex	Disease	0.0006666666666666666
hit_type_ii_lex	Disease	0.0006666666666666666
hiv		0.0026666666666666666
hiv1_infection_lex	Disease	0.0006666666666666666
hiv_antibodypositive_lex	Disease	0.0006666666666666666
hiv_coinfection_lex	Disease	0.0006666666666666666
hiv_disease_lex	Disease	0.0006666666666666666
hiv_infection_lex	Disease	0.0013333333333333333
hiv_seroconversion_lex	Disease	0.0006666666666666666
hivinfected_lex	Disease	0.0026666666666666666
hivnegative		0.0006666666666666666
hivpositive		0.002
hl_lex	Disease	0.0006666666666666666
hl60		0.0006666666666666666
hlab35		0.0006666666666666666
hoarding_lex	Disease	0.0006666666666666666
hoarseness_lex	Disease	0.0013333333333333333
hodgkin_disease_lex	Disease	0.0006666666666666666
hodgkin_lymphoma_lex	Disease	0.0006666666666666666
hoe140_lex	Chemical	0.0006666666666666666
hoehn_yahr		0.0006666666666666666
holeboard		0.0006666666666666666
holter		0.0006666666666666666
homeostasis		0.0006666666666666666
homer1		0.0006666666666666666
homoeostasis		0.0006666666666666666
homogenates		0.0013333333333333333
homologous		0.0006666666666666666
homonymous_hemianopsia_lex	Disease	0.0006666666666666666
homosexual		0.0006666666666666666
homozygocity		0.0006666666666666666
homozygous		0.002
hormone		0.0013333333333333333
hormonereleasing		0.0006666666666666666
hormones		0.0006666666666666666
hospital		0.004666666666666667
hospitalisation		0.0006666666666666666
hospitalised		0.0013333333333333333
hospitalization		0.007333333333333333
hospitalized		0.0013333333333333333
hospitals		0.002
hospitalyears		0.0006666666666666666
host		0.0006666666666666666
hotplate		0.0006666666666666666
hours		0.0006666666666666666
hpa		0.0006666666666666666
hplc		0.002
hpma_lex	Chemical	0.0006666666666666666
hr		0.0026666666666666666
hrp		0.0006666666666666666
hsct		0.0006666666666666666
hsod1		0.0006666666666666666
human		0.005333333333333333
human_immunodeficiency_virus_lex	Disease	0.0006666666666666666
human_immunodeficiency_virus_hiv		0.0006666666666666666
human_immunodeficiency_virus_infection_lex	Disease	0.0006666666666666666
human_immunodeficiency_virus_type_1		0.0006666666666666666
humans		0.0033333333333333335
humidity		0.0006666666666666666
humoral		0.0006666666666666666
huntingtons_disease_lex	Disease	0.0006666666666666666
hva_lex	Chemical	0.0006666666666666666
hyaluronate_lex	Chemical	0.0006666666666666666
hybrid		0.0006666666666666666
hybridization		0.0006666666666666666
hydralazine_lex	Chemical	0.0006666666666666666
hydration		0.0033333333333333335
hydrocephalus_lex	Disease	0.0006666666666666666
hydrochloride		0.0006666666666666666
hydrochlorofluorocarbons_lex	Chemical	0.0006666666666666666
hydrochlorothiazide_lex	Chemical	0.002
hydrochlorothiazidetriamterene_lex	Chemical	0.0006666666666666666
hydrocortisone_lex	Chemical	0.0026666666666666666
hydrocortisone_acetate_lex	Chemical	0.0006666666666666666
hydrogen_cyanamide_lex	Chemical	0.0006666666666666666
hydrogen_peroxide_lex	Chemical	0.0013333333333333333
hydrolysis		0.0006666666666666666
hydrolyze		0.0006666666666666666
hydromorphone_lex	Chemical	0.0006666666666666666
hydronephrosis_lex	Disease	0.0006666666666666666
hydrophilic		0.0006666666666666666
hydroquinone_lex	Chemical	0.0006666666666666666
hydrothorax_lex	Disease	0.0006666666666666666
hydroureteronephrosis_lex	Disease	0.0006666666666666666
hydroxychloroquine_lex	Chemical	0.0006666666666666666
hydroxychloroquine_sulfate_lex	Chemical	0.0006666666666666666
hydroxyl_lex	Chemical	0.0006666666666666666
hydroxyproline_lex	Chemical	0.0006666666666666666
hydroxytyrosol_lex	Chemical	0.0006666666666666666
hydroxyzine_lex	Chemical	0.0006666666666666666
hyoscine_lex	Chemical	0.0006666666666666666
hypaque_seventy-six_lex	Chemical	0.0013333333333333333
hyper_or_dyskinetic_lex	Disease	0.0006666666666666666
hyper_or_hypotension_lex	Disease	0.0006666666666666666
hyperactive_lex	Disease	0.0006666666666666666
hyperactivity_lex	Disease	0.012
hyperaldosteronism_lex	Disease	0.0006666666666666666
hyperalgesia_lex	Disease	0.006
hyperalgesic_lex	Disease	0.0006666666666666666
hyperammonemia_lex	Disease	0.004666666666666667
hyperbaric		0.0006666666666666666
hyperbilirubinemia_lex	Disease	0.002
hypercalcemia_lex	Disease	0.006
hypercalcemic_lex	Disease	0.0006666666666666666
hypercalcemic_emergency_lex	Disease	0.0006666666666666666
hypercapnia_lex	Disease	0.0006666666666666666
hypercholesterolaemia_lex	Disease	0.0006666666666666666
hypercholesterolemia_lex	Disease	0.0026666666666666666
hyperckaemia_lex	Disease	0.0006666666666666666
hypercoagulability_lex	Disease	0.0006666666666666666
hyperemia_lex	Disease	0.0006666666666666666
hypereosinophilia_lex	Disease	0.0006666666666666666
hyperesthesia_lex	Disease	0.0006666666666666666
hyperexcitation		0.0006666666666666666
hyperglycaemia_lex	Disease	0.0006666666666666666
hyperglycemia_lex	Disease	0.0013333333333333333
hyperglycemic_lex	Disease	0.0013333333333333333
hyperglyceridemic_effect_lex	Disease	0.0006666666666666666
hyperhidrosis_lex	Disease	0.0013333333333333333
hyperinsulinemia_lex	Disease	0.0006666666666666666
hyperintense		0.0006666666666666666
hyperkalaemia_lex	Disease	0.0006666666666666666
hyperkalemia_lex	Disease	0.005333333333333333
hyperkinesia_lex	Disease	0.0006666666666666666
hyperkinesias		0.0006666666666666666
hyperkinesis_lex	Disease	0.0013333333333333333
hyperkinetic_lex	Disease	0.0006666666666666666
hyperlipidemia_lex	Disease	0.0026666666666666666
hyperlocomotion_lex	Disease	0.0013333333333333333
hyperosmolar_nonketotic_coma_lex	Disease	0.0006666666666666666
hyperparathyroidism_lex	Disease	0.0013333333333333333
hyperphosphatemia_lex	Disease	0.0013333333333333333
hyperplasia_lex	Disease	0.0033333333333333335
hyperplastic		0.0006666666666666666
hyperplastic_marrow_lex	Disease	0.0006666666666666666
hyperprolactinemia_lex	Disease	0.006666666666666667
hyperprolactinemic_lex	Disease	0.0006666666666666666
hyperreactivity		0.0013333333333333333
hyperresponsiveness		0.0006666666666666666
hypersalivation_lex	Disease	0.0006666666666666666
hypersecretion		0.0006666666666666666
hypersensitivity_lex	Disease	0.006
hypersensitivity_myocarditis_lex	Disease	0.0006666666666666666
hypertension_lex	Disease	0.03866666666666667
hypertensive_lex	Disease	0.010666666666666666
hypertensive_eyes_lex	Disease	0.0006666666666666666
hyperthermia_lex	Disease	0.004
hyperthymia		0.0006666666666666666
hyperthyroidism_lex	Disease	0.005333333333333333
hypertriglyceridaemia_lex	Disease	0.0006666666666666666
hypertrophic_lex	Disease	0.0006666666666666666
hypertrophic_cardiomyopathy_lex	Disease	0.0013333333333333333
hypertrophic_hearts_lex	Disease	0.0006666666666666666
hypertrophied_lex	Disease	0.0013333333333333333
hypertrophied_hearts_lex	Disease	0.0006666666666666666
hypertrophy_lex	Disease	0.0026666666666666666
hyperuricemia_lex	Disease	0.0006666666666666666
hyperventilation_lex	Disease	0.0013333333333333333
hypnotic		0.0006666666666666666
hypoactivity_lex	Disease	0.0013333333333333333
hypoaesthesia		0.0006666666666666666
hypoalbuminemia_lex	Disease	0.0026666666666666666
hypoaldosteronism_lex	Disease	0.0013333333333333333
hypocalcaemia_lex	Disease	0.0006666666666666666
hypocalcemia_lex	Disease	0.002
hypocellular_marrow_lex	Disease	0.0006666666666666666
hypoglycaemia_lex	Disease	0.0006666666666666666
hypoglycemia_lex	Disease	0.0006666666666666666
hypogonadism_lex	Disease	0.0006666666666666666
hypokalaemia_lex	Disease	0.0006666666666666666
hypokalemia_lex	Disease	0.007333333333333333
hypolipidaemic		0.0006666666666666666
hypolipidemic		0.0006666666666666666
hypolocomotion_lex	Disease	0.0006666666666666666
hypomagnesemia_lex	Disease	0.002
hypomania_lex	Disease	0.002
hypomanic_lex	Disease	0.0006666666666666666
hypomethylation		0.0006666666666666666
hyponatraemia_lex	Disease	0.0006666666666666666
hyponatremia_lex	Disease	0.0026666666666666666
hypoparathyroidism_lex	Disease	0.0006666666666666666
hypoperfusion		0.0006666666666666666
hypopharynx		0.0006666666666666666
hypophosphatemia_lex	Disease	0.0006666666666666666
hypophysectomized		0.0006666666666666666
hypoplasia		0.0006666666666666666
hypoplastic_left_heart_syndrome_lex	Disease	0.0006666666666666666
hypoplastic_lungs_lex	Disease	0.0006666666666666666
hyporeninemic_hypoaidosteronism_lex	Disease	0.0006666666666666666
hyposmotic		0.0006666666666666666
hypotension_lex	Disease	0.04
hypotensive_lex	Disease	0.006
hypothalamic		0.0006666666666666666
hypothalamic_dysfunction_lex	Disease	0.0006666666666666666
hypothalamicpituitaryadrenal		0.0006666666666666666
hypothalamus		0.0013333333333333333
hypothermia_lex	Disease	0.004
hypothermic_lex	Disease	0.0006666666666666666
hypotheses		0.0013333333333333333
hypothesis		0.0006666666666666666
hypothyroid_lex	Disease	0.0006666666666666666
hypothyroidism_lex	Disease	0.004
hypotonia_lex	Disease	0.0006666666666666666
hypotony_lex	Disease	0.0006666666666666666
hypoventilation_lex	Disease	0.0013333333333333333
hypoxaemia_lex	Disease	0.0013333333333333333
hypoxemia_lex	Disease	0.0013333333333333333
hypoxia_lex	Disease	0.002
hypoxic_lex	Disease	0.0006666666666666666
hypso3haccck28se		0.0006666666666666666
hysterectomised		0.0006666666666666666
hysterosalpingography		0.0013333333333333333
i131_ha_lex	Chemical	0.0006666666666666666
iatrogenic		0.0013333333333333333
ibs_lex	Disease	0.0006666666666666666
ibuprofen_lex	Chemical	0.006666666666666667
ic50		0.0006666666666666666
ic50s		0.0006666666666666666
icc		0.0006666666666666666
ich_lex	Disease	0.0006666666666666666
icp		0.0006666666666666666
icr		0.0006666666666666666
icrf187_lex	Chemical	0.0006666666666666666
ictal		0.0006666666666666666
icterus_lex	Disease	0.0006666666666666666
ictus		0.0006666666666666666
icu		0.002
icv		0.004
idazoxan_lex	Chemical	0.0006666666666666666
identification		0.0006666666666666666
idiopathic		0.0013333333333333333
idiopathic_cardiomyopathy_lex	Disease	0.0006666666666666666
idiopathic_dilated_cardiomyopathy_lex	Disease	0.0006666666666666666
idiopathic_epilepsy_lex	Disease	0.0013333333333333333
idiopathic_generalized_epilepsies_lex	Disease	0.0006666666666666666
idiopathic_orthostatic_hypotension_lex	Disease	0.0006666666666666666
idiopathic_parkinsons_disease_lex	Disease	0.0026666666666666666
idiopathic_subjective_tinnitus_lex	Disease	0.0006666666666666666
idiosyncrasy		0.0006666666666666666
idiosyncratic		0.002
idolamines		0.0006666666666666666
idr		0.0006666666666666666
idraparinux_lex	Chemical	0.0006666666666666666
if_lex	Chemical	0.0006666666666666666
ifosfamide_lex	Chemical	0.008
iga		0.0006666666666666666
ige_lex	Disease	0.0006666666666666666
igfi		0.0013333333333333333
igfil3		0.0006666666666666666
igg		0.002
igm		0.0013333333333333333
ih636_grape_seed_proanthocyanidin_extract_lex	Chemical	0.0006666666666666666
ihc		0.0006666666666666666
ii		0.0006666666666666666
iief		0.0006666666666666666
ikr		0.0013333333333333333
iks		0.0006666666666666666
il1		0.0006666666666666666
il1b		0.0006666666666666666
il1beta		0.0006666666666666666
il2		0.0006666666666666666
il6		0.002
il7		0.0006666666666666666
ileostomy		0.0006666666666666666
illness		0.0006666666666666666
im		0.0006666666666666666
imagery		0.0006666666666666666
imaging		0.002
imipenemcilastatin_lex	Chemical	0.0006666666666666666
imipramine_lex	Chemical	0.0013333333333333333
immediate_free_recall		0.0006666666666666666
immediaterelease		0.0006666666666666666
immobility		0.0006666666666666666
immobilization		0.0006666666666666666
immune		0.0033333333333333335
immune_reconstitution_syndrome_lex	Disease	0.0006666666666666666
immunity		0.0006666666666666666
immunization		0.0006666666666666666
immunoassay		0.0013333333333333333
immunoblotting		0.0013333333333333333
immunocompromised		0.002
immunocytochemical		0.0013333333333333333
immunocytochemistry		0.0006666666666666666
immunocytoma_lex	Disease	0.0006666666666666666
immunofluorescence		0.0026666666666666666
immunofluorescent		0.0006666666666666666
immunoglobulin		0.0006666666666666666
immunoglobulins		0.0013333333333333333
immunohistochemical		0.007333333333333333
immunohistochemistry		0.008
immunohistological		0.0006666666666666666
immunolabeling		0.0006666666666666666
immunologic		0.0013333333333333333
immunologic_injury_lex	Disease	0.0006666666666666666
immunological		0.0013333333333333333
immunometric		0.0006666666666666666
immunomodulation		0.0006666666666666666
immunomodulators		0.0006666666666666666
immunomodulatory		0.0006666666666666666
immunopathology		0.0006666666666666666
immunoperoxidase		0.0006666666666666666
immunophilin		0.0006666666666666666
immunophilindrugcalcineurin		0.0006666666666666666
immunoprecipitation		0.0006666666666666666
immunoreactive		0.0013333333333333333
immunoreactivity		0.0006666666666666666
immunostaining		0.0013333333333333333
immunosuppressant		0.0026666666666666666
immunosuppressants		0.0006666666666666666
immunosuppressed		0.0013333333333333333
immunosuppression		0.006
immunosuppressive		0.006
immunotherapy		0.002
impaired		0.0006666666666666666
impaired_auditory_location_discrimination_lex	Disease	0.0006666666666666666
impaired_consciousness_lex	Disease	0.0013333333333333333
impaired_fear_recognition_lex	Disease	0.0006666666666666666
impaired_glucose_tolerance_lex	Disease	0.0006666666666666666
impaired_memory_lex	Disease	0.0006666666666666666
impaired_renal_function_lex	Disease	0.002
impairment		0.0033333333333333335
impairment_in_auditory_location_discrimination_lex	Disease	0.0006666666666666666
impairment_in_word_recall_lex	Disease	0.0006666666666666666
impairment_of_attention_and_memory_lex	Disease	0.0006666666666666666
impairment_of_ventricular_function_lex	Disease	0.0006666666666666666
impairments		0.0013333333333333333
impase		0.0006666666666666666
impedance		0.0006666666666666666
implant		0.0006666666666666666
implantable		0.0006666666666666666
implantation		0.0013333333333333333
implantsupported		0.0006666666666666666
impotence_lex	Disease	0.0026666666666666666
improvement		0.0013333333333333333
impulsiveness_lex	Disease	0.0006666666666666666
in vitro		0.0006666666666666666
in vivo		0.0006666666666666666
inability_to_sleep_lex	Disease	0.0006666666666666666
inactivation		0.0006666666666666666
inappetence_lex	Disease	0.0006666666666666666
inattention_lex	Disease	0.0013333333333333333
inbred		0.002
incidence		0.028
inclusions		0.0006666666666666666
incmnsz		0.0006666666666666666
incontinence_lex	Disease	0.0013333333333333333
incorporation		0.0006666666666666666
increase		0.002
increased		0.0006666666666666666
independence		0.0006666666666666666
index		0.0013333333333333333
india		0.0006666666666666666
indinavir_lex	Chemical	0.002
individuals		0.0006666666666666666
indocyanine_green_lex	Chemical	0.0006666666666666666
indomethacin_lex	Chemical	0.006666666666666667
induced		0.0026666666666666666
induction		0.012
induction therapy		0.0006666666666666666
infant		0.004
infants		0.005333333333333333
infarct_lex	Disease	0.0006666666666666666
infarcted		0.0006666666666666666
infarction_lex	Disease	0.0033333333333333335
infarcts_lex	Disease	0.0013333333333333333
infection_lex	Disease	0.006666666666666667
infections_lex	Disease	0.004666666666666667
infectious		0.0013333333333333333
infectious_mononucleosis_lex	Disease	0.0006666666666666666
infective		0.0006666666666666666
infective_endocarditis_lex	Disease	0.0006666666666666666
infectivity		0.0006666666666666666
inferior_colliculus_lesion_lex	Disease	0.0006666666666666666
inferior_infarction_lex	Disease	0.0006666666666666666
infertility_lex	Disease	0.0006666666666666666
infiltrate		0.0013333333333333333
infiltration		0.0026666666666666666
inflammation_lex	Disease	0.006
inflammatory		0.0033333333333333335
inflammatory_bowel_disease_lex	Disease	0.002
inflammatory_diseases_lex	Disease	0.0013333333333333333
inflammatory_facial_dermatoses_lex	Disease	0.0006666666666666666
inflammatory_myopathy_lex	Disease	0.0006666666666666666
infmi_lex	Disease	0.0006666666666666666
infusate		0.0006666666666666666
infused		0.0006666666666666666
infusion		0.034
infusional		0.0006666666666666666
infusions		0.002
infusiontime		0.0006666666666666666
ingestion		0.0033333333333333335
inhalation		0.0006666666666666666
inhalational		0.0006666666666666666
inhalator		0.0006666666666666666
inhaled		0.0013333333333333333
inheritance		0.0006666666666666666
inhibition		0.007333333333333333
inhibition_of_lactation_lex	Disease	0.0006666666666666666
inhibitor		0.005333333333333333
inhibitor1		0.0006666666666666666
inhibitors		0.0033333333333333335
inhibitory		0.0013333333333333333
inhospital		0.0006666666666666666
initiated hepatocytes		0.0006666666666666666
initiation		0.0013333333333333333
injectable		0.0006666666666666666
injected		0.0006666666666666666
injection		0.024
injections		0.006
injury		0.0026666666666666666
injury_to_the_kidney_lex	Disease	0.0006666666666666666
innervation		0.0006666666666666666
inoperable		0.0013333333333333333
inorganic_arsenic_lex	Chemical	0.0006666666666666666
inos		0.0013333333333333333
inositol_lex	Chemical	0.0006666666666666666
inotropic		0.004
inpatient		0.0026666666666666666
inpatients		0.0013333333333333333
insecticide		0.0013333333333333333
insecticides		0.0006666666666666666
insensitive		0.0006666666666666666
insomnia_lex	Disease	0.0013333333333333333
instillation		0.002
instillations		0.0006666666666666666
institutions		0.0006666666666666666
insula		0.0006666666666666666
insulin		0.0013333333333333333
insulin_resistance_lex	Disease	0.0013333333333333333
insured		0.0006666666666666666
intact		0.0006666666666666666
intake		0.002
integrins		0.0006666666666666666
integrity		0.0006666666666666666
intellectual		0.0006666666666666666
intense		0.0006666666666666666
intensity		0.004666666666666667
intensitypleasure		0.0006666666666666666
intensive		0.0013333333333333333
intentiontotreat		0.0013333333333333333
interaction		0.005333333333333333
interatrial		0.0006666666666666666
intercellular		0.0006666666666666666
interfere		0.0006666666666666666
interferon_lex	Chemical	0.0013333333333333333
interferonalpha2b_lex	Chemical	0.0006666666666666666
interferongamma		0.0006666666666666666
interictal		0.0006666666666666666
interleukin6		0.0006666666666666666
intermittent		0.0006666666666666666
intermittent_claudication_lex	Disease	0.0013333333333333333
interneurons		0.0006666666666666666
interstitial		0.002
interstitial_cystitis_lex	Disease	0.0013333333333333333
interstitial_fibrosis_lex	Disease	0.002
interstitial_nephritis_lex	Disease	0.0033333333333333335
interstitium		0.0006666666666666666
intervals		0.0006666666666666666
intervention		0.004
interventional		0.0006666666666666666
interventions		0.0006666666666666666
interview		0.0013333333333333333
intestinal		0.0006666666666666666
intestinal_tumors_lex	Disease	0.0006666666666666666
intestine		0.0006666666666666666
intolerance		0.0006666666666666666
intoxication		0.004
intoxications		0.0006666666666666666
intraarterial		0.0013333333333333333
intraarterial_lesions_lex	Disease	0.0006666666666666666
intraarterially		0.0013333333333333333
intracarotid		0.0006666666666666666
intracavernous		0.0013333333333333333
intracellular		0.0026666666666666666
intracerebral_hemorrhage_lex	Disease	0.005333333333333333
intracerebroventricular		0.004
intracerebroventricularly		0.0026666666666666666
intracisternal		0.0006666666666666666
intracoronary		0.0006666666666666666
intracorporal		0.0006666666666666666
intracorporeal		0.0006666666666666666
intracranial		0.0013333333333333333
intracranial_aneurysms_lex	Disease	0.0013333333333333333
intracranial_bleeding_lex	Disease	0.0013333333333333333
intracranial_hemorrhage_lex	Disease	0.0006666666666666666
intracranial_hypertension_lex	Disease	0.0006666666666666666
intracranial_vascular_disturbances_lex	Disease	0.0006666666666666666
intracranial_vascular_thrombosis_lex	Disease	0.0006666666666666666
intractable		0.0006666666666666666
intracytoplasmic		0.0006666666666666666
intradermal		0.002
intradermic		0.0006666666666666666
intradermoreactions		0.0006666666666666666
intradural		0.0006666666666666666
intragastrically		0.0013333333333333333
intrahepatic_cholestasis_lex	Disease	0.002
intrahisian_block_lex	Disease	0.0006666666666666666
intralipid		0.0013333333333333333
intramural		0.0006666666666666666
intramuscular		0.0026666666666666666
intramuscularly		0.0026666666666666666
intranasal		0.0013333333333333333
intraocular_pressure		0.0013333333333333333
intraoperative		0.0026666666666666666
intraoperatively		0.0006666666666666666
intrapatient		0.0006666666666666666
intraperitoneal		0.006
intraperitoneally		0.009333333333333334
intrarenal		0.0013333333333333333
intraspinal		0.0006666666666666666
intrastriatal		0.0006666666666666666
intrastriatally		0.0006666666666666666
intrathecal		0.007333333333333333
intratympanic		0.0006666666666666666
intrauterine_growth_retardation_lex	Disease	0.0006666666666666666
intravascular_coagulation_lex	Disease	0.0013333333333333333
intravenous		0.04466666666666667
intravenously		0.0033333333333333335
intraventricular		0.0006666666666666666
intraventricular_conduction_abnormalities_lex	Disease	0.0006666666666666666
intraventricularly		0.0006666666666666666
intravesical		0.0006666666666666666
intravesically		0.0013333333333333333
intravitreal		0.0006666666666666666
intubated		0.0006666666666666666
intubation		0.002
inulin		0.0013333333333333333
invasion		0.0013333333333333333
investigational		0.0006666666666666666
investigations		0.0006666666666666666
involuntary_eyeblinking_movements_lex	Disease	0.0006666666666666666
involuntary_movements_lex	Disease	0.0006666666666666666
involvement		0.0013333333333333333
iocarmate_lex	Chemical	0.0006666666666666666
iodinated		0.0006666666666666666
iodine_lex	Chemical	0.0006666666666666666
iodine125metaiodobenzylguanidine_lex	Chemical	0.0006666666666666666
iodixanol_lex	Chemical	0.0013333333333333333
iohexol_lex	Chemical	0.002
ion		0.0006666666666666666
ion_channel_disorders_lex	Disease	0.0006666666666666666
ionic		0.002
ionizing		0.0006666666666666666
ionotropic		0.0006666666666666666
iop		0.0013333333333333333
iopamidol_lex	Chemical	0.0006666666666666666
iopentol_lex	Chemical	0.0006666666666666666
iopromide_lex	Chemical	0.0006666666666666666
iowa		0.0006666666666666666
ioxaglate_lex	Chemical	0.0006666666666666666
ip		0.012666666666666666
ipratropium_bromide_lex	Chemical	0.0013333333333333333
iprindole_lex	Chemical	0.0006666666666666666
iprk		0.0006666666666666666
ipsilateral		0.002
ipsilateral_circling_lex	Disease	0.0006666666666666666
iq		0.0006666666666666666
irbesartan_lex	Chemical	0.0006666666666666666
iridocyclitis_lex	Disease	0.0006666666666666666
irinotecan_lex	Chemical	0.0006666666666666666
iris		0.0006666666666666666
iron_dextran_lex	Chemical	0.0013333333333333333
irradiation		0.0006666666666666666
irregular_heartbeat_lex	Disease	0.0006666666666666666
irreversible		0.0006666666666666666
irrigation		0.0006666666666666666
irrigations		0.0006666666666666666
irritability_lex	Disease	0.004
irritable_bowel_syndrome_lex	Disease	0.0006666666666666666
irritant		0.0006666666666666666
ischaemic_lex	Disease	0.0006666666666666666
ischaemic_heart_disease_lex	Disease	0.002
ischaemic_injury_lex	Disease	0.0006666666666666666
ischaemic_stroke_lex	Disease	0.0006666666666666666
ischaemic_strokes_lex	Disease	0.0006666666666666666
ischemia_lex	Disease	0.006666666666666667
ischemia_of_the_globus_pallidus_lex	Disease	0.0006666666666666666
ischemic_lex	Disease	0.004666666666666667
ischemic_brain_injury_lex	Disease	0.0013333333333333333
ischemic_colitis_lex	Disease	0.0006666666666666666
ischemic_hemisphere_lex	Disease	0.0006666666666666666
ischemic_injury_lex	Disease	0.0006666666666666666
ischemic_lesions_lex	Disease	0.0006666666666666666
ischemic_myocardium_lex	Disease	0.0006666666666666666
ischemic_optic_neuropathies_lex	Disease	0.0006666666666666666
ischemic_stroke_lex	Disease	0.0026666666666666666
isg		0.0006666666666666666
ishihara		0.0006666666666666666
islet transplantation		0.0006666666666666666
isoenzyme		0.0013333333333333333
isoflurane_lex	Chemical	0.004666666666666667
isolated		0.0006666666666666666
isomer		0.0013333333333333333
isomerase		0.0006666666666666666
isoniazid_lex	Chemical	0.005333333333333333
isoniazide_lex	Chemical	0.0006666666666666666
isoosmolar		0.0006666666666666666
isoprenaline_lex	Chemical	0.0013333333333333333
isopropyl6_benzyloxy4methoxymethylbetacarboline3carboxylate_lex	Chemical	0.0006666666666666666
isoproterenol_lex	Chemical	0.016
isopter		0.0006666666666666666
isosorbide_dinitrate_lex	Chemical	0.0006666666666666666
isotonic saline		0.0006666666666666666
isotretinoin_lex	Chemical	0.0013333333333333333
isotretinoin_embryopathy_lex	Disease	0.0006666666666666666
isph_lex	Chemical	0.0006666666666666666
isradipine_lex	Chemical	0.0006666666666666666
issue		0.0006666666666666666
ist_lex	Disease	0.0006666666666666666
itchiness_lex	Disease	0.0006666666666666666
itching_lex	Disease	0.0006666666666666666
iukgiv		0.0006666666666666666
iv		0.014666666666666666
ivc		0.0006666666666666666
ivig		0.0006666666666666666
ivmp_lex	Chemical	0.0006666666666666666
japanese		0.0006666666666666666
jaundice_lex	Disease	0.008
jaw_rigidity		0.0006666666666666666
jaw_stiffness_lex	Disease	0.0006666666666666666
jejunum		0.0006666666666666666
jersey		0.0006666666666666666
jitter		0.0006666666666666666
jitteriness		0.0006666666666666666
joint		0.0013333333333333333
junctional_rhythms		0.0006666666666666666
juvenile		0.0013333333333333333
juvenile_rheumatoid_arthritis_lex	Disease	0.0013333333333333333
ka_lex	Chemical	0.0006666666666666666
kainate_lex	Chemical	0.0006666666666666666
kainic_acid_lex	Chemical	0.0026666666666666666
kaliuretic		0.0006666666666666666
kanamycin_lex	Chemical	0.0033333333333333335
kaposis_sarcoma_lex	Disease	0.0013333333333333333
kappa		0.0006666666666666666
kappabeta		0.0006666666666666666
kcl_lex	Chemical	0.0013333333333333333
ke		0.0006666666666666666
kearnssayre_syndrome_lex	Disease	0.0006666666666666666
keratectomy		0.0006666666666666666
keratome		0.0006666666666666666
ketamine_lex	Chemical	0.007333333333333333
ketamine_hydrochloride_lex	Chemical	0.0006666666666666666
ketanserin_lex	Chemical	0.0006666666666666666
ketoconazole_lex	Chemical	0.004
ketolide		0.0006666666666666666
ketoprofen_lex	Chemical	0.0006666666666666666
ketorolac_lex	Chemical	0.0006666666666666666
ketosis_lex	Disease	0.0006666666666666666
kf17837_lex	Chemical	0.0006666666666666666
ki		0.002
kidney		0.01
kidney_cancer_lex	Disease	0.0006666666666666666
kidney_damage_lex	Disease	0.0013333333333333333
kidney_disease_lex	Disease	0.0006666666666666666
kidney_injury_lex	Disease	0.0006666666666666666
kidney_stones_lex	Disease	0.0006666666666666666
kidney_tubular_dysfunction_lex	Disease	0.0006666666666666666
kidneys		0.006
kim1		0.0013333333333333333
kinases		0.0006666666666666666
kindled		0.0013333333333333333
kindling		0.002
kinetics		0.0006666666666666666
km		0.0013333333333333333
knockout		0.0006666666666666666
kpa		0.0006666666666666666
krebsringer		0.0006666666666666666
kruskalwallis		0.0006666666666666666
kynurenine_lex	Chemical	0.0006666666666666666
l1210_leukemia_lex	Disease	0.0006666666666666666
l364718		0.0006666666666666666
l365260		0.0006666666666666666
labetalol_lex	Chemical	0.0033333333333333335
laboratory		0.008
labour		0.0006666666666666666
lacrimation		0.0006666666666666666
lactate_lex	Chemical	0.002
lactic_acidosis_lex	Disease	0.0006666666666666666
lactoferrin		0.0006666666666666666
lad		0.0006666666666666666
lalphagfc_lex	Chemical	0.0006666666666666666
lalphaglycerylphosphorylcholine_lex	Chemical	0.0006666666666666666
laminin		0.0006666666666666666
lamivudine_lex	Chemical	0.006666666666666667
lamotrigine_lex	Chemical	0.0013333333333333333
language_delay_lex	Disease	0.0006666666666666666
lanthanum_nitrate_lex	Chemical	0.0006666666666666666
larginine_lex	Chemical	0.002
larvae		0.0006666666666666666
laryngoscopy		0.0006666666666666666
larynx		0.0006666666666666666
laser		0.0006666666666666666
last		0.0006666666666666666
latencies		0.0013333333333333333
latency		0.006666666666666667
lateonset		0.0013333333333333333
lateral_epicondylitis_lex	Disease	0.0006666666666666666
lcmsms		0.0006666666666666666
lcva		0.0006666666666666666
ld50		0.0006666666666666666
ldh		0.0013333333333333333
ldihydroxyphenylalanine_lex	Chemical	0.0006666666666666666
ldl		0.0026666666666666666
ldlr		0.0006666666666666666
ldopa_lex	Chemical	0.007333333333333333
lead_lex	Chemical	0.0006666666666666666
lead_acetate_lex	Chemical	0.0006666666666666666
learning		0.008
learning_and_memory		0.0006666666666666666
learning_and_posttraining_consolidation_deficits_lex	Disease	0.0006666666666666666
learning_impairment_lex	Disease	0.0006666666666666666
leeds		0.0006666666666666666
left		0.0013333333333333333
left_bundle_branch_block_lex	Disease	0.0013333333333333333
left_ventricle		0.0006666666666666666
left_ventricular_apical_ballooning_syndrome_lex	Disease	0.0006666666666666666
left_ventricular_dysfunction_lex	Disease	0.004
left_ventricular_enddiastolic_volume		0.0006666666666666666
left_ventricular_enddiastolic_volume_falls_lex	Disease	0.0006666666666666666
left_ventricular_lv_systolic_function		0.0006666666666666666
left_ventricular_systolic_and_diastolic_dysfunction_lex	Disease	0.0006666666666666666
leftsided		0.0006666666666666666
leftventricular		0.0006666666666666666
leftward		0.0006666666666666666
leg		0.0006666666666666666
leg_and_back_pain_lex	Disease	0.0006666666666666666
leg_cramps_lex	Disease	0.0006666666666666666
legs_paralysis_lex	Disease	0.0006666666666666666
leiomyosarcoma_lex	Disease	0.0006666666666666666
lenalidomide_lex	Chemical	0.0013333333333333333
leprosy_lex	Disease	0.0013333333333333333
lesion		0.0033333333333333335
lesional		0.0006666666666666666
lesioned		0.0006666666666666666
lesioning		0.0006666666666666666
lesions		0.009333333333333334
lethal		0.002
lethalities		0.0006666666666666666
lethality		0.004666666666666667
lethargy_lex	Disease	0.0026666666666666666
letrozole_lex	Chemical	0.0006666666666666666
leucine_lex	Chemical	0.0006666666666666666
leucocytoclastic_vasculitis_lex	Disease	0.0006666666666666666
leucopenia_lex	Disease	0.0006666666666666666
leucovorin_lex	Chemical	0.0013333333333333333
leukaemia_lex	Disease	0.002
leukemia_lex	Disease	0.002
leukemic_lex	Disease	0.0006666666666666666
leukemic_infiltration_lex	Disease	0.0006666666666666666
leukemogenic		0.0006666666666666666
leukemoid_reaction_lex	Disease	0.0006666666666666666
leukocytes		0.0013333333333333333
leukocytoclastic_vasculitis_lex	Disease	0.0006666666666666666
leukocytosis_lex	Disease	0.002
leukoencephalopathy_lex	Disease	0.002
leukopenia_lex	Disease	0.005333333333333333
leuprolide_acetate_lex	Chemical	0.0006666666666666666
lev_lex	Chemical	0.0006666666666666666
levcromakalim_lex	Chemical	0.0006666666666666666
level		0.0026666666666666666
levels		0.006
levetiracetam_lex	Chemical	0.0013333333333333333
levobupivacaine_lex	Chemical	0.002
levodopa_lex	Chemical	0.016
levodopacarbidopa_lex	Chemical	0.0006666666666666666
levofloxacin_lex	Chemical	0.002
levomepromazine_lex	Chemical	0.0013333333333333333
levonorgestrel_lex	Chemical	0.0013333333333333333
levothyroxine_lex	Chemical	0.0013333333333333333
lexical		0.0006666666666666666
lh		0.0013333333333333333
lhreleasing		0.0006666666666666666
lhrh		0.0006666666666666666
lhrha_lex	Chemical	0.0006666666666666666
libido		0.0006666666666666666
lichenoid_dermatitis_lex	Disease	0.0006666666666666666
licl_lex	Chemical	0.0026666666666666666
lid_lex	Disease	0.0006666666666666666
lidocaine_lex	Chemical	0.012666666666666666
lidocaine_hydrochloride_lex	Chemical	0.0006666666666666666
lids_lex	Disease	0.0006666666666666666
life		0.0013333333333333333
lifethreatening		0.0006666666666666666
ligand		0.0013333333333333333
ligandactivated		0.0006666666666666666
ligands		0.0026666666666666666
light		0.0006666666666666666
lignocaine_lex	Chemical	0.002
limb		0.002
limbic		0.0006666666666666666
limbs		0.0006666666666666666
lindane_lex	Chemical	0.0033333333333333335
line		0.0006666666666666666
linezolid_lex	Chemical	0.0006666666666666666
lining		0.0006666666666666666
lipid		0.0026666666666666666
lipid_hydroperoxides_lex	Chemical	0.0006666666666666666
lipidemia_lex	Disease	0.0006666666666666666
lipids		0.0006666666666666666
lipophages		0.0006666666666666666
lipopolysaccharide_lex	Chemical	0.0006666666666666666
lipoprotein		0.0006666666666666666
lipoproteins		0.0013333333333333333
lipoproteinuria		0.0006666666666666666
liposomal		0.0006666666666666666
liposomeencapsulated		0.0006666666666666666
lips		0.0006666666666666666
lisinopril_lex	Chemical	0.002
literature		0.007333333333333333
lithium_lex	Chemical	0.016
lithium pilocarpine		0.0006666666666666666
lithium_carbonate_lex	Chemical	0.0013333333333333333
liver		0.024666666666666667
liver_abscess_lex	Disease	0.0006666666666666666
liver_cancer_lex	Disease	0.0006666666666666666
liver_cirrhosis_lex	Disease	0.0013333333333333333
liver_damage_lex	Disease	0.0026666666666666666
liver_disease_lex	Disease	0.006666666666666667
liver_dysfunction_lex	Disease	0.0006666666666666666
liver_enlargement_lex	Disease	0.0006666666666666666
liver_failure_lex	Disease	0.0026666666666666666
liver_injury_lex	Disease	0.004
liver_mass_lex	Disease	0.0006666666666666666
liver_neoplasms_lex	Disease	0.0006666666666666666
liver_toxicity_lex	Disease	0.0013333333333333333
liver_tumors_lex	Disease	0.0006666666666666666
livers		0.0006666666666666666
livestock		0.0006666666666666666
lizard		0.0006666666666666666
lmwh_lex	Chemical	0.0013333333333333333
lnaa		0.0006666666666666666
lname_lex	Chemical	0.0013333333333333333
lnil		0.0006666666666666666
lnna_lex	Chemical	0.0006666666666666666
lnoarg_lex	Chemical	0.0013333333333333333
loa		0.0006666666666666666
lobular		0.0006666666666666666
lobundwistar		0.0006666666666666666
local		0.0006666666666666666
localized_scleroderma_lex	Disease	0.0006666666666666666
locally advanced		0.0006666666666666666
location		0.0006666666666666666
lockedin_syndrome_lex	Disease	0.0006666666666666666
locomotion		0.0033333333333333335
locomotor		0.005333333333333333
locomotor_activity		0.0026666666666666666
locomotor_hyperactivity_lex	Disease	0.002
locomotor_hypoactivity_lex	Disease	0.0006666666666666666
logistic		0.0006666666666666666
loiasis_lex	Disease	0.0006666666666666666
lometrexol_lex	Chemical	0.0006666666666666666
lomustine_lex	Chemical	0.0013333333333333333
long_qt_syndrome_lex	Disease	0.0013333333333333333
longevans		0.0006666666666666666
longitudinal		0.0013333333333333333
longterm		0.002
longterm retention		0.0006666666666666666
loop_diuretic_lex	Chemical	0.0006666666666666666
lopinavirritonavir_lex	Chemical	0.0006666666666666666
lorazepam_lex	Chemical	0.002
loreclezole_lex	Chemical	0.0006666666666666666
losartan_lex	Chemical	0.002
loss		0.0006666666666666666
loss_of_appetite_lex	Disease	0.0006666666666666666
loss_of_consciousness_lex	Disease	0.0033333333333333335
loss_of_creativity_lex	Disease	0.0006666666666666666
loss_of_kidney_function_lex	Disease	0.0006666666666666666
loss_of_myelination_lex	Disease	0.0006666666666666666
loss_of_pinprick_sensation_lex	Disease	0.0006666666666666666
loss_of_sensation_lex	Disease	0.0006666666666666666
loss_of_taste_sensation_lex	Disease	0.0006666666666666666
loss_of_vision_lex	Disease	0.0006666666666666666
loumwsl		0.0006666666666666666
lovastatin_lex	Chemical	0.004
low_back_pain_lex	Disease	0.0013333333333333333
low_sexual_desire_lex	Disease	0.0006666666666666666
lowdose		0.0026666666666666666
lower_extremity_weakness_lex	Disease	0.0006666666666666666
lowgrade		0.0006666666666666666
lowmolecular_weight_heparin_lex	Chemical	0.0006666666666666666
lowmolecularweight_heparin_lex	Chemical	0.0006666666666666666
lowosmolar		0.0006666666666666666
lowrisk		0.0006666666666666666
lowsalt		0.0006666666666666666
lpbm5		0.0006666666666666666
lpo_lex	Chemical	0.0006666666666666666
lpp		0.0006666666666666666
lr132_lex	Chemical	0.0006666666666666666
lsd_lex	Chemical	0.0006666666666666666
ltg_lex	Chemical	0.0006666666666666666
ltp		0.0013333333333333333
ltype		0.0013333333333333333
lumbosacral		0.0006666666666666666
lumen		0.0006666666666666666
luminal_lex	Chemical	0.0006666666666666666
lung		0.0013333333333333333
lung_cancer_lex	Disease	0.0026666666666666666
lung_mass_lex	Disease	0.0006666666666666666
lung_toxicity_lex	Disease	0.0006666666666666666
lungs		0.0013333333333333333
lupus_erythematosus_lex	Disease	0.0006666666666666666
lupus_nephritis_lex	Disease	0.0006666666666666666
lupus_syndrome_lex	Disease	0.0006666666666666666
lupuslike_syndrome_lex	Disease	0.0006666666666666666
luteinizing		0.0006666666666666666
lv_lex	Disease	0.0006666666666666666
lv_cutaneous_lesions_lex	Disease	0.0006666666666666666
lv_dysfunction_lex	Disease	0.0006666666666666666
lv_hypertrophy_lex	Disease	0.0006666666666666666
lv_systolic_function		0.0006666666666666666
lvdpdt		0.0013333333333333333
lvdpdtmax		0.0006666666666666666
lvdpdtmin		0.0006666666666666666
lvef		0.0013333333333333333
ly171555_lex	Chemical	0.0006666666666666666
ly274614_lex	Chemical	0.0006666666666666666
lymphadenopathy_lex	Disease	0.0013333333333333333
lymphoblastic		0.0006666666666666666
lymphoblastic_lymphoma_lex	Disease	0.0006666666666666666
lymphocyte		0.0006666666666666666
lymphocytes		0.0033333333333333335
lymphocytic		0.0006666666666666666
lymphokine		0.0006666666666666666
lymphoma_lex	Disease	0.005333333333333333
lymphopenia_lex	Disease	0.0006666666666666666
lymphoplasmacytic_lymphoma_lex	Disease	0.0006666666666666666
lymphoproliferative_disorder_lex	Disease	0.0006666666666666666
lysosomal		0.0006666666666666666
lysosomes		0.0006666666666666666
lysozyme		0.0006666666666666666
lysozymuria		0.0013333333333333333
m2		0.0006666666666666666
macaques		0.0006666666666666666
machr		0.0006666666666666666
macrocytic_anemia_lex	Disease	0.0006666666666666666
macrolide_lex	Chemical	0.002
macrolides_lex	Chemical	0.0006666666666666666
macropapular_rash_lex	Disease	0.0006666666666666666
macrophages		0.0033333333333333335
macroprolactinemia_lex	Disease	0.0006666666666666666
macroprolactinoma_lex	Disease	0.0006666666666666666
maculopapular_eruption_lex	Disease	0.0006666666666666666
magnesium_lex	Chemical	0.0033333333333333335
magnesium_sulfate_lex	Chemical	0.0006666666666666666
magnitude		0.0006666666666666666
magnus		0.0006666666666666666
maha_lex	Disease	0.0006666666666666666
main		0.0006666666666666666
maintenance		0.0026666666666666666
major		0.0006666666666666666
major_depression_lex	Disease	0.0026666666666666666
major_depression_disorder_lex	Disease	0.0006666666666666666
major_depressive_disorder_lex	Disease	0.0006666666666666666
malaise_lex	Disease	0.002
male		0.010666666666666666
male_impotence_lex	Disease	0.0006666666666666666
maleate_lex	Chemical	0.0006666666666666666
males		0.0006666666666666666
malformation		0.0006666666666666666
malformations_lex	Disease	0.0006666666666666666
malignancies_lex	Disease	0.0033333333333333335
malignancy_lex	Disease	0.0033333333333333335
malignant		0.0006666666666666666
malignant_glioma_lex	Disease	0.0013333333333333333
malignant_gliomas_lex	Disease	0.0006666666666666666
malignant_hypertension_lex	Disease	0.0006666666666666666
malignant_hyperthermia_lex	Disease	0.0013333333333333333
malignant_mesenchymal_tumors_lex	Disease	0.0006666666666666666
malnutrition_lex	Disease	0.0006666666666666666
malondialdehyde_lex	Chemical	0.005333333333333333
maltol_lex	Chemical	0.0006666666666666666
maltolyl_pcoumarate_lex	Chemical	0.0006666666666666666
mammalian		0.0006666666666666666
mammalian target of rapamycin		0.0006666666666666666
mammals		0.0006666666666666666
mammary		0.0006666666666666666
mammographic		0.0006666666666666666
man		0.002
management		0.006
mangiferin_lex	Chemical	0.0006666666666666666
mania_lex	Disease	0.004
manic_lex	Disease	0.0033333333333333335
manic_depression_lex	Disease	0.0006666666666666666
manifestations		0.0033333333333333335
mannitol_lex	Chemical	0.002
mantle_cell_lymphoma_lex	Disease	0.0013333333333333333
mao_lex	Chemical	0.0006666666666666666
maoi		0.0006666666666666666
map_lex	Chemical	0.004
mapd		0.0006666666666666666
mapping		0.0006666666666666666
marked		0.0006666666666666666
marker		0.0013333333333333333
markers		0.002
market		0.0006666666666666666
marmoset		0.0006666666666666666
marrow		0.0013333333333333333
marrow_suppression_lex	Disease	0.0006666666666666666
marrow_toxicity_lex	Disease	0.0006666666666666666
mass		0.0013333333333333333
masseter		0.0006666666666666666
masseter_muscle_rigidity_lex	Disease	0.0006666666666666666
masseter_spasm_lex	Disease	0.0006666666666666666
massive		0.0006666666666666666
massive_hepatic_necrosis_lex	Disease	0.0006666666666666666
mast_cell_tumour_lex	Disease	0.0006666666666666666
mastectomy		0.0006666666666666666
mastitis_lex	Disease	0.0006666666666666666
mastodynia_lex	Disease	0.0006666666666666666
material		0.0006666666666666666
maternal		0.004
matrical		0.0006666666666666666
maturation		0.0006666666666666666
mature		0.0006666666666666666
maximum		0.0013333333333333333
mazindol_lex	Chemical	0.0006666666666666666
mbp		0.0006666666666666666
mcc		0.0006666666666666666
mcf7		0.0006666666666666666
mchlorophenylpiperazine_lex	Chemical	0.0006666666666666666
mcl_lex	Disease	0.0006666666666666666
mcpp_lex	Chemical	0.0006666666666666666
md_lex	Disease	0.0013333333333333333
mda_lex	Chemical	0.0006666666666666666
mdm2		0.0006666666666666666
mdma_lex	Chemical	0.0026666666666666666
mea		0.0006666666666666666
mean		0.0033333333333333335
mean_arterial_blood_pressure		0.0006666666666666666
measurement		0.0026666666666666666
measurements		0.0013333333333333333
mecamylamine_lex	Chemical	0.0013333333333333333
mechanical		0.0006666666666666666
mechanical_hyperalgesia_lex	Disease	0.0013333333333333333
mechanism		0.008666666666666666
mechanisms		0.006
mechanistic		0.0006666666666666666
meclofenamic_acid_lex	Chemical	0.0006666666666666666
med		0.0006666666666666666
medetomidine_lex	Chemical	0.0006666666666666666
media		0.0006666666666666666
medial		0.0006666666666666666
medialipid		0.0006666666666666666
median		0.0033333333333333335
mediated		0.0006666666666666666
mediator		0.0006666666666666666
medical		0.002
medication		0.012666666666666666
medications		0.004666666666666667
medicine		0.0013333333333333333
mediumsize		0.0006666666666666666
medline		0.0013333333333333333
medroxyprogesterone_acetate_lex	Chemical	0.0006666666666666666
medulla		0.0026666666666666666
medullary		0.0006666666666666666
medulloadrenalectomy		0.0006666666666666666
mefenamic_acid_lex	Chemical	0.0026666666666666666
mefloquine_lex	Chemical	0.0006666666666666666
megakaryocytes		0.0006666666666666666
megaloblastosis_lex	Disease	0.0013333333333333333
mek1		0.0006666666666666666
mek7		0.0006666666666666666
melanoma_lex	Disease	0.0006666666666666666
melatonin_lex	Chemical	0.002
meloxicam_lex	Chemical	0.0006666666666666666
melphalan_lex	Chemical	0.0006666666666666666
memantine_lex	Chemical	0.0006666666666666666
membrane		0.0013333333333333333
membranecytoskeleton		0.0006666666666666666
membranes		0.0026666666666666666
membranestabilizing		0.0006666666666666666
membranoproliferative_glomerulopathy_lex	Disease	0.0006666666666666666
membranous_glomerulonephritis_lex	Disease	0.0013333333333333333
memory		0.010666666666666666
memory_deficiency_lex	Disease	0.0006666666666666666
memory_deficits_lex	Disease	0.0013333333333333333
memory_deterioration_lex	Disease	0.0006666666666666666
memory_dissociation_lex	Disease	0.0006666666666666666
memory_function		0.0006666666666666666
memory_functioning		0.0006666666666666666
memory_impairment_lex	Disease	0.004
memory_impairments_lex	Disease	0.0006666666666666666
memory_loss_lex	Disease	0.0006666666666666666
memory_performance		0.0006666666666666666
men		0.002
meningeal_disease_lex	Disease	0.0006666666666666666
meningeal_leukemia_lex	Disease	0.0006666666666666666
meninges		0.0006666666666666666
meningioma_lex	Disease	0.0006666666666666666
meningitis_lex	Disease	0.0013333333333333333
menopausal		0.0013333333333333333
menopausal_symptoms_lex	Disease	0.0006666666666666666
menopause		0.0013333333333333333
menorrhagia_lex	Disease	0.0013333333333333333
menstrual_abnormalities_lex	Disease	0.0006666666666666666
menstruation		0.0006666666666666666
mental		0.0006666666666666666
mental_retardation_lex	Disease	0.0006666666666666666
mental_slowing_lex	Disease	0.0006666666666666666
meperidine_lex	Chemical	0.0013333333333333333
mepivacaine_lex	Chemical	0.0006666666666666666
mepivacaine_hydrochloride_lex	Chemical	0.0006666666666666666
meql		0.0006666666666666666
mequiv		0.0006666666666666666
mes		0.0006666666666666666
mesangial		0.0013333333333333333
mesangial_proliferation_lex	Disease	0.0006666666666666666
mesangiolysis		0.0006666666666666666
mesangium		0.0006666666666666666
mesencephalon		0.0006666666666666666
mesna_lex	Chemical	0.005333333333333333
mesothelioma_lex	Disease	0.0013333333333333333
metaanalyses		0.0006666666666666666
metaanalysis		0.0006666666666666666
metabolic		0.008666666666666666
metabolic_abnormalities_lex	Disease	0.0006666666666666666
metabolic_acidosis_lex	Disease	0.0026666666666666666
metabolic_alkalosis_lex	Disease	0.0006666666666666666
metabolic_derangement_lex	Disease	0.0006666666666666666
metabolicendocrine_failure_lex	Disease	0.0006666666666666666
metabolism		0.006666666666666667
metabolite		0.006
metabolites		0.007333333333333333
metabolized		0.0006666666666666666
metabotropic		0.0006666666666666666
metalloproteinase		0.0006666666666666666
metallothionein_lex	Chemical	0.0006666666666666666
metamizol_lex	Chemical	0.0006666666666666666
metamphetamine_lex	Chemical	0.0006666666666666666
metastases_lex	Disease	0.002
metastatic		0.005333333333333333
metformin_lex	Chemical	0.0026666666666666666
metformin_hydrochloride_lex	Chemical	0.0006666666666666666
meth_lex	Chemical	0.002
meth_mouth_lex	Disease	0.0006666666666666666
methadone_lex	Chemical	0.0033333333333333335
methamphetamine_lex	Chemical	0.009333333333333334
methemoglobin		0.0006666666666666666
methemoglobinemia_lex	Disease	0.0006666666666666666
methimazole_lex	Chemical	0.002
methionine_lex	Chemical	0.0006666666666666666
methoctramine_lex	Chemical	0.0006666666666666666
method		0.0013333333333333333
methotrexate_lex	Chemical	0.008666666666666666
methoxamine_lex	Chemical	0.0013333333333333333
methoxyflurane_lex	Chemical	0.0006666666666666666
methscopolamine_lex	Chemical	0.0006666666666666666
methyl_67dimethoxy4ethylbcarboline3carboxylate_lex	Chemical	0.0006666666666666666
methyl_betacarboline3carboxylate_lex	Chemical	0.0006666666666666666
methyl_dopa_lex	Chemical	0.0006666666666666666
methyl_scopolamine_lex	Chemical	0.0006666666666666666
methylation		0.0006666666666666666
methylatropine_lex	Chemical	0.0006666666666666666
methyldopa_lex	Chemical	0.002
methylenedioxymethamphetamine		0.0006666666666666666
methylergonovine_lex	Chemical	0.0006666666666666666
methylphenidate_lex	Chemical	0.0033333333333333335
methylprednisolone_lex	Chemical	0.006666666666666667
methylprednisolone_acetate_lex	Chemical	0.0006666666666666666
methylxanthine_lex	Chemical	0.0006666666666666666
methysergide_lex	Chemical	0.0013333333333333333
metoclopramide_lex	Chemical	0.0026666666666666666
metocurine_lex	Chemical	0.0006666666666666666
metolachlor_lex	Chemical	0.0006666666666666666
metoprolol_lex	Chemical	0.006
metrazol_lex	Chemical	0.0006666666666666666
metrifonate_lex	Chemical	0.0006666666666666666
metrizoate_lex	Chemical	0.0006666666666666666
metronidazole_lex	Chemical	0.002
mexiletine_lex	Chemical	0.0013333333333333333
mfl_regimen_lex	Chemical	0.0006666666666666666
mfs		0.0006666666666666666
mg_lex	Chemical	0.004666666666666667
mgday		0.0006666666666666666
mgdl		0.0006666666666666666
mghour		0.0006666666666666666
mgkg		0.011333333333333334
mgkg1		0.0006666666666666666
mgkgday		0.002
mglur1		0.0006666666666666666
mglur5		0.0006666666666666666
mgm2		0.004
mhb		0.0006666666666666666
mhccb7		0.0006666666666666666
mhci		0.0006666666666666666
mhpg_lex	Chemical	0.0006666666666666666
mhra		0.0006666666666666666
mi_lex	Disease	0.002
mianserin_lex	Chemical	0.0006666666666666666
mibg_lex	Chemical	0.0006666666666666666
mic		0.0006666666666666666
mice		0.030666666666666665
microalbuminuria		0.0006666666666666666
microangiopathic		0.0006666666666666666
microangiopathic_hemolytic_anemia_lex	Disease	0.002
microangiopathies_lex	Disease	0.0006666666666666666
microangiopathy_lex	Disease	0.0006666666666666666
microcrystals		0.0006666666666666666
microdialysis		0.0026666666666666666
microelectrode		0.0013333333333333333
microelectrodes		0.0006666666666666666
microfilaremia_lex	Disease	0.0006666666666666666
microg		0.0013333333333333333
microg05		0.0006666666666666666
microgkg		0.0006666666666666666
microgkg1		0.0006666666666666666
microgkgmin		0.002
microglia		0.0013333333333333333
microglial		0.0013333333333333333
microgram		0.0013333333333333333
microgramkg		0.0006666666666666666
microgramkg1min1		0.0006666666666666666
microgramkgmin		0.0013333333333333333
microgramml		0.0006666666666666666
micrograms		0.008
microgramskg		0.002
microgramsml		0.0013333333333333333
microgravimetry		0.0006666666666666666
microinjected		0.0006666666666666666
microinjection		0.0033333333333333335
microinjections		0.0013333333333333333
microm		0.0006666666666666666
micronodular		0.0006666666666666666
micronuclei		0.0006666666666666666
microperfusion		0.0006666666666666666
microphthalmos_lex	Disease	0.0013333333333333333
microprolactinoma_lex	Disease	0.0006666666666666666
micropuncture		0.0006666666666666666
microscopic		0.0033333333333333335
microscopy		0.0006666666666666666
microsomal		0.0013333333333333333
microspherocytes		0.0006666666666666666
microvascular		0.0006666666666666666
microvessels		0.0006666666666666666
microvilli		0.0006666666666666666
micturition		0.0026666666666666666
micu		0.0006666666666666666
midazolam_lex	Chemical	0.004
midazolam_hydrochloride_lex	Chemical	0.0006666666666666666
midazolan_lex	Chemical	0.0006666666666666666
midbrain		0.0006666666666666666
middle_cerebral_artery_occlusion_lex	Disease	0.0013333333333333333
midline		0.0013333333333333333
midline_defects_lex	Disease	0.0006666666666666666
midmyocardium		0.0006666666666666666
midpontine		0.0006666666666666666
midventricle		0.0006666666666666666
migraine_lex	Disease	0.004
migraine_headache_lex	Disease	0.002
migraine_with_aura_lex	Disease	0.0006666666666666666
migraine_without_aura_lex	Disease	0.0006666666666666666
migration		0.0013333333333333333
milk_fever_lex	Disease	0.0006666666666666666
milkalkali_syndrome_lex	Disease	0.0013333333333333333
milrinone_lex	Chemical	0.0006666666666666666
min		0.0006666666666666666
mineralocorticoid		0.0006666666666666666
minimize		0.0006666666666666666
minimum		0.0006666666666666666
minipump		0.0006666666666666666
minocycline_lex	Chemical	0.0006666666666666666
minor		0.0006666666666666666
minoxidil_lex	Chemical	0.0006666666666666666
minutes		0.0006666666666666666
miosis_lex	Disease	0.0006666666666666666
mipafox_lex	Chemical	0.0006666666666666666
mirtazapine_lex	Chemical	0.0013333333333333333
misoprostol_lex	Chemical	0.002
mitochondria		0.006666666666666667
mitochondrial		0.0026666666666666666
mitochondrial_abnormalities_lex	Disease	0.0013333333333333333
mitochondrial_damage_lex	Disease	0.0006666666666666666
mitochondrial_defect_lex	Disease	0.0006666666666666666
mitochondrial_disorders_lex	Disease	0.0006666666666666666
mitochondrial_dysfunction_lex	Disease	0.0033333333333333335
mitochondrial_impairment_lex	Disease	0.0013333333333333333
mitochondrial_injury_lex	Disease	0.0013333333333333333
mitochondrial_structural_and_functional_impairment_lex	Disease	0.0006666666666666666
mitochondrial_toxicity_lex	Disease	0.0006666666666666666
mitogen		0.0006666666666666666
mitogenactivated		0.0006666666666666666
mitogens		0.0006666666666666666
mitomycin_c_lex	Chemical	0.002
mitoq_lex	Chemical	0.0006666666666666666
mitoxantrone_lex	Chemical	0.0013333333333333333
mitral_regurgitation_lex	Disease	0.0033333333333333335
mitral_valve_prolapse_lex	Disease	0.0013333333333333333
mixed		0.0013333333333333333
mixture		0.0006666666666666666
mj_lex	Disease	0.0006666666666666666
mk212_lex	Chemical	0.0006666666666666666
mk486_lex	Chemical	0.0006666666666666666
mk801_lex	Chemical	0.007333333333333333
ml100		0.0006666666666666666
mm_lex	Disease	0.0006666666666666666
mmc_lex	Chemical	0.0006666666666666666
mmf_lex	Chemical	0.0006666666666666666
mmhg		0.002
mmol		0.0006666666666666666
mmp2		0.0006666666666666666
mmp9		0.0006666666666666666
mmps		0.0006666666666666666
mmrm		0.0006666666666666666
mmse		0.0013333333333333333
modafinil_lex	Chemical	0.0006666666666666666
model		0.006
modeling		0.0006666666666666666
models		0.0013333333333333333
moderate		0.002
modulation		0.002
modulators		0.0013333333333333333
molecular		0.0033333333333333335
molindone_lex	Chemical	0.0006666666666666666
mongrel		0.0006666666666666666
monitoring		0.004666666666666667
monkeys		0.002
monoamines_lex	Chemical	0.0006666666666666666
monoarticular		0.0006666666666666666
monoclonal		0.0006666666666666666
monocular		0.0006666666666666666
monocyte		0.0013333333333333333
monocytesmacrophages		0.0006666666666666666
monohydroxyethylrutoside_lex	Chemical	0.0006666666666666666
monomer		0.0006666666666666666
monomeric		0.0006666666666666666
mononucleate		0.0006666666666666666
monosaccharides_lex	Chemical	0.0006666666666666666
monosodium_glutamate_lex	Chemical	0.0006666666666666666
monotherapy		0.005333333333333333
month		0.0006666666666666666
months		0.0013333333333333333
mood_disorder_lex	Disease	0.0006666666666666666
morbidity		0.008
morbilliform		0.0006666666666666666
morning_stiffness_lex	Disease	0.0006666666666666666
morphiceptin_lex	Chemical	0.0006666666666666666
morphine_lex	Chemical	0.018666666666666668
morphologic		0.0006666666666666666
morphological		0.002
morphology		0.0013333333333333333
morphometric		0.0026666666666666666
morphometrical		0.0013333333333333333
mortality		0.020666666666666667
mortons_neuralgia_lex	Disease	0.0006666666666666666
mother		0.0006666666666666666
mothers		0.0013333333333333333
motif		0.0006666666666666666
motility		0.0013333333333333333
motivational		0.0006666666666666666
motoneurons		0.0006666666666666666
motor		0.006666666666666667
motor_and_sensory_impairment_lex	Disease	0.0006666666666666666
motor_deficits_lex	Disease	0.0006666666666666666
motor_disability_lex	Disease	0.002
motor_movements		0.0006666666666666666
motor_neuropathy_lex	Disease	0.0006666666666666666
mouse		0.004
mouth		0.0006666666666666666
movement		0.0006666666666666666
movement_difficulties_lex	Disease	0.0006666666666666666
movement_disorder_lex	Disease	0.0013333333333333333
movement_disorders_lex	Disease	0.002
movements		0.0013333333333333333
mp_lex	Disease	0.0006666666666666666
mpa_lex	Chemical	0.0006666666666666666
mpep_lex	Chemical	0.0006666666666666666
mpges1		0.0006666666666666666
mpo		0.0006666666666666666
mpoanca		0.0006666666666666666
mptp_lex	Chemical	0.0033333333333333335
mr_lex	Disease	0.0013333333333333333
mri		0.0033333333333333335
mrna		0.008
mrp2		0.0006666666666666666
ms		0.0006666666666666666
msdbp		0.0006666666666666666
msg_lex	Chemical	0.0006666666666666666
msh_lex	Chemical	0.0006666666666666666
mssa		0.0006666666666666666
mssbp		0.0006666666666666666
mtd		0.0006666666666666666
mtdna		0.0013333333333333333
mtdnaencoded		0.0006666666666666666
mtor		0.002
mtor blockade		0.0006666666666666666
mtor inhibition		0.0006666666666666666
mtor inhibitors		0.0006666666666666666
mtori		0.0006666666666666666
mtx_lex	Chemical	0.0013333333333333333
mu		0.0013333333333333333
mucosa		0.0013333333333333333
mucosal		0.0006666666666666666
mucositis_lex	Disease	0.0033333333333333335
multicenter		0.006
multicystic_encephalomalacia_lex	Disease	0.0006666666666666666
multidisciplinary		0.0006666666666666666
multidrug		0.0013333333333333333
multigravida		0.0006666666666666666
multiorgan_failure_lex	Disease	0.0006666666666666666
multiparous		0.0006666666666666666
multiple_myeloma_lex	Disease	0.004
multiple_sclerosis_lex	Disease	0.0006666666666666666
multiple_system_atrophy_lex	Disease	0.0006666666666666666
multipledose		0.0006666666666666666
multisystem		0.0006666666666666666
multitasking		0.0006666666666666666
multivariate		0.002
multivitamin		0.0006666666666666666
mulv		0.0006666666666666666
municipal		0.0006666666666666666
mup		0.0006666666666666666
murine		0.0013333333333333333
muscarinic		0.005333333333333333
muscimol_lex	Chemical	0.0013333333333333333
muscle		0.004
muscle_atrophy_lex	Disease	0.0013333333333333333
muscle_contractions_lex	Disease	0.0006666666666666666
muscle_cramps_lex	Disease	0.0006666666666666666
muscle_damage_lex	Disease	0.0006666666666666666
muscle_degeneration_lex	Disease	0.0006666666666666666
muscle_dysfunction_lex	Disease	0.0006666666666666666
muscle_fasciculation_lex	Disease	0.0013333333333333333
muscle_fasciculations_lex	Disease	0.0006666666666666666
muscle_flaccidity_lex	Disease	0.0006666666666666666
muscle_pain_lex	Disease	0.0006666666666666666
muscle_rigidity_lex	Disease	0.0033333333333333335
muscle_spasm_lex	Disease	0.0006666666666666666
muscle_spasms_lex	Disease	0.0006666666666666666
muscle_tear_lex	Disease	0.0006666666666666666
muscle_toxicity_lex	Disease	0.0006666666666666666
muscle_tremors_lex	Disease	0.0006666666666666666
muscle_wastage_lex	Disease	0.0006666666666666666
muscle_weakness_lex	Disease	0.002
muscular		0.0013333333333333333
muscular_atrophy_lex	Disease	0.0006666666666666666
muscular_dystrophy_lex	Disease	0.0013333333333333333
muscular_rigidity_lex	Disease	0.0013333333333333333
muscular_weakness_lex	Disease	0.0006666666666666666
musculoskeletal		0.0006666666666666666
musculoskeletal_pain_lex	Disease	0.0013333333333333333
mutants		0.0006666666666666666
mutation		0.0006666666666666666
mutations		0.0013333333333333333
mvp		0.0006666666666666666
mvs		0.0006666666666666666
myalgia_lex	Disease	0.004
myalgias_lex	Disease	0.002
myasthenia_gravis_lex	Disease	0.0026666666666666666
mycophenolate_mofetil_lex	Chemical	0.0013333333333333333
myd88		0.0006666666666666666
mydriasis_lex	Disease	0.0013333333333333333
mydriatics		0.0006666666666666666
myelin		0.0006666666666666666
myelitis_lex	Disease	0.0006666666666666666
myeloablative		0.0006666666666666666
myelodysplasia_lex	Disease	0.0006666666666666666
myelodysplastic_syndrome_lex	Disease	0.0013333333333333333
myeloencephalopathy_lex	Disease	0.0013333333333333333
myeloid		0.0006666666666666666
myeloma_lex	Disease	0.0006666666666666666
myelomeningocoele		0.0006666666666666666
myelopathy_lex	Disease	0.0006666666666666666
myeloperoxidase		0.002
myeloperoxidaseanca		0.0006666666666666666
myelosuppression_lex	Disease	0.005333333333333333
myelotoxicity_lex	Disease	0.0006666666666666666
myocardial		0.008666666666666666
myocardial_cell_injury_lex	Disease	0.0006666666666666666
myocardial_damage_lex	Disease	0.002
myocardial_degeneration_lex	Disease	0.0006666666666666666
myocardial_depression_lex	Disease	0.0006666666666666666
myocardial_disease_lex	Disease	0.0006666666666666666
myocardial_dysfunction_lex	Disease	0.0013333333333333333
myocardial_hyperactivity_lex	Disease	0.0006666666666666666
myocardial_hypertrophy_lex	Disease	0.0006666666666666666
myocardial_infarction_lex	Disease	0.024666666666666667
myocardial_infarctions_lex	Disease	0.0013333333333333333
myocardial_injury_lex	Disease	0.004
myocardial_ischaemia_lex	Disease	0.0013333333333333333
myocardial_ischemia_lex	Disease	0.008
myocardial_lesions_lex	Disease	0.0006666666666666666
myocardial_necrosis_lex	Disease	0.0013333333333333333
myocardial_strain_lex	Disease	0.0006666666666666666
myocardial_stunning_lex	Disease	0.0013333333333333333
myocardiopathy_lex	Disease	0.0013333333333333333
myocarditis_lex	Disease	0.0033333333333333335
myocardium		0.004
myocet_lex	Chemical	0.0006666666666666666
myoclonia_lex	Disease	0.0006666666666666666
myoclonic		0.0006666666666666666
myoclonic_jerks_lex	Disease	0.0026666666666666666
myoclonic_movements_lex	Disease	0.0006666666666666666
myoclonic_status_lex	Disease	0.0006666666666666666
myoclonus_lex	Disease	0.004
myocyte		0.0006666666666666666
myocytes		0.0006666666666666666
myocytolytic		0.0006666666666666666
myofibre		0.0006666666666666666
myofilaments		0.0006666666666666666
myoglobinuria_lex	Disease	0.002
myoinositol1phosphate_lex	Chemical	0.0006666666666666666
myonecrosis_lex	Disease	0.0006666666666666666
myopathic_lex	Disease	0.0006666666666666666
myopathy_lex	Disease	0.007333333333333333
myopic		0.0006666666666666666
myosin		0.0006666666666666666
myositis_lex	Disease	0.002
myotonia_lex	Disease	0.0013333333333333333
myotonia_congenita_lex	Disease	0.0013333333333333333
myotonic_condition_lex	Disease	0.0006666666666666666
myotonic_dystrophy_lex	Disease	0.0006666666666666666
myxomatous_degeneration_lex	Disease	0.0006666666666666666
mz_lex	Chemical	0.0006666666666666666
n10propargyl58dideazafolic_acid_lex	Chemical	0.0006666666666666666
n2hydroxypropylmethacrylamide_lex	Chemical	0.0006666666666666666
n2propylpentanoylurea_lex	Chemical	0.0006666666666666666
n45nitro2furyl2thiazolylformamide_lex	Chemical	0.0006666666666666666
n6cyclopentyl_adenosine_lex	Chemical	0.0006666666666666666
n6cyclopentyladenosine_lex	Chemical	0.0006666666666666666
n_omercazole_lex	Chemical	0.0006666666666666666
na_lex	Chemical	0.0013333333333333333
nacetyl_serotonin_lex	Chemical	0.0006666666666666666
nacetylbetadglucosaminidase		0.0026666666666666666
nacetylbetaglucosaminidase		0.0006666666666666666
nacetylcysteine_lex	Chemical	0.0006666666666666666
nacetylglucosaminidase		0.0006666666666666666
nachrs		0.0006666666666666666
nacl_lex	Chemical	0.0013333333333333333
nad_lex	Chemical	0.0006666666666666666
nadh		0.0006666666666666666
nadhdehydrogenase		0.0006666666666666666
nadir		0.0006666666666666666
nadolol_lex	Chemical	0.0006666666666666666
nafcillin_lex	Chemical	0.0006666666666666666
nag		0.0013333333333333333
naloxazone_lex	Chemical	0.0006666666666666666
naloxone_lex	Chemical	0.008666666666666666
naming		0.0006666666666666666
nanoparticles		0.0006666666666666666
naoh_lex	Chemical	0.0006666666666666666
naphazoline_lex	Chemical	0.0006666666666666666
naproxen_lex	Chemical	0.0026666666666666666
naranjo		0.0013333333333333333
narcosis_lex	Disease	0.0006666666666666666
narcotic		0.0013333333333333333
narrowing		0.0006666666666666666
nasal cavity		0.0006666666666666666
nasal_hypoplasia_lex	Disease	0.0006666666666666666
nascis		0.0006666666666666666
nassa		0.0006666666666666666
nausea_lex	Disease	0.023333333333333334
nausea_vomiting_lex	Disease	0.0006666666666666666
nbc1		0.0006666666666666666
nbutyldeoxynojirimycin_lex	Chemical	0.0006666666666666666
ncse_lex	Disease	0.0006666666666666666
ndi_lex	Disease	0.0006666666666666666
ndnmba_lex	Chemical	0.0006666666666666666
ne_lex	Chemical	0.0013333333333333333
neca_lex	Chemical	0.0006666666666666666
neck		0.002
necrogenic		0.0006666666666666666
necropsy		0.0013333333333333333
necroses_lex	Disease	0.0006666666666666666
necrosis_lex	Disease	0.009333333333333334
necrotic_lex	Disease	0.0006666666666666666
necrotising_fasciitis_lex	Disease	0.0006666666666666666
necrotizing_enterocolitis_lex	Disease	0.0006666666666666666
necrotizing_glomerulonephritis		0.0006666666666666666
nefiracetam_lex	Chemical	0.0006666666666666666
negative		0.0006666666666666666
nelarabine_lex	Chemical	0.0013333333333333333
neoantigens		0.0006666666666666666
neocortex		0.0006666666666666666
neonatal		0.004666666666666667
neonatal_apnea_lex	Disease	0.0006666666666666666
neonate		0.0026666666666666666
neonates		0.004666666666666667
neoplasia_lex	Disease	0.0013333333333333333
neoplasms_lex	Disease	0.002
neoplastic		0.0006666666666666666
neostigmine_lex	Chemical	0.002
neovascularization		0.0006666666666666666
nephrectomized		0.0006666666666666666
nephrin		0.0013333333333333333
nephritis_lex	Disease	0.0006666666666666666
nephrogenic_di_lex	Disease	0.0006666666666666666
nephrogenic_diabetes_insipidus_lex	Disease	0.0026666666666666666
nephrolithiasis_lex	Disease	0.0026666666666666666
nephropathy_lex	Disease	0.014666666666666666
nephroprotectant		0.0006666666666666666
nephroprotective		0.0006666666666666666
nephrosclerosis_lex	Disease	0.0006666666666666666
nephrosis_lex	Disease	0.004
nephrostomy		0.0006666666666666666
nephrotic_lex	Disease	0.0026666666666666666
nephrotic_syndrome_lex	Disease	0.006666666666666667
nephrotic_syndromes_lex	Disease	0.0006666666666666666
nephrotoxic_lex	Disease	0.007333333333333333
nephrotoxicants		0.0006666666666666666
nephrotoxicity_lex	Disease	0.02666666666666667
nerve		0.002
nerves		0.0013333333333333333
nervous		0.0006666666666666666
nervousness		0.0006666666666666666
netilmicin_lex	Chemical	0.0006666666666666666
netilmicin_sulfate_lex	Chemical	0.0006666666666666666
neural		0.0006666666666666666
neuralgia_lex	Disease	0.0006666666666666666
neurobehavioral		0.0006666666666666666
neurobiological		0.0006666666666666666
neurobiology		0.0006666666666666666
neuroblastoma_lex	Disease	0.0013333333333333333
neurochemical		0.0026666666666666666
neurochemistry		0.0006666666666666666
neurocognitive		0.002
neurocognitive_defects_lex	Disease	0.0006666666666666666
neurodegeneration_lex	Disease	0.0013333333333333333
neurodegenerative_diseases_lex	Disease	0.0006666666666666666
neurodevelopment		0.0006666666666666666
neurodevelopmental		0.0006666666666666666
neurodevelopmental_disorder_lex	Disease	0.0006666666666666666
neuroendocrine		0.0013333333333333333
neurofilament		0.0013333333333333333
neurogenesis		0.0013333333333333333
neurogenic		0.0013333333333333333
neurogenic_diabetes_insipidus_lex	Disease	0.0006666666666666666
neurogenic_hyperalgesia_lex	Disease	0.0006666666666666666
neurohypophysis		0.0006666666666666666
neuroimage		0.0006666666666666666
neuroimaging		0.0013333333333333333
neuroinflammation_lex	Disease	0.002
neuroinflammatory_lex	Disease	0.0013333333333333333
neurointensivists		0.0006666666666666666
neuroleptic_lex	Chemical	0.004666666666666667
neuroleptic_drugs_lex	Chemical	0.0006666666666666666
neuroleptic_malignant_syndrome_lex	Disease	0.004666666666666667
neuroleptic_medications_lex	Chemical	0.0006666666666666666
neurolepticinduced		0.004
neurolepticlike		0.0006666666666666666
neuroleptics_lex	Chemical	0.002
neurologic		0.002
neurologic_complications_lex	Disease	0.0006666666666666666
neurologic_depression_lex	Disease	0.0006666666666666666
neurologic_deterioration_lex	Disease	0.0013333333333333333
neurologic_impairment_lex	Disease	0.0006666666666666666
neurologic_sequelae_lex	Disease	0.0006666666666666666
neurologic_toxicities_lex	Disease	0.0006666666666666666
neurologic_toxicity_lex	Disease	0.0006666666666666666
neurological		0.004666666666666667
neurological_abnormalities_lex	Disease	0.0006666666666666666
neurological_complications_lex	Disease	0.002
neurological_deficit_lex	Disease	0.0006666666666666666
neurological_deficits_lex	Disease	0.0013333333333333333
neurological_disorders_lex	Disease	0.0006666666666666666
neurological_disturbance_lex	Disease	0.0006666666666666666
neurological_dysfunctions_lex	Disease	0.0006666666666666666
neurological_sequelae_lex	Disease	0.0006666666666666666
neurological_toxicity_lex	Disease	0.0006666666666666666
neurologicallyimpaired_lex	Disease	0.0006666666666666666
neurologists		0.0006666666666666666
neurology		0.0006666666666666666
neurolysis		0.0006666666666666666
neuromuscular		0.002
neuromuscular_blockade_lex	Disease	0.002
neuromuscular_disease_lex	Disease	0.0006666666666666666
neuromuscular_dysfunction_lex	Disease	0.0006666666666666666
neuromuscular_junction		0.0006666666666666666
neuromuscular_transmission		0.0006666666666666666
neuron		0.0006666666666666666
neuronal		0.0013333333333333333
neuronal_cells		0.0006666666666666666
neuronal_damage_lex	Disease	0.002
neuronal_death_lex	Disease	0.0013333333333333333
neuronal_degeneration_lex	Disease	0.0006666666666666666
neuronal_dysfunction_lex	Disease	0.0006666666666666666
neuronal_injury_lex	Disease	0.0006666666666666666
neuronal_loss_lex	Disease	0.002
neuronal_systems		0.0006666666666666666
neurones		0.0006666666666666666
neurons		0.007333333333333333
neuroophthalmologic		0.0006666666666666666
neuropathic_damage_lex	Disease	0.0006666666666666666
neuropathic_pain_lex	Disease	0.0033333333333333335
neuropathic_symptoms_lex	Disease	0.0006666666666666666
neuropathological_damages_lex	Disease	0.0006666666666666666
neuropathy_lex	Disease	0.008666666666666666
neuropediatrician		0.0006666666666666666
neuropeptide		0.002
neuropeptidey		0.0006666666666666666
neuropharmacological		0.0013333333333333333
neurophysiological		0.0026666666666666666
neurophysiology		0.0006666666666666666
neuroplasticity		0.0013333333333333333
neuroprotection		0.0013333333333333333
neuroprotective		0.004
neuropsychiatric_symptoms_lex	Disease	0.0013333333333333333
neuropsychiatriclike_behaviors_lex	Disease	0.0006666666666666666
neuropsychological		0.0006666666666666666
neuroradiologic		0.0006666666666666666
neuroradiologists		0.0006666666666666666
neurosensorial_hearing_loss_lex	Disease	0.0006666666666666666
neurosteroids		0.0006666666666666666
neurosurgery		0.0006666666666666666
neurosurgical		0.0006666666666666666
neurotensin_lex	Chemical	0.0006666666666666666
neurotensin_type1_receptor_antagonist_lex	Chemical	0.0006666666666666666
neurotoxic_lex	Disease	0.007333333333333333
neurotoxicity_lex	Disease	0.021333333333333333
neurotoxin		0.0013333333333333333
neurotransmission		0.005333333333333333
neurotransmitter		0.0026666666666666666
neurotransmitter_dysfunction_lex	Disease	0.0006666666666666666
neurotransmitters		0.0026666666666666666
neurovascular		0.0006666666666666666
neutropenia_lex	Disease	0.013333333333333334
neutropenic_lex	Disease	0.0006666666666666666
neutrophil		0.0033333333333333335
nevirapine_lex	Chemical	0.0006666666666666666
newborn		0.0026666666666666666
newborns		0.0013333333333333333
nfh		0.0006666666666666666
nfkappab		0.002
nfm		0.0006666666666666666
ngal		0.0013333333333333333
ngf		0.002
ngkgmin		0.0006666666666666666
ngnitrolarginine_lex	Chemical	0.0006666666666666666
ngnitrolarginine_methyl_ester_lex	Chemical	0.0006666666666666666
nh4ac_lex	Chemical	0.0006666666666666666
nh4cl_lex	Chemical	0.0006666666666666666
nhe3		0.0006666666666666666
niacin_lex	Chemical	0.0006666666666666666
niacin_extendedrelease		0.0006666666666666666
niacinamide_lex	Chemical	0.0006666666666666666
nicardipine_lex	Chemical	0.0006666666666666666
nicergoline_lex	Chemical	0.0006666666666666666
nicorandil_lex	Chemical	0.0006666666666666666
nicotine_lex	Chemical	0.006
nicotinic		0.0013333333333333333
nicotinic_acid_amide_lex	Chemical	0.0006666666666666666
nifedipine_lex	Chemical	0.006
nifekalant_hydrochloride_lex	Chemical	0.0006666666666666666
nigerian		0.0006666666666666666
nightmares		0.0013333333333333333
nigral		0.0006666666666666666
nigrostriatal		0.0013333333333333333
nik247_lex	Chemical	0.0006666666666666666
nimesulide_lex	Chemical	0.0013333333333333333
nimodipine_lex	Chemical	0.0013333333333333333
nincds		0.0006666666666666666
nisoldipine_lex	Chemical	0.0006666666666666666
nisslstaining		0.0006666666666666666
nitrates_lex	Chemical	0.0006666666666666666
nitrazepam_lex	Chemical	0.0013333333333333333
nitrendipine_lex	Chemical	0.0013333333333333333
nitric_oxide_lex	Chemical	0.01
nitricoxide_lex	Chemical	0.0006666666666666666
nitrite_lex	Chemical	0.0013333333333333333
nitrofurantoins_lex	Chemical	0.0006666666666666666
nitroglycerin_lex	Chemical	0.005333333333333333
nitrogranulogen_lex	Chemical	0.0006666666666666666
nitrolarginine_methyl_ester_lex	Chemical	0.0006666666666666666
nitrolingual_lex	Chemical	0.0006666666666666666
nitroprusside_lex	Chemical	0.0033333333333333335
nitrotyrosine_lex	Chemical	0.0006666666666666666
nitrous_oxide_lex	Chemical	0.002
nkcc2		0.0006666666666666666
nm		0.0006666666666666666
nmbas		0.0006666666666666666
nmda_lex	Chemical	0.0026666666666666666
nmda receptor		0.0006666666666666666
nmdars		0.0006666666666666666
nmethyldaspartate_lex	Chemical	0.008
nmethyldaspartic_acid_lex	Chemical	0.0013333333333333333
nmethylnnitrosourea_lex	Chemical	0.0006666666666666666
nmoll		0.0006666666666666666
nmp		0.0006666666666666666
nmri		0.0006666666666666666
nms_lex	Disease	0.0006666666666666666
nndibenzhydrylethane12diamine_dihydrochloride_lex	Chemical	0.0006666666666666666
nnitrolargininemethyl_ester_lex	Chemical	0.0006666666666666666
nnitrosonmethylurea_lex	Chemical	0.0006666666666666666
nnos		0.0006666666666666666
no_lex	Chemical	0.0006666666666666666
nociception		0.0026666666666666666
nociceptive		0.0026666666666666666
nociceptive_muscle_lex	Disease	0.0006666666666666666
nocistatin_lex	Chemical	0.0006666666666666666
nocturia_lex	Disease	0.0006666666666666666
nocturnal_leg_cramps_lex	Disease	0.0006666666666666666
nodal		0.0006666666666666666
node		0.0006666666666666666
nodule		0.0006666666666666666
nodules		0.0013333333333333333
noel		0.0006666666666666666
nomifensine_lex	Chemical	0.0006666666666666666
nonalcoholic		0.0006666666666666666
nonalcoholic_fatty_liver_disease_lex	Disease	0.0006666666666666666
nonaspirin		0.0006666666666666666
noncardiac		0.0006666666666666666
noncastrated		0.0006666666666666666
noncompetitive nmethyldaspartate		0.0006666666666666666
noncompliance		0.0013333333333333333
nonconvulsant		0.0006666666666666666
nonconvulsive		0.0006666666666666666
nonconvulsive_status_epilepticus_lex	Disease	0.0006666666666666666
nondepolarizing_neuromuscular_blocking_agents_lex	Chemical	0.0006666666666666666
nondopaminergic		0.0013333333333333333
nondrinking		0.0006666666666666666
nonepileptic		0.0006666666666666666
nonhematologic		0.0006666666666666666
nonhematological		0.0006666666666666666
nonhemorrhagic		0.0006666666666666666
nonhodgkin_lymphoma_lex	Disease	0.0006666666666666666
nonhodgkins_lymphoma_lex	Disease	0.0013333333333333333
nonhuman		0.0006666666666666666
nonimmune		0.0006666666666666666
nonimmunologic		0.0006666666666666666
noninnervated		0.0006666666666666666
noninsulindependent_diabetes_mellitus_lex	Disease	0.0006666666666666666
nonionic		0.0013333333333333333
nonketotic_hyperglycinemia_lex	Disease	0.0006666666666666666
nonlactating		0.0006666666666666666
nonnarcotic		0.0006666666666666666
nonoliguric		0.0006666666666666666
nonopaque		0.0006666666666666666
nonpregnant		0.0006666666666666666
nonreactive		0.0006666666666666666
nonselective		0.0013333333333333333
nonsmall_cell_lung_cancer_lex	Disease	0.002
nonsmall_cell_lung_carcinoma_lex	Disease	0.0013333333333333333
nonsmallcell_lung_cancer_lex	Disease	0.0006666666666666666
nonsteroidal		0.0013333333333333333
nonsteroidal_antiinflammatory_drugs_lex	Chemical	0.0013333333333333333
nontransgenic		0.0006666666666666666
nontraumatic		0.0006666666666666666
nontxg		0.0006666666666666666
nonulcerous		0.0006666666666666666
nonusers		0.0006666666666666666
noradrenaline_lex	Chemical	0.005333333333333333
noradrenergic		0.0033333333333333335
norepinephrine_lex	Chemical	0.011333333333333334
norethisterone_lex	Chemical	0.0006666666666666666
norfloxacin_lex	Chemical	0.0006666666666666666
norleucine_lex	Chemical	0.0006666666666666666
normal		0.0013333333333333333
normalization		0.0026666666666666666
normalsalt		0.0006666666666666666
normetanephrine_lex	Chemical	0.0006666666666666666
normoalbuminuria		0.0006666666666666666
normoammonaemic		0.0006666666666666666
normoammonemic		0.0006666666666666666
normocalcemic		0.0006666666666666666
normocarbia		0.0006666666666666666
normochromic		0.0006666666666666666
normocytic		0.0006666666666666666
normotension		0.0013333333333333333
normotensive		0.004
norms		0.0006666666666666666
norpethidine_lex	Chemical	0.0013333333333333333
nortriptyline_lex	Chemical	0.0006666666666666666
norvaline_lex	Chemical	0.0006666666666666666
nos		0.0013333333333333333
novel_word_learning		0.0006666666666666666
novelty		0.0006666666666666666
noveltysuppressed		0.0006666666666666666
nox		0.0006666666666666666
noxious		0.0006666666666666666
np		0.0006666666666666666
nphenylimide		0.0006666666666666666
npy		0.0006666666666666666
npyrimidinyl2phenoxyacetamides_lex	Chemical	0.0006666666666666666
nra0160_lex	Chemical	0.0006666666666666666
nrf2		0.0006666666666666666
nsaid_lex	Chemical	0.002
nsaids_lex	Chemical	0.0026666666666666666
nsclc_lex	Disease	0.002
nsvt_lex	Disease	0.0006666666666666666
nte		0.0006666666666666666
nterminal_pro_brain_natriuretic_peptide_lex	Chemical	0.0006666666666666666
ntprobnp_lex	Chemical	0.0006666666666666666
ntrans3hydroxy1234tetrahydro2naphthyln3oxo3phenyl2methylpropylpiperazine_hydrochloride_lex	Chemical	0.0006666666666666666
nuclear		0.0006666666666666666
nucleation		0.0006666666666666666
nuclei		0.0006666666666666666
nucleolus		0.0006666666666666666
nucleoside_lex	Chemical	0.0006666666666666666
nucleosides_lex	Chemical	0.0006666666666666666
nucleus		0.0033333333333333335
nulliparous		0.0006666666666666666
number		0.0006666666666666666
numbness_lex	Disease	0.0006666666666666666
nurse		0.0006666666666666666
nursing		0.0006666666666666666
nutritional_deficiency_lex	Disease	0.0013333333333333333
nvp_lex	Chemical	0.0006666666666666666
nyha		0.0006666666666666666
nystagmus_lex	Disease	0.0013333333333333333
oab_lex	Disease	0.0006666666666666666
oac		0.0006666666666666666
oat		0.0006666666666666666
obese_lex	Disease	0.0013333333333333333
obesity_lex	Disease	0.0006666666666666666
objective		0.0006666666666666666
observational		0.0006666666666666666
observers		0.0006666666666666666
obsessive_compulsive_disorder_lex	Disease	0.0013333333333333333
obsessivecompulsive_behavior_lex	Disease	0.0006666666666666666
obsessivecompulsive_disorder_lex	Disease	0.0013333333333333333
obsessivecompulsive_symptoms_lex	Disease	0.0006666666666666666
obsessivecompulsivelike_behaviors_lex	Disease	0.0006666666666666666
obstetric		0.0006666666666666666
obstruction		0.0013333333333333333
obstructive		0.0006666666666666666
obstructive_lung_disease_lex	Disease	0.0006666666666666666
obstructive_sleep_apnea_syndrome_lex	Disease	0.0006666666666666666
obstructive_uropathy_lex	Disease	0.0006666666666666666
obtundation		0.0006666666666666666
occipital		0.0006666666666666666
occlusion		0.0006666666666666666
occlusion_of_renal_vessels_lex	Disease	0.0006666666666666666
occlusion_of_the_left_internal_carotid_artery_lex	Disease	0.0006666666666666666
occlusive		0.0006666666666666666
occurrence		0.0006666666666666666
octapeptides		0.0006666666666666666
octogenarian		0.0006666666666666666
octreotide_lex	Chemical	0.002
ocular		0.0026666666666666666
ocular_dyskinesias_lex	Disease	0.0006666666666666666
ocular_hypertension_lex	Disease	0.0026666666666666666
ocular_motility		0.0006666666666666666
ocular_myasthenia_lex	Disease	0.0006666666666666666
ocular_pain_lex	Disease	0.0006666666666666666
ocular_toxicity_lex	Disease	0.0013333333333333333
ocularspecific		0.0006666666666666666
oculomotor		0.0006666666666666666
odds		0.0006666666666666666
oedema_lex	Disease	0.002
oestrogen_lex	Chemical	0.0006666666666666666
oestrogens_lex	Chemical	0.0013333333333333333
offperiod		0.0013333333333333333
offperiods		0.0006666666666666666
offspring		0.002
ofloxacin_lex	Chemical	0.0006666666666666666
oil		0.0006666666666666666
olanzapine_lex	Chemical	0.004666666666666667
oleic_acid_lex	Chemical	0.0006666666666666666
olfactory_disorder_lex	Disease	0.0006666666666666666
oligodendrocytes		0.0006666666666666666
oligomenorrhea_lex	Disease	0.0006666666666666666
oliguria_lex	Disease	0.002
oliguric		0.0013333333333333333
oltx		0.0006666666666666666
omegai131heptadecanoic_acid_lex	Chemical	0.0006666666666666666
omeprazole_lex	Chemical	0.0013333333333333333
omethylation		0.0006666666666666666
oncedaily		0.0006666666666666666
oncological		0.0006666666666666666
oncologists		0.0006666666666666666
oncology		0.002
ondansetron_lex	Chemical	0.0006666666666666666
onoff		0.0006666666666666666
onperiod		0.0006666666666666666
onset		0.004
onychomycosis_lex	Disease	0.0006666666666666666
op_compound_lex	Chemical	0.0006666666666666666
open		0.0006666666666666666
openchest		0.0006666666666666666
openlabel		0.002
ophthalmic		0.0013333333333333333
ophthalmologic		0.0006666666666666666
ophthalmologists		0.0006666666666666666
ophthalmology		0.0006666666666666666
opiate		0.0013333333333333333
opiates		0.0013333333333333333
opioid		0.008666666666666666
opioid_addiction_lex	Disease	0.0006666666666666666
opioid_addicts_lex	Disease	0.0006666666666666666
opioidagonists		0.0006666666666666666
opioidreceptors		0.0006666666666666666
opioids		0.0026666666666666666
opistothonus		0.0006666666666666666
opponent		0.0006666666666666666
opportunistic_infection_lex	Disease	0.0006666666666666666
opportunistic_infections_lex	Disease	0.0006666666666666666
opposition		0.0006666666666666666
optic		0.0013333333333333333
optic_atrophy_lex	Disease	0.0013333333333333333
optic_disc_edema_lex	Disease	0.0006666666666666666
optic_nerve_hypoplasia_lex	Disease	0.0006666666666666666
optic_nerve_toxicity_lex	Disease	0.0006666666666666666
optic_neuropathy_lex	Disease	0.004666666666666667
options		0.0006666666666666666
optochiasmatic		0.0006666666666666666
oral		0.014
oral cavity		0.0006666666666666666
oral_candidiasis_lex	Disease	0.0006666666666666666
oral_contraceptives_lex	Chemical	0.005333333333333333
oral_dyskinesia_lex	Disease	0.0006666666666666666
oral_stereotypies_lex	Disease	0.0006666666666666666
oral_ulcers_lex	Disease	0.0006666666666666666
orally		0.004
orciprenaline_lex	Chemical	0.0006666666666666666
organ		0.002
organelles		0.0006666666666666666
organic_mental_disorder_lex	Disease	0.0013333333333333333
organic_mental_disorders_lex	Disease	0.0006666666666666666
organic_personality_syndrome_lex	Disease	0.0006666666666666666
organic_psychotic_lex	Disease	0.0006666666666666666
organism		0.0006666666666666666
organochloride		0.0006666666666666666
organogenesis		0.002
organophosphate_lex	Chemical	0.002
organophosphorus_lex	Chemical	0.0013333333333333333
organophosphorus_op_poisons_lex	Chemical	0.0006666666666666666
orgasm		0.0006666666666666666
orgasmic		0.0006666666666666666
origin		0.0006666666666666666
orl1		0.0006666666666666666
orofacial_dyskinesia_lex	Disease	0.0013333333333333333
oromandibular_dystonia_lex	Disease	0.0006666666666666666
oropharyngeal		0.0013333333333333333
oropharynx		0.0013333333333333333
orr		0.0006666666666666666
orthopedic		0.0006666666666666666
orthostatic_hypotension_lex	Disease	0.0026666666666666666
orthotopic		0.0006666666666666666
oscillations		0.0006666666666666666
oscillopsia_lex	Disease	0.0006666666666666666
osmolality		0.0013333333333333333
osmolarity		0.0013333333333333333
osteoarthritis_lex	Disease	0.0013333333333333333
osteoid		0.0006666666666666666
osteomyelitis_lex	Disease	0.0006666666666666666
osteopenia_lex	Disease	0.0006666666666666666
osteoporosis_lex	Disease	0.004666666666666667
otological		0.0006666666666666666
otoprotectant		0.0006666666666666666
ototoxic_lex	Disease	0.0013333333333333333
ototoxicity_lex	Disease	0.006
ouabain_lex	Chemical	0.005333333333333333
outbreak		0.0006666666666666666
outcome		0.005333333333333333
outcomes		0.0006666666666666666
outpatient		0.002
outpatients		0.0033333333333333335
output		0.0013333333333333333
outward		0.0006666666666666666
ovarian_cancer_lex	Disease	0.004666666666666667
ovarian_failure_lex	Disease	0.0006666666666666666
ovariectomized		0.0033333333333333335
ovariectomy		0.0006666666666666666
overactivation		0.0006666666666666666
overactive_bladder_lex	Disease	0.0013333333333333333
overdosage_lex	Disease	0.0006666666666666666
overdosages_lex	Disease	0.0006666666666666666
overdose_lex	Disease	0.011333333333333334
overdoses		0.0006666666666666666
overflow		0.0006666666666666666
overgrowth		0.0006666666666666666
overimmunosuppression		0.0006666666666666666
overload		0.0006666666666666666
overnight		0.0006666666666666666
overstimulation		0.0006666666666666666
ovex		0.0006666666666666666
ovid		0.0006666666666666666
ovulation		0.0006666666666666666
oxacillin_lex	Chemical	0.0013333333333333333
oxazaphosphorine		0.0006666666666666666
oxazepam_lex	Chemical	0.0006666666666666666
oxazolidine_lex	Chemical	0.0006666666666666666
oxc_lex	Chemical	0.0006666666666666666
oxcarbazepine_lex	Chemical	0.0013333333333333333
oxidant		0.0006666666666666666
oxidation		0.0013333333333333333
oxidative_damage		0.0006666666666666666
oxidativenitrosative		0.0006666666666666666
oxidized		0.0006666666666666666
oxitropium_bromide_lex	Chemical	0.0006666666666666666
oxprenolol_lex	Chemical	0.0006666666666666666
oxycodone_lex	Chemical	0.0006666666666666666
oxygen_lex	Chemical	0.005333333333333333
oxygenation		0.0006666666666666666
oxyhemoglobin		0.0006666666666666666
oxypurines_lex	Chemical	0.0006666666666666666
oxytocics		0.0006666666666666666
oxytocin_lex	Chemical	0.0026666666666666666
ozone_lex	Chemical	0.0006666666666666666
p_lex	Chemical	0.0006666666666666666
p11_lex	Chemical	0.0006666666666666666
p120t		0.0006666666666666666
p300		0.0006666666666666666
p450		0.0006666666666666666
p53		0.002
p75ntr		0.0006666666666666666
p9201		0.0006666666666666666
p9605		0.0006666666666666666
pac_lex	Chemical	0.0006666666666666666
paced		0.0006666666666666666
pacemaker		0.0013333333333333333
pacemakers		0.0006666666666666666
pacing		0.0013333333333333333
paclitaxel_lex	Chemical	0.008666666666666666
paco2		0.0006666666666666666
pad		0.0006666666666666666
paediatric		0.0013333333333333333
paf		0.0006666666666666666
pah_lex	Chemical	0.0006666666666666666
pai1		0.0006666666666666666
pain_lex	Disease	0.02266666666666667
pain_in_the_legs_andor_back_lex	Disease	0.0006666666666666666
painful_muscle_lex	Disease	0.0006666666666666666
pains_lex	Disease	0.0006666666666666666
pairfed		0.0006666666666666666
palliation		0.0006666666666666666
pallidothalamocortical		0.0006666666666666666
pallidotomy		0.0026666666666666666
palmoplantar_pustulosis_lex	Disease	0.0006666666666666666
palpable		0.0006666666666666666
palpation		0.0006666666666666666
palpebral_twitching_lex	Disease	0.0006666666666666666
palpitation_lex	Disease	0.0006666666666666666
palpitations_lex	Disease	0.002
palsy_lex	Disease	0.0006666666666666666
pamidronate_lex	Chemical	0.0013333333333333333
paminohippuric_acid_lex	Chemical	0.0006666666666666666
paminophenol_lex	Chemical	0.0006666666666666666
pampk		0.0006666666666666666
pan_lex	Chemical	0.0033333333333333335
panca		0.0006666666666666666
pancapositive		0.0006666666666666666
pancreaticobiliary		0.0006666666666666666
pancreatitis_lex	Disease	0.0006666666666666666
pancuronium_lex	Chemical	0.0006666666666666666
pancytopenia_lex	Disease	0.0006666666666666666
panic_attack_lex	Disease	0.0006666666666666666
panic_attacks_lex	Disease	0.0013333333333333333
panic_disorder_lex	Disease	0.002
panic_disorders_lex	Disease	0.0006666666666666666
panss		0.0006666666666666666
pantoprazole_lex	Chemical	0.0006666666666666666
pao2		0.0006666666666666666
papaverine_lex	Chemical	0.0006666666666666666
papaverine_hydrochloride_lex	Chemical	0.0006666666666666666
papilla		0.0006666666666666666
papillary_necrosis_lex	Disease	0.0006666666666666666
papilledema_lex	Disease	0.002
papilloma		0.0006666666666666666
papillomas_lex	Disease	0.0013333333333333333
papular_rosacea_lex	Disease	0.0006666666666666666
paraaminohippurate_lex	Chemical	0.0006666666666666666
paracetamol_lex	Chemical	0.006666666666666667
parachlorophenylalanine_lex	Chemical	0.0006666666666666666
paradoxically		0.0006666666666666666
paraesthesia_lex	Disease	0.0006666666666666666
parahippocampal		0.0006666666666666666
paralleled		0.0006666666666666666
parallelgroups		0.0006666666666666666
paralysis_lex	Disease	0.0026666666666666666
paramedic		0.0006666666666666666
parameningeal		0.0006666666666666666
parameters		0.0006666666666666666
paramethasone_lex	Chemical	0.0006666666666666666
paranoia_lex	Disease	0.002
paranoid_type_schizophrenia_lex	Disease	0.0006666666666666666
paraplegia_lex	Disease	0.0006666666666666666
parasomnias_lex	Disease	0.0006666666666666666
parasympathetic		0.0006666666666666666
parathyroid		0.0013333333333333333
paraventricular		0.0006666666666666666
parenchymal		0.0006666666666666666
parenteral		0.002
paresthesia_lex	Disease	0.0013333333333333333
paresthesias_lex	Disease	0.002
parietal		0.0006666666666666666
parkinson_disability_lex	Disease	0.0006666666666666666
parkinson_disease_lex	Disease	0.0006666666666666666
parkinsonian_lex	Disease	0.007333333333333333
parkinsonian_disability_lex	Disease	0.0006666666666666666
parkinsonian_symptoms_lex	Disease	0.0013333333333333333
parkinsonism_lex	Disease	0.007333333333333333
parkinsons_disease_lex	Disease	0.023333333333333334
parotid gland		0.0006666666666666666
parotiditis_lex	Disease	0.0006666666666666666
paroxetine_lex	Chemical	0.004666666666666667
paroxysmal		0.0006666666666666666
parp		0.0006666666666666666
parp1		0.0006666666666666666
pars_reticulata		0.0006666666666666666
partial		0.0026666666666666666
partial hepatectomy		0.0006666666666666666
partial_loss_of_quadriceps_functions_lex	Disease	0.0006666666666666666
participant		0.0006666666666666666
participants		0.0006666666666666666
parturients		0.0006666666666666666
parvalbumin		0.0006666666666666666
pas_lex	Disease	0.0006666666666666666
patency		0.0013333333333333333
patent_ductus_arteriosus_lex	Disease	0.0006666666666666666
patent_foramen_ovale_lex	Disease	0.0006666666666666666
pathogen		0.0006666666666666666
pathogenesis		0.012
pathogenetic		0.002
pathogenic		0.0006666666666666666
pathogens		0.0006666666666666666
pathognomonic		0.0006666666666666666
pathologic		0.002
pathologic complete responses		0.0006666666666666666
pathological		0.0013333333333333333
pathologies		0.0006666666666666666
pathology		0.0033333333333333335
pathomechanism		0.0006666666666666666
pathophysiologic		0.002
pathophysiological		0.0013333333333333333
pathophysiology		0.007333333333333333
pathway		0.002
pathways		0.0033333333333333335
patient		0.034
patientcontrolled		0.0006666666666666666
patients		0.09133333333333334
patientyears		0.002
pattern		0.0006666666666666666
patterns		0.0006666666666666666
pauciatricular		0.0006666666666666666
pauses		0.0006666666666666666
paws		0.0006666666666666666
payment		0.0006666666666666666
pb_lex	Chemical	0.0006666666666666666
pb_poisoning_lex	Disease	0.0006666666666666666
pbsct		0.0006666666666666666
pbto2		0.0006666666666666666
pca		0.0006666666666666666
pcc_lex	Chemical	0.0006666666666666666
pchlorophenylalamine_lex	Chemical	0.0006666666666666666
pci		0.0006666666666666666
pcna		0.0013333333333333333
pco2		0.0013333333333333333
pcos_lex	Disease	0.0006666666666666666
pcoumaric_acid_lex	Chemical	0.0006666666666666666
pcp_lex	Disease	0.0006666666666666666
pcpa_lex	Chemical	0.0006666666666666666
pcr		0.0013333333333333333
pcrrflp		0.0006666666666666666
pd_lex	Disease	0.0006666666666666666
pdn_lex	Chemical	0.0006666666666666666
pdtc_lex	Chemical	0.0006666666666666666
peak		0.0033333333333333335
peakdose		0.002
pediatric		0.006
pegasparaginase_lex	Chemical	0.0006666666666666666
pegylated_interferon_lex	Chemical	0.0013333333333333333
pegylated_interferon_alpha2b_lex	Chemical	0.0006666666666666666
pegylated_interferon_alpha_2a_lex	Chemical	0.0006666666666666666
pegylated_interferon_ifn_alpha2b_lex	Chemical	0.0006666666666666666
peld		0.0006666666666666666
peliosis_lex	Disease	0.0006666666666666666
pellet		0.0006666666666666666
pelvic		0.0006666666666666666
pelvic_pain_lex	Disease	0.0006666666666666666
pelvic_tumor_lex	Disease	0.0006666666666666666
pemoline_lex	Chemical	0.0006666666666666666
penicillamine_lex	Chemical	0.0033333333333333335
penicillin_lex	Chemical	0.004
penicillins_lex	Chemical	0.002
penile		0.0006666666666666666
penile_erection_lex	Disease	0.0006666666666666666
penile_pain_lex	Disease	0.0006666666666666666
penis		0.0006666666666666666
pentameric		0.0006666666666666666
pentamidine_lex	Chemical	0.0006666666666666666
pentamidine_isethionate_lex	Chemical	0.0006666666666666666
pentazocine_lex	Chemical	0.0013333333333333333
pentetrazol_lex	Chemical	0.0006666666666666666
pentobarbital_lex	Chemical	0.004
pentoxifylline_lex	Chemical	0.0006666666666666666
pentylenetetrazol_lex	Chemical	0.0013333333333333333
pentylenetetrazole_lex	Chemical	0.0026666666666666666
pentylenetrazol		0.0006666666666666666
peptic		0.0006666666666666666
peptic_ulcer_disease_lex	Disease	0.0013333333333333333
peptide		0.0006666666666666666
peptidergic		0.0006666666666666666
peptides		0.0006666666666666666
percentage		0.0006666666666666666
perception		0.0006666666666666666
performance		0.0006666666666666666
perfused		0.0006666666666666666
perfusion		0.002
perfusioncultured		0.0006666666666666666
pergolide_lex	Chemical	0.0013333333333333333
pergs		0.0006666666666666666
perhexiline_maleate_lex	Chemical	0.0006666666666666666
pericardial		0.0006666666666666666
pericarditis_lex	Disease	0.0006666666666666666
periconception		0.0006666666666666666
perimenopausal		0.0013333333333333333
perimysial		0.0006666666666666666
perinatal		0.0013333333333333333
perinuclearstaining		0.0006666666666666666
periocular_dermatitis_lex	Disease	0.0006666666666666666
period		0.002
periodic		0.0006666666666666666
periods		0.0006666666666666666
perioperative		0.0033333333333333335
perioral_dermatitis_lex	Disease	0.0006666666666666666
peripartal		0.0006666666666666666
peripheral		0.004
peripheral_nerve_disease_lex	Disease	0.0006666666666666666
peripheral_nerve_toxicity_lex	Disease	0.0006666666666666666
peripheral_nervous_system		0.0006666666666666666
peripheral_neuropathy_lex	Disease	0.01
peripheral_neurotoxicity_lex	Disease	0.002
peripheral_sensory_neuropathy_lex	Disease	0.0006666666666666666
peripheral_vascular_disease_lex	Disease	0.0006666666666666666
periportal		0.0006666666666666666
periprocedural		0.0006666666666666666
periventricular_leukomalacia_lex	Disease	0.0006666666666666666
permanent_disability_lex	Disease	0.0006666666666666666
permeability		0.0026666666666666666
peroxidation		0.0013333333333333333
peroxisomes		0.0006666666666666666
perseveration		0.0006666666666666666
persistent		0.0006666666666666666
personality_disorder_lex	Disease	0.0006666666666666666
personyears		0.0006666666666666666
pertussis_lex	Disease	0.0006666666666666666
pesticide		0.002
petechiae_lex	Disease	0.0006666666666666666
pethidine_lex	Chemical	0.0013333333333333333
petrous		0.0006666666666666666
pfs		0.0006666666666666666
pg9_lex	Chemical	0.0006666666666666666
pge2_lex	Chemical	0.002
pgf2_alpha_lex	Chemical	0.0006666666666666666
pgf2alpha_lex	Chemical	0.0006666666666666666
pgi2_lex	Chemical	0.0006666666666666666
pglycoprotein		0.0006666666666666666
pgml		0.0006666666666666666
pgs_lex	Chemical	0.0013333333333333333
ph		0.004
phacoemulsification		0.0006666666666666666
phagocytosis		0.0006666666666666666
phap		0.0006666666666666666
pharmaceutical		0.0006666666666666666
pharmaceuticals		0.0006666666666666666
pharmacists		0.0006666666666666666
pharmacodynamic		0.0013333333333333333
pharmacodynamics		0.0033333333333333335
pharmacokinetic		0.004
pharmacokineticdynamic		0.0006666666666666666
pharmacokineticpharmacodynamic		0.0006666666666666666
pharmacokinetics		0.008
pharmacologic		0.002
pharmacological		0.005333333333333333
pharmacology		0.004666666666666667
pharmacon		0.0006666666666666666
pharmacotherapeutic		0.0006666666666666666
pharmacotherapies		0.0006666666666666666
pharmacotherapy		0.0006666666666666666
pharmacovigilance		0.0013333333333333333
pharyngitis_lex	Disease	0.0006666666666666666
phase		0.004
phase iii		0.0006666666666666666
phasic		0.0006666666666666666
phe_lex	Chemical	0.0006666666666666666
phenacetin_lex	Chemical	0.0013333333333333333
phenanthridinone		0.0006666666666666666
phencyclidine_lex	Chemical	0.0013333333333333333
phenobarbital_lex	Chemical	0.005333333333333333
phenobarbitone_lex	Chemical	0.0013333333333333333
phenol_lex	Chemical	0.0006666666666666666
phenols_lex	Chemical	0.0006666666666666666
phenomena		0.0006666666666666666
phenomenon		0.0006666666666666666
phenothiazines_lex	Chemical	0.0013333333333333333
phenotype		0.0013333333333333333
phenotypes		0.0006666666666666666
phentolamine_lex	Chemical	0.002
phenylacetic_acid_lex	Chemical	0.0006666666666666666
phenylalanine_lex	Chemical	0.0006666666666666666
phenylbutazone_lex	Chemical	0.0006666666666666666
phenylephrine_lex	Chemical	0.006666666666666667
phenylhydrazine_lex	Chemical	0.0006666666666666666
phenylpropanolamine_lex	Chemical	0.0026666666666666666
phenytoin_lex	Chemical	0.005333333333333333
phenytoin_sodium_lex	Chemical	0.0006666666666666666
pheochromocytoma_lex	Disease	0.0006666666666666666
philadelphia_chromosome_lex	Disease	0.0006666666666666666
phlebitis_lex	Disease	0.0013333333333333333
phlorizin_lex	Chemical	0.0006666666666666666
phno_lex	Chemical	0.0006666666666666666
phonic		0.0006666666666666666
phonological		0.0006666666666666666
phonophobia_lex	Disease	0.0006666666666666666
phosphatase		0.0006666666666666666
phosphate_lex	Chemical	0.002
phosphatidylserine_lex	Chemical	0.0006666666666666666
phosphodiesterase		0.0006666666666666666
phospholipid		0.0013333333333333333
phosphorylation		0.0013333333333333333
phosphorylcreatine_lex	Chemical	0.0006666666666666666
photodermatitis_lex	Disease	0.0006666666666666666
photodistributed		0.0006666666666666666
photon		0.0006666666666666666
photophobia_lex	Disease	0.0013333333333333333
photorefractive		0.0006666666666666666
photosensitivity		0.0006666666666666666
physician		0.0013333333333333333
physicians		0.007333333333333333
physiologic		0.0006666666666666666
physostigmine_lex	Chemical	0.0026666666666666666
phytomitogen		0.0006666666666666666
phz_lex	Chemical	0.0006666666666666666
pial		0.0006666666666666666
picloxydine_lex	Chemical	0.0006666666666666666
picrotoxin_lex	Chemical	0.004666666666666667
picture		0.0006666666666666666
pigmentary_retinal_deposits_lex	Disease	0.0006666666666666666
pigs		0.0006666666666666666
pills		0.0013333333333333333
pilocarpine_lex	Chemical	0.019333333333333334
pilocarpine_nitrate_lex	Chemical	0.0006666666666666666
piloerection		0.0006666666666666666
pilsicainide_lex	Chemical	0.0006666666666666666
pimecrolimus_lex	Chemical	0.0006666666666666666
pimozide_lex	Chemical	0.0006666666666666666
pinacidil_lex	Chemical	0.0006666666666666666
pindolol_lex	Chemical	0.0013333333333333333
pineal		0.0006666666666666666
pinealectomized		0.0006666666666666666
pinprick		0.0006666666666666666
piperacillin_lex	Chemical	0.0006666666666666666
piperacillin_sodium_lex	Chemical	0.0006666666666666666
piperacillintazobactam_lex	Chemical	0.0006666666666666666
piperazine_lex	Chemical	0.0006666666666666666
piracetam_lex	Chemical	0.0006666666666666666
pirarubicin_lex	Chemical	0.0006666666666666666
pirenzepine_lex	Chemical	0.0013333333333333333
piroxicam_lex	Chemical	0.0013333333333333333
pituitaries		0.0013333333333333333
pituitary		0.0013333333333333333
pituitary_tumors_lex	Disease	0.0026666666666666666
pj34_lex	Chemical	0.0006666666666666666
pkc		0.0006666666666666666
pkcalpha		0.0006666666666666666
placebo		0.025333333333333333
placebocontrolled		0.012
plasma		0.03866666666666667
plasmacytoma_lex	Disease	0.0006666666666666666
plasmapheresis		0.0013333333333333333
plasminogen		0.0013333333333333333
plasticity		0.0006666666666666666
platelet		0.005333333333333333
platelet_aggregation_lex	Disease	0.0033333333333333335
platelet_count		0.0006666666666666666
platelets		0.0033333333333333335
platform		0.0006666666666666666
platinum_lex	Chemical	0.0013333333333333333
platypneaorthodeoxia_lex	Disease	0.0006666666666666666
pleiotropic		0.0006666666666666666
plekhh2		0.0006666666666666666
pleural_effusion_lex	Disease	0.0006666666666666666
pleural_effusions_lex	Disease	0.0006666666666666666
plusmaze		0.0006666666666666666
pm25		0.0006666666666666666
pma		0.0006666666666666666
pmol		0.0006666666666666666
pneumatic		0.0006666666666666666
pneumocystis_carinii_pneumonia_lex	Disease	0.0006666666666666666
pneumocystis_pneumonia_lex	Disease	0.0006666666666666666
pneumonia_lex	Disease	0.0026666666666666666
pneumonitis_lex	Disease	0.0026666666666666666
pneumotachograph		0.0006666666666666666
po		0.0033333333333333335
po2_lex	Chemical	0.0013333333333333333
podocalyxin		0.0006666666666666666
podocin		0.0006666666666666666
podocyte		0.002
podocyte injury		0.0006666666666666666
podocytes		0.0013333333333333333
poisoning_lex	Disease	0.0006666666666666666
policy		0.0006666666666666666
pollakisuria_lex	Disease	0.0006666666666666666
polyarteritis_nodosa_lex	Disease	0.0006666666666666666
polyarthralgia_lex	Disease	0.0006666666666666666
polychemotherapy		0.0013333333333333333
polycystic_ovary_syndrome_lex	Disease	0.0006666666666666666
polycythemia_lex	Disease	0.0006666666666666666
polydipsia_lex	Disease	0.0026666666666666666
polydrug		0.002
polyethylene_glycol_lex	Chemical	0.0006666666666666666
polyethylene_glycolasparaginase_lex	Chemical	0.0006666666666666666
polyglutamates		0.0006666666666666666
polyllactid_acid_lex	Chemical	0.0006666666666666666
polymer		0.0006666666666666666
polymorphisms		0.0013333333333333333
polymyositis_lex	Disease	0.002
polyneuropathy_lex	Disease	0.0033333333333333335
polyphagia_lex	Disease	0.0006666666666666666
polyphenol_lex	Chemical	0.0006666666666666666
polysomnographic		0.0006666666666666666
polytherapy		0.0006666666666666666
polyuria_lex	Disease	0.006666666666666667
polyuric_lex	Disease	0.0006666666666666666
pons		0.0006666666666666666
pontine		0.0013333333333333333
population		0.005333333333333333
populationbased		0.0006666666666666666
portal		0.0006666666666666666
portal_hypertension_lex	Disease	0.0006666666666666666
posaconazole_lex	Chemical	0.0006666666666666666
positive		0.0006666666666666666
possible		0.0006666666666666666
post		0.0006666666666666666
postalcoholic		0.0006666666666666666
postcibal		0.0006666666666666666
postdose		0.0006666666666666666
posterior		0.0013333333333333333
posterior_leukoencephalopathy_lex	Disease	0.0006666666666666666
posterior_reversible_encephalopathy_syndrome_lex	Disease	0.0006666666666666666
postexposure		0.0006666666666666666
postherpetic_neuralgia_lex	Disease	0.0006666666666666666
postinfarction		0.0006666666666666666
postlesion		0.0006666666666666666
postlt		0.0006666666666666666
postmarketing		0.0006666666666666666
postmenopausal		0.004666666666666667
postmortem		0.0013333333333333333
postoperative		0.015333333333333332
postoperative_complication_lex	Disease	0.0006666666666666666
postoperative_delirium_lex	Disease	0.0006666666666666666
postoperative_myalgia_lex	Disease	0.0013333333333333333
postoperative_nausea_and_vomiting_lex	Disease	0.0013333333333333333
postoperative_pain_lex	Disease	0.002
postpartum		0.0026666666666666666
postprandial		0.0006666666666666666
postprandial_dyspepsia_lex	Disease	0.0006666666666666666
postpregnancy		0.0006666666666666666
postprocedural		0.0006666666666666666
postrenal_failure_lex	Disease	0.0006666666666666666
postsynaptic		0.002
postsynaptic_neuromuscular_blockade_lex	Disease	0.0006666666666666666
posttraining		0.002
posttransplant		0.0006666666666666666
posttransplant_lymphoproliferative_disorder_lex	Disease	0.0006666666666666666
posttransplantation		0.0006666666666666666
posttransplantation_lymphoproliferative_disorder_lex	Disease	0.0006666666666666666
postural_hypotension_lex	Disease	0.0013333333333333333
posturing		0.0006666666666666666
postzosteric_lex	Disease	0.0006666666666666666
potassium_lex	Chemical	0.015333333333333332
potassium_aspartate_lex	Chemical	0.0006666666666666666
potency		0.002
potential		0.0006666666666666666
potentials		0.0006666666666666666
potentiating		0.0006666666666666666
potentiation		0.0013333333333333333
potters_facies_lex	Disease	0.0006666666666666666
pottertype_iia_polycystic_kidney_lex	Disease	0.0006666666666666666
powders		0.0006666666666666666
ppa_lex	Chemical	0.0013333333333333333
pparalpha		0.0006666666666666666
ppargamma		0.0006666666666666666
ppi		0.0006666666666666666
ppm		0.0006666666666666666
pr3anca		0.0006666666666666666
practice		0.0006666666666666666
pralidoxime2chloride_lex	Chemical	0.0006666666666666666
pravastatin_lex	Chemical	0.002
prazosin_lex	Chemical	0.0033333333333333335
pre		0.0006666666666666666
prebed		0.0006666666666666666
precancerous_lesions_lex	Disease	0.0006666666666666666
preclinical		0.0033333333333333335
precommunicating		0.0006666666666666666
precordial_pain_lex	Disease	0.0006666666666666666
precurarization		0.0006666666666666666
precurarizing		0.0006666666666666666
precursors		0.0006666666666666666
predictive		0.0006666666666666666
predisposing		0.0006666666666666666
prednisolone_lex	Chemical	0.0033333333333333335
prednisone_lex	Chemical	0.005333333333333333
predobutamine_lex	Chemical	0.0006666666666666666
preeclampsia_lex	Disease	0.0006666666666666666
preexcitation		0.0006666666666666666
preexisting		0.0006666666666666666
preferential		0.0006666666666666666
prefrontal		0.0006666666666666666
pregnancies		0.0006666666666666666
pregnancy		0.010666666666666666
pregnanolone_lex	Chemical	0.0006666666666666666
pregnant		0.0033333333333333335
pregnenolone_sulphate_lex	Chemical	0.0006666666666666666
prehospital		0.0013333333333333333
preload		0.0006666666666666666
prelt		0.0006666666666666666
premarin_lex	Chemical	0.0006666666666666666
premature		0.0006666666666666666
premature_atherosclerosis_lex	Disease	0.0006666666666666666
premature_ventricular_contraction_lex	Disease	0.0006666666666666666
premature_ventricular_contractions_lex	Disease	0.0006666666666666666
premedication		0.0013333333333333333
prenatal		0.004
preneoplastic		0.0006666666666666666
preoperative		0.0033333333333333335
preparation		0.002
preparations		0.0013333333333333333
prepartum		0.0006666666666666666
preprocedure		0.0006666666666666666
prescribe		0.0006666666666666666
prescribing		0.0013333333333333333
prescription		0.0006666666666666666
presentation		0.002
preservativefree		0.0006666666666666666
preservatives		0.0006666666666666666
pressor		0.0026666666666666666
pressure		0.004666666666666667
presynaptic		0.0013333333333333333
preterm		0.0013333333333333333
preterm_infants_lex	Disease	0.0006666666666666666
preterm_labor_lex	Disease	0.002
pretest		0.0006666666666666666
pretherapeutic		0.0006666666666666666
pretraining		0.0006666666666666666
pretransplant		0.0006666666666666666
pretreated		0.0013333333333333333
pretreatment		0.018666666666666668
prevalence		0.004666666666666667
preventability		0.0006666666666666666
preventative		0.0006666666666666666
prevention		0.008
preweaning		0.0006666666666666666
preweanling		0.0006666666666666666
pri		0.0006666666666666666
priapism_lex	Disease	0.0013333333333333333
prilocaine_lex	Chemical	0.002
primary		0.002
primary_biliary_cirrhosis_lex	Disease	0.0006666666666666666
primary_cardiomyopathy_lex	Disease	0.0006666666666666666
primary_headaches_lex	Disease	0.0006666666666666666
primary_hyperparathyroidism_lex	Disease	0.0006666666666666666
primary_open_angle_glaucoma_lex	Disease	0.0006666666666666666
primary_openangle_glaucoma_lex	Disease	0.0006666666666666666
primary_pulmonary_hypertension_lex	Disease	0.0013333333333333333
primary_systemic_amyloidosis_lex	Disease	0.0006666666666666666
primate		0.0006666666666666666
primates		0.0006666666666666666
primed		0.0006666666666666666
primigravida		0.0006666666666666666
prinzmetals_angina_lex	Disease	0.0013333333333333333
prk		0.0006666666666666666
prl_lex	Chemical	0.0026666666666666666
prlpositive		0.0006666666666666666
prn		0.0006666666666666666
proabsence		0.0006666666666666666
proanthocyanidins_lex	Chemical	0.0006666666666666666
proarrhythmia_lex	Disease	0.0006666666666666666
proarrhythmic		0.0013333333333333333
probe		0.0006666666666666666
procainamide_lex	Chemical	0.0013333333333333333
procaterol_lex	Chemical	0.0006666666666666666
procedure		0.0006666666666666666
procedures		0.002
process		0.0006666666666666666
processing		0.0006666666666666666
prochlorperazine_lex	Chemical	0.0013333333333333333
procoagulant		0.0013333333333333333
proconvulsant		0.0006666666666666666
proconvulsive		0.0006666666666666666
procyclidine_lex	Chemical	0.0006666666666666666
prod		0.0006666666666666666
prodrug		0.0013333333333333333
prodrugs		0.0006666666666666666
proenkephalin_lex	Chemical	0.0006666666666666666
progestagen_lex	Chemical	0.0013333333333333333
progestagens_lex	Chemical	0.0006666666666666666
progestative		0.0006666666666666666
progesterone_lex	Chemical	0.0026666666666666666
progestins_lex	Chemical	0.0006666666666666666
progestogens_lex	Chemical	0.0013333333333333333
prognosis		0.004
progression		0.0026666666666666666
progressive		0.002
progressive_supranuclear_palsy_lex	Disease	0.0006666666666666666
proinflammatory		0.0006666666666666666
projection		0.0006666666666666666
prokinetic		0.0006666666666666666
prolactin		0.008666666666666666
prolactinoma_lex	Disease	0.0013333333333333333
prolactinomas_lex	Disease	0.0013333333333333333
proliferation		0.005333333333333333
proliferative		0.0006666666666666666
prolongation_of_qt_interval_lex	Disease	0.0006666666666666666
prolongation_of_the_qt_interval_lex	Disease	0.0006666666666666666
prolonged		0.002
prolonged_qt_interval_lex	Disease	0.0006666666666666666
prolonged_qt_syndrome_lex	Disease	0.0013333333333333333
promethazine_lex	Chemical	0.0006666666666666666
promoter		0.0006666666666666666
prompt		0.0006666666666666666
prooxidant		0.0006666666666666666
propafenone_lex	Chemical	0.0013333333333333333
prophylactic		0.0033333333333333335
prophylactically		0.0006666666666666666
prophylaxis		0.005333333333333333
propidium_iodide_lex	Chemical	0.0006666666666666666
propofol_lex	Chemical	0.008
proportion		0.0006666666666666666
propranolol_lex	Chemical	0.015333333333333332
propylene_glycol_lex	Chemical	0.0006666666666666666
propylthiouracil_lex	Chemical	0.004666666666666667
prospective		0.004666666666666667
prostacyclin_lex	Chemical	0.002
prostaglandin_lex	Chemical	0.0026666666666666666
prostaglandin_d2_lex	Chemical	0.0006666666666666666
prostaglandin_e1_lex	Chemical	0.002
prostaglandin_e2_lex	Chemical	0.0026666666666666666
prostaglandin_f2_alpha_lex	Chemical	0.0013333333333333333
prostaglandins_lex	Chemical	0.0026666666666666666
prostanoid		0.0013333333333333333
prostanoids_lex	Chemical	0.0006666666666666666
prostate		0.0006666666666666666
prostate_adenocarcinomas_lex	Disease	0.0006666666666666666
prostate_cancer_lex	Disease	0.004666666666666667
prostatic_adenocarcinoma_lex	Disease	0.0006666666666666666
prostatitis_lex	Disease	0.0006666666666666666
prosthetic		0.0006666666666666666
prostigmine_lex	Chemical	0.0006666666666666666
protamine		0.0006666666666666666
protamine_sulfate_lex	Chemical	0.0006666666666666666
proteaseinhibitor		0.0006666666666666666
protection		0.002
protective		0.0006666666666666666
protein		0.008
protein_excretion_lex	Disease	0.0006666666666666666
proteinaceous		0.0006666666666666666
proteinbased		0.0006666666666666666
proteinbound		0.0006666666666666666
proteins		0.0006666666666666666
proteinuria_lex	Disease	0.023333333333333334
proteinuria mechanisms		0.0006666666666666666
proteinuric_lex	Disease	0.0006666666666666666
proteinuric_injury_lex	Disease	0.0006666666666666666
proteome		0.0006666666666666666
prothrombin_complex_concentrate_lex	Chemical	0.0006666666666666666
prothrombotic		0.0006666666666666666
protidogram		0.0006666666666666666
protocol		0.004666666666666667
protrusion		0.0013333333333333333
provocation		0.0006666666666666666
prox1		0.0006666666666666666
proximal_motor_neuropathy_lex	Disease	0.0006666666666666666
pruritus_lex	Disease	0.0026666666666666666
ps_lex	Chemical	0.0013333333333333333
psa		0.0013333333333333333
psd95		0.0006666666666666666
pseudoacromegaly_lex	Disease	0.0006666666666666666
pseudocholinesterase		0.0006666666666666666
pseudocystic_transformation_lex	Disease	0.0006666666666666666
pseudolithiasis_lex	Disease	0.0006666666666666666
pseudomonas_infections_lex	Disease	0.0006666666666666666
pseudoprolactinoma_lex	Disease	0.0006666666666666666
pseudotumor_cerebri_lex	Disease	0.0006666666666666666
psoriasis_lex	Disease	0.002
psp_lex	Disease	0.0006666666666666666
psychiatric_lex	Disease	0.004666666666666667
psychiatric_disorders_lex	Disease	0.0013333333333333333
psychiatric_symptoms_lex	Disease	0.0006666666666666666
psychiatrically		0.0006666666666666666
psychiatry		0.0006666666666666666
psychobiological_dysfunction_lex	Disease	0.0006666666666666666
psychogenic_parasitosis_lex	Disease	0.0006666666666666666
psychological		0.0013333333333333333
psychological_disturbance_lex	Disease	0.0006666666666666666
psychologists		0.0006666666666666666
psychometric		0.0006666666666666666
psychomotor		0.0006666666666666666
psychomotor_agitation_lex	Disease	0.0006666666666666666
psychomotor_retardation_lex	Disease	0.002
psychomotor_speed		0.0006666666666666666
psychopathological		0.0006666666666666666
psychopathology		0.0013333333333333333
psychopharmacological		0.0006666666666666666
psychoses_lex	Disease	0.0013333333333333333
psychosis_lex	Disease	0.007333333333333333
psychostimulant		0.002
psychostimulantinduced		0.0006666666666666666
psychotic_disorder_lex	Disease	0.0006666666666666666
psychotic_disorders_lex	Disease	0.0006666666666666666
psychotic_symptoms_lex	Disease	0.002
psychotic_syndromes_belonging_predominantly_to_the_schizophrenia_group_lex	Disease	0.0006666666666666666
pt		0.0006666666666666666
ptcr		0.0006666666666666666
ptld_lex	Disease	0.002
ptosis_on_the_right_upper_lid_lex	Disease	0.0006666666666666666
ptpro		0.0006666666666666666
ptra		0.0006666666666666666
ptu_lex	Chemical	0.002
ptx_lex	Chemical	0.0006666666666666666
ptz_lex	Chemical	0.0026666666666666666
pubertal		0.0013333333333333333
puberty		0.0006666666666666666
puerperium		0.0006666666666666666
pulmonary		0.004
pulmonary_edema_lex	Disease	0.0026666666666666666
pulmonary_emboli_lex	Disease	0.0006666666666666666
pulmonary_embolism_lex	Disease	0.0006666666666666666
pulmonary_hypertension_lex	Disease	0.0026666666666666666
pulmonary_interstitial_infiltrates_lex	Disease	0.0006666666666666666
pulmonary_lesion_lex	Disease	0.0006666666666666666
pulmonary_mass_lex	Disease	0.0006666666666666666
pulmonary_obstruction_lex	Disease	0.0006666666666666666
pulmonary_toxicity_lex	Disease	0.0006666666666666666
pulmonary_tuberculosis_lex	Disease	0.0013333333333333333
pulmonaryrenal_syndrome_lex	Disease	0.0006666666666666666
pulsatile		0.0006666666666666666
pulse_pressure		0.0006666666666666666
pupil		0.0006666666666666666
pupil_dilation_lex	Disease	0.0006666666666666666
pupillary		0.0006666666666666666
pupillary_abnormalities_lex	Disease	0.0006666666666666666
pupillary_oscillation_lex	Disease	0.0013333333333333333
pupillometric		0.0006666666666666666
pupils		0.0006666666666666666
pure_red_cell_aplasia_lex	Disease	0.0006666666666666666
purine_lex	Chemical	0.0013333333333333333
puromycin_aminonucleoside_lex	Chemical	0.008666666666666666
puromycinaminonucleoside_lex	Chemical	0.0006666666666666666
purpura_lex	Disease	0.0006666666666666666
putaminal_hemorrhage_lex	Disease	0.0006666666666666666
pval204asp		0.0006666666666666666
pvc_lex	Disease	0.0006666666666666666
pvcs		0.0006666666666666666
pvn		0.0006666666666666666
pyeloureteral		0.0006666666666666666
pyeloureteritis_cystica_lex	Disease	0.0006666666666666666
pyocin		0.0006666666666666666
pyrazinamide_lex	Chemical	0.0006666666666666666
pyrazolones_lex	Chemical	0.0006666666666666666
pyrexia_lex	Disease	0.0006666666666666666
pyridoxal_lex	Chemical	0.0006666666666666666
pyridoxine_lex	Chemical	0.0013333333333333333
pyridoxine_hydrochloride_lex	Chemical	0.0006666666666666666
pyrrolidine_dithiocarbamate_lex	Chemical	0.0013333333333333333
pyrrolidinone_lex	Chemical	0.0006666666666666666
pyrrolidone_lex	Chemical	0.0006666666666666666
qpcr		0.0006666666666666666
qrs		0.0013333333333333333
qrtpcr		0.0006666666666666666
qt		0.002
qt_interval		0.002
qt_interval_prolongation_lex	Disease	0.0006666666666666666
qt_prolongation_lex	Disease	0.005333333333333333
qtc		0.0006666666666666666
qtc_interval_prolongation_lex	Disease	0.0006666666666666666
qtc_prolongation_lex	Disease	0.0006666666666666666
qtinterval_prolongation_lex	Disease	0.0006666666666666666
qtls		0.0006666666666666666
quadriparesis_lex	Disease	0.0006666666666666666
quadriplegic_lex	Disease	0.0006666666666666666
quality		0.0026666666666666666
quantification		0.0006666666666666666
quantitative		0.0006666666666666666
quasiexperimental		0.0006666666666666666
quaternary_ammonium_lex	Chemical	0.0006666666666666666
questionnaire		0.002
questionnaires		0.0006666666666666666
quetiapine_lex	Chemical	0.0026666666666666666
quinacrine_hydrochloride_lex	Chemical	0.0006666666666666666
quinckes_disease_lex	Disease	0.0006666666666666666
quinidine_lex	Chemical	0.0006666666666666666
quinidine_phenylethylbarbiturate_lex	Chemical	0.0006666666666666666
quinine_lex	Chemical	0.0026666666666666666
quinine_sulfate_lex	Chemical	0.0006666666666666666
quinolones_lex	Chemical	0.0006666666666666666
quinpirole_lex	Chemical	0.002
quipazine_lex	Chemical	0.0006666666666666666
quotient		0.0006666666666666666
rabbit		0.0006666666666666666
rabbit_syndrome_lex	Disease	0.0013333333333333333
rabbits		0.0013333333333333333
race		0.0006666666666666666
racemic		0.0006666666666666666
raclopride_lex	Chemical	0.0006666666666666666
rad001_lex	Chemical	0.0006666666666666666
radial		0.0006666666666666666
radiation		0.0026666666666666666
radiation_injury_lex	Disease	0.0006666666666666666
radioablation		0.0006666666666666666
radioactivity		0.0006666666666666666
radiocalcium_lex	Chemical	0.0006666666666666666
radiochemotherapy		0.0006666666666666666
radiocontrast		0.0006666666666666666
radiofrequency		0.0006666666666666666
radiographic		0.002
radiography		0.0006666666666666666
radioimmunoassay		0.0026666666666666666
radioiodine		0.0006666666666666666
radiolabeled_metaiodobenzylguanidine_lex	Chemical	0.0006666666666666666
radiolabelling		0.0006666666666666666
radiologic		0.0006666666666666666
radiological		0.0006666666666666666
radiolucent		0.0006666666666666666
radionuclide		0.0006666666666666666
radiopharmaceuticals		0.0006666666666666666
radiotelemetric		0.0006666666666666666
radiotherapy		0.0026666666666666666
rage		0.0006666666666666666
raised_intraocular_pressure_lex	Disease	0.0006666666666666666
raloxifene_lex	Chemical	0.0013333333333333333
ralphamethylhistamine_lex	Chemical	0.0006666666666666666
ramh_lex	Chemical	0.0006666666666666666
raminobutyric_acid_lex	Chemical	0.0006666666666666666
ramipril_lex	Chemical	0.0006666666666666666
randallselitto		0.0006666666666666666
randomised		0.002
randomized		0.02266666666666667
range		0.0006666666666666666
ranges		0.0006666666666666666
ranitidine_lex	Chemical	0.002
rapamycin_lex	Chemical	0.0033333333333333335
raphe		0.0006666666666666666
rapidly		0.0006666666666666666
raptor		0.0006666666666666666
ras		0.0006666666666666666
rash_lex	Disease	0.005333333333333333
rast		0.0006666666666666666
rat		0.035333333333333335
rate		0.004666666666666667
rating		0.0006666666666666666
ratio		0.0006666666666666666
rats		0.08
rauwolscine_lex	Chemical	0.0006666666666666666
raynauds_phenomenon_lex	Disease	0.0006666666666666666
rbcs		0.0006666666666666666
rcbf		0.0013333333333333333
rcr		0.0006666666666666666
reabsorption		0.0006666666666666666
reaction		0.008
reactions		0.004
reactivity		0.0006666666666666666
reality		0.0006666666666666666
realworld		0.0006666666666666666
rearings		0.0006666666666666666
rebleeding		0.0006666666666666666
rebound		0.0006666666666666666
recall		0.002
recalling		0.0006666666666666666
receptor		0.02
receptors		0.007333333333333333
rechallenge		0.0033333333333333335
rechallenged		0.0006666666666666666
recipient		0.0006666666666666666
recipients		0.0026666666666666666
recognized		0.0006666666666666666
recombinant		0.0006666666666666666
recovered		0.0013333333333333333
recovery		0.008
recreational		0.0013333333333333333
recruitment		0.0006666666666666666
recumbent		0.0006666666666666666
recurarization		0.0006666666666666666
recurrence		0.004666666666666667
recurrent		0.0013333333333333333
red_eyes_lex	Disease	0.0006666666666666666
redistribution		0.0013333333333333333
redness		0.0006666666666666666
redox		0.0006666666666666666
reduced_glutathione_lex	Chemical	0.0006666666666666666
reduction		0.0013333333333333333
reduction_in_glomerular_number_lex	Disease	0.0006666666666666666
reduction_in_renal_function_lex	Disease	0.0006666666666666666
reduction_in_systolic_bp_lex	Disease	0.0006666666666666666
reentry		0.0006666666666666666
reexposure		0.0026666666666666666
referral		0.0006666666666666666
reflex		0.0006666666666666666
reflex_sympathetic_dystrophy_lex	Disease	0.0006666666666666666
reflux_esophagitis_lex	Disease	0.0006666666666666666
refractory		0.0033333333333333335
refractory_seizures_lex	Disease	0.0006666666666666666
regeneration		0.0006666666666666666
regenerative		0.0006666666666666666
regimen		0.008666666666666666
regimens		0.0013333333333333333
regional		0.0013333333333333333
registry		0.0013333333333333333
regression		0.002
regurgitation		0.0006666666666666666
reinforcement		0.0006666666666666666
reintroduction		0.0006666666666666666
rejection		0.0026666666666666666
relapse		0.004
relapsed		0.0006666666666666666
relapsedrefractory		0.002
relationship		0.0013333333333333333
relaxant		0.0006666666666666666
relaxation		0.0006666666666666666
relaxations		0.0006666666666666666
release		0.002
releaser		0.0006666666666666666
rem_sleep_deprivation_lex	Disease	0.0006666666666666666
remedies		0.0006666666666666666
remifentanil_lex	Chemical	0.002
remission		0.007333333333333333
remissions		0.0013333333333333333
remitted		0.0006666666666666666
remodeling		0.0006666666666666666
remodelling		0.0006666666666666666
remoxipride_lex	Chemical	0.0006666666666666666
renal		0.02
renal transplant		0.0006666666666666666
renal_abnormality_lex	Disease	0.0006666666666666666
renal_and_kidney_disease_lex	Disease	0.0006666666666666666
renal_artery		0.0006666666666666666
renal_artery_stenosis_lex	Disease	0.0006666666666666666
renal_calculi_lex	Disease	0.0013333333333333333
renal_calculus_lex	Disease	0.0006666666666666666
renal_cancer_lex	Disease	0.0006666666666666666
renal_carcinomas_lex	Disease	0.0006666666666666666
renal_cell_carcinoma_lex	Disease	0.0013333333333333333
renal_damage_lex	Disease	0.006666666666666667
renal_disease_lex	Disease	0.005333333333333333
renal_disturbance_lex	Disease	0.0006666666666666666
renal_dysfunction_lex	Disease	0.008
renal_failure_lex	Disease	0.018
renal_fanconi_syndrome_lex	Disease	0.0006666666666666666
renal_function		0.0033333333333333335
renal_impairment_lex	Disease	0.0033333333333333335
renal_injury_lex	Disease	0.005333333333333333
renal_insufficiency_lex	Disease	0.007333333333333333
renal_interstitial_damage_lex	Disease	0.0006666666666666666
renal_involvement_lex	Disease	0.0013333333333333333
renal_lesions_lex	Disease	0.0033333333333333335
renal_medulla		0.0006666666666666666
renal_medullary_lesions		0.0006666666666666666
renal_papillary_necrosis_lex	Disease	0.002
renal_tissue		0.0006666666666666666
renal_tissue_damage_lex	Disease	0.0006666666666666666
renal_toxicity_lex	Disease	0.006
renal_tubular_acidosis_lex	Disease	0.0006666666666666666
renal_tubular_dysfunction_lex	Disease	0.0006666666666666666
renal_tubular_injury_lex	Disease	0.0006666666666666666
renal_tubular_necrosis_lex	Disease	0.0006666666666666666
renal_vessels		0.0006666666666666666
renaltransplant		0.0006666666666666666
renin		0.004
renografin_seventy-six_lex	Chemical	0.0006666666666666666
renography		0.0006666666666666666
renoprotective		0.0006666666666666666
renovascular_disease_lex	Disease	0.0006666666666666666
renovascular_hypertension_lex	Disease	0.0013333333333333333
repair		0.0006666666666666666
repair synthesis		0.0006666666666666666
repeat		0.0006666666666666666
repeated		0.0006666666666666666
repeaters		0.0006666666666666666
reperfusion		0.002
repetitive_behaviors_lex	Disease	0.0006666666666666666
replacement		0.0006666666666666666
repleted		0.0006666666666666666
replication		0.002
report		0.0026666666666666666
reports		0.0006666666666666666
reproducibility		0.0013333333333333333
reprogramming		0.0006666666666666666
reresection		0.0006666666666666666
rescue		0.0006666666666666666
research		0.0006666666666666666
resection		0.0006666666666666666
reserpine_lex	Chemical	0.004
reserpinized		0.0006666666666666666
resistance		0.0033333333333333335
resistant		0.0006666666666666666
resolution		0.002
respiration		0.0033333333333333335
respiratory		0.004666666666666667
respiratory depression		0.0006666666666666666
respiratory_arrest_lex	Disease	0.002
respiratory_depression_lex	Disease	0.0026666666666666666
respiratory_distress_lex	Disease	0.0006666666666666666
respiratory_dysfunction_lex	Disease	0.0006666666666666666
respiratory_failure_lex	Disease	0.0033333333333333335
respiratory_insufficiency_lex	Disease	0.0006666666666666666
respiratory_paralysis_lex	Disease	0.0006666666666666666
respiratory_syncytial_virus_infection_lex	Disease	0.0006666666666666666
respiratory_upset_lex	Disease	0.0006666666666666666
responder		0.0006666666666666666
responders		0.0013333333333333333
response		0.016
response rate		0.0006666666666666666
responses		0.0006666666666666666
rest		0.0006666666666666666
restimulation		0.0006666666666666666
resting		0.0026666666666666666
restless_legs_syndrome_lex	Disease	0.0006666666666666666
restlessness_lex	Disease	0.0026666666666666666
resulting		0.0006666666666666666
results		0.0013333333333333333
resuscitate		0.0006666666666666666
resuscitation		0.002
retained_placenta_lex	Disease	0.0006666666666666666
retching		0.0013333333333333333
retention		0.0013333333333333333
retention test		0.0006666666666666666
retention_deficit_lex	Disease	0.0006666666666666666
reticulocyte		0.0006666666666666666
reticulocytes		0.0006666666666666666
reticulocytosis_lex	Disease	0.0006666666666666666
retina		0.0013333333333333333
retinal		0.0013333333333333333
retinal_artery		0.0006666666666666666
retinal_toxicity_lex	Disease	0.0013333333333333333
retinal_vasculitis_lex	Disease	0.0006666666666666666
retinal_vein_occlusion_lex	Disease	0.0006666666666666666
retinoblastoma_lex	Disease	0.0006666666666666666
retinopathy_lex	Disease	0.0006666666666666666
retinyl_acetate_lex	Chemical	0.0006666666666666666
retrieval		0.0006666666666666666
retrievaldeficit		0.0006666666666666666
retrobulbar		0.0006666666666666666
retrograde_amnesia_lex	Disease	0.0006666666666666666
retrospective		0.008666666666666666
reversal		0.004
reversible		0.0033333333333333335
review		0.0013333333333333333
rewarding		0.0006666666666666666
rewarming		0.0006666666666666666
reye_syndrome_lex	Disease	0.0006666666666666666
rf		0.0006666666666666666
rfca		0.0006666666666666666
rhabdomyolysis_lex	Disease	0.005333333333333333
rhesus		0.0006666666666666666
rheumatic_disease_lex	Disease	0.0006666666666666666
rheumatic_fever_lex	Disease	0.0006666666666666666
rheumatic_heart_disease_lex	Disease	0.0006666666666666666
rheumatoid_arthritis_lex	Disease	0.01
rheumatologic_disease_lex	Disease	0.0006666666666666666
rheumatologic_diseases_lex	Disease	0.0006666666666666666
rheumatologic_disorders_lex	Disease	0.0006666666666666666
rheumatology		0.0006666666666666666
rhigfi		0.0006666666666666666
rhizomes		0.0006666666666666666
rhubarb		0.0006666666666666666
rhuepo		0.0006666666666666666
rhuepobeta		0.0006666666666666666
rhythm		0.002
ribavirin_lex	Chemical	0.006666666666666667
riboflavin_lex	Chemical	0.0006666666666666666
rifampicin_lex	Chemical	0.0026666666666666666
rifampin_lex	Chemical	0.002
right		0.0006666666666666666
right_bundle_branch_block_lex	Disease	0.0013333333333333333
right_heart_failure_lex	Disease	0.0006666666666666666
righttoleft		0.0006666666666666666
rigidity_lex	Disease	0.006666666666666667
rigors		0.0006666666666666666
riha_lex	Disease	0.0006666666666666666
rilmenidine_lex	Chemical	0.0006666666666666666
risk		0.015333333333333332
risks		0.0006666666666666666
risperidone_lex	Chemical	0.007333333333333333
ritanserin_lex	Chemical	0.0006666666666666666
ritodrine_lex	Chemical	0.0006666666666666666
ritodrinhcl_lex	Chemical	0.0006666666666666666
ritonavir_lex	Chemical	0.0006666666666666666
rituximab		0.0006666666666666666
rizatriptan_lex	Chemical	0.0006666666666666666
rls_lex	Disease	0.0006666666666666666
rna		0.002
rns		0.0006666666666666666
ro151788_lex	Chemical	0.0006666666666666666
ro4368554_lex	Chemical	0.0006666666666666666
ro_one hundred and thirty-five thousand and fifty-seven_lex	Chemical	0.0006666666666666666
rocuronium_lex	Chemical	0.0013333333333333333
rodent		0.0006666666666666666
rodents		0.0026666666666666666
rofecoxib_lex	Chemical	0.0013333333333333333
rootmeansquare		0.0006666666666666666
roots		0.0006666666666666666
ropivacaine_lex	Chemical	0.0013333333333333333
ros		0.0026666666666666666
rosacea_lex	Disease	0.0006666666666666666
rosc		0.0006666666666666666
rosens_t5_or_t10_protocol_lex	Chemical	0.0006666666666666666
rostral		0.0006666666666666666
rostrolaterally		0.0006666666666666666
rosuvastatin_lex	Chemical	0.0006666666666666666
rotarod		0.0006666666666666666
rotational_behavior_lex	Disease	0.0006666666666666666
rpn_lex	Disease	0.0006666666666666666
rpp		0.0006666666666666666
rs10942891		0.0006666666666666666
rs1aminoindan15dicarboxylic_acid_lex	Chemical	0.0006666666666666666
rs4704559		0.0006666666666666666
rs4704560		0.0006666666666666666
rs6275		0.0006666666666666666
rs6277		0.0006666666666666666
rt		0.0006666666666666666
rtl180mrtm204v		0.0006666666666666666
rtm204i		0.0006666666666666666
rtms		0.0013333333333333333
rtpcr		0.0006666666666666666
rubella_lex	Disease	0.0006666666666666666
rudimentary_left_uterine_cornu_lex	Disease	0.0006666666666666666
runs		0.0006666666666666666
ruptured_aneurysms_lex	Disease	0.0006666666666666666
s1		0.0006666666666666666
s312d_lex	Chemical	0.0006666666666666666
saccades		0.0006666666666666666
saccadic		0.0006666666666666666
saccharic_acid_lex	Chemical	0.0006666666666666666
sacrificed		0.0006666666666666666
sadness		0.0006666666666666666
safety		0.017333333333333333
sah_lex	Disease	0.0006666666666666666
salbutamol_lex	Chemical	0.002
salicylate_lex	Chemical	0.0006666666666666666
salicylates_lex	Chemical	0.0013333333333333333
salience		0.0006666666666666666
saline		0.013333333333333334
salinepretreated		0.0006666666666666666
salivation_lex	Disease	0.0013333333333333333
salmon		0.0006666666666666666
salt		0.0006666666666666666
saltdepleted		0.0006666666666666666
saltloaded		0.0006666666666666666
saltsensitive		0.0006666666666666666
saltsensitivity		0.0006666666666666666
salvage		0.0006666666666666666
salvianolic_acid_a_lex	Chemical	0.0006666666666666666
sample		0.0006666666666666666
sampled		0.0006666666666666666
sap		0.0013333333333333333
sar		0.0006666666666666666
saralasin_lex	Chemical	0.0006666666666666666
sarcolemma		0.0006666666666666666
sarcolemmal		0.0006666666666666666
sarcoma_lex	Disease	0.0006666666666666666
sarcomas_lex	Disease	0.0006666666666666666
sarin_lex	Chemical	0.0006666666666666666
sas		0.0006666666666666666
satisfaction		0.0006666666666666666
sbp		0.0006666666666666666
sc		0.0033333333333333335
sc48334_lex	Chemical	0.0006666666666666666
scabicide		0.0006666666666666666
scabicides		0.0006666666666666666
scabies_lex	Disease	0.0006666666666666666
scale		0.002
scaleup		0.0006666666666666666
scatter		0.0006666666666666666
scavenger		0.0006666666666666666
sces		0.0006666666666666666
sch_lex	Chemical	0.0006666666666666666
schedules		0.0006666666666666666
schizoaffective_disorder_lex	Disease	0.002
schizophrenia_lex	Disease	0.009333333333333334
schizophrenic_lex	Disease	0.004666666666666667
schizophreniform_disorder_lex	Disease	0.0006666666666666666
schoolchildren		0.0006666666666666666
scintigraphic		0.0006666666666666666
scintigraphy		0.0013333333333333333
scleroderma_renal_crisis_lex	Disease	0.0006666666666666666
sclerosis_lex	Disease	0.0013333333333333333
sco2		0.0006666666666666666
scoline_lex	Chemical	0.0006666666666666666
scopolamine_lex	Chemical	0.014666666666666666
score		0.002
screening		0.004666666666666667
sdhfp		0.0006666666666666666
sdm		0.0006666666666666666
se_lex	Disease	0.0006666666666666666
seasonal_allergic_rhinitis_lex	Disease	0.0006666666666666666
secondary		0.0006666666666666666
secondary_hyperalgesia_lex	Disease	0.0013333333333333333
secondary_hyperparathyroidism_lex	Disease	0.0006666666666666666
secondary_infection_lex	Disease	0.0006666666666666666
secondgeneration		0.0013333333333333333
secondline		0.0006666666666666666
secretion		0.004666666666666667
secretions		0.0006666666666666666
sedated		0.0006666666666666666
sedation		0.012666666666666666
sedative		0.0013333333333333333
sedativehypnotic		0.0006666666666666666
sedatives		0.0013333333333333333
sedionbel		0.0006666666666666666
segment		0.0013333333333333333
segmental_necrotizing_glomerulonephritis_lex	Disease	0.0006666666666666666
segments		0.0006666666666666666
seizure_lex	Disease	0.016
seizure_disorder_lex	Disease	0.0006666666666666666
seizures_lex	Disease	0.046
selective		0.0026666666666666666
selective_serotonin_reuptake_inhibitor_lex	Chemical	0.0006666666666666666
selectivity		0.0006666666666666666
selegiline_lex	Chemical	0.0006666666666666666
selenium_lex	Chemical	0.0006666666666666666
selfdosing		0.0006666666666666666
selfreport		0.0006666666666666666
selfreported		0.0013333333333333333
sem		0.0026666666666666666
semantic		0.0006666666666666666
semipurified		0.0006666666666666666
sensation		0.002
sensitive		0.0006666666666666666
sensitivity		0.006666666666666667
sensitization		0.0026666666666666666
sensitized		0.0006666666666666666
sensitizing		0.0006666666666666666
sensorimotor		0.0006666666666666666
sensorimotor_neuropathy_lex	Disease	0.0006666666666666666
sensorineural_hearing_loss_lex	Disease	0.0033333333333333335
sensorium		0.0013333333333333333
sensory		0.002
sensory_and_motor_dysfunction_lex	Disease	0.0006666666666666666
sensory_axonal_neuropathy_lex	Disease	0.0006666666666666666
sensory_disturbance_lex	Disease	0.0006666666666666666
sensory_loss_lex	Disease	0.0006666666666666666
sensory_neuropathy_lex	Disease	0.0006666666666666666
sensory_neurotoxicity_lex	Disease	0.0006666666666666666
sensorydiscriminative		0.0006666666666666666
sepsis_lex	Disease	0.0026666666666666666
septicaemia_lex	Disease	0.0006666666666666666
septicemia_lex	Disease	0.0013333333333333333
septohippocampal		0.0006666666666666666
sequelae		0.002
sequential		0.0006666666666666666
sequestration		0.0006666666666666666
ser311cys		0.0006666666666666666
sera		0.0013333333333333333
serca2		0.0006666666666666666
series		0.0006666666666666666
serious		0.0013333333333333333
sermion_lex	Chemical	0.0006666666666666666
seroconversion		0.0013333333333333333
serologic		0.002
serological		0.0006666666666666666
serologically		0.0006666666666666666
serositis_lex	Disease	0.0006666666666666666
serotonergic		0.006666666666666667
serotonergic_antidepressants_lex	Chemical	0.0006666666666666666
serotonergically		0.0006666666666666666
serotonin_lex	Chemical	0.012
serotonin_syndrome_lex	Disease	0.0013333333333333333
serso3h7accck28se		0.0006666666666666666
sertraline_lex	Chemical	0.002
serum		0.03133333333333333
serumalbumin		0.0006666666666666666
serumurine		0.0006666666666666666
sessions		0.0006666666666666666
sestamibi_lex	Chemical	0.0006666666666666666
set126_lex	Chemical	0.0006666666666666666
severe		0.004666666666666667
severe cirrhosis_of_the_liver		0.0006666666666666666
severe_combined_immunodeficiency_syndrome_lex	Disease	0.0006666666666666666
severe_malaria_lex	Disease	0.0006666666666666666
severely		0.0006666666666666666
severity		0.008666666666666666
sevoflurane_lex	Chemical	0.002
sex		0.0026666666666666666
sexual		0.0006666666666666666
sexual_desire		0.0006666666666666666
sexual_dysfunction_lex	Disease	0.004
sexual_side_effects_lex	Disease	0.0006666666666666666
sf36		0.0006666666666666666
sgk1		0.0006666666666666666
sgot		0.0013333333333333333
sgpt		0.0006666666666666666
sham		0.0006666666666666666
shamoperated		0.0026666666666666666
sharps		0.0006666666666666666
sheath		0.0006666666666666666
shell		0.0006666666666666666
shivering		0.0006666666666666666
shock_lex	Disease	0.0033333333333333335
shortness_of_breath_lex	Disease	0.0006666666666666666
shortterm		0.0006666666666666666
shortterm amnesia		0.0006666666666666666
shr		0.0006666666666666666
shrinkage		0.0006666666666666666
shrunken		0.0006666666666666666
shunting		0.0006666666666666666
shuv		0.0006666666666666666
siadh_lex	Disease	0.002
sideeffect		0.0033333333333333335
sideeffects		0.004666666666666667
sigma1		0.0006666666666666666
sigma2		0.0006666666666666666
sigma2preferring		0.0006666666666666666
sigmoid		0.0006666666666666666
signal		0.0006666666666666666
signaling		0.0033333333333333335
signalling		0.0006666666666666666
signs		0.0033333333333333335
silver_sulphadiazine_lex	Chemical	0.0006666666666666666
similarities		0.0006666666666666666
simvastatin_lex	Chemical	0.004666666666666667
simvastatin_hydroxy_acid_lex	Chemical	0.0006666666666666666
simvastatinezetimibe_lex	Chemical	0.0006666666666666666
single		0.0006666666666666666
singleagent		0.0006666666666666666
singlephoton		0.0006666666666666666
sinoatrial		0.0013333333333333333
sinoatrial_block_lex	Disease	0.002
sinuatrial_disease_lex	Disease	0.0006666666666666666
sinus		0.002
sinus_arrest_lex	Disease	0.0006666666666666666
sinus_bradycardia_lex	Disease	0.002
sinus_node_dysfunction_lex	Disease	0.0006666666666666666
sinus_tachycardia_lex	Disease	0.0006666666666666666
sinus_tachycardias_lex	Disease	0.0006666666666666666
sinusoidal		0.0006666666666666666
sinusoidal_obstruction_syndrome_lex	Disease	0.0006666666666666666
sirna		0.0013333333333333333
sirolimus_lex	Chemical	0.008
sirolimus therapy		0.0006666666666666666
sis3		0.0006666666666666666
sites		0.002
size		0.0006666666666666666
skeletal		0.0006666666666666666
skeletal_myopathies		0.0006666666666666666
skeletal_pain		0.0006666666666666666
skeletal_variations		0.0006666666666666666
sketamine_lex	Chemical	0.0006666666666666666
skf82958_lex	Chemical	0.0006666666666666666
skin		0.005333333333333333
skin_cancers_lex	Disease	0.0006666666666666666
skin_diseases_lex	Disease	0.0006666666666666666
skin_eruptions_lex	Disease	0.0006666666666666666
skin_lesion_lex	Disease	0.002
skin_rash_lex	Disease	0.0026666666666666666
skin_rashes_lex	Disease	0.0006666666666666666
skin_reactions_lex	Disease	0.002
sle_lex	Disease	0.0013333333333333333
sleep		0.004
sleep_apnea_lex	Disease	0.0006666666666666666
sleep_deprivation_lex	Disease	0.0006666666666666666
sleep_disturbance_lex	Disease	0.0006666666666666666
sleep_disturbances_lex	Disease	0.0006666666666666666
sleeping_difficulties_lex	Disease	0.0006666666666666666
sleeprelated_impairments_lex	Disease	0.0006666666666666666
sleepwake		0.0006666666666666666
sleepwakefulness		0.0006666666666666666
slices		0.0006666666666666666
slimonene_lex	Chemical	0.0006666666666666666
slowing		0.0006666666666666666
slowrelease		0.0006666666666666666
sludge		0.0006666666666666666
sm5887_lex	Chemical	0.0006666666666666666
sm_twenty-one_lex	Chemical	0.0006666666666666666
sma		0.0006666666666666666
smad3		0.0006666666666666666
smallbowel		0.0006666666666666666
smear		0.0006666666666666666
smell		0.0006666666666666666
smoke		0.0006666666666666666
smoking_lex	Chemical	0.0026666666666666666
sn_lex	Chemical	0.0006666666666666666
sn_lesion_lex	Disease	0.0006666666666666666
snap25		0.0006666666666666666
snarling		0.0006666666666666666
snhl_lex	Disease	0.0006666666666666666
snp_lex	Chemical	0.002
snps		0.0006666666666666666
social		0.0006666666666666666
social_skills		0.0006666666666666666
socioeconomically		0.0006666666666666666
socs1		0.0006666666666666666
socs3		0.0013333333333333333
sod		0.0013333333333333333
sodium_lex	Chemical	0.008
sodium_2mercaptoethane_sulphonate_lex	Chemical	0.0006666666666666666
sodium_2sulfanylethanesulfonate_lex	Chemical	0.0006666666666666666
sodium_4phenylbutyrate_lex	Chemical	0.0006666666666666666
sodium_acetylsalicylate_lex	Chemical	0.0006666666666666666
sodium_bicarbonate_lex	Chemical	0.002
sodium_citrate_lex	Chemical	0.0013333333333333333
sodium_deoxycholate_lex	Chemical	0.0013333333333333333
sodium_nitrite_lex	Chemical	0.0006666666666666666
sodium_nitroprusside_lex	Chemical	0.004
sodium_pentobarbital_lex	Chemical	0.0006666666666666666
sodium_pentothal_lex	Chemical	0.0006666666666666666
sodium_salicylate_lex	Chemical	0.0006666666666666666
sodium_thiopental_lex	Chemical	0.0006666666666666666
sodium_thiopenthal_lex	Chemical	0.0006666666666666666
sodium_valproate_lex	Chemical	0.0013333333333333333
sodium_warfarin_lex	Chemical	0.0006666666666666666
solubility		0.0006666666666666666
solution		0.002
solvd		0.0006666666666666666
soman_lex	Chemical	0.0006666666666666666
somatic		0.0006666666666666666
somatic_rigidity_lex	Disease	0.0006666666666666666
somatosensory		0.0006666666666666666
somatostatin		0.0013333333333333333
somnolence_lex	Disease	0.004
somnolent		0.0006666666666666666
sonomicrometry		0.0006666666666666666
sop		0.0006666666666666666
sorafenib_lex	Chemical	0.0013333333333333333
sore_throat_lex	Disease	0.0006666666666666666
sotalol_lex	Chemical	0.0013333333333333333
sparteine_lex	Chemical	0.0006666666666666666
spasm_lex	Disease	0.0033333333333333335
spasmodic_dysphonia_lex	Disease	0.0006666666666666666
spastic_paraparesis_lex	Disease	0.0006666666666666666
spasticity_lex	Disease	0.0006666666666666666
speaking		0.0006666666666666666
species		0.0006666666666666666
specific		0.0006666666666666666
specificity		0.002
specimen		0.0006666666666666666
spectrometry		0.0006666666666666666
speech		0.0006666666666666666
sperillyl_alcohol_lex	Chemical	0.0006666666666666666
sphenoidal		0.0006666666666666666
sphincter_of_oddi		0.0006666666666666666
sphincter_of_oddi_dyskinesia_lex	Disease	0.0006666666666666666
spike		0.0006666666666666666
spinal		0.0013333333333333333
spinal_cord_injury_lex	Disease	0.0006666666666666666
spinal_cord_ischemia_lex	Disease	0.0006666666666666666
spiperone_lex	Chemical	0.0006666666666666666
spironolactone_lex	Chemical	0.0026666666666666666
splenium		0.0006666666666666666
splenomegaly_lex	Disease	0.0006666666666666666
spondyloarthropathy_lex	Disease	0.0006666666666666666
spontaneous		0.0013333333333333333
spontaneous_recurrent_seizures_lex	Disease	0.0006666666666666666
spontaneously		0.0013333333333333333
spraguedawley		0.010666666666666666
spring_allergic_rhinitis_lex	Disease	0.0006666666666666666
squamous_carcinoma_lex	Disease	0.0006666666666666666
squamous_cell		0.0006666666666666666
squamous_cell_esophageal_carcinoma_lex	Disease	0.0006666666666666666
squamous_cell_papilloma_lex	Disease	0.0006666666666666666
sr48692_lex	Chemical	0.0006666666666666666
src_lex	Disease	0.0006666666666666666
srl_lex	Chemical	0.0006666666666666666
ssc_lex	Disease	0.0006666666666666666
ssr103800_lex	Chemical	0.0006666666666666666
ssri_lex	Chemical	0.0013333333333333333
ssris_lex	Chemical	0.0013333333333333333
st_anthonys_fire_lex	Disease	0.0006666666666666666
stability		0.0006666666666666666
stabilization		0.0013333333333333333
stable		0.0006666666666666666
stable_angina_lex	Disease	0.0013333333333333333
stage		0.0013333333333333333
standarddose		0.0006666666666666666
staphylococcal_infections_lex	Disease	0.0013333333333333333
starvation		0.0006666666666666666
stat3		0.0006666666666666666
stat5		0.0006666666666666666
static		0.0006666666666666666
statin_lex	Chemical	0.002
statins_lex	Chemical	0.0026666666666666666
statistical		0.0006666666666666666
statistically		0.0006666666666666666
status		0.0013333333333333333
status_epilepticus_lex	Disease	0.013333333333333334
status_migrainosus_lex	Disease	0.0006666666666666666
steadystate		0.0006666666666666666
steatosis_lex	Disease	0.0013333333333333333
steinerts_disease_lex	Disease	0.0006666666666666666
stenosis_lex	Disease	0.0006666666666666666
stent		0.0006666666666666666
stenting		0.0006666666666666666
stepdown		0.0006666666666666666
stepthrough		0.0006666666666666666
stereology		0.0006666666666666666
stereoselective		0.0006666666666666666
stereotactic		0.0013333333333333333
stereotaxic		0.0006666666666666666
stereotyped		0.0006666666666666666
stereotypic		0.0013333333333333333
stereotypies_lex	Disease	0.0026666666666666666
stereotypy		0.0006666666666666666
steroid_lex	Chemical	0.0026666666666666666
steroids_lex	Chemical	0.006666666666666667
stevensjohnson_syndrome_lex	Disease	0.0013333333333333333
stiffness		0.0006666666666666666
stillbirth_lex	Disease	0.0006666666666666666
stimulant		0.004666666666666667
stimulantinduced		0.0006666666666666666
stimulation		0.005333333333333333
stimulations		0.0006666666666666666
stimulatory		0.0006666666666666666
stimulus		0.0013333333333333333
stimulusinduced		0.0006666666666666666
stippled_epiphyses_lex	Disease	0.0006666666666666666
stomach		0.0006666666666666666
stomatitis_lex	Disease	0.0033333333333333335
stone		0.0006666666666666666
stones		0.0013333333333333333
stopwatch		0.0006666666666666666
str_lex	Chemical	0.0006666666666666666
strain		0.0013333333333333333
strains		0.0006666666666666666
streptococcal		0.0006666666666666666
streptomycin_lex	Chemical	0.0013333333333333333
streptozocin_lex	Chemical	0.0006666666666666666
streptozotocin_lex	Chemical	0.007333333333333333
stress		0.0033333333333333335
stress_fractures_lex	Disease	0.0006666666666666666
stress_incontinence_lex	Disease	0.0006666666666666666
stressor		0.0006666666666666666
striata		0.0006666666666666666
striatal		0.005333333333333333
striatonigral		0.0006666666666666666
striatum		0.012
stroke_lex	Disease	0.012
strokes_lex	Disease	0.002
strophanthidin_lex	Chemical	0.0006666666666666666
strophantine_g_lex	Chemical	0.0006666666666666666
structural		0.002
structural_damage_to_the_frontal_lobe_lex	Disease	0.0006666666666666666
structural_deficits_in_the_human_brain_lex	Disease	0.0006666666666666666
structural_lesions_of_the_brain_lex	Disease	0.0006666666666666666
structure		0.0006666666666666666
structurefunction		0.0006666666666666666
strychnine_lex	Chemical	0.0006666666666666666
stsegment		0.002
studies		0.0013333333333333333
study		0.006666666666666667
stz_lex	Chemical	0.0006666666666666666
subacute		0.002
subanesthetic		0.0006666666666666666
subarachnoid		0.0013333333333333333
subarachnoid_haemorrhage_lex	Disease	0.0013333333333333333
subarachnoid_hemorrhage_lex	Disease	0.004
subcellular		0.0013333333333333333
subchronic		0.0006666666666666666
subclinical		0.0006666666666666666
subconvulsant electroshock		0.0006666666666666666
subcortex		0.0006666666666666666
subcortical		0.0006666666666666666
subcortical_white_matter		0.0006666666666666666
subcutaneous		0.006666666666666667
subcutaneously		0.004666666666666667
subdivisions		0.0006666666666666666
subdural		0.0006666666666666666
subendocardial_infarction_lex	Disease	0.0006666666666666666
subendothelial		0.0013333333333333333
subepithelial		0.0006666666666666666
subgroup		0.0006666666666666666
subject		0.0006666666666666666
subjective		0.0013333333333333333
subjects		0.005333333333333333
sublethal		0.0006666666666666666
sublingual		0.0013333333333333333
sublingually		0.0006666666666666666
submembranous		0.0006666666666666666
submucosal		0.0006666666666666666
submucosal_hemorrhage_lex	Disease	0.0006666666666666666
subpial_necrosis_lex	Disease	0.0006666666666666666
subpopulation		0.0006666666666666666
subpopulations		0.0006666666666666666
substance		0.0006666666666666666
substance_abuse_lex	Disease	0.0013333333333333333
substance_abuse_disorder_lex	Disease	0.0006666666666666666
substanceinduced		0.0006666666666666666
substantia_nigra_lesion_lex	Disease	0.0006666666666666666
substantia_nigra_pars_reticulata		0.0013333333333333333
substituted		0.0006666666666666666
substitution		0.0006666666666666666
substrate		0.002
substrates		0.0013333333333333333
subthalamotomy		0.0006666666666666666
subtherapeutic		0.0013333333333333333
subtoxic		0.0006666666666666666
subtypes		0.0006666666666666666
subtypeselective		0.0006666666666666666
subunit		0.0013333333333333333
subunits		0.0013333333333333333
suburothelium		0.0006666666666666666
succimer_lex	Chemical	0.0006666666666666666
succinylcholine_lex	Chemical	0.005333333333333333
sucralfate_lex	Chemical	0.0006666666666666666
sucrose_lex	Chemical	0.0006666666666666666
sudden_cardiac_death_lex	Disease	0.0013333333333333333
sudden_death_lex	Disease	0.0026666666666666666
sudden_deterioration_of_renal_function_lex	Disease	0.0006666666666666666
sufferers		0.0006666666666666666
sugar		0.0006666666666666666
sugar_alcohols_lex	Chemical	0.0006666666666666666
sugar_dependency_lex	Disease	0.0006666666666666666
suicidal		0.0006666666666666666
suicides		0.0006666666666666666
sulfadiazine_lex	Chemical	0.0006666666666666666
sulfamethoxazole_lex	Chemical	0.0006666666666666666
sulfasalazine_lex	Chemical	0.0013333333333333333
sulfation		0.0006666666666666666
sulfhydryl_lex	Chemical	0.0006666666666666666
sulfonamides_lex	Chemical	0.0006666666666666666
sulfonylureas_lex	Chemical	0.0006666666666666666
sulindac_lex	Chemical	0.0026666666666666666
sulphasalazine_lex	Chemical	0.002
sulphonylurea_lex	Chemical	0.0006666666666666666
sulpiride_lex	Chemical	0.002
sumatriptan_lex	Chemical	0.002
sumatriptan_succinate_lex	Chemical	0.0006666666666666666
sunbelt		0.0006666666666666666
sunburn_lex	Disease	0.0006666666666666666
sunitinib_lex	Chemical	0.0006666666666666666
superficial		0.0006666666666666666
superior_vena_cava_svc_syndrome_lex	Disease	0.0006666666666666666
supernatants		0.0006666666666666666
superoxide_lex	Chemical	0.0033333333333333335
supersensitivity		0.0006666666666666666
supine		0.0006666666666666666
supplement		0.0006666666666666666
supplementary		0.0006666666666666666
supplementation		0.0033333333333333335
supplements		0.0006666666666666666
supply		0.0006666666666666666
support		0.0006666666666666666
suppression		0.0033333333333333335
suppressor		0.0006666666666666666
supraclinoid		0.0006666666666666666
supramarginal		0.0006666666666666666
supratherapeutic		0.002
supraventricular_tachyarrhythmia_lex	Disease	0.0006666666666666666
supraventricular_tachyarrhythmias_lex	Disease	0.0013333333333333333
supraventricular_tachycardia_lex	Disease	0.0013333333333333333
suprofen_lex	Chemical	0.0013333333333333333
sural		0.0006666666666666666
surgery		0.014
surgical		0.0026666666666666666
surprise		0.0006666666666666666
surreptitious		0.0006666666666666666
surveillance		0.0006666666666666666
survival		0.004666666666666667
survival rate		0.0006666666666666666
survivors		0.0006666666666666666
susceptibility		0.004666666666666667
suspected		0.0006666666666666666
suspension		0.0013333333333333333
sustained		0.0006666666666666666
sustained_membrane_depolarisation_lex	Disease	0.0006666666666666666
sustainedrelease		0.002
sutureless		0.0006666666666666666
suxamethonium_lex	Chemical	0.006
suxamethonium_chloride_lex	Chemical	0.0006666666666666666
sv		0.0006666666666666666
svo2		0.0006666666666666666
svr		0.0006666666666666666
swallowing		0.0013333333333333333
swallowing_abnormalities_lex	Disease	0.0006666666666666666
sweating_lex	Disease	0.0006666666666666666
swelling_lex	Disease	0.002
swiss		0.0013333333333333333
swisswebster		0.0006666666666666666
switchers		0.0006666666666666666
sympathectomy		0.0006666666666666666
sympathetic		0.002
sympathicotomy		0.0006666666666666666
sympathoadrenal		0.0006666666666666666
sympathomimetic		0.0013333333333333333
symptom		0.0006666666666666666
symptomatic		0.0013333333333333333
symptomatology		0.0006666666666666666
symptoms		0.02666666666666667
synapse		0.0006666666666666666
synapses		0.0013333333333333333
synaptophysin		0.0013333333333333333
synaptosomal		0.0013333333333333333
syncopal_attacks_lex	Disease	0.0013333333333333333
syncopal_episode_lex	Disease	0.0006666666666666666
syncope_lex	Disease	0.002
syndrome		0.006666666666666667
syndrome_of_inappropriate_antidiuretic_hormone_lex	Disease	0.0013333333333333333
syndrome_of_inappropriate_secretion_of_antidiuretic_hormone_lex	Disease	0.0013333333333333333
syndrome_of_obstructive_sleep_apnea_lex	Disease	0.0006666666666666666
synergism		0.0006666666666666666
synergistic		0.0006666666666666666
synovitis_lex	Disease	0.0006666666666666666
syntheses		0.0006666666666666666
synthesis		0.006
synthesisrelease		0.0006666666666666666
synthesisturnover		0.0006666666666666666
synthetase		0.0006666666666666666
synthetic		0.002
syringe		0.0006666666666666666
system		0.002
systemic		0.01
systemic_lupus_erythematodes_lex	Disease	0.0006666666666666666
systemic_lupus_erythematosus_lex	Disease	0.002
systemic_mastocytosis_lex	Disease	0.0006666666666666666
systemic_sclerosis_lex	Disease	0.0013333333333333333
systems		0.0006666666666666666
systolic		0.008
systolic_blood_pressure		0.0006666666666666666
systolic_bp		0.0006666666666666666
systolic_dysfunction_lex	Disease	0.0006666666666666666
systolic_orthostatic_hypotension_lex	Disease	0.0006666666666666666
t_lex	Chemical	0.0006666666666666666
t1		0.0006666666666666666
t12		0.002
t1weighted		0.0013333333333333333
t2		0.0006666666666666666
t922		0.0006666666666666666
t_chebula_extract_lex	Chemical	0.0006666666666666666
ta064_lex	Chemical	0.0006666666666666666
taa_lex	Disease	0.0006666666666666666
tablet		0.0006666666666666666
tablets		0.0013333333333333333
tac_lex	Chemical	0.0006666666666666666
tachy_or_bradycardia_lex	Disease	0.0006666666666666666
tachyarrhythmia_lex	Disease	0.0006666666666666666
tachyarrhythmias_lex	Disease	0.0013333333333333333
tachycardia_lex	Disease	0.011333333333333334
tachycardial_lex	Disease	0.0006666666666666666
tachydysrhythmias_lex	Disease	0.0006666666666666666
tachykinins_lex	Chemical	0.0006666666666666666
tachyphylaxis		0.0006666666666666666
tacrine_lex	Chemical	0.0013333333333333333
tacrolimus_lex	Chemical	0.014
tafi		0.0006666666666666666
tailcuff		0.0013333333333333333
tailflick		0.0006666666666666666
tailwithdrawal		0.0006666666666666666
takotsubo_cardiomyopathy_lex	Disease	0.0006666666666666666
takotsubo_syndrome_lex	Disease	0.0006666666666666666
talipes_equinovarus_lex	Disease	0.0006666666666666666
tamca_lex	Chemical	0.0006666666666666666
tamoxifen_lex	Chemical	0.004666666666666667
tap		0.0006666666666666666
tapering		0.0006666666666666666
taqia		0.0006666666666666666
taqib		0.0006666666666666666
taqid		0.0006666666666666666
taqman		0.0006666666666666666
tardive_dyskinesia_lex	Disease	0.004
tardive_dystonia_lex	Disease	0.0006666666666666666
target		0.0006666666666666666
targetcontrolled		0.0006666666666666666
tariquidar_lex	Chemical	0.0006666666666666666
task		0.0006666666666666666
tasks		0.0006666666666666666
taste		0.0006666666666666666
tau		0.0006666666666666666
taurocholic_acid_lex	Chemical	0.0006666666666666666
taurodeoxycholic_acid_lex	Chemical	0.0006666666666666666
taussigbing_malformation_lex	Disease	0.0006666666666666666
taxol_lex	Chemical	0.002
tbars_lex	Chemical	0.002
tbm		0.0006666666666666666
tcell		0.0026666666666666666
tcell_lymphoblastic_lymphoma_lex	Disease	0.0006666666666666666
tci		0.0006666666666666666
tdf_lex	Chemical	0.0006666666666666666
tdp_lex	Disease	0.004
team		0.0006666666666666666
technetium99m_sestamibi_lex	Chemical	0.0006666666666666666
technique		0.0013333333333333333
tee		0.0006666666666666666
telangiectasia_lex	Disease	0.0013333333333333333
telangiectasis_lex	Disease	0.0006666666666666666
telangiectatic		0.0006666666666666666
telaprevir_lex	Chemical	0.0006666666666666666
telemetry		0.0006666666666666666
telithromycin_lex	Chemical	0.0006666666666666666
telmisartan_lex	Chemical	0.0006666666666666666
temazepam_lex	Chemical	0.0006666666666666666
temocapril_lex	Chemical	0.0006666666666666666
temperament		0.0006666666666666666
temperature		0.0026666666666666666
tempol_lex	Chemical	0.0006666666666666666
temporal		0.002
temporal_lobe_epilepsy_lex	Disease	0.004666666666666667
temporary		0.0006666666666666666
temporomandibular_disorders_lex	Disease	0.0006666666666666666
temsirolimus_lex	Chemical	0.0006666666666666666
tender_joints_lex	Disease	0.0006666666666666666
tenderness_lex	Disease	0.0006666666666666666
tenofovir_lex	Chemical	0.0013333333333333333
tenofovir_disoproxil_fumarate_lex	Chemical	0.0013333333333333333
teoaes		0.0006666666666666666
teratogenic_lex	Disease	0.0013333333333333333
teratogenicity_lex	Disease	0.002
teratology		0.0006666666666666666
terbinafine_lex	Chemical	0.0006666666666666666
terbutaline_lex	Chemical	0.0033333333333333335
terfenadine_lex	Chemical	0.0013333333333333333
term		0.0006666666666666666
term_infants		0.0006666666666666666
terminalia_chebula_lex	Chemical	0.0006666666666666666
termination		0.0006666666666666666
terminology		0.0006666666666666666
terodiline_lex	Chemical	0.0006666666666666666
test		0.002
testicular atrophy		0.0006666666666666666
testicular_pain_lex	Disease	0.0006666666666666666
testing		0.004
testosterone_lex	Chemical	0.006
testosterone_heptylate_lex	Chemical	0.0006666666666666666
testosterone_propionate_lex	Chemical	0.0006666666666666666
tetanic_lex	Disease	0.0006666666666666666
tetany_lex	Disease	0.002
tetrabenazine_lex	Chemical	0.0006666666666666666
tetracycline_lex	Chemical	0.0006666666666666666
tetrahydropyranyladriamycinol_lex	Chemical	0.0006666666666666666
tetrandrine_lex	Chemical	0.0006666666666666666
tetraparetic_lex	Disease	0.0006666666666666666
tetrapeptide		0.0006666666666666666
tgfb		0.0006666666666666666
tgfbeta1		0.0013333333333333333
thalamic_lesions_lex	Disease	0.0006666666666666666
thalamocortical		0.0006666666666666666
thalamotomy		0.0006666666666666666
thalamus		0.0013333333333333333
thalidomide_lex	Chemical	0.005333333333333333
thc_lex	Chemical	0.0006666666666666666
theophylline_lex	Chemical	0.004
therapeutic		0.006
therapeutictoxic		0.0006666666666666666
therapies		0.0006666666666666666
therapy		0.08333333333333333
therapyresistant		0.0006666666666666666
thermal_hyperalgesia_lex	Disease	0.0006666666666666666
thermic		0.0006666666666666666
thermography		0.0006666666666666666
thermoregulation		0.0006666666666666666
theta		0.0006666666666666666
thiabendazole_lex	Chemical	0.0006666666666666666
thiamine_lex	Chemical	0.0013333333333333333
thiamine_pyrophosphate_lex	Chemical	0.0006666666666666666
thick_myosin_filaments		0.0006666666666666666
thickening		0.0013333333333333333
thickness		0.0006666666666666666
thienodiazepine_lex	Chemical	0.0006666666666666666
thiobarbituric_acid_lex	Chemical	0.0006666666666666666
thiobarbituric_acid_reactive_substances_lex	Chemical	0.0006666666666666666
thiol_lex	Chemical	0.0006666666666666666
thiopental_lex	Chemical	0.0013333333333333333
thiopentone_lex	Chemical	0.0033333333333333335
thioperamide_lex	Chemical	0.0006666666666666666
thiosemicarbazide_lex	Chemical	0.0006666666666666666
thiotepa_lex	Chemical	0.0013333333333333333
thirdgeneration		0.0013333333333333333
thoracic_aortic_aneurysm_lex	Disease	0.0006666666666666666
thoracic_hematomyelia_lex	Disease	0.0006666666666666666
thoracoabdominal		0.0006666666666666666
thorax		0.0006666666666666666
thorazine_lex	Chemical	0.0006666666666666666
thp1		0.0006666666666666666
thr		0.0006666666666666666
threatened		0.0006666666666666666
three hundred and seventeen		0.0006666666666666666
three_alphahydroxy_pregnane20ones_lex	Chemical	0.0006666666666666666
three_alphahydroxy_pregnane21diol20ones_lex	Chemical	0.0006666666666666666
threshold		0.0026666666666666666
thresholds		0.0006666666666666666
throat_pain_lex	Disease	0.0006666666666666666
thrombi_lex	Disease	0.0006666666666666666
thrombin		0.0006666666666666666
thrombinactivatable		0.0006666666666666666
thrombocytopenia_lex	Disease	0.018
thromboemboli_lex	Disease	0.0006666666666666666
thromboembolic_lex	Disease	0.0006666666666666666
thromboembolic_disease_lex	Disease	0.0006666666666666666
thromboembolic_episodes_lex	Disease	0.0006666666666666666
thromboembolic_phenomena_lex	Disease	0.0006666666666666666
thromboembolism_lex	Disease	0.0026666666666666666
thrombolytic		0.0006666666666666666
thrombopenia_lex	Disease	0.0006666666666666666
thrombophlebitis_lex	Disease	0.0026666666666666666
thrombopoetin		0.0006666666666666666
thromboses		0.0006666666666666666
thrombosis_lex	Disease	0.011333333333333334
thrombosis_of_a_normal_renal_artery_lex	Disease	0.0006666666666666666
thrombotic_lex	Disease	0.0006666666666666666
thrombotic_microangiopathy_lex	Disease	0.0033333333333333335
thrombotic_thrombocytopenic_purpura_lex	Disease	0.0006666666666666666
thromboxane_b2_lex	Chemical	0.0006666666666666666
thrombus_lex	Disease	0.0006666666666666666
thrso3h7accck28se		0.0006666666666666666
thymidine_lex	Chemical	0.0006666666666666666
thymus		0.0006666666666666666
thyroid		0.002
thyroid_disease_lex	Disease	0.0013333333333333333
thyroid_disorders_lex	Disease	0.0006666666666666666
thyroid_function_abnormalities_lex	Disease	0.0006666666666666666
thyroid_illness_lex	Disease	0.0006666666666666666
thyroidectomy		0.0006666666666666666
thyrotoxicosis_lex	Disease	0.0006666666666666666
thyrotropin_lex	Chemical	0.0006666666666666666
thyroxine_lex	Chemical	0.0026666666666666666
tiapride_lex	Chemical	0.002
tiaprofenic_acid_lex	Chemical	0.0006666666666666666
tiazofurin_lex	Chemical	0.0006666666666666666
tic_disorders_lex	Disease	0.0006666666666666666
ticlike_symptoms_lex	Disease	0.0006666666666666666
ticlopidine_lex	Chemical	0.0013333333333333333
tid		0.0006666666666666666
tida		0.0006666666666666666
tie2creloxpegfp		0.0006666666666666666
tilts		0.0006666666666666666
time		0.002
timedependent		0.0006666666666666666
timeofflight		0.0006666666666666666
timolol_lex	Chemical	0.0033333333333333335
timolol_maleate_lex	Chemical	0.0013333333333333333
timps		0.0006666666666666666
tincture_of_crataegus_lex	Chemical	0.0006666666666666666
tingling		0.0006666666666666666
tingling_or_burning_sensations_lex	Disease	0.0006666666666666666
tinnitus_lex	Disease	0.0006666666666666666
tiopronin_lex	Chemical	0.0006666666666666666
tiredness_lex	Disease	0.0006666666666666666
tissue		0.004666666666666667
tissue_injury_lex	Disease	0.0006666666666666666
tissues		0.0033333333333333335
tissuetype		0.0006666666666666666
titers		0.0006666666666666666
titrate		0.0006666666666666666
titrated		0.0006666666666666666
titration		0.0006666666666666666
titres		0.0006666666666666666
tiva		0.0006666666666666666
tizanidine_lex	Chemical	0.0006666666666666666
tlr4		0.0006666666666666666
tls_lex	Disease	0.0006666666666666666
tma_lex	Disease	0.0013333333333333333
tmax		0.0006666666666666666
tmp_lex	Chemical	0.0006666666666666666
tna_lex	Chemical	0.0006666666666666666
tnf		0.0006666666666666666
tnfa		0.002
tnfalpha		0.0006666666666666666
tobacco		0.0006666666666666666
tobanum_lex	Chemical	0.0006666666666666666
tobramycin_lex	Chemical	0.002
tobramycin_sulfate_lex	Chemical	0.0013333333333333333
tocainide_lex	Chemical	0.0006666666666666666
tocolysis		0.0006666666666666666
tocolytic		0.0006666666666666666
tocolytics		0.0006666666666666666
toes		0.0006666666666666666
tolazamide_lex	Chemical	0.0006666666666666666
tolerability		0.008
tolerance		0.006666666666666667
tolterodine_lex	Chemical	0.0006666666666666666
tomography		0.0013333333333333333
tone		0.0006666666666666666
tongue		0.002
tonic		0.0033333333333333335
tonic_and_clonic_seizure_lex	Disease	0.0006666666666666666
tonic_seizures_lex	Disease	0.0006666666666666666
tonicclonic_seizures_lex	Disease	0.0006666666666666666
tonus		0.0006666666666666666
tooth_wear_lex	Disease	0.0006666666666666666
topical		0.0026666666666666666
topiramate_lex	Chemical	0.0013333333333333333
topotecan_lex	Chemical	0.0006666666666666666
torr		0.0006666666666666666
torsade		0.0006666666666666666
torsade_de_pointes_lex	Disease	0.006
torsades_de_pointes_lex	Disease	0.004
total		0.0013333333333333333
totp_lex	Chemical	0.0006666666666666666
toxic		0.006666666666666667
toxic_dermatitis_lex	Disease	0.0006666666666666666
toxic_epidermal_necrolysis_lex	Disease	0.0006666666666666666
toxic_hepatitis_lex	Disease	0.002
toxic_liver_damage_lex	Disease	0.0006666666666666666
toxic_neurodegenerative_cascade_lex	Disease	0.0006666666666666666
toxic_neuropathy_lex	Disease	0.0006666666666666666
toxic_optic_neuropathy_lex	Disease	0.0006666666666666666
toxic_to_the_central_nervous_system_lex	Disease	0.0006666666666666666
toxicities_lex	Disease	0.002
toxicity_lex	Disease	0.058
toxicokinetics		0.0006666666666666666
toxicologic		0.0006666666666666666
toxicology		0.002
toxin		0.0013333333333333333
toxins		0.0006666666666666666
toxocity_lex	Disease	0.0006666666666666666
toxoplasmosis_lex	Disease	0.0006666666666666666
tp_lex	Chemical	0.0006666666666666666
tp53		0.0006666666666666666
tpa		0.0006666666666666666
tpp_lex	Chemical	0.0006666666666666666
tr		0.0006666666666666666
trabeculectomies		0.0006666666666666666
tracer		0.0006666666666666666
tracers		0.0006666666666666666
tracheal		0.0006666666666666666
tracheotomies		0.0006666666666666666
tracheotomy		0.0006666666666666666
trained		0.0006666666666666666
training		0.0033333333333333335
trainoffour		0.0013333333333333333
trajectory		0.0006666666666666666
tramadol_lex	Chemical	0.0006666666666666666
tranexamic_acid_lex	Chemical	0.004
trans2amino3hydroxy1_two_three_4tetrahydroanaphthalene_lex	Chemical	0.0006666666666666666
trans34dichloronmethyln21pyrrolidinyl_cyclohexylbenzeneactemide_lex	Chemical	0.0006666666666666666
transaminase		0.0013333333333333333
transaminasemia		0.0006666666666666666
transaminases		0.004
transcription		0.0006666666666666666
transcripts		0.0013333333333333333
transdermal		0.0006666666666666666
transfemoral		0.0006666666666666666
transformation		0.0013333333333333333
transfusion		0.0026666666666666666
transfusions		0.0013333333333333333
transgenic		0.0033333333333333335
transient		0.002
transient_hemiparesis_lex	Disease	0.0006666666666666666
transient_ischaemic_attacks_lex	Disease	0.0006666666666666666
transient_ischemic_attack_lex	Disease	0.0006666666666666666
transient_neurologic_symptoms_lex	Disease	0.0006666666666666666
transiently		0.0006666666666666666
transketolase		0.0006666666666666666
translocation		0.0006666666666666666
transmembraneous		0.0006666666666666666
transmission		0.0006666666666666666
transnasal		0.0006666666666666666
transnational		0.0006666666666666666
transplant		0.005333333333333333
transplant_glomerulopathy_lex	Disease	0.0006666666666666666
transplantable		0.0006666666666666666
transplantation		0.009333333333333334
transplantation outcome		0.0006666666666666666
transplantationassociated_microangiopathy_lex	Disease	0.0006666666666666666
transplanted		0.0006666666666666666
transplantfree		0.0006666666666666666
transport		0.0033333333333333335
transporters		0.0006666666666666666
transvenous		0.0006666666666666666
transverse_limb_deficiency_lex	Disease	0.0006666666666666666
tranylcypromine_lex	Chemical	0.0006666666666666666
trauma_lex	Disease	0.0006666666666666666
traumatic_brain_injury_lex	Disease	0.0006666666666666666
trazodone_lex	Chemical	0.0013333333333333333
treadmill		0.0013333333333333333
treated		0.0013333333333333333
treating		0.0006666666666666666
treatment		0.09
treatmentemergent		0.0006666666666666666
treatmentresistant_depression_lex	Disease	0.0006666666666666666
treatments		0.0013333333333333333
tremor_lex	Disease	0.008666666666666666
tremorgenic_lex	Disease	0.0006666666666666666
tremors_lex	Disease	0.0033333333333333335
trend		0.0006666666666666666
trental_lex	Chemical	0.0006666666666666666
trh		0.0006666666666666666
triacylglycerol_lex	Chemical	0.0006666666666666666
trial		0.010666666666666666
trialists		0.0006666666666666666
trials		0.0013333333333333333
triamcinolone_lex	Chemical	0.0013333333333333333
triamcinolone_diacetate_lex	Chemical	0.0006666666666666666
triamterene_lex	Chemical	0.0006666666666666666
triazolam_lex	Chemical	0.0006666666666666666
triazolo_lex	Chemical	0.0006666666666666666
tricaine_lex	Chemical	0.0006666666666666666
triceps		0.0006666666666666666
trichotillomania_lex	Disease	0.0006666666666666666
tricuspid		0.0006666666666666666
tricuspid_regurgitation_lex	Disease	0.0006666666666666666
tricuspid_valve		0.0006666666666666666
tricuspid_valve_regurgitation_lex	Disease	0.0006666666666666666
tricyclic		0.0006666666666666666
trifluoroacetyl_lex	Chemical	0.0013333333333333333
trigeminal		0.0006666666666666666
trigeminal_neuralgia_lex	Disease	0.0013333333333333333
trigemini		0.0006666666666666666
triglyceride_lex	Chemical	0.002
triglycerides_lex	Chemical	0.0033333333333333335
trihexyphenidyl_lex	Chemical	0.0013333333333333333
trihexyphenidyl_hydrochloride_lex	Chemical	0.0006666666666666666
triiodothyronine_lex	Chemical	0.0006666666666666666
trimester		0.0006666666666666666
trimetaphan_lex	Chemical	0.0006666666666666666
trimethaphan_lex	Chemical	0.0013333333333333333
trimethoprim_lex	Chemical	0.0013333333333333333
trimethoprimsulfamethoxazole_lex	Chemical	0.0013333333333333333
trimethoprimsulfomethoxazole_lex	Chemical	0.0006666666666666666
trimipramine_lex	Chemical	0.0006666666666666666
triniol		0.0006666666666666666
triorthotolyl_phosphate_lex	Chemical	0.0006666666666666666
triphasic		0.0013333333333333333
triphenyl_tetrazolium_chloride_lex	Chemical	0.0006666666666666666
triphenyltetrazolium_lex	Chemical	0.0006666666666666666
triphenyltetrazolium_chloride		0.0006666666666666666
tritantype		0.0006666666666666666
trks		0.0006666666666666666
troleandomycin_lex	Chemical	0.0006666666666666666
tropicamide_lex	Chemical	0.0013333333333333333
troponin		0.0013333333333333333
trough		0.0006666666666666666
troughconcentrations		0.0006666666666666666
trp_lex	Chemical	0.0006666666666666666
true		0.0006666666666666666
trypsin		0.0006666666666666666
tryptophan_lex	Chemical	0.0013333333333333333
tspa_lex	Chemical	0.0006666666666666666
tt		0.0006666666666666666
ttc_lex	Chemical	0.0013333333333333333
tuberculosis_lex	Disease	0.004666666666666667
tuberoinfundibular		0.0006666666666666666
tubular		0.0013333333333333333
tubular_damage_lex	Disease	0.0006666666666666666
tubular_dysfunction_lex	Disease	0.0006666666666666666
tubular_injury_lex	Disease	0.0006666666666666666
tubular_lesions_lex	Disease	0.0006666666666666666
tubular_necrosis_lex	Disease	0.0013333333333333333
tubules		0.0013333333333333333
tubuli		0.0006666666666666666
tubulointerstitial_inflammation_lex	Disease	0.0006666666666666666
tubulointerstitial_injury_lex	Disease	0.0013333333333333333
tubulointerstitial_nephritis_lex	Disease	0.0006666666666666666
tubulopathies_lex	Disease	0.0006666666666666666
tumor_lex	Disease	0.009333333333333334
tumor_lysis_syndrome_lex	Disease	0.0006666666666666666
tumorigenesis		0.0006666666666666666
tumors_lex	Disease	0.004
tumour_lex	Disease	0.0006666666666666666
tumourbearing		0.0006666666666666666
tumours_lex	Disease	0.0006666666666666666
tur		0.0006666666666666666
turner_syndrome_lex	Disease	0.0006666666666666666
turnover		0.0006666666666666666
twenty-three_dideoxyinosine_lex	Chemical	0.0006666666666666666
twicedaily		0.0006666666666666666
twin		0.0006666666666666666
twitch_lex	Disease	0.0013333333333333333
txa_lex	Chemical	0.0006666666666666666
txb2_lex	Chemical	0.0006666666666666666
type		0.0013333333333333333
type2		0.0006666666666666666
type2 serotonin antagonists		0.0006666666666666666
type_b_hepatitis_lex	Disease	0.0006666666666666666
type_ii_diabetes_mellitus_lex	Disease	0.0006666666666666666
type_iv_renal_tubular_acidosis_lex	Disease	0.0006666666666666666
type_one_diabetes_lex	Disease	0.0006666666666666666
type_two_diabetes_lex	Disease	0.0013333333333333333
tyrdalaglynmepheglyol_lex	Chemical	0.0006666666666666666
udca_lex	Chemical	0.0006666666666666666
ufh_lex	Chemical	0.0006666666666666666
ufova		0.0006666666666666666
ugkg1		0.0006666666666666666
ugt		0.0006666666666666666
uh_lex	Chemical	0.0006666666666666666
ukpdrg		0.0006666666666666666
ulceration		0.0006666666666666666
ulcerative_colitis_lex	Disease	0.002
ulcerogenicity		0.0006666666666666666
ulcerous		0.0006666666666666666
ulnar		0.0013333333333333333
ultracentrifugation		0.0006666666666666666
ultrafiltration		0.0006666666666666666
ultrasonographic		0.0006666666666666666
ultrasonography		0.0006666666666666666
ultrasound		0.004
ultrastructural		0.0026666666666666666
ultrastructurally		0.0006666666666666666
ultrastructure		0.0006666666666666666
um272_lex	Chemical	0.0006666666666666666
umax		0.0006666666666666666
umb24_lex	Chemical	0.0006666666666666666
unanesthetized		0.0006666666666666666
unconsciousness_lex	Disease	0.0006666666666666666
unease		0.0006666666666666666
unenhanced		0.0006666666666666666
unfractionated_heparin_lex	Chemical	0.0006666666666666666
unfractionated_heparin_sodium_lex	Chemical	0.0006666666666666666
uni		0.0006666666666666666
unilateral		0.002
uninephrectomy		0.0006666666666666666
unipolar_depression_lex	Disease	0.0006666666666666666
unit		0.0006666666666666666
univariate		0.0006666666666666666
university		0.0006666666666666666
unresectable		0.0013333333333333333
unresponsive		0.0006666666666666666
unrestrained		0.0006666666666666666
unstable_angina_lex	Disease	0.0006666666666666666
untreated		0.0006666666666666666
updrs		0.002
upperairway_obstruction_lex	Disease	0.0006666666666666666
upperextremity_deep_venous_thrombosis_lex	Disease	0.0006666666666666666
upregulation		0.0013333333333333333
upright		0.0006666666666666666
uptake		0.0033333333333333335
upward		0.0006666666666666666
uraemia_lex	Disease	0.0006666666666666666
urban		0.0006666666666666666
urd_lex	Chemical	0.0006666666666666666
urea_lex	Chemical	0.0033333333333333335
uremia_lex	Disease	0.0006666666666666666
ureter		0.0006666666666666666
ureteral_lithiasis_lex	Disease	0.0006666666666666666
ureteric_calculi_lex	Disease	0.0006666666666666666
ureteric_cancer_lex	Disease	0.0006666666666666666
ureteric_obstruction_lex	Disease	0.0006666666666666666
ureters		0.0006666666666666666
urethane_lex	Chemical	0.002
urethra		0.0006666666666666666
uric_acid_lex	Chemical	0.0026666666666666666
uric_acid_salts_lex	Chemical	0.0006666666666666666
uridine_lex	Chemical	0.0006666666666666666
urinalysis		0.002
urinary		0.004666666666666667
urinary protein excretion		0.0006666666666666666
urinary_abnormalities_lex	Disease	0.0006666666666666666
urinary_bladder		0.0013333333333333333
urinary_bladder_cancer_lex	Disease	0.0006666666666666666
urinary_bladder_retention_lex	Disease	0.0006666666666666666
urinary_incontinence_lex	Disease	0.0006666666666666666
urinary_stress_incontinence_lex	Disease	0.0006666666666666666
urinary_tract		0.0006666666666666666
urinary_tract_cancer_lex	Disease	0.0006666666666666666
urinary_tract_infection_lex	Disease	0.0006666666666666666
urinary_tract_infections_lex	Disease	0.0006666666666666666
urinate		0.0006666666666666666
urine		0.011333333333333334
urineconcentrating		0.0006666666666666666
urodynamic		0.0006666666666666666
urolithiasis_lex	Disease	0.0006666666666666666
urologists		0.0006666666666666666
uroprophylaxis		0.0006666666666666666
urotensinii_lex	Chemical	0.0006666666666666666
urothelial_cancer_lex	Disease	0.0013333333333333333
urothelial_toxicity_lex	Disease	0.0006666666666666666
urothelium		0.0033333333333333335
urotoxic		0.0006666666666666666
urotoxicity		0.0006666666666666666
ursodeoxycholic_acid_lex	Chemical	0.0013333333333333333
urticaria_lex	Disease	0.0033333333333333335
urtication_lex	Disease	0.0006666666666666666
usage		0.0006666666666666666
use		0.004
users		0.002
uta1		0.0006666666666666666
uterine		0.0006666666666666666
uterotonic		0.0006666666666666666
uveitis_lex	Disease	0.0013333333333333333
uvspectrophotometric		0.0006666666666666666
vaccination		0.0013333333333333333
vaccine		0.0013333333333333333
vacuolar_degeneration_of_myocardial_cells_lex	Disease	0.0006666666666666666
vacuolation		0.0006666666666666666
vagal		0.0006666666666666666
vagina		0.0006666666666666666
vagotomised		0.0006666666666666666
valdecoxib_lex	Chemical	0.0006666666666666666
validation		0.0006666666666666666
validity		0.0006666666666666666
valproate_lex	Chemical	0.006666666666666667
valproic_acid_lex	Chemical	0.004666666666666667
valsartan_lex	Chemical	0.0013333333333333333
value		0.0006666666666666666
values		0.0006666666666666666
valves		0.0006666666666666666
valvular_disease_lex	Disease	0.0006666666666666666
valvular_heart_abnormalities_lex	Disease	0.0006666666666666666
valvular_heart_disease_lex	Disease	0.0026666666666666666
valvular_regurgitation_lex	Disease	0.0006666666666666666
valvulopathy_lex	Disease	0.0006666666666666666
vancomycin_lex	Chemical	0.0033333333333333335
vanishing_bile_duct_syndrome_lex	Disease	0.0006666666666666666
variant_angina_lex	Disease	0.0013333333333333333
variants		0.0013333333333333333
varidase		0.0006666666666666666
vas		0.0013333333333333333
vascular		0.004666666666666667
vascular_dysfunction_lex	Disease	0.0006666666666666666
vascular_dysfunctions_lex	Disease	0.0006666666666666666
vascular_events_lex	Disease	0.0006666666666666666
vasculature		0.002
vasculitis_lex	Disease	0.004666666666666667
vasculogenic		0.0006666666666666666
vasoactive		0.0006666666666666666
vasoconstriction		0.005333333333333333
vasoconstrictive		0.0006666666666666666
vasodepressor		0.0006666666666666666
vasodilatation		0.002
vasodilating		0.0013333333333333333
vasodilation		0.002
vasodilator		0.002
vasodilators		0.0013333333333333333
vasogenic_edema_lex	Disease	0.0013333333333333333
vasopressin_lex	Chemical	0.002
vasopressor		0.0026666666666666666
vasoreactivity		0.0006666666666666666
vasorelaxation		0.0006666666666666666
vasospasm_lex	Disease	0.002
vasovagal_syncope_lex	Disease	0.0006666666666666666
vasurix_polyvidone_lex	Chemical	0.0006666666666666666
vcug		0.0006666666666666666
vd		0.0006666666666666666
vecuronium_bromide_lex	Chemical	0.0006666666666666666
vegf		0.0013333333333333333
vegf165		0.0006666666666666666
vegfr2flk1kdr		0.0006666666666666666
vegfvpf		0.0006666666666666666
vehicle		0.004666666666666667
vein		0.0006666666666666666
velocity		0.0006666666666666666
venipuncture		0.0006666666666666666
venlafaxine_lex	Chemical	0.002
venom		0.0006666666666666666
venoocclusive_disease_of_the_liver_lex	Disease	0.0013333333333333333
venoocclusive_liver_disease_lex	Disease	0.0006666666666666666
venous		0.002
venous_complications_lex	Disease	0.0006666666666666666
venous_congestion_lex	Disease	0.0006666666666666666
venous_sinus_thrombosis_lex	Disease	0.0006666666666666666
venous_thromboembolism_lex	Disease	0.006
ventilation		0.004
ventilators		0.0006666666666666666
ventricular		0.004
ventricular_apical_ballooning_syndrome		0.0006666666666666666
ventricular_arrhythmia_lex	Disease	0.0006666666666666666
ventricular_arrhythmias_lex	Disease	0.006
ventricular_dysrhythmias_lex	Disease	0.0006666666666666666
ventricular_ectopic_beats_lex	Disease	0.0013333333333333333
ventricular_ectopy_lex	Disease	0.0006666666666666666
ventricular_fibrillation_lex	Disease	0.006666666666666667
ventricular_septal_defect_lex	Disease	0.0013333333333333333
ventricular_septal_defects_lex	Disease	0.0013333333333333333
ventricular_tachyarrhythmia_lex	Disease	0.0006666666666666666
ventricular_tachyarrhythmias_lex	Disease	0.002
ventricular_tachycardia_lex	Disease	0.011333333333333334
ventricular_tachycardias_lex	Disease	0.0006666666666666666
ventricularly		0.0006666666666666666
ventrolateral		0.0013333333333333333
venules		0.0006666666666666666
veralipride_lex	Chemical	0.0006666666666666666
verapamil_lex	Chemical	0.009333333333333334
veratridine_lex	Chemical	0.0006666666666666666
vertex		0.0006666666666666666
vertigo_lex	Disease	0.0006666666666666666
verylowbirthweight		0.0006666666666666666
vesicoprostatic		0.0006666666666666666
vesiculated		0.0006666666666666666
vessel		0.0006666666666666666
vessel_rupture_lex	Disease	0.0006666666666666666
vessels		0.002
vestibular		0.0006666666666666666
vestibulotoxicity_lex	Disease	0.0006666666666666666
vgpr		0.0006666666666666666
videofluoroscopy		0.0006666666666666666
videooculography		0.0006666666666666666
vigabatrin_lex	Chemical	0.004
vigilance		0.0006666666666666666
vinca_alkaloid_lex	Chemical	0.0006666666666666666
vincristine_lex	Chemical	0.004666666666666667
vincristine_sulfate_lex	Chemical	0.0006666666666666666
vinculin		0.0006666666666666666
vindesine_lex	Chemical	0.0006666666666666666
vinorelbine_lex	Chemical	0.002
violent_behavior_lex	Disease	0.0006666666666666666
vip		0.002
viracept_lex	Chemical	0.0006666666666666666
viral		0.0013333333333333333
viral_hepatitis_lex	Disease	0.0013333333333333333
viral_infection_lex	Disease	0.0006666666666666666
virallike		0.0006666666666666666
viramidine_lex	Chemical	0.0006666666666666666
viremia_lex	Disease	0.0006666666666666666
virility		0.0006666666666666666
virus		0.0013333333333333333
visceral		0.0006666666666666666
visceral_pain_lex	Disease	0.0006666666666666666
viscosity		0.0006666666666666666
vision		0.0013333333333333333
visual		0.0013333333333333333
visual_acuity		0.0006666666666666666
visual_deficits_lex	Disease	0.0006666666666666666
visual_disturbance_lex	Disease	0.0013333333333333333
visual_disturbances_lex	Disease	0.0006666666666666666
visual_field		0.0006666666666666666
visual_field_abnormalities_lex	Disease	0.0006666666666666666
visual_field_constriction_lex	Disease	0.0006666666666666666
visual_field_defects_lex	Disease	0.0013333333333333333
visual_field_loss_lex	Disease	0.0013333333333333333
visual_hallucinations_lex	Disease	0.0026666666666666666
visual_halos_or_blurring_lex	Disease	0.0006666666666666666
visual_impairment_lex	Disease	0.0006666666666666666
visual_loss_lex	Disease	0.0026666666666666666
visual_toxicity_lex	Disease	0.0006666666666666666
vitamin_a_lex	Chemical	0.0006666666666666666
vitamin_b12_lex	Chemical	0.0006666666666666666
vitamin_b6_lex	Chemical	0.0006666666666666666
vitamin_c_lex	Chemical	0.002
vitamin_d_lex	Chemical	0.0026666666666666666
vitamin_d2_lex	Chemical	0.0006666666666666666
vitamin_d3_lex	Chemical	0.0006666666666666666
vitamin_e_lex	Chemical	0.0033333333333333335
vitro		0.0006666666666666666
vldl		0.0013333333333333333
vmax		0.0006666666666666666
vocabulary		0.0013333333333333333
vocal_cord_paralysis_lex	Disease	0.0006666666666666666
vocal_fold_palsy_lex	Disease	0.0006666666666666666
vocalization		0.0006666666666666666
void		0.0006666666666666666
voltage		0.0006666666666666666
volume		0.006
volume_retention_lex	Disease	0.0006666666666666666
volumetric		0.0006666666666666666
volunteer		0.0006666666666666666
volunteers		0.006
vomiting_lex	Disease	0.013333333333333334
vomitus_lex	Disease	0.0006666666666666666
vp16213_lex	Chemical	0.0006666666666666666
vpa_lex	Chemical	0.004
vpu_lex	Chemical	0.0006666666666666666
vsd_lex	Disease	0.0013333333333333333
vt_lex	Disease	0.0006666666666666666
vtd		0.0006666666666666666
vte_lex	Disease	0.0013333333333333333
vulnerability		0.0006666666666666666
wakefulness		0.0006666666666666666
waldenstrom_macroglobulinaemia_lex	Disease	0.0006666666666666666
walk		0.0006666666666666666
wall		0.0006666666666666666
warfarin_lex	Chemical	0.011333333333333334
warmth		0.0006666666666666666
washout		0.0013333333333333333
water_intoxication_lex	Disease	0.0006666666666666666
waveform		0.0006666666666666666
wavefronts		0.0006666666666666666
waves		0.0013333333333333333
wds		0.0006666666666666666
weakness_lex	Disease	0.004666666666666667
weakness_of_extremities_lex	Disease	0.0006666666666666666
weakness_of_the_central_nervous_system_lex	Disease	0.0006666666666666666
weanling		0.0006666666666666666
wearingoff		0.0006666666666666666
webster		0.0006666666666666666
week		0.0006666666666666666
weeks		0.0006666666666666666
wegeners_granulomatosis_lex	Disease	0.0013333333333333333
weight		0.0033333333333333335
weight_gain_lex	Disease	0.0033333333333333335
weight_loss_lex	Disease	0.0033333333333333335
weightcontrol		0.0006666666666666666
wernickekorsakoff_syndrome_lex	Disease	0.0006666666666666666
wernickes_encephalopathy_lex	Disease	0.0006666666666666666
wheezing_lex	Disease	0.0006666666666666666
white_matter_abnormalities_lex	Disease	0.0013333333333333333
white_matter_edema_lex	Disease	0.0006666666666666666
whitecell		0.0006666666666666666
wildtype		0.002
wilms_tumor_lex	Disease	0.0006666666666666666
wilsons_disease_lex	Disease	0.0013333333333333333
wistar		0.009333333333333334
withdrawal		0.011333333333333334
wolffparkinsonwhite_syndrome_lex	Disease	0.0013333333333333333
woman		0.006
womanyears		0.0013333333333333333
women		0.008
woolf		0.0006666666666666666
word_fluency		0.0006666666666666666
word_recall		0.0006666666666666666
working_memory		0.0006666666666666666
woven_osteoid_lex	Disease	0.0006666666666666666
wpw_syndrome_lex	Disease	0.0006666666666666666
wr242511_lex	Chemical	0.0006666666666666666
wr2721_lex	Chemical	0.0006666666666666666
writhing_lex	Disease	0.0006666666666666666
wt		0.0006666666666666666
xdrtb_lex	Disease	0.0006666666666666666
xenobiotic		0.0006666666666666666
xerostomia_lex	Disease	0.0006666666666666666
ximelagatran_lex	Chemical	0.0006666666666666666
xray		0.0013333333333333333
xylazine_lex	Chemical	0.0006666666666666666
xylometazoline_lex	Chemical	0.0006666666666666666
yawning		0.0006666666666666666
years		0.0006666666666666666
ymaze		0.0013333333333333333
yohimbine_lex	Chemical	0.0026666666666666666
young		0.0006666666666666666
zidovudine_lex	Chemical	0.005333333333333333
zinc_lex	Chemical	0.0006666666666666666
zinc_acetate_lex	Chemical	0.0006666666666666666
ziprasidone_lex	Chemical	0.0013333333333333333
znso4_lex	Chemical	0.0006666666666666666
zo1		0.0006666666666666666
zollingerellison_syndrome_lex	Disease	0.0006666666666666666
zolmitriptan_lex	Chemical	0.0006666666666666666
zonisamide_lex	Chemical	0.0013333333333333333
zopiclone_lex	Chemical	0.0006666666666666666
zuclopenthixol_lex	Chemical	0.0006666666666666666
zyban_lex	Chemical	0.0006666666666666666
zymosan		0.0006666666666666666
nalozone_lex	Chemical	0.0
3hdihydroergocryptine_lex	Chemical	0.0
tetanus_lex	Disease	0.0
li_lex	Chemical	0.0
a_loss_of_visual_acuity_lex	Disease	0.0
disorder_of_neuromuscular_transmission_lex	Disease	0.0
caa_lex	Chemical	0.0
amca_lex	Chemical	0.0
reductions_in_mean_arterial_blood_pressure_lex	Disease	0.0
increase_in_heart_rate_and_cardiac_output_lex	Disease	0.0
actomycind_lex	Chemical	0.0
embolism_lex	Disease	0.0
sexual_dysfunctions_lex	Disease	0.0
cancers_lex	Disease	0.0
pentose_phosphate_lex	Chemical	0.0
av_block_lex	Disease	0.0
sporotrichosis_lex	Disease	0.0
neuropathies_lex	Disease	0.0
depressive_disorder_lex	Disease	0.0
impaired_immediate_free_recall_lex	Disease	0.0
delayed_free_recall_was_also_impaired_lex	Disease	0.0
des_lex	Chemical	0.0
phophorylcreatine_lex	Chemical	0.0
creatine_lex	Chemical	0.0
excessive_flexion_or_extension_of_one_or_more_toes_lex	Disease	0.0
pge1_lex	Chemical	0.0
injury_in_the_cortex_lex	Disease	0.0
infarcts_in_substantia_nigra_pars_reticulata_lex	Disease	0.0
traumatic_lex	Disease	0.0
beta_lactam_lex	Chemical	0.0
tet_lex	Chemical	0.0
fan_lex	Chemical	0.0
ep_lex	Chemical	0.0
platelet_aggregations_lex	Disease	0.0
vnb_lex	Chemical	0.0
gem_lex	Chemical	0.0
calcification_of_the_artery_lex	Disease	0.0
vitamin_k_lex	Chemical	0.0
gammacarboxylated_lex	Chemical	0.0
dsmiv_bipolar_i_lex	Disease	0.0
serotonin_reuptake_inhibitors_lex	Chemical	0.0
retention_of_urine_lex	Disease	0.0
la_lex	Chemical	0.0
oralcontraceptive_lex	Chemical	0.0
oral_contraceptive_lex	Chemical	0.0
gr_fifty-five thousand, five hundred and sixty-two_lex	Chemical	0.0
cp_ninety-three thousand, one hundred and twenty-nine_lex	Chemical	0.0
migraineurs_without_aura_lex	Disease	0.0
uii_lex	Chemical	0.0
impaired_social_and_emotional_judgement_processes_lex	Disease	0.0
citrate_lex	Chemical	0.0
can_lex	Disease	0.0
renal_cell_carsinom_lex	Disease	0.0
bzds_lex	Chemical	0.0
cc_lex	Chemical	0.0
nin_lex	Disease	0.0
gastric_hemorrhagic_lex	Disease	0.0
ulcers_lex	Disease	0.0
atherosclerotic_lex	Disease	0.0
ulcer_lex	Disease	0.0
k_lex	Chemical	0.0
hitt_lex	Disease	0.0
alf_lex	Disease	0.0
hepatitis_e_lex	Disease	0.0
central_nervous_system_complications_lex	Disease	0.0
all_lex	Disease	0.0
inappropriate_antidiuretic_hormone_secretion_lex	Disease	0.0
parkinsonian_catalepsy_lex	Disease	0.0
depressions_lex	Disease	0.0
decrease_in_arterial_blood_pressure_lex	Disease	0.0
decreased_cardiac_output_lex	Disease	0.0
decreases_in_arterial_blood_pressure_lex	Disease	0.0
ipratropium_lex	Chemical	0.0
voltarol_lex	Chemical	0.0
sulfonylurea_lex	Chemical	0.0
acute_hepatitislike_illness_lex	Disease	0.0
hem_lex	Disease	0.0
hypovolemia_lex	Disease	0.0
cerebral_aneurysm_lex	Disease	0.0
xenon_lex	Chemical	0.0
hg_lex	Chemical	0.0
carcinoma_of_the_oral_cavity_lex	Disease	0.0
absent_kidneys_and_ureters_lex	Disease	0.0
increase_in_blood_pressure_lex	Disease	0.0
zdv_lex	Chemical	0.0
human_immunodeficiency_virus_hivinfected_lex	Disease	0.0
dihydrouracil_lex	Chemical	0.0
ax_lex	Chemical	0.0
bpopll_lex	Chemical	0.0
pg_lex	Chemical	0.0
amp_lex	Chemical	0.0
bpo_lex	Chemical	0.0
mdm_lex	Disease	0.0
ng_lex	Chemical	0.0
cognitive_and_functional_deficits_lex	Disease	0.0
cognitive_and_functional_impairments_lex	Disease	0.0
cognitive_motivational_or_creative_deficits_lex	Disease	0.0
mfl_lex	Chemical	0.0
impaired_heart_function_lex	Disease	0.0
incomprehensible_shouts_lex	Disease	0.0
iga_nephropathy_lex	Disease	0.0
oc_lex	Chemical	0.0
disorders_of_the_central_nervous_system_lex	Disease	0.0
tg_lex	Disease	0.0
kidney_diseases_lex	Disease	0.0
bd1008_lex	Chemical	0.0
oligodeoxynucleotide_lex	Chemical	0.0
3s1234dichlorophenylethyl14diazabicyclo430nonane_lex	Chemical	0.0
1234dichlorophenylethyl4methylpiperazine_lex	Chemical	0.0
3r1234dichlorophenylethyl14diazabicyclo430nonane_lex	Chemical	0.0
e4031_lex	Chemical	0.0
vincristin_lex	Chemical	0.0
convulsants_lex	Disease	0.0
elevated_blood_pressures_lex	Disease	0.0
ee_lex	Chemical	0.0
coccidioidomycosis_lex	Disease	0.0
op_lex	Chemical	0.0
ops_lex	Chemical	0.0
imidazoline_lex	Chemical	0.0
a_reduced_locomotor_activity_lex	Disease	0.0
tcr_lex	Chemical	0.0
alcoholic_extract_of_the_berries_of_hawthorn_lex	Chemical	0.0
raloxifene_hydrochloride_lex	Chemical	0.0
extract_of_daucus_carota_seeds_lex	Chemical	0.0
dce_lex	Chemical	0.0
daucus_carota_extract_lex	Chemical	0.0
radiculopathy_lex	Disease	0.0
cyclic_nucleotide_lex	Chemical	0.0
decreases_of_teoaes_amplitudes_lex	Disease	0.0
deficits_in_communication_and_social_skills_lex	Disease	0.0
autism_spectrum_disorders_lex	Disease	0.0
impaired_word_fluency_psychomotor_speed_and_working_memory_lex	Disease	0.0
adhd_lex	Disease	0.0
nonhodgkin_lymphomas_lex	Disease	0.0
lymphomas_lex	Disease	0.0
iso_lex	Chemical	0.0
ca_lex	Chemical	0.0
chc_lex	Disease	0.0
restricted_right_eye_movement_lex	Disease	0.0
pegylated_ifn_alpha2b_lex	Chemical	0.0
ifn_lex	Chemical	0.0
reduces_frontal_lobe_oxygenation_lex	Disease	0.0
ocd_lex	Disease	0.0
hus_lex	Disease	0.0
malignant_mesenchymal_tumor_lex	Disease	0.0
ifosfamide_vincristine_and_dactinomycin_lex	Chemical	0.0
iva_lex	Chemical	0.0
renal_abnormalities_lex	Disease	0.0
fanconis_syndrome_lex	Disease	0.0
tdfs_lex	Disease	0.0
mesenchymal_tumors_lex	Disease	0.0
increase_in_locomotor_activity_lex	Disease	0.0
sch_twenty-three thousand, three hundred and ninety_lex	Chemical	0.0
skf_thirty-eight thousand, three hundred and ninety-three_lex	Chemical	0.0
malaria_lex	Disease	0.0
thallium_lex	Chemical	0.0
methylxanthines_lex	Chemical	0.0
pentoxyifylline_lex	Chemical	0.0
iron_lex	Chemical	0.0
abnormal_audiograms_with_deficits_mostly_in_the_high_frequency_range_of_four thousand_to_eight thousand_hz_lex	Disease	0.0
n_ndiisopropylphosphorodiamidofluoridate_lex	Chemical	0.0
cord_damage_lex	Disease	0.0
isoproterenols_lex	Chemical	0.0
polyethylene_glycol_four hundred_lex	Chemical	0.0
peg_four hundred_lex	Chemical	0.0
13bis2chloroethyl1nitrosourea_lex	Chemical	0.0
sodium_chloride_lex	Chemical	0.0
cirrhosis_of_the_liver_lex	Disease	0.0
dup_seven hundred and fifty-three_lex	Chemical	0.0
gallstones_lex	Disease	0.0
streptococcal_endophthalmitis_lex	Disease	0.0
ischaemia_lex	Disease	0.0
hcfcs_lex	Chemical	0.0
cfcs_lex	Chemical	0.0
hcfc_one hundred and twenty-three_lex	Chemical	0.0
hcfc_one hundred and twenty-four_lex	Chemical	0.0
1bromo1chloro222trifluoroethane_lex	Chemical	0.0
vanishing_bile_duct_lex	Disease	0.0
stevensjohnson_syndromes_lex	Disease	0.0
appetite_suppressant_lex	Chemical	0.0
appetitesuppressants_lex	Chemical	0.0
movement_abnormalities_lex	Disease	0.0
mood_disorders_lex	Disease	0.0
cimd_lex	Disease	0.0
tam_lex	Chemical	0.0
alphat_lex	Chemical	0.0
alphatac_lex	Chemical	0.0
tocopherols_lex	Chemical	0.0
gspe_lex	Chemical	0.0
aap_lex	Chemical	0.0
tissue_damage_lex	Disease	0.0
constipating_lex	Disease	0.0
charcoal_lex	Chemical	0.0
ifx_lex	Chemical	0.0
gvg_lex	Chemical	0.0
vfd_lex	Disease	0.0
silver_lex	Chemical	0.0
increases_in_dural_and_cortical_blood_flow_lex	Disease	0.0
increases_in_dural_blood_flow_lex	Disease	0.0
cerebral_haemorrhages_lex	Disease	0.0
postoperative_emetic_symptoms_lex	Disease	0.0
hepatitis_b_virus_hbv_infected_lex	Disease	0.0
human_immunodeficiency_virus_hiv_coinfection_lex	Disease	0.0
hbv_infected_lex	Disease	0.0
hbv_monoinfected_lex	Disease	0.0
tyrosine_lex	Chemical	0.0
sirolmus_lex	Chemical	0.0
angiotensinreleasing_blocker_lex	Chemical	0.0
acei_lex	Chemical	0.0
npyrimidinyl2phenoxyacetamide_lex	Chemical	0.0
valvular_heart_abnormality_lex	Disease	0.0
valve_regurgitation_lex	Disease	0.0
adverse_effect_on_the_proximal_eighth_nerve_lex	Disease	0.0
bisphosphonate_lex	Chemical	0.0
alendronate_sodium_lex	Chemical	0.0
psychotic_lex	Disease	0.0
heart_block_lex	Disease	0.0
xanthine_lex	Chemical	0.0
ht_lex	Disease	0.0
urate_lex	Chemical	0.0
increased_sbp_lex	Disease	0.0
decreased_thymus_p_one_and_bodyweights_lex	Disease	0.0
serotonin_5ht2_lex	Chemical	0.0
simvastatin_ten_mgezetimibe_forty_mg_lex	Chemical	0.0
uridine_diphosphate_lex	Chemical	0.0
carious_episodes_lex	Disease	0.0
methamphetamines_lex	Chemical	0.0
dopaminergic_terminal_damage_lex	Disease	0.0
clumsiness_lex	Disease	0.0
abnormal_liver_function_lex	Disease	0.0
airway_obstruction_lex	Disease	0.0
reduced_the_supine_systolic_and_diastolic_blood_pressures_lex	Disease	0.0
aldehyde_lex	Chemical	0.0
tri_lex	Chemical	0.0
neuromuscular_disorders_lex	Disease	0.0
calculus_lex	Disease	0.0
84aminolmethylbutylamino_5lhexyloxy6methoxy4methylquinoline_lex	Chemical	0.0
nndimethylpropranolol_lex	Chemical	0.0
haemolysis_lex	Disease	0.0
combination_of_amoxicillin_and_clavulanic_acid_lex	Chemical	0.0
aneurysms_lex	Disease	0.0
aneurysmal_rupture_lex	Disease	0.0
absence_seizure_lex	Disease	0.0
initiation_induced_by_carcinogens_lex	Disease	0.0
initiation_of_carcinogenic_process_lex	Disease	0.0
12dmh_lex	Chemical	0.0
3h5azadeoxycytidine_lex	Chemical	0.0
rs_lex	Disease	0.0
tc99msestamibi_lex	Chemical	0.0
alanine_lex	Chemical	0.0
ocular_hypotensive_lex	Disease	0.0
decreases_in_systolic_blood_pressure_lex	Disease	0.0
entropion_lex	Disease	0.0
mexitilperlongets_lex	Chemical	0.0
ro_four hundred and five thousand, nine hundred and sixty-seven_lex	Chemical	0.0
hepatitis_b_virus_e_antigen_lex	Chemical	0.0
lam_lex	Chemical	0.0
nucleotide_lex	Chemical	0.0
o2_lex	Chemical	0.0
ato_lex	Chemical	0.0
hiphisleu_lex	Chemical	0.0
2methyl6phenylethynylpyridine_lex	Chemical	0.0
cinacalcet_lex	Chemical	0.0
thalassemic_lex	Disease	0.0
inferior_colliculus_lesions_lex	Disease	0.0
callosal_lesion_lex	Disease	0.0
cerebellar_disorders_lex	Disease	0.0
dpen_lex	Chemical	0.0
birth_defect_lex	Disease	0.0
head_and_neck_carcinomas_lex	Disease	0.0
gammahch_lex	Chemical	0.0
tbutyl_bicycloorthobenzoate_lex	Chemical	0.0
glioblastomas_lex	Disease	0.0
malignant_tumor_lex	Disease	0.0
retinal_detachment_lex	Disease	0.0
amsacrine_lex	Chemical	0.0
ci921_lex	Chemical	0.0
nsc_three hundred and forty-three thousand, four hundred and ninety-nine_lex	Chemical	0.0
92methoxy4methylsulphonylaminophenylamino_n5dimethyl_4acridinecarboxamide_lex	Chemical	0.0
undifferentiated_carcinoma_lex	Disease	0.0
squamous_cell_carcinoma_lex	Disease	0.0
cefonicid_lex	Chemical	0.0
cefazedone_lex	Chemical	0.0
behavioral_deterioration_lex	Disease	0.0
five_two_four_three_fluorobenzylidene_piperidin1yl_ethyl_four_4fluorophenyl_thiazole2carboxamide_lex	Chemical	0.0
lupus_lex	Disease	0.0
carbidopa_lex	Chemical	0.0
comatose_lex	Disease	0.0
stuporous_lex	Disease	0.0
withdrawal_symptoms_lex	Disease	0.0
mitochondrial_cytopathy_lex	Disease	0.0
thp_lex	Chemical	0.0
platypneaorthodeoxialike_syndrome_lex	Disease	0.0
contracture_lex	Disease	0.0
nerve_entrapment_lex	Disease	0.0
memory_impaired_lex	Disease	0.0
3benzenesulfonyl74methylpiperazin1yl1hindole_lex	Chemical	0.0
memory_deficit_lex	Disease	0.0
55dimethyl33fluorophenyl44methylsulphonyl_phenyl25hfuranon_lex	Chemical	0.0
increase_of_external_and_skeletal_variations_lex	Disease	0.0
3alphahydroxy5alphapregnan20one_lex	Chemical	0.0
3alphahydroxy5betapregnan20one_lex	Chemical	0.0
3alphahydroxy3betamethyl5alphapregnan20one_lex	Chemical	0.0
impaired_blood_clotting_lex	Disease	0.0
impairment_of_hepatic_function_lex	Disease	0.0
srs_lex	Disease	0.0
upper_respiratory_tract_infection_lex	Disease	0.0
cr_lex	Chemical	0.0
thiazide_lex	Chemical	0.0
reduction_in_blood_pressure_lex	Disease	0.0
bp_reduction_lex	Disease	0.0
dbp_reduction_lex	Disease	0.0
tnss_lex	Disease	0.0
gall_stone_lex	Disease	0.0
gall_stone_disease_lex	Disease	0.0
be_lex	Chemical	0.0
3sr4ars6sr8ars6phosphonomethyldecahydr_oisoquinoline3_carboxylic_acid_lex	Chemical	0.0
ribonucleic_acid_lex	Chemical	0.0
injury_to_the_brain_lex	Disease	0.0
increases_in_blood_pressure_lex	Disease	0.0
exencephalic_lex	Disease	0.0
amantadine_lex	Chemical	0.0
amines_lex	Chemical	0.0
suppression_of_motility_lex	Disease	0.0
proteus_mirabilis_infection_lex	Disease	0.0
acute_cardiovascular_failure_lex	Disease	0.0
arag_lex	Chemical	0.0
vp_lex	Chemical	0.0
cpm_lex	Chemical	0.0
lymphadenitis_lex	Disease	0.0
massive_hepatocellular_necrosis_lex	Disease	0.0
hoe_one hundred and forty_lex	Chemical	0.0
des_arg10_hoe_one hundred and forty_lex	Chemical	0.0
diabetic_hyperalgesia_lex	Disease	0.0
desarg10hoe_one hundred and forty_lex	Chemical	0.0
chronically_infected_with_hepatitis_c_virus_lex	Disease	0.0
cocaine_addiction_lex	Disease	0.0
three_alphatropyl_2pbromophenylpropionate_lex	Chemical	0.0
3aminopropyldiethoxymethylphosphinic_acid_lex	Chemical	0.0
2methoxy4amino5chlorobenzoic_acid_2diethylaminoethyl_ester_lex	Chemical	0.0
5hydroxytryptamin1a_lex	Chemical	0.0
12methoxyphenyl442phthalimidobutylpiperazine_lex	Chemical	0.0
pcholoroaniline_lex	Chemical	0.0
chlorhexidinedigluconate_lex	Chemical	0.0
povidoneiodine_lex	Chemical	0.0
impairment_of_learning_and_memory_lex	Disease	0.0
propylthio_uracil_lex	Chemical	0.0
pentylenetetrezol_lex	Chemical	0.0
acc9089_lex	Chemical	0.0
fr_one hundred and thirty-nine thousand, three hundred and seventeen_lex	Chemical	0.0
sd_lex	Disease	0.0
hbv_infection_lex	Disease	0.0
lamivudin_lex	Chemical	0.0
impairment_of_learning_lex	Disease	0.0
rg1_lex	Chemical	0.0
ginsenoside_lex	Chemical	0.0
td_lex	Disease	0.0
orofacial_diskinesia_lex	Disease	0.0
gm_lex	Chemical	0.0
glomerular_injury_lex	Disease	0.0
nh3_lex	Chemical	0.0
ra_lex	Chemical	0.0
bha_lex	Chemical	0.0
adenomas_lex	Disease	0.0
acute_liver_injury_lex	Disease	0.0
bupropion_hcl_lex	Chemical	0.0
penicilling_potassium_lex	Chemical	0.0
inability_to_repeat_words_lex	Disease	0.0
glomerular_and_lateonset_tubular_lesions_lex	Disease	0.0
glomerular_and_tubular_injury_lex	Disease	0.0
glomerular_and_tubular_lesions_lex	Disease	0.0
amphotercin_b_lex	Chemical	0.0
tobramicyn_lex	Chemical	0.0
decreased_auditory_function_lex	Disease	0.0
tle_lex	Disease	0.0
pilo_lex	Chemical	0.0
elevated_intraocular_pressure_lex	Disease	0.0
iop_rise_lex	Disease	0.0
tonicclonic_seizure_lex	Disease	0.0
venous_thrombosis_lex	Disease	0.0
deep_venous_thrombosis_lex	Disease	0.0
coronary_stenoses_lex	Disease	0.0
hyperemic_lex	Disease	0.0
renal_function_significantly_deteriorated_lex	Disease	0.0
rupture_lex	Disease	0.0
gvhd_lex	Disease	0.0
mds_lex	Disease	0.0
aml_lex	Disease	0.0
sos_lex	Disease	0.0
menstrual_disorders_lex	Disease	0.0
gliomas_lex	Disease	0.0
glioma_lex	Disease	0.0
sinusitis_lex	Disease	0.0
bpt_lex	Chemical	0.0
clz_lex	Chemical	0.0
thrombotic_cardiovascular_lex	Disease	0.0
gi_aes_lex	Disease	0.0
qtp_lex	Chemical	0.0
dvp_lex	Chemical	0.0
increase_in_map_lex	Disease	0.0
00diisopropyl_phosphorofluoridate_lex	Chemical	0.0
organophosphorous_lex	Chemical	0.0
impairment_in_auditory_discrimination_lex	Disease	0.0
choreoathetoid_lex	Disease	0.0
incoordination_lex	Disease	0.0
cin_lex	Disease	0.0
congenital_heart_diseases_lex	Disease	0.0
emb_lex	Chemical	0.0
optic_neuropathies_lex	Disease	0.0
sexually_dysfunctional_lex	Disease	0.0
6chloro78dihydroxy3allyl1phenyl2345tetrahydro1h3benzaze_pine_hydrobromide_lex	Chemical	0.0
1r_3s_31admantyl1aminomethyl34dihydro56dihydroxy1h2benzo_pyran_hydrochloride_lex	Chemical	0.0
1methyl4phenyl1236tetrahydropyridine_lex	Chemical	0.0
5ar11bs455a6711bhexahydro2propyl3thia5_azacyclopent1_enacphenathrene910diol_lex	Chemical	0.0
4artrans44a56788a9odihydro5npropyl2hpyrazo_lo34quinoline_hydrochloride_lex	Chemical	0.0
nimo_lex	Chemical	0.0
ntg_lex	Chemical	0.0
ob_lex	Disease	0.0
dimethyl_sulphoxide_lex	Chemical	0.0
ad_lex	Disease	0.0
47dihydroxyisoflavone_lex	Chemical	0.0
migraineurs_lex	Disease	0.0
breastcancer_lex	Disease	0.0
crack_lex	Chemical	0.0
reye_lex	Disease	0.0
saxitoxin_lex	Chemical	0.0
stx_lex	Chemical	0.0
painintolerant_lex	Disease	0.0
increased_cardiac_output_lex	Disease	0.0
rise_in_resting_blood_pressure_lex	Disease	0.0
acute_declines_in_renal_function_lex	Disease	0.0
azole_lex	Chemical	0.0
insulindependent_diabetes_mellitus_lex	Disease	0.0
iddm_lex	Disease	0.0
gi_toxicity_lex	Disease	0.0
posttransplant_lmphoproliferate_disease_lex	Disease	0.0
fluorthyl_lex	Chemical	0.0
24dienevpa_lex	Chemical	0.0
isosorbide_lex	Chemical	0.0
nitrate_lex	Chemical	0.0
cq_lex	Chemical	0.0
affection_of_the_musculoskeletal_system_lex	Disease	0.0
guanosine_lex	Chemical	0.0
infection_with_hemorrhagic_fever_viruses_lex	Disease	0.0
adenovirus_infection_lex	Disease	0.0
progressive_renal_failure_lex	Disease	0.0
immunodeficiency_lex	Disease	0.0
cerebrovascular_accidents_lex	Disease	0.0
lesions_within_the_subcortical_white_matter_lex	Disease	0.0
cytotoxic_oedema_within_cerebral_white_matter_lex	Disease	0.0
infected_with_hepatitis_c_virus_lex	Disease	0.0
interferonalpha_lex	Chemical	0.0
hypercalcaemia_lex	Disease	0.0
ndnmbas_lex	Chemical	0.0
vecuronium_lex	Chemical	0.0
loss_of_thick_myosin_filaments_lex	Disease	0.0
pathology_at_both_the_neuromuscular_junction_lex	Disease	0.0
prostaglandin_pg_e2_lex	Chemical	0.0
rp_sixty-seven thousand, five hundred and eighty_lex	Chemical	0.0
sr_forty-eight thousand, nine hundred and sixty-eight_lex	Chemical	0.0
hctc_lex	Chemical	0.0
hctz_lex	Chemical	0.0
infection_by_hepatitis_b_virus_lex	Disease	0.0
siat_lex	Disease	0.0
kidney_dysfunction_lex	Disease	0.0
hip_fracture_lex	Disease	0.0
mental_disorders_lex	Disease	0.0
anxious_behaviour_lex	Disease	0.0
cardiac_and_skeletal_myopathies_lex	Disease	0.0
cardiac_dilation_lex	Disease	0.0
disorder_of_amino_acid_metabolism_lex	Disease	0.0
glomerular_diseases_lex	Disease	0.0
rapa_lex	Chemical	0.0
aphtous_ulcers_lex	Disease	0.0
structural_and_functional_impairment_of_mitochondria_lex	Disease	0.0
cardiovascular_arrhythmias_lex	Disease	0.0
bone_tumor_lex	Disease	0.0
bone_tumors_lex	Disease	0.0
ventricular_dilation_lex	Disease	0.0
glutamic_acid_lex	Chemical	0.0
impairment_of_renal_reabsorption_lex	Disease	0.0
gyki41_nine hundred_lex	Chemical	0.0
oral_contraception_lex	Chemical	0.0
purpuric_lesions_lex	Disease	0.0
jaw_of_steel_lex	Disease	0.0
neurological_dysfunction_lex	Disease	0.0
ventricular_septal_rupture_lex	Disease	0.0
septal_rupture_lex	Disease	0.0
aluminum_lex	Chemical	0.0
cyanoacrylate_lex	Chemical	0.0
decrease_in_sexual_desire_lex	Disease	0.0
aminonucleoside_lex	Chemical	0.0
rotation_lex	Disease	0.0
immunodeficient_lex	Disease	0.0
3azido3dideoxythymidine_lex	Chemical	0.0
myocardial_impairment_lex	Disease	0.0
vacuolar_degeneration_lex	Disease	0.0
dm_lex	Disease	0.0
fatiguability_lex	Disease	0.0
blind_lex	Disease	0.0
low_bone_turnover_lex	Disease	0.0
suppression_of_bone_turnover_lex	Disease	0.0
oct_lex	Chemical	0.0
vf_lex	Disease	0.0
nahco3_lex	Chemical	0.0
mellaril_lex	Chemical	0.0
thioridazine_lex	Chemical	0.0
carotenoids_lex	Chemical	0.0
crocins_lex	Chemical	0.0
eruptions_lex	Disease	0.0
damage_of_neuronal_cells_lex	Disease	0.0
arrhythmic_lex	Disease	0.0
scotomata_lex	Disease	0.0
injury_to_different_regions_of_the_kidney_lex	Disease	0.0
acute_experimental_models_of_renal_damage_lex	Disease	0.0
excretion_of_proteins_lex	Disease	0.0
coronary_thrombosis_lex	Disease	0.0
bronchopneumonia_lex	Disease	0.0
loss_of_central_visual_acuity_colour_vision_ishihara_and_visual_field_lex	Disease	0.0
loss_of_visual_function_lex	Disease	0.0
myelodysplastic_lex	Disease	0.0
polyadpribose_lex	Chemical	0.0
liver_injuries_lex	Disease	0.0
oxaloacetate_lex	Chemical	0.0
pyruvate_lex	Chemical	0.0
naa_lex	Chemical	0.0
renografin_lex	Chemical	0.0
hypaque_lex	Chemical	0.0
growth_impairment_lex	Disease	0.0
reduced_cerebellar_growth_lex	Disease	0.0
decreased_cranial_to_body_growth_lex	Disease	0.0
dry_month_lex	Disease	0.0
neurovascular_complications_lex	Disease	0.0
gastric_lymphoma_lex	Disease	0.0
renal_cell_cancer_lex	Disease	0.0
tensiontype_headache_lex	Disease	0.0
anginal_lex	Disease	0.0
valvular_abnormalities_lex	Disease	0.0
phentermine_lex	Chemical	0.0
peripheral_nervous_system_damage_lex	Disease	0.0
endometrial_cancers_lex	Disease	0.0
granulosa_cell_tumors_lex	Disease	0.0
vein_thrombosis_lex	Disease	0.0
prostaglandin_e_lex	Chemical	0.0
neurotoxic_lesions_lex	Disease	0.0
impaired_memory_functioning_lex	Disease	0.0
coc_lex	Chemical	0.0
nnitrosodimethylamine_lex	Chemical	0.0
ndma_lex	Chemical	0.0
mc_lex	Chemical	0.0
painful_lex	Disease	0.0
benzisoxazole_lex	Chemical	0.0
ns_lex	Disease	0.0
bladder_tumor_lex	Disease	0.0
leg_andor_back_pain_lex	Disease	0.0
hypertensives_lex	Disease	0.0
hallucinatory_lex	Disease	0.0
urea_nitrogen_lex	Chemical	0.0
paralyzed_lex	Disease	0.0
ldopabenserazide_lex	Chemical	0.0
5mdot_lex	Chemical	0.0
12chloroethyl3cyclohexyl1nitrosourea_lex	Chemical	0.0
cb_three thousand, seven hundred and seventeen_lex	Chemical	0.0
procyclindine_lex	Chemical	0.0
ma_lex	Chemical	0.0
alphatc_lex	Chemical	0.0
hc_lex	Disease	0.0
ifs_lex	Chemical	0.0
apomophine_lex	Chemical	0.0
tardive_dsykinesia_lex	Disease	0.0
m_lex	Chemical	0.0
reduction_of_food_intake_lex	Disease	0.0
loss_in_body_weight_lex	Disease	0.0
ddathf_lex	Chemical	0.0
glycinamide_ribonucleotide_lex	Chemical	0.0
dser2leuenkephalinthr_lex	Chemical	0.0
ag_lex	Chemical	0.0
carteolol_lex	Chemical	0.0
rpgn_lex	Disease	0.0
scotoma_lex	Disease	0.0
12phenethyl42pyridylpiperazine_lex	Chemical	0.0
3alphatropanyl24chorophenoxybutyrate_lex	Chemical	0.0
tonicclonic_convulsions_lex	Disease	0.0
openangle_glaucoma_lex	Disease	0.0
abs_lex	Disease	0.0
epicardial_coronary_disease_lex	Disease	0.0
akinesis_lex	Disease	0.0
pulmonary_hypertension_syndrome_lex	Disease	0.0
prolonged_qtc_interval_lex	Disease	0.0
atorva_lex	Chemical	0.0
artery_aneurysms_lex	Disease	0.0
fujimycine_lex	Chemical	0.0
periodic_acid_lex	Chemical	0.0
den_lex	Chemical	0.0
preneoplastic_foci_lex	Disease	0.0
penicillin_g_lex	Chemical	0.0
penicilling_lex	Chemical	0.0
glutamatergic_dysfunction_lex	Disease	0.0
dopaminergic_deficits_lex	Disease	0.0
multiple_cranialnerve_involvement_lex	Disease	0.0
colorectal_adenomas_lex	Disease	0.0
dfmo_lex	Chemical	0.0
mental_slowness_lex	Disease	0.0
abnormal_involuntary_movement_lex	Disease	0.0
open_angle_glaucoma_lex	Disease	0.0
steroid_glaucoma_lex	Disease	0.0
3hydroxynmethylmorphinan_lex	Chemical	0.0
phenylethylbarbiturate_lex	Chemical	0.0
flank_pain_lex	Disease	0.0
hepatomas_lex	Disease	0.0
liver_lesions_lex	Disease	0.0
lactic_acid_lex	Chemical	0.0
tris_salt_lex	Chemical	0.0
cs_lex	Chemical	0.0
gammacholesteryloxybutyric_acid_lex	Chemical	0.0
cse_lex	Chemical	0.0
chcl3_lex	Chemical	0.0
impaired_cognitive_functions_lex	Disease	0.0
mbc_lex	Disease	0.0
bn_fifty-two thousand and twenty-one_lex	Chemical	0.0
bau_lex	Chemical	0.0
anemic_lex	Disease	0.0
leukopenic_lex	Disease	0.0
behavioral_disorders_lex	Disease	0.0
painful_syndromes_lex	Disease	0.0
e_lex	Chemical	0.0
nacylimidazole_lex	Chemical	0.0
eai_lex	Chemical	0.0
cgs_twenty-one thousand, six hundred and eighty_lex	Chemical	0.0
l34dihydroxyphenylalanine_lex	Chemical	0.0
t4_lex	Chemical	0.0
t3_lex	Chemical	0.0
startle_lex	Disease	0.0
vsds_lex	Disease	0.0
edds_lex	Disease	0.0
a_falling_platelet_count_lex	Disease	0.0
metastasis_lex	Disease	0.0
thiosulphate_lex	Chemical	0.0
dystonias_lex	Disease	0.0
omd_lex	Disease	0.0
pregs_lex	Chemical	0.0
epipregnanolone_sulphate_lex	Chemical	0.0
capillary_leak_lex	Disease	0.0
57dichlorokynurenic_acid_lex	Chemical	0.0
remd_lex	Disease	0.0
pa_lex	Disease	0.0
dmed_lex	Chemical	0.0
imipenem_lex	Chemical	0.0
mcao_lex	Disease	0.0
235triphenyltetrazolium_lex	Chemical	0.0
tuberculous_lex	Disease	0.0
fa_lex	Chemical	0.0
damage_to_the_muscle_lex	Disease	0.0
impairment_of_cognitive_function_lex	Disease	0.0
obstructive_sleep_apnea_lex	Disease	0.0
ketone_lex	Chemical	0.0
keratoconjunctivitis_lex	Disease	0.0
abortions_lex	Disease	0.0
idm_lex	Chemical	0.0
antisocial_personality_lex	Disease	0.0
suramin_lex	Chemical	0.0
gr_eighty-two thousand, three hundred and thirty-four_lex	Chemical	0.0
bort_lex	Chemical	0.0
cvds_lex	Disease	0.0
fatty_acid_lex	Chemical	0.0
rd_lex	Chemical	0.0
rrmm_lex	Disease	0.0
ifo_lex	Chemical	0.0
nitrogen_lex	Chemical	0.0
al_lex	Disease	0.0
amyloidosis_lex	Disease	0.0
thrombocytopenia_type_ii_lex	Disease	0.0
hit_ii_lex	Disease	0.0
ts_lex	Disease	0.0
migraines_lex	Disease	0.0
an_lex	Chemical	0.0
hyperlipemia_lex	Disease	0.0
tubulointerstial_disease_lex	Disease	0.0
tonic_clonic_convulsions_lex	Disease	0.0
nervous_system_abnormalities_lex	Disease	0.0
epirubicine_lex	Chemical	0.0
phosphorus_lex	Chemical	0.0
abnormal_involuntary_motor_movements_lex	Disease	0.0
generalised_and_focal_seizures_lex	Disease	0.0
dysfunctional_overnight_memory_lex	Disease	0.0
impaired_overnight_memory_lex	Disease	0.0
cytarabine_lex	Chemical	0.0
hyperammonemic_lex	Disease	0.0
subcellular_degeneration_lex	Disease	0.0
pain_disorders_lex	Disease	0.0
allodynic_lex	Disease	0.0
poag_lex	Disease	0.0
retinal_ganglion_lex	Disease	0.0
oih_lex	Disease	0.0
re_lex	Chemical	0.0
rb1_lex	Chemical	0.0
ginsenoside_re_lex	Chemical	0.0
thrombolysis_lex	Disease	0.0
dvt_lex	Disease	0.0
svc_syndrome_lex	Disease	0.0
hyper_lex	Disease	0.0
s53482_lex	Chemical	0.0
s23121_lex	Chemical	0.0
dutp_lex	Chemical	0.0
biotin_lex	Chemical	0.0
impaired_the_memory_lex	Disease	0.0
gfc_lex	Chemical	0.0
hepatitis_c_virus_infected_lex	Disease	0.0
hepatitis_c_virus_infection_lex	Disease	0.0
hematoxylin_lex	Chemical	0.0
eosin_lex	Chemical	0.0
kidney_lesions_lex	Disease	0.0
increased_intraocular_pressure_lex	Disease	0.0
butyrylcholinesterase_deficiency_lex	Disease	0.0
mivacurium_lex	Chemical	0.0
butyrylthiocholine_lex	Chemical	0.0
btc_lex	Chemical	0.0
benzoylcholine_lex	Chemical	0.0
dibucaine_lex	Chemical	0.0
fluoride_lex	Chemical	0.0
hydrogen_lex	Chemical	0.0
artesunate_lex	Chemical	0.0
myocardial_ischemic_injury_lex	Disease	0.0
ventricular_remodeling_lex	Disease	0.0
malate_lex	Chemical	0.0
particulate_matter_lex	Chemical	0.0
iugr_lex	Disease	0.0
metolachor_lex	Chemical	0.0
arsenic_lex	Chemical	0.0
ias_lex	Chemical	0.0
inorganic_as_lex	Chemical	0.0
myodystrophy_lex	Disease	0.0
ciba_lex	Chemical	0.0
myopathic_disease_lex	Disease	0.0
glu_lex	Chemical	0.0
abnormalities_in_neuronal_systems_lex	Disease	0.0
anxiety_disorders_lex	Disease	0.0
cobalt_lex	Chemical	0.0
clonic_seizure_lex	Disease	0.0
clonic_seizures_lex	Disease	0.0
hypokinesis_lex	Disease	0.0
ari_lex	Disease	0.0
deficit_in_fear_recognition_lex	Disease	0.0
psychopaths_lex	Disease	0.0
biliary_atresia_lex	Disease	0.0
mb_lex	Disease	0.0
is_lex	Disease	0.0
tia_lex	Disease	0.0
codine_lex	Chemical	0.0
pneumoniae_lex	Disease	0.0
gramnegative_bacillary_infections_lex	Disease	0.0
acute_renal_artery_thrombosis_lex	Disease	0.0
propanolol_lex	Chemical	0.0
retinal_artery_and_choriocapillaris_occlusion_lex	Disease	0.0
retinal_artery_and_choriocapillaris_occlusions_lex	Disease	0.0
hemorrhages_lex	Disease	0.0
dehydrated_lex	Disease	0.0
tca_lex	Chemical	0.0
dglucarate_lex	Chemical	0.0
renal_damages_lex	Disease	0.0
methothexate_lex	Chemical	0.0
enlargement_of_pulse_pressure_lex	Disease	0.0
amino_lex	Chemical	0.0
hcl_lex	Chemical	0.0
thalassemia_lex	Disease	0.0
dfx_lex	Chemical	0.0
abecarrnil_lex	Chemical	0.0
t35sbutylbicyclophosphorothionate_lex	Chemical	0.0
ro_one hundred and sixty-six thousand and twenty-eight_lex	Chemical	0.0
tertbutyls8bromo11121313atetrahydro9oxo9h_imidazo15apyrrolo21c14benzodiazepine1carboxylate_lex	Chemical	0.0
hyperlipoproteinemias_lex	Disease	0.0
hepatic_neoplasms_lex	Disease	0.0
damage_of_substantia_nigra_pars_reticulata_lex	Disease	0.0
prolonged_status_epilepticus_lex	Disease	0.0
lesioned_snr_lex	Disease	0.0
damage_of_snr_lex	Disease	0.0
phn_lex	Disease	0.0
paranoid_lex	Disease	0.0
filariasis_lex	Disease	0.0
reperfusion_injury_lex	Disease	0.0
oxidized_glutathione_lex	Chemical	0.0
bicarbonate_lex	Chemical	0.0
chp_lex	Chemical	0.0
neurological_symptoms_lex	Disease	0.0
central_nervous_system_disease_lex	Disease	0.0
muscarine_lex	Chemical	0.0
i_lex	Chemical	0.0
pertussis_vaccine_lex	Chemical	0.0
corneal_opacities_lex	Disease	0.0
hypertelorism_lex	Disease	0.0
ornithine_lex	Chemical	0.0
oxitropium_lex	Chemical	0.0
lesions_of_the_urinary_bladder_lex	Disease	0.0
14dihydropyridine_lex	Chemical	0.0
ruthenium_lex	Chemical	0.0
beclomethasone_lex	Chemical	0.0
thrush_lex	Disease	0.0
candidiasis_lex	Disease	0.0
wiskottaldrich_syndrome_lex	Disease	0.0
immunodeficiencies_lex	Disease	0.0
ether_lex	Chemical	0.0
lglutamic_acid_lex	Chemical	0.0
infantile_spasms_lex	Disease	0.0
glucuronyl_lex	Chemical	0.0
pathological_renal_medullary_lesions_lex	Disease	0.0
barium_lex	Chemical	0.0
disturbances_within_the_cardiovascular_system_lex	Disease	0.0
metabolic_disturbances_lex	Disease	0.0
mesangial_dysfunction_lex	Disease	0.0
carbon_lex	Chemical	0.0
apap_lex	Chemical	0.0
pap_lex	Chemical	0.0
bnpp_lex	Chemical	0.0
morphine_sulfate_lex	Chemical	0.0
aza_lex	Chemical	0.0
cmv_infection_lex	Disease	0.0
epstein_barr_virus_infection_lex	Disease	0.0
caerulein_lex	Chemical	0.0
doca_lex	Chemical	0.0
sinoatrial_sa_block_lex	Disease	0.0
sa_block_lex	Disease	0.0
cpdd_lex	Chemical	0.0
hmm_lex	Chemical	0.0
lnorepinephrine_lex	Chemical	0.0
hernias_lex	Disease	0.0
amblyopia_lex	Disease	0.0
tonic_pupillary_lex	Disease	0.0
prolonged_jaw_rigidity_lex	Disease	0.0
tmpsmz_lex	Chemical	0.0
kytril_lex	Chemical	0.0
s312_lex	Chemical	0.0
s312l_lex	Chemical	0.0
guanosine_35cyclic_monophosphate_lex	Chemical	0.0
aracytinec_lex	Chemical	0.0
15benzothiazepine_lex	Chemical	0.0
ss_lex	Disease	0.0
irritation_of_the_urinary_tract_lex	Disease	0.0
tubulointerstitial_damage_lex	Disease	0.0
corticotropin_lex	Chemical	0.0
hypercapnic_lex	Disease	0.0
23dideoxy_cytosine_lex	Chemical	0.0
ocs_lex	Chemical	0.0
depressive_episode_lex	Disease	0.0
deterioration_of_left_ventricular_lv_systolic_function_lex	Disease	0.0
hypoxicischemic_encephalopathy_lex	Disease	0.0
bs_lex	Chemical	0.0
sterol_lex	Chemical	0.0
psoriatic_lex	Disease	0.0
dubutamine_lex	Chemical	0.0
prc_lex	Chemical	0.0
ammonium_lex	Chemical	0.0
nociceptin_lex	Chemical	0.0
orphanin_fq_lex	Chemical	0.0
s3bromon1ethyl2pyrrolidinylmethyl26dimethoxybenz_amide_lex	Chemical	0.0
pyrrolidine_lex	Chemical	0.0
hoechst_thirty-three thousand, three hundred and forty-two_lex	Chemical	0.0
ncq436_lex	Chemical	0.0
ncq344_lex	Chemical	0.0
fla797_lex	Chemical	0.0
52412dihydro2acenaphthylenylpiperazinylethyl23dihy_dro1h_indol2one_lex	Chemical	0.0
nadph_lex	Chemical	0.0
nicotinamide_adenine_dinucleotide_phosphate_lex	Chemical	0.0
pph_lex	Disease	0.0
heparins_lex	Chemical	0.0
hypercalcemias_lex	Disease	0.0
amphotericin_bsodium_deoxycholate_lex	Chemical	0.0
damb_lex	Chemical	0.0
downbeating_nystagmus_lex	Disease	0.0
peritoneal_carcinoma_lex	Disease	0.0
olanzipine_lex	Chemical	0.0
epss_lex	Disease	0.0
pupillary_dilation_lex	Disease	0.0
a_significant_rise_in_systolic_blood_pressure_lex	Disease	0.0
decrease_in_cardiac_output_lex	Disease	0.0
irregular_heart_beat_lex	Disease	0.0
vasculitic_disorders_lex	Disease	0.0
longqt_syndrome_lex	Disease	0.0
premature_thirty-six_weeks_of_gestation_infants_lex	Disease	0.0
cu_lex	Chemical	0.0
zn_lex	Chemical	0.0
dysmenorrhea_lex	Disease	0.0
neprotic_lex	Disease	0.0
gastric_cancer_lex	Disease	0.0
agc_lex	Disease	0.0
leukocyturia_lex	Disease	0.0
human_immunodeficiency_virus_type_1infected_lex	Disease	0.0
impairment_of_the_renal_function_lex	Disease	0.0
ain_lex	Disease	0.0
decreased_the_locomotor_activity_lex	Disease	0.0
2p2carboxyethylphenethylamino5nethylcarboxamidoadenosine_lex	Chemical	0.0
mastocytosis_lex	Disease	0.0
haematological_malignancies_lex	Disease	0.0
myotonic_disorders_lex	Disease	0.0
disoprivan_lex	Chemical	0.0
vnr_lex	Chemical	0.0
vds_lex	Chemical	0.0
visual_field_defect_lex	Disease	0.0
eczema_lex	Disease	0.0
abnormalities_in_the_cortex_hippocampus_white_matter_and_ventricles_lex	Disease	0.0
impaired_memory_performance_lex	Disease	0.0
gliosis_lex	Disease	0.0
niacin_extendedreleaselovastatin_lex	Chemical	0.0
peroxides_lex	Chemical	0.0
peroxide_lex	Chemical	0.0
di_lex	Disease	0.0
neurogenic_di_lex	Disease	0.0
mitochondrial_oxidative_damage_lex	Disease	0.0
ventricular_dysfunction_lex	Disease	0.0
nifekalant_lex	Chemical	0.0
insulin_sensitivity_lex	Disease	0.0
htn_lex	Disease	0.0
235triphenyltetrazolium_chloride_lex	Chemical	0.0
evans_blue_lex	Chemical	0.0
n_lex	Chemical	0.0
chx_lex	Chemical	0.0
chronic_disease_lex	Disease	0.0
vcm_lex	Chemical	0.0
domperione_lex	Chemical	0.0
cholesterols_lex	Chemical	0.0
c_lex	Chemical	0.0
coronary_arteriosclerosis_lex	Disease	0.0
fbal_lex	Chemical	0.0
dihydropyrimidine_lex	Chemical	0.0
monoher_lex	Chemical	0.0
cardiac_inotropic_lex	Disease	0.0
nomeganitrolarginine_lex	Chemical	0.0
impairs_associative_learning_lex	Disease	0.0
impaired_novel_word_learning_lex	Disease	0.0
bia_two thousand and ninety-three_lex	Chemical	0.0
s10acetoxy1011dihydro5hdibenzobfazepine5carboxamide_lex	Chemical	0.0
chinese_herbal_lex	Chemical	0.0
chinese_herbs_lex	Chemical	0.0
anthraquinone_lex	Chemical	0.0
sh_lex	Chemical	0.0
trypan_blue_lex	Chemical	0.0
thiols_lex	Chemical	0.0
cysteine_lex	Chemical	0.0
chill_lex	Disease	0.0
loss_of_hearing_lex	Disease	0.0
wilson_disease_lex	Disease	0.0
val_lex	Chemical	0.0
mdp_lex	Disease	0.0
organic_brain_lesions_lex	Disease	0.0
uremic_lex	Disease	0.0
vocal_nerve_palsies_lex	Disease	0.0
13bis_2chloroethyl1nitrosoure_lex	Chemical	0.0
mip_lex	Chemical	0.0
ie_lex	Disease	0.0
chronic_hepatitis_b_virus_infection_lex	Disease	0.0
thromboxane_lex	Chemical	0.0
urinary_bladder_inflammation_lex	Disease	0.0
cutaneous_lupus_erythematosus_lex	Disease	0.0
cramps_lex	Disease	0.0
hemosiderotic_lex	Disease	0.0
neoplasm_lex	Disease	0.0
cad_lex	Disease	0.0
sulphonylureas_lex	Chemical	0.0
type_two_diabetic_lex	Disease	0.0
los_lex	Chemical	0.0
procaine_lex	Chemical	0.0
nafld_lex	Disease	0.0
antithyroidmedications_lex	Chemical	0.0
vasculitic_lex	Disease	0.0
cvd_lex	Disease	0.0
penk_lex	Chemical	0.0
visual_defects_lex	Disease	0.0
vgb_lex	Chemical	0.0
mt_lex	Chemical	0.0
fulminant_eosinophilic_lex	Disease	0.0
neuropsychiatriclike_behavior_lex	Disease	0.0
neuropsychiatric_disorders_lex	Disease	0.0
cld_lex	Disease	0.0
neuropathic_lex	Disease	0.0
direct_thrombin_inhibitors_lex	Chemical	0.0
spiranolactone_lex	Chemical	0.0
methicillin_lex	Chemical	0.0
tazobactam_lex	Chemical	0.0
galactose_lex	Chemical	0.0
dgalactose_lex	Chemical	0.0
dglucose_lex	Chemical	0.0
