lex	sem
naloxone_lex	Chemical
clonidine_lex	Chemical
hypertensive_lex	Disease
nalozone_lex	Chemical
hypotensive_lex	Disease
alphamethyldopa_lex	Chemical
3hnaloxone_lex	Chemical
3hdihydroergocryptine_lex	Chemical
lidocaine_lex	Chemical
cardiac_asystole_lex	Disease
depression_lex	Disease
bradyarrhythmias_lex	Disease
suxamethonium_lex	Chemical
fasciculations_lex	Disease
suxamethonium_chloride_lex	Chemical
sch_lex	Chemical
tetanic_lex	Disease
fasciculation_lex	Disease
twitch_lex	Disease
tetanus_lex	Disease
galanthamine_hydrobromide_lex	Chemical
scopolamine_lex	Chemical
hyoscine_lex	Chemical
overdosage_lex	Disease
physostigmine_lex	Chemical
lithium_lex	Chemical
chronic_renal_failure_lex	Disease
nephropathy_lex	Disease
renal_failure_lex	Disease
li_lex	Chemical
proteinuria_lex	Disease
hypertension_lex	Disease
glomerulosclerosis_lex	Disease
creatinine_lex	Chemical
crohns_disease_lex	Disease
fusidic_acid_lex	Chemical
cyclosporin_lex	Chemical
nausea_lex	Disease
inflammatory_bowel_disease_lex	Disease
myocardial_injury_lex	Disease
cocaine_lex	Chemical
schizophrenic_lex	Disease
myocardial_infarction_lex	Disease
ischemia_lex	Disease
bundle_branch_block_lex	Disease
sulpiride_lex	Chemical
tardive_dystonia_lex	Disease
antidepressant_lex	Chemical
tardive_dyskinesia_lex	Disease
parkinsonism_lex	Disease
dystonia_lex	Disease
desferrioxamine_lex	Chemical
audiovisual_toxicity_lex	Disease
visual_toxicity_lex	Disease
dyschromatopsy_lex	Disease
a_loss_of_visual_acuity_lex	Disease
pigmentary_retinal_deposits_lex	Disease
auditory_toxicity_lex	Disease
neurosensorial_hearing_loss_lex	Disease
hearing_loss_lex	Disease
toxicity_lex	Disease
aluminium_lex	Chemical
myasthenia_gravis_lex	Disease
magnesium_lex	Chemical
neuromuscular_disease_lex	Disease
quadriplegic_lex	Disease
preeclampsia_lex	Disease
postsynaptic_neuromuscular_blockade_lex	Disease
acetylcholine_lex	Chemical
paralysis_lex	Disease
disorder_of_neuromuscular_transmission_lex	Disease
chloroacetaldehyde_lex	Chemical
cyclophosphamide_lex	Chemical
ifosfamide_lex	Chemical
caa_lex	Chemical
bladder_damage_lex	Disease
mesna_lex	Chemical
pain_lex	Disease
migraine_lex	Disease
nitroglycerin_lex	Chemical
clotiazepam_lex	Chemical
hepatitis_lex	Disease
extensive_hepatocellular_necrosis_lex	Disease
thienodiazepine_lex	Chemical
benzodiazepines_lex	Chemical
hepatotoxicity_lex	Disease
ketoconazole_lex	Chemical
cushings_syndrome_lex	Disease
cortisol_lex	Chemical
deoxycorticosterone_lex	Chemical
11deoxycortisol_lex	Chemical
aldosterone_lex	Chemical
angiotensin_lex	Chemical
captopril_lex	Chemical
intravascular_coagulation_lex	Disease
tranexamic_acid_lex	Chemical
amca_lex	Chemical
trauma_lex	Disease
sepsis_lex	Disease
renal_damage_lex	Disease
urea_lex	Chemical
angiotension_ii_lex	Chemical
prostacyclin_lex	Chemical
bradykinin_lex	Chemical
kidney_damage_lex	Disease
labetalol_lex	Chemical
nitroprusside_lex	Chemical
hypotension_lex	Disease
reductions_in_mean_arterial_blood_pressure_lex	Disease
increase_in_heart_rate_and_cardiac_output_lex	Disease
po2_lex	Chemical
carbamazepine_lex	Chemical
folate_lex	Chemical
cbz_lex	Chemical
propylene_glycol_lex	Chemical
seizures_lex	Disease
weight_gain_lex	Disease
hexafluorodiethyl_ether_lex	Chemical
hfde_lex	Chemical
sodium_lex	Chemical
norepinephrine_lex	Chemical
epinephrine_lex	Chemical
tachycardia_lex	Disease
hydralazine_lex	Chemical
death_lex	Disease
gestational_trophoblastic_disease_lex	Disease
choriocarcinoma_lex	Disease
etoposide_lex	Chemical
methotrexate_lex	Chemical
actomycind_lex	Chemical
cisplatin_lex	Chemical
pulmonary_obstruction_lex	Disease
tumor_lex	Disease
necrosis_lex	Disease
embolism_lex	Disease
pelvic_tumor_lex	Disease
sexual_dysfunction_lex	Disease
arthritis_lex	Disease
rheumatoid_arthritis_lex	Disease
osteoarthritis_lex	Disease
spondyloarthropathy_lex	Disease
depressed_mood_lex	Disease
sexual_dysfunctions_lex	Disease
impotence_lex	Disease
paracetamol_lex	Chemical
urothelial_cancer_lex	Disease
renal_papillary_necrosis_lex	Disease
phenacetin_lex	Chemical
ureteric_cancer_lex	Disease
cancers_lex	Disease
cancer_of_the_ureter_lex	Disease
dapsone_lex	Chemical
hemolytic_anemia_lex	Disease
leprosy_lex	Disease
hemolysis_lex	Disease
glutathione_lex	Chemical
gsh_lex	Chemical
pentose_phosphate_lex	Chemical
infection_lex	Disease
metoprolol_lex	Chemical
propafenone_lex	Chemical
diltiazem_lex	Chemical
sparteine_lex	Chemical
coronary_artery_disease_lex	Disease
shock_lex	Disease
av_block_lex	Disease
impairment_of_ventricular_function_lex	Disease
debrisoquine_lex	Chemical
adverse_drug_reactions_lex	Disease
triazolam_lex	Chemical
mania_lex	Disease
depressed_lex	Disease
organic_mental_disorder_lex	Disease
delirium_lex	Disease
manic_lex	Disease
triazolo_lex	Chemical
muscular_rigidity_lex	Disease
morphine_lex	Chemical
rigidity_lex	Disease
akinetic_lex	Disease
hyperkinetic_lex	Disease
haloperidol_lex	Chemical
pentazocine_lex	Chemical
fibrous_myopathy_lex	Disease
compression_neuropathy_lex	Disease
myopathy_lex	Disease
acute_renal_failure_lex	Disease
amphotericin_lex	Chemical
cirrhosis_lex	Disease
sporotrichosis_lex	Disease
amphotericin_b_lex	Chemical
renal_dysfunction_lex	Disease
neuropathy_lex	Disease
amiodarone_lex	Chemical
sinuatrial_disease_lex	Disease
supraventricular_tachyarrhythmias_lex	Disease
pneumonitis_lex	Disease
proximal_motor_neuropathy_lex	Disease
prednisolone_lex	Chemical
steroid_lex	Chemical
indomethacin_lex	Chemical
renal_insufficiency_lex	Disease
hyperkalemia_lex	Disease
ascites_lex	Disease
cor_pulmonale_lex	Disease
oliguria_lex	Disease
prostaglandins_lex	Chemical
flunitrazepam_lex	Chemical
dizziness_lex	Disease
timolol_lex	Chemical
bradycardia_lex	Disease
cardiomegaly_lex	Disease
infarction_lex	Disease
vitamin_d3_lex	Chemical
hypercalcemia_lex	Disease
hyperphosphatemia_lex	Disease
calcium_lex	Chemical
milk_fever_lex	Disease
diseases_of_peripheral_nerves_lex	Disease
peripheral_nerve_disease_lex	Disease
sensorimotor_neuropathy_lex	Disease
guillainbarr_syndrome_lex	Disease
motor_neuropathy_lex	Disease
peripheral_neuropathy_lex	Disease
nutritional_deficiency_lex	Disease
thiamine_lex	Chemical
riboflavin_lex	Chemical
diabetes_mellitus_lex	Disease
autonomic_neuropathy_lex	Disease
isoniazid_lex	Chemical
cranial_neuropathy_lex	Disease
malignancies_lex	Disease
connective_tissue_disorders_lex	Disease
neuropathies_lex	Disease
dothiepin_hydrochloride_lex	Chemical
depressive_disorder_lex	Disease
dothiepin_lex	Chemical
amitriptyline_lex	Chemical
depressive_illness_lex	Disease
blurred_vision_lex	Disease
dry_mouth_lex	Disease
diazepam_lex	Chemical
propranolol_lex	Chemical
panic_disorder_lex	Disease
agoraphobia_lex	Disease
panic_disorders_lex	Disease
impaired_immediate_free_recall_lex	Disease
delayed_free_recall_was_also_impaired_lex	Disease
behavioral_impairment_lex	Disease
aspirin_lex	Chemical
n45nitro2furyl2thiazolylformamide_lex	Chemical
fanft_lex	Chemical
bladder_carcinomas_lex	Disease
forestomach_tumors_lex	Disease
carcinogenesis_lex	Disease
diabetic_autonomic_neuropathy_lex	Disease
diabetic_lex	Disease
estrogen_lex	Chemical
adenohypophyseal_tumors_lex	Disease
pituitary_tumors_lex	Disease
diethylstilbestrol_lex	Chemical
des_lex	Chemical
acriflavine_lex	Chemical
triamterene_lex	Chemical
nephrolithiasis_lex	Disease
dyazide_lex	Chemical
hydrochlorothiazidetriamterene_lex	Chemical
uric_acid_salts_lex	Chemical
adriamycin_lex	Chemical
cardiotoxicity_lex	Disease
cardiotoxic_lex	Disease
phosphorylcreatine_lex	Chemical
phophorylcreatine_lex	Chemical
creatine_lex	Chemical
adenosine_lex	Chemical
atp_lex	Chemical
neurotoxic_lex	Disease
streptomycin_lex	Chemical
abnormal_movements_lex	Disease
deafness_lex	Disease
dyskinesias_lex	Disease
glomerulonephritis_lex	Disease
rifampin_lex	Chemical
pulmonary_tuberculosis_lex	Disease
puromycin_aminonucleoside_lex	Chemical
oxygen_lex	Chemical
pan_lex	Chemical
thiobarbituric_acid_lex	Chemical
proteinuric_injury_lex	Disease
clomipramine_lex	Chemical
sleep_disturbance_lex	Disease
angioedema_lex	Disease
pulmonary_edema_lex	Disease
chest_pain_lex	Disease
myocardial_infarctions_lex	Disease
lisinopril_lex	Chemical
steroids_lex	Chemical
diphenhydramine_lex	Chemical
coniine_lex	Chemical
arthrogryposis_lex	Disease
nicotine_lex	Chemical
deformations_lex	Disease
excessive_flexion_or_extension_of_one_or_more_toes_lex	Disease
cranial_hemorrhage_lex	Disease
prostaglandin_e1_lex	Chemical
trimethaphan_lex	Chemical
pge1_lex	Chemical
tmp_lex	Chemical
isoflurane_lex	Chemical
axonal_damage_lex	Disease
axonal_injury_lex	Disease
injury_in_the_cortex_lex	Disease
lactate_lex	Chemical
infarcts_in_substantia_nigra_pars_reticulata_lex	Disease
pilocarpine_lex	Chemical
status_epilepticus_lex	Disease
traumatic_lex	Disease
parkinson_disability_lex	Disease
fluoxetine_lex	Chemical
parkinsons_disease_lex	Disease
motor_disability_lex	Disease
idiopathic_parkinsons_disease_lex	Disease
dopamine_lex	Chemical
acetaminophen_lex	Chemical
cardiovascular_toxicities_lex	Disease
anaphylaxis_lex	Disease
critically_ill_lex	Disease
allergic_reactions_lex	Disease
autoimmune_hemolytic_anemia_lex	Disease
erythroblastocytopenia_lex	Disease
ceftriaxone_lex	Chemical
beta_lactam_lex	Chemical
bilirubin_lex	Chemical
extrapyramidal_symptoms_lex	Disease
eps_lex	Disease
orthostatic_hypotension_lex	Disease
seizure_lex	Disease
clozapine_lex	Chemical
agranulocytosis_lex	Disease
tetrandrine_lex	Chemical
fangchinoline_lex	Chemical
thrombosis_lex	Disease
platelet_aggregation_lex	Disease
tet_lex	Chemical
fan_lex	Chemical
bisbenzylisoquinoline_lex	Chemical
ep_lex	Chemical
blood_coagulation_lex	Disease
acetylsalicylic_acid_lex	Chemical
asa_lex	Chemical
platelet_aggregations_lex	Disease
gemcitabine_lex	Chemical
vinorelbine_lex	Chemical
nonsmall_cell_lung_carcinoma_lex	Disease
nsclc_lex	Disease
vnb_lex	Chemical
gem_lex	Chemical
neutropenia_lex	Disease
thrombocytopenia_lex	Disease
neurotoxicity_lex	Disease
myelosuppression_lex	Disease
warfarin_lex	Chemical
artery_calcification_lex	Disease
vitamin_d_lex	Chemical
calcification_lex	Disease
calcification_of_the_artery_lex	Disease
phosphate_lex	Chemical
vitamin_k_lex	Chemical
gammacarboxylated_lex	Chemical
gammacarboxyglutamate_lex	Chemical
bipolar_lex	Disease
antidepressants_lex	Chemical
bipolar_depression_lex	Disease
bipolar_disorder_lex	Disease
hypomanic_lex	Disease
dsmiv_bipolar_i_lex	Disease
bipolar_ii_lex	Disease
serotonin_reuptake_inhibitors_lex	Chemical
ssris_lex	Chemical
hypomania_lex	Disease
bipolar_i_lex	Disease
caffeine_lex	Chemical
cardiac_arrhythmia_lex	Disease
mitral_valve_prolapse_lex	Disease
ventricular_fibrillation_lex	Disease
retention_of_urine_lex	Disease
fentanyl_lex	Chemical
chest_wall_rigidity_lex	Disease
respiratory_depression_lex	Disease
urinary_bladder_retention_lex	Disease
hydronephrosis_lex	Disease
cardiomyopathy_lex	Disease
aids_lex	Disease
cm_lex	Disease
la_lex	Chemical
mitochondrial_dysfunction_lex	Disease
zidovudine_lex	Chemical
lamivudine_lex	Chemical
indinavir_lex	Chemical
oral_contraceptives_lex	Chemical
progestagen_lex	Chemical
desogestrel_lex	Chemical
gestodene_lex	Chemical
levonorgestrel_lex	Chemical
oralcontraceptive_lex	Chemical
oral_contraceptive_lex	Chemical
locomotor_hyperactivity_lex	Disease
gr_fifty-five thousand, five hundred and sixty-two_lex	Chemical
cp_ninety-three thousand, one hundred and twenty-nine_lex	Chemical
hyperlocomotion_lex	Disease
ticlopidine_lex	Chemical
jaundice_lex	Disease
cholestasis_lex	Disease
clopidogrel_lex	Chemical
nephrotic_syndrome_lex	Disease
no_lex	Chemical
calcitonin_generelated_peptide_lex	Chemical
cgrp_lex	Chemical
serotonin_lex	Chemical
5hydroxytriptamine_lex	Chemical
5ht_lex	Chemical
headache_lex	Disease
migraineurs_without_aura_lex	Disease
coronary_aneurysm_lex	Disease
paclitaxel_lex	Chemical
aneurysm_lex	Disease
vessel_rupture_lex	Disease
urotensinii_lex	Chemical
uii_lex	Chemical
apomorphine_lex	Chemical
penile_erection_lex	Disease
corticosterone_lex	Chemical
psychiatric_disorders_lex	Disease
dysphonia_lex	Disease
acitretin_lex	Chemical
tissue_injury_lex	Disease
secondary_hyperalgesia_lex	Disease
neurogenic_hyperalgesia_lex	Disease
neuropathic_pain_lex	Disease
hyperalgesia_lex	Disease
gabapentin_lex	Chemical
capsaicin_lex	Chemical
mdma_lex	Chemical
impaired_social_and_emotional_judgement_processes_lex	Disease
memory_deficits_lex	Disease
34methylenedioxymethamphetamine_lex	Chemical
ecstasy_lex	Chemical
citrate_lex	Chemical
hyperlipidemia_lex	Disease
bumetanide_lex	Chemical
pravastatin_lex	Chemical
paroxetine_lex	Chemical
tetany_lex	Disease
calcium_gluconate_lex	Chemical
muscle_contractions_lex	Disease
sodium_citrate_lex	Chemical
hypocalcemia_lex	Disease
loop_diuretic_lex	Chemical
sirolimus_lex	Chemical
srl_lex	Chemical
chronic_allograft_nephropathy_lex	Disease
can_lex	Disease
neoplasia_lex	Disease
kaposis_sarcoma_lex	Disease
skin_cancers_lex	Disease
intestinal_tumors_lex	Disease
renal_cell_carsinom_lex	Disease
nephrotic_lex	Disease
membranoproliferative_glomerulopathy_lex	Disease
interstitial_nephritis_lex	Disease
cystitis_lex	Disease
atropine_lex	Chemical
alphabetamethylene_adenosine5triphosphate_lex	Chemical
alphabetameatp_lex	Chemical
4diphenylacetoxynmethylpiperidine_lex	Chemical
4damp_lex	Chemical
methoctramine_lex	Chemical
pirenzepine_lex	Chemical
carbachol_lex	Chemical
potassium_lex	Chemical
isoprenaline_lex	Chemical
bzds_lex	Chemical
oxazepam_lex	Chemical
temazepam_lex	Chemical
zopiclone_lex	Chemical
dementia_lex	Disease
inability_to_sleep_lex	Disease
tiredness_lex	Disease
depressive_symptoms_lex	Disease
vocal_fold_palsy_lex	Disease
disulfiram_lex	Chemical
overdose_lex	Disease
quadriparesis_lex	Disease
sensory_loss_lex	Disease
paresthesia_lex	Disease
alcohol_lex	Chemical
ataxia_lex	Disease
giddiness_lex	Disease
hoarseness_lex	Disease
polyneuropathy_lex	Disease
palsy_lex	Disease
heparin_lex	Chemical
hit_lex	Disease
thrombotic_lex	Disease
retinal_vein_occlusion_lex	Disease
clomiphene_lex	Chemical
clomiphene_citrate_lex	Chemical
cc_lex	Chemical
infertility_lex	Disease
thromboembolic_lex	Disease
visual_disturbance_lex	Disease
nystagmus_lex	Disease
nin_lex	Disease
verapamil_lex	Chemical
gastric_hemorrhagic_lex	Disease
ulcers_lex	Disease
atherosclerotic_lex	Disease
gastric_hemorrhage_lex	Disease
histamine_lex	Chemical
ulcer_lex	Disease
atherosclerosis_lex	Disease
vitamin_d2_lex	Chemical
cholesterol_lex	Chemical
luminal_lex	Chemical
hemorrhagic_lex	Disease
heart_failure_lex	Disease
3methyladenine_lex	Chemical
3ma_lex	Chemical
k_lex	Chemical
confusion_lex	Disease
valproic_acid_lex	Chemical
cannabis_lex	Chemical
hyperactivity_lex	Disease
argatroban_lex	Chemical
hitt_lex	Disease
hepatic_impairment_lex	Disease
coagulopathy_lex	Disease
antituberculosis_lex	Chemical
acute_liver_failure_lex	Disease
alf_lex	Disease
hepatitis_virus_infection_lex	Disease
tuberculosis_lex	Disease
icterus_lex	Disease
encephalopathy_lex	Disease
cerebral_edema_lex	Disease
gastrointestinal_bleed_lex	Disease
hepatitis_e_lex	Disease
central_nervous_system_complications_lex	Disease
acute_lymphoblastic_leukemia_lex	Disease
central_nervous_system_cns_complications_lex	Disease
all_lex	Disease
neurological_complications_lex	Disease
leukemic_infiltration_lex	Disease
neurocognitive_defects_lex	Disease
leukoencephalopathy_lex	Disease
stroke_lex	Disease
temporal_lobe_epilepsy_lex	Disease
inappropriate_antidiuretic_hormone_secretion_lex	Disease
capecitabine_lex	Chemical
fluoropyrimidines_lex	Chemical
5fluorouracil_lex	Chemical
5fu_lex	Chemical
tumors_lex	Disease
renal_and_kidney_disease_lex	Disease
diarrhea_lex	Disease
vomiting_lex	Disease
stomatitis_lex	Disease
handfoot_syndrome_lex	Disease
neurotensin_lex	Chemical
parkinsonian_catalepsy_lex	Disease
parkinsonian_symptoms_lex	Disease
neurotensin_type1_receptor_antagonist_lex	Chemical
sr48692_lex	Chemical
psychiatric_lex	Disease
depressions_lex	Disease
methyl_dopa_lex	Chemical
sodium_nitroprusside_lex	Chemical
h2o_lex	Chemical
decrease_in_arterial_blood_pressure_lex	Disease
decreased_cardiac_output_lex	Disease
decreases_in_arterial_blood_pressure_lex	Disease
ldopa_lex	Chemical
mk486_lex	Chemical
mao_lex	Chemical
dlthreodihydroxyphenylserine_lex	Chemical
fla63_lex	Chemical
pimozide_lex	Chemical
5htp_lex	Chemical
acute_myocardial_infarction_lex	Disease
atherosclerotic_obstruction_lex	Disease
coronary_occlusion_lex	Disease
spasm_lex	Disease
thrombus_lex	Disease
rabbit_syndrome_lex	Disease
imipramine_lex	Chemical
decreased_basal_ganglia_perfusion_lex	Disease
movement_disorder_lex	Disease
ipratropium_bromide_lex	Chemical
theophylline_lex	Chemical
chronic_obstructive_pulmonary_disease_lex	Disease
ipratropium_lex	Chemical
chronic_airflow_obstruction_lex	Disease
rpn_lex	Disease
polyuria_lex	Disease
hyperthermia_lex	Disease
toxicities_lex	Disease
leukopenia_lex	Disease
prazosin_lex	Chemical
stress_incontinence_lex	Disease
incontinence_lex	Disease
isosorbide_dinitrate_lex	Chemical
myocardial_ischemia_lex	Disease
coronary_arterial_stenosis_lex	Disease
acute_coronary_insufficiency_lex	Disease
akathisia_lex	Disease
obsessive_compulsive_disorder_lex	Disease
major_depression_lex	Disease
anxiety_lex	Disease
chronic_active_hepatitis_lex	Disease
diclofenac_sodium_lex	Chemical
voltarol_lex	Chemical
phenylacetic_acid_lex	Chemical
abnormalities_of_liver_function_lex	Disease
diclofenac_lex	Chemical
intracranial_aneurysms_lex	Disease
arteriovenous_malformations_lex	Disease
cerebral_vasculitis_lex	Disease
cerebral_infarction_lex	Disease
intracerebral_hemorrhage_lex	Disease
subarachnoid_hemorrhage_lex	Disease
intracranial_hemorrhage_lex	Disease
glyburide_lex	Chemical
sulfonylureas_lex	Chemical
sulfonylurea_lex	Chemical
type_ii_diabetes_mellitus_lex	Disease
acute_hepatitislike_syndrome_lex	Disease
viral_infection_lex	Disease
druginduced_hepatitis_lex	Disease
acute_hepatitislike_illness_lex	Disease
hemorrhage_lex	Disease
hem_lex	Disease
snp_lex	Chemical
hypovolemia_lex	Disease
sodium_pentothal_lex	Chemical
cerebral_ischaemia_lex	Disease
vasospasm_lex	Disease
gangrene_lex	Disease
cerebral_aneurysms_lex	Disease
cerebral_aneurysm_lex	Disease
subarachnoid_haemorrhage_lex	Disease
xenon_lex	Chemical
nitrous_oxide_lex	Chemical
hg_lex	Chemical
allergic_reaction_lex	Disease
angioneurotic_edema_lex	Disease
carcinoma_of_the_oral_cavity_lex	Disease
impaired_renal_function_lex	Disease
prednisone_lex	Chemical
sinoatrial_block_lex	Disease
primary_cardiomyopathy_lex	Disease
wolffparkinsonwhite_syndrome_lex	Disease
supraventricular_tachycardia_lex	Disease
sinus_bradycardia_lex	Disease
sulphasalazine_lex	Chemical
congenital_anomalies_lex	Disease
ulcerative_colitis_lex	Disease
coarctation_of_the_aorta_lex	Disease
ventricular_septal_defect_lex	Disease
pottertype_iia_polycystic_kidney_lex	Disease
rudimentary_left_uterine_cornu_lex	Disease
potters_facies_lex	Disease
hypoplastic_lungs_lex	Disease
absent_kidneys_and_ureters_lex	Disease
talipes_equinovarus_lex	Disease
venoocclusive_liver_disease_lex	Disease
dacarbazine_lex	Chemical
dtic_lex	Chemical
melanoma_lex	Disease
venoocclusive_disease_of_the_liver_lex	Disease
venous_congestion_lex	Disease
metoclopramide_lex	Chemical
abnormal_involuntary_movements_lex	Disease
gastrointestinal_disorder_lex	Disease
intrahisian_block_lex	Disease
atrial_tachycardia_lex	Disease
intraventricular_conduction_abnormalities_lex	Disease
atrial_flutter_lex	Disease
busulfan_lex	Chemical
carcinoma_lex	Disease
saralasin_lex	Chemical
halothane_lex	Chemical
angiotensin_ii_lex	Chemical
increase_in_blood_pressure_lex	Disease
toxic_hepatitis_lex	Disease
carbimazole_lex	Chemical
benzylthiouracil_lex	Chemical
hepatic_adverse_effects_lex	Disease
hyperthyroidism_lex	Disease
n_omercazole_lex	Chemical
cholestatic_lex	Disease
basd_ne_lex	Chemical
vitamin_b12_lex	Chemical
folinic_acid_lex	Chemical
zdv_lex	Chemical
bone_marrow_suppression_lex	Disease
human_immunodeficiency_virus_hivinfected_lex	Disease
myelotoxicity_lex	Disease
cisplatinum_lex	Chemical
gastric_adenocarcinoma_lex	Disease
disorientation_lex	Disease
irritability_lex	Disease
coma_lex	Disease
fluoroacetate_lex	Chemical
fluorocitrate_lex	Chemical
dihydrouracil_lex	Chemical
oxcarbazepine_lex	Chemical
organic_psychotic_lex	Disease
chlorpromazine_lex	Chemical
erythema_multiforme_lex	Disease
hypersensitivity_myocarditis_lex	Disease
ampicillin_lex	Chemical
gentamicin_lex	Chemical
septicemia_lex	Disease
congestive_heart_failure_lex	Disease
myocarditis_lex	Disease
methylprednisolone_lex	Chemical
infections_lex	Disease
druginduced_allergic_reaction_lex	Disease
allergy_lex	Disease
penicillins_lex	Chemical
amoxicillin_lex	Chemical
betalactam_lex	Chemical
allergic_lex	Disease
ax_lex	Chemical
penicillin_lex	Chemical
benzylpenicilloylpolyllysine_lex	Chemical
bpopll_lex	Chemical
benzylpenicilloate_lex	Chemical
benzylpenicillin_lex	Chemical
pg_lex	Chemical
amp_lex	Chemical
bpo_lex	Chemical
urticaria_lex	Disease
mdm_lex	Disease
atracurium_lex	Chemical
vecuronium_bromide_lex	Chemical
atracurium_besylate_lex	Chemical
benzylisoquinolinium_lex	Chemical
endstage_renal_disease_lex	Disease
esrd_lex	Disease
nephrotoxic_lex	Disease
heparan_sulphate_lex	Chemical
streptozotocin_lex	Chemical
diabetic_nephropathy_lex	Disease
diabetes_lex	Disease
cuprolinic_blue_lex	Chemical
glycosaminoglycan_lex	Chemical
albuminuria_lex	Disease
renal_toxicity_lex	Disease
nitrogranulogen_lex	Chemical
ng_lex	Chemical
mtx_lex	Chemical
cy_lex	Chemical
nephrotoxicity_lex	Disease
cognitive_and_functional_deficits_lex	Disease
divalproex_sodium_lex	Chemical
tremor_lex	Disease
cognitive_deficits_lex	Disease
loss_of_creativity_lex	Disease
functional_impairments_lex	Disease
cognitive_and_functional_impairments_lex	Disease
cognitive_motivational_or_creative_deficits_lex	Disease
breast_cancer_lex	Disease
mitoxantrone_lex	Chemical
leucovorin_lex	Chemical
mfl_lex	Chemical
mfl_regimen_lex	Chemical
anthracycline_lex	Chemical
impaired_heart_function_lex	Disease
vasopressin_lex	Chemical
diabetes_insipidus_lex	Disease
arginine_vasopressin_lex	Chemical
avp_lex	Chemical
licl_lex	Chemical
dehydration_lex	Disease
cardiac_arrest_lex	Disease
hyperkalaemia_lex	Disease
meningitis_lex	Disease
hypersensitivity_lex	Disease
mepivacaine_lex	Chemical
adrenaline_lex	Chemical
atrial_fibrillation_lex	Disease
agitation_lex	Disease
incomprehensible_shouts_lex	Disease
loss_of_consciousness_lex	Disease
dupuytrens_contracture_lex	Disease
midazolam_lex	Chemical
tacrolimus_lex	Chemical
fk506_lex	Chemical
iga_nephropathy_lex	Disease
focal_segmental_glomerulosclerosis_lex	Disease
interstitial_fibrosis_lex	Disease
pg9_lex	Chemical
3alphatropyl_2pbromophenylpropionate_lex	Chemical
amnesia_lex	Disease
set126_lex	Chemical
ace_inhibitors_lex	Chemical
angiotensinconverting_enzyme_ace_inhibitor_lex	Chemical
respiratory_arrest_lex	Disease
desaturation_lex	Disease
neuromuscular_blockade_lex	Disease
venous_thromboembolism_lex	Disease
vte_lex	Disease
oc_lex	Chemical
aggressive_behavior_lex	Disease
aggressiveness_lex	Disease
serotonergic_antidepressants_lex	Chemical
urinary_incontinence_lex	Disease
venlafaxine_lex	Chemical
sertraline_lex	Chemical
lithium_carbonate_lex	Chemical
tizanidine_lex	Chemical
spasticity_lex	Disease
disorders_of_the_central_nervous_system_lex	Disease
kidney_disease_lex	Disease
transplant_glomerulopathy_lex	Disease
tg_lex	Disease
glomerulopathies_lex	Disease
thrombotic_microangiopathy_lex	Disease
malignant_hypertension_lex	Disease
acute_tubular_necrosis_lex	Disease
lupus_nephritis_lex	Disease
henochschonlein_nephritis_lex	Disease
kidney_diseases_lex	Disease
endothelial_injury_lex	Disease
immunologic_injury_lex	Disease
bd1008_lex	Chemical
oligodeoxynucleotide_lex	Chemical
bd1018_lex	Chemical
3s1234dichlorophenylethyl14diazabicyclo430nonane_lex	Chemical
bd1063_lex	Chemical
1234dichlorophenylethyl4methylpiperazine_lex	Chemical
lr132_lex	Chemical
gaba_lex	Chemical
nmda_lex	Chemical
convulsions_lex	Disease
diotolylguanidine_lex	Chemical
dtg_lex	Chemical
bd1031_lex	Chemical
3r1234dichlorophenylethyl14diazabicyclo430nonane_lex	Chemical
convulsive_lex	Disease
e4031_lex	Chemical
cisapride_lex	Chemical
terfenadine_lex	Chemical
terodiline_lex	Chemical
torsades_de_pointes_lex	Disease
tdp_lex	Disease
ventricular_tachycardia_lex	Disease
myeloencephalopathy_lex	Disease
vincristin_lex	Chemical
vincristine_lex	Chemical
acute_lymphoblastic_leucemia_lex	Disease
lymphoblastic_lymphoma_lex	Disease
pseudocystic_transformation_lex	Disease
prochlorperazine_lex	Chemical
antithymocyte_globulin_lex	Chemical
dpenicillamine_lex	Chemical
aplastic_anemia_lex	Disease
ethanol_lex	Chemical
neostigmine_lex	Chemical
ach_lex	Chemical
convulsion_lex	Disease
kcl_lex	Chemical
convulsants_lex	Disease
dexamethasone_lex	Chemical
renal_injury_lex	Disease
reduction_in_glomerular_number_lex	Disease
elevated_blood_pressures_lex	Disease
cyproterone_acetate_lex	Chemical
ethinyl_estradiol_lex	Chemical
cpa_lex	Chemical
ee_lex	Chemical
acne_lex	Disease
hirsutism_lex	Disease
polycystic_ovary_syndrome_lex	Disease
pcos_lex	Disease
pseudoacromegaly_lex	Disease
minoxidil_lex	Chemical
acromegaly_lex	Disease
endocrine_disorder_lex	Disease
hypertrophy_lex	Disease
cutis_verticis_gyrata_lex	Disease
anemia_lex	Disease
prostate_cancer_lex	Disease
prostatic_adenocarcinoma_lex	Disease
leuprolide_acetate_lex	Chemical
lhrha_lex	Chemical
flutamide_lex	Chemical
testosterone_lex	Chemical
dilated_cardiomyopathy_lex	Disease
amb_lex	Chemical
coccidioidomycosis_lex	Disease
posaconazole_lex	Chemical
quinine_lex	Chemical
nocturnal_leg_cramps_lex	Disease
organophosphate_lex	Chemical
neuropathological_damages_lex	Disease
organophosphorus_lex	Chemical
op_lex	Chemical
diisopropylfluorophosphate_lex	Chemical
dfp_lex	Chemical
sarin_lex	Chemical
soman_lex	Chemical
ops_lex	Chemical
pralidoxime2chloride_lex	Chemical
2pam_lex	Chemical
n6cyclopentyl_adenosine_lex	Chemical
dizocilpine_maleate_lex	Chemical
atropine_sulfate_lex	Chemical
poisoning_lex	Disease
mk801_lex	Chemical
imidazoline_lex	Chemical
rilmenidine_lex	Chemical
a_reduced_locomotor_activity_lex	Disease
17betaestradiol_lex	Chemical
tincture_of_crataegus_lex	Chemical
isoproterenol_lex	Chemical
tcr_lex	Chemical
alcoholic_extract_of_the_berries_of_hawthorn_lex	Chemical
crataegus_oxycantha_lex	Chemical
adp_lex	Chemical
raloxifene_lex	Chemical
tamoxifen_lex	Chemical
osteoporosis_lex	Disease
cataracts_lex	Disease
gallbladder_disease_lex	Disease
endometrial_hyperplasia_lex	Disease
endometrial_cancer_lex	Disease
biliary_pseudolithiasis_lex	Disease
pseudolithiasis_lex	Disease
gallbladder_dysfunction_lex	Disease
gnc92h2_lex	Chemical
cocaine_overdose_lex	Disease
osteopenia_lex	Disease
raloxifene_hydrochloride_lex	Chemical
amenorrhea_lex	Disease
prolonged_qt_interval_lex	Disease
fungal_infection_lex	Disease
long_qt_syndrome_lex	Disease
cognitive_dysfunctions_lex	Disease
extract_of_daucus_carota_seeds_lex	Chemical
dce_lex	Chemical
daucus_carota_extract_lex	Chemical
cauda_equina_syndrome_lex	Disease
radiculopathy_lex	Disease
triamcinolone_lex	Chemical
bupivacaine_lex	Chemical
triamcinolone_diacetate_lex	Chemical
numbness_lex	Disease
lower_extremity_weakness_lex	Disease
loss_of_sensation_lex	Disease
neurologic_deterioration_lex	Disease
estradiol_and_testosterone_esters_lex	Chemical
rapamycin_lex	Chemical
autoimmunity_lex	Disease
cystic_renal_diseases_lex	Disease
renal_cancer_lex	Disease
acute_renal_dysfunction_lex	Disease
chronic_renal_damage_lex	Disease
statin_lex	Chemical
statins_lex	Chemical
hyperckaemia_lex	Disease
necrotic_lex	Disease
cyclic_nucleotide_lex	Chemical
cardiovascular_disease_lex	Disease
arrhythmia_lex	Disease
coronary_heart_disease_lex	Disease
smoking_lex	Chemical
hearing_impairment_lex	Disease
decreases_of_teoaes_amplitudes_lex	Disease
neuroinflammation_lex	Disease
behavioral_abnormalities_lex	Disease
terbutaline_lex	Chemical
autism_lex	Disease
neurodevelopmental_disorder_lex	Disease
deficits_in_communication_and_social_skills_lex	Disease
repetitive_behaviors_lex	Disease
preterm_labor_lex	Disease
autism_spectrum_disorders_lex	Disease
schizophrenia_lex	Disease
psychosis_lex	Disease
levetiracetam_lex	Chemical
valproate_lex	Chemical
lev_lex	Chemical
idiopathic_epilepsy_lex	Disease
vpa_lex	Chemical
tonicclonic_seizures_lex	Disease
impaired_word_fluency_psychomotor_speed_and_working_memory_lex	Disease
ne_lex	Chemical
yohimbine_lex	Chemical
attentiondeficithyperactivity_disorder_lex	Disease
methylphenidate_lex	Chemical
adhd_lex	Disease
drowsiness_lex	Disease
thalidomide_lex	Chemical
nonhodgkin_lymphomas_lex	Disease
cancer_lex	Disease
leukemia_lex	Disease
multiple_myeloma_lex	Disease
mantle_cell_lymphoma_lex	Disease
lymphoplasmacytic_lymphoma_lex	Disease
tumour_lex	Disease
lymphomas_lex	Disease
fatigue_lex	Disease
somnolence_lex	Disease
dyspnea_lex	Disease
lenalidomide_lex	Chemical
priapism_lex	Disease
green_tea_lex	Chemical
vitamin_e_lex	Chemical
iso_lex	Chemical
ca_lex	Chemical
na_lex	Chemical
mg_lex	Chemical
ocular_myasthenia_lex	Disease
pegylated_interferon_lex	Chemical
ribavirin_lex	Chemical
chronic_hepatitis_c_lex	Disease
diplopia_lex	Disease
pegylated_interferon_ifn_alpha2b_lex	Chemical
chc_lex	Disease
ptosis_on_the_right_upper_lid_lex	Disease
restricted_right_eye_movement_lex	Disease
pegylated_ifn_alpha2b_lex	Chemical
ifn_lex	Chemical
glycine_lex	Chemical
ssr103800_lex	Chemical
glutamate_lex	Chemical
nmethyldaspartate_lex	Chemical
amphetamine_lex	Chemical
olanzapine_lex	Chemical
aripiprazole_lex	Chemical
catalepsy_lex	Disease
phenylephrine_lex	Chemical
ephedrine_lex	Chemical
reduces_frontal_lobe_oxygenation_lex	Disease
propofol_lex	Chemical
obsessivecompulsivelike_behaviors_lex	Disease
obsessivecompulsive_disorder_lex	Disease
ocd_lex	Disease
behavioral_inflexibility_lex	Disease
memory_impairment_lex	Disease
hoarding_lex	Disease
corticostriatal_dysfunction_lex	Disease
hemolytic_uremic_syndrome_lex	Disease
hus_lex	Disease
dipyridamole_lex	Chemical
anuria_lex	Disease
microangiopathic_hemolytic_anemia_lex	Disease
hydrocortisone_lex	Chemical
radiocalcium_lex	Chemical
calcium_chloride_lex	Chemical
depressive_lex	Disease
betaxolol_lex	Chemical
glaucomatous_lex	Disease
malignant_mesenchymal_tumors_lex	Disease
malignant_mesenchymal_tumor_lex	Disease
ifosfamide_vincristine_and_dactinomycin_lex	Chemical
iva_lex	Chemical
glucosuria_lex	Disease
aminoaciduria_lex	Disease
renal_abnormalities_lex	Disease
fanconis_syndrome_lex	Disease
tdfs_lex	Disease
mesenchymal_tumors_lex	Disease
increase_in_locomotor_activity_lex	Disease
mecamylamine_lex	Chemical
hexamethonium_lex	Chemical
sch_twenty-three thousand, three hundred and ninety_lex	Chemical
raclopride_lex	Chemical
fluphenazine_lex	Chemical
phno_lex	Chemical
skf_thirty-eight thousand, three hundred and ninety-three_lex	Chemical
mefloquine_lex	Chemical
psychoses_lex	Disease
anxiety_neurosis_lex	Disease
disturbances_of_sleepwake_rhythm_lex	Disease
malaria_lex	Disease
mazindol_lex	Chemical
duchenne_dystrophy_lex	Disease
weakness_lex	Disease
decreased_appetite_lex	Disease
gastrointestinal_symptoms_lex	Disease
pentoxifylline_lex	Chemical
trental_lex	Chemical
hyperemia_lex	Disease
thallium_lex	Chemical
peripheral_vascular_disease_lex	Disease
methylxanthine_lex	Chemical
intermittent_claudication_lex	Disease
methylxanthines_lex	Chemical
pentoxyifylline_lex	Chemical
cerebral_haemorrhage_lex	Disease
pneumonia_lex	Disease
bronchitis_lex	Disease
neoplasms_lex	Disease
heart_diseases_lex	Disease
septicaemia_lex	Disease
deaths_lex	Disease
levodopa_lex	Chemical
noradrenaline_lex	Chemical
parkinsonian_lex	Disease
argentine_hemorrhagic_fever_lex	Disease
ahf_lex	Disease
viremia_lex	Disease
angina_lex	Disease
oxytocin_lex	Chemical
urethane_lex	Chemical
delta_9tetrahydrocannabinol_lex	Chemical
thc_lex	Chemical
6hydroxydopamine_lex	Chemical
6ohda_lex	Chemical
desipramine_lex	Chemical
alfentanil_lex	Chemical
somatic_rigidity_lex	Disease
metocurine_lex	Chemical
head_and_neck_carcinoma_lex	Disease
esophageal_carcinoma_lex	Disease
sudden_death_lex	Disease
tachyarrhythmia_lex	Disease
auditory_neurotoxicity_lex	Disease
deferoxamine_lex	Chemical
iron_lex	Chemical
abnormal_audiograms_with_deficits_mostly_in_the_high_frequency_range_of_four thousand_to_eight thousand_hz_lex	Disease
permanent_disability_lex	Disease
auditory_abnormality_lex	Disease
ototoxicity_lex	Disease
auditory_dysfunction_lex	Disease
flurbiprofen_lex	Chemical
juvenile_rheumatoid_arthritis_lex	Disease
tender_joints_lex	Disease
swelling_lex	Disease
tenderness_lex	Disease
morning_stiffness_lex	Disease
fecal_occult_blood_lex	Disease
gastrointestinal_gi_bleeding_lex	Disease
abdominal_pain_lex	Disease
mipafox_lex	Chemical
neuropathic_damage_lex	Disease
n_ndiisopropylphosphorodiamidofluoridate_lex	Chemical
cord_damage_lex	Disease
phenylpropanolamine_lex	Chemical
ppa_lex	Chemical
neuropsychiatric_symptoms_lex	Disease
psoriasis_lex	Disease
azathioprine_lex	Chemical
fibrosis_lex	Disease
liver_damage_lex	Disease
ebsteins_anomaly_lex	Disease
cardiac_malformations_lex	Disease
infarcts_lex	Disease
isoproterenols_lex	Chemical
polyethylene_glycol_four hundred_lex	Chemical
peg_four hundred_lex	Chemical
adr_lex	Chemical
cardiac_morphological_alterations_lex	Disease
l1210_leukemia_lex	Disease
ehrlich_ascites_tumor_lex	Disease
bcnu_lex	Chemical
malignant_gliomas_lex	Disease
13bis2chloroethyl1nitrosourea_lex	Chemical
astrocytomas_lex	Disease
edema_lex	Disease
loss_of_vision_lex	Disease
retinal_vasculitis_lex	Disease
visual_loss_lex	Disease
sodium_chloride_lex	Chemical
cimetidine_lex	Chemical
clear_cell_adenocarcinoma_lex	Disease
phenobarbitone_lex	Chemical
enlargement_of_the_liver_lex	Disease
carbon_tetrachloride_lex	Chemical
cirrhosis_of_the_liver_lex	Disease
splenomegaly_lex	Disease
atrophy_lex	Disease
ccl4_lex	Chemical
diabetesinsipiduslike_syndrome_lex	Disease
amiloride_lex	Chemical
polydipsia_lex	Disease
alprazolam_lex	Chemical
enuresis_lex	Disease
aggression_lex	Disease
impaired_memory_lex	Disease
weight_loss_lex	Disease
dup_seven hundred and fifty-three_lex	Chemical
nephrosis_lex	Disease
nephrotic_syndromes_lex	Disease
hypoalbuminemia_lex	Disease
hypercholesterolemia_lex	Disease
blood_nitrogen_urea_lex	Chemical
losartan_lex	Chemical
sodium_bicarbonate_lex	Chemical
penile_pain_lex	Disease
erectile_dysfunction_lex	Disease
papaverine_lex	Chemical
phentolamine_lex	Chemical
octreotide_lex	Chemical
gallstone_lex	Disease
acromegalic_lex	Disease
gallstones_lex	Disease
acute_cholecystitis_lex	Disease
cholecystitis_lex	Disease
dyskinesia_lex	Disease
pd_lex	Disease
sodium_valproate_lex	Chemical
neurological_disorders_lex	Disease
cerebellum_damage_lex	Disease
hepatic_damage_lex	Disease
hyperammonemia_lex	Disease
amikacin_lex	Chemical
aminoglycosides_lex	Chemical
endophthalmitis_lex	Disease
retinal_toxicity_lex	Disease
vancomycin_lex	Chemical
streptococcal_endophthalmitis_lex	Disease
fluorescein_lex	Chemical
telangiectasis_lex	Disease
ischaemia_lex	Disease
atrioventricular_reentrant_tachycardia_lex	Disease
idiopathic_dilated_cardiomyopathy_lex	Disease
wpw_syndrome_lex	Disease
avrt_lex	Disease
liver_disease_lex	Disease
hydrochlorofluorocarbons_lex	Chemical
ozone_lex	Chemical
chlorofluorocarbons_lex	Chemical
hcfcs_lex	Chemical
cfcs_lex	Chemical
11dichloro222trifluoroethane_lex	Chemical
hcfc_one hundred and twenty-three_lex	Chemical
1chloro1222tetrafluoroethane_lex	Chemical
hcfc_one hundred and twenty-four_lex	Chemical
1bromo1chloro222trifluoroethane_lex	Chemical
trifluoroacetyl_lex	Chemical
halothane_hepatitis_lex	Disease
liver_injury_lex	Disease
sensorineural_hearing_loss_lex	Disease
prilocaine_lex	Chemical
neurological_deficit_lex	Disease
loss_of_pinprick_sensation_lex	Disease
pethidine_lex	Chemical
postoperative_pain_lex	Disease
norpethidine_lex	Chemical
vanishing_bile_duct_lex	Disease
stevensjohnson_syndromes_lex	Disease
stevensjohnson_syndrome_lex	Disease
vanishing_bile_duct_syndrome_lex	Disease
ibuprofen_lex	Chemical
ursodeoxycholic_acid_lex	Chemical
cholestatic_disease_lex	Disease
primary_pulmonary_hypertension_lex	Disease
appetite_suppressants_lex	Chemical
appetite_suppressant_lex	Chemical
appetitesuppressants_lex	Chemical
fenfluramines_lex	Chemical
choreoathetoid_movements_lex	Disease
methadone_lex	Chemical
movement_abnormalities_lex	Disease
heroine_lex	Chemical
mood_disorder_lex	Disease
mood_disorders_lex	Disease
cimd_lex	Disease
depressive_disorders_lex	Disease
tam_lex	Chemical
hemolytic_lex	Disease
alphatocopherol_lex	Chemical
alphat_lex	Chemical
alphatocopherol_acetate_lex	Chemical
alphatac_lex	Chemical
hydroxyl_lex	Chemical
aaph_lex	Chemical
tocopherols_lex	Chemical
nitric_oxide_lex	Chemical
ngnitrolarginine_methyl_ester_lex	Chemical
lname_lex	Chemical
bromocriptine_lex	Chemical
cardiac_hypertrophy_lex	Disease
domperidone_lex	Chemical
ketamine_lex	Chemical
cyclosporine_lex	Chemical
tma_lex	Disease
chronic_renal_insufficiency_lex	Disease
systolic_dysfunction_lex	Disease
furosemide_lex	Chemical
amine_lex	Chemical
renal_artery_stenosis_lex	Disease
renovascular_disease_lex	Disease
lung_toxicity_lex	Disease
doxorubicin_lex	Chemical
ih636_grape_seed_proanthocyanidin_extract_lex	Chemical
grape_seed_extract_lex	Chemical
proanthocyanidins_lex	Chemical
gspe_lex	Chemical
aap_lex	Chemical
ami_lex	Chemical
dox_lex	Chemical
tissue_damage_lex	Disease
palpebral_twitching_lex	Disease
citalopram_lex	Chemical
metamizol_lex	Chemical
constipation_lex	Disease
constipating_lex	Disease
charcoal_lex	Chemical
chronic_pain_lex	Disease
asterixis_lex	Disease
ifx_lex	Chemical
myoclonus_lex	Disease
plasmacytoma_lex	Disease
structural_lesions_of_the_brain_lex	Disease
metabolic_abnormalities_lex	Disease
gammavinyl_gaba_lex	Chemical
vigabatrin_lex	Chemical
gvg_lex	Chemical
substance_abuse_lex	Disease
visual_field_defects_lex	Disease
vfd_lex	Disease
da_lex	Chemical
bleeding_lex	Disease
hematoma_lex	Disease
ich_lex	Disease
estradiol_lex	Chemical
hippocampal_injury_lex	Disease
kainic_acid_lex	Chemical
se_lex	Disease
silver_lex	Chemical
neurologic_sequelae_lex	Disease
weakness_of_extremities_lex	Disease
legs_paralysis_lex	Disease
dysarthria_lex	Disease
vascular_dysfunctions_lex	Disease
cluster_headache_lex	Disease
intracranial_vascular_disturbances_lex	Disease
increases_in_dural_and_cortical_blood_flow_lex	Disease
hexamethonium_chloride_lex	Chemical
increases_in_dural_blood_flow_lex	Disease
bicuculline_lex	Chemical
hypolocomotion_lex	Disease
tremors_lex	Disease
azithromycin_lex	Chemical
epileptic_lex	Disease
nitrolarginine_methyl_ester_lex	Chemical
highfrequency_hearing_loss_lex	Disease
aminoglycoside_lex	Chemical
ototoxic_lex	Disease
amphetamine_abuse_lex	Disease
ischaemic_stroke_lex	Disease
ischaemic_strokes_lex	Disease
vasculitis_lex	Disease
cerebral_haemorrhages_lex	Disease
haemorrhage_lex	Disease
cataract_lex	Disease
lignocaine_lex	Chemical
nausea_vomiting_lex	Disease
postoperative_emetic_symptoms_lex	Disease
chronic_kidney_disease_lex	Disease
contrast_medium_lex	Chemical
iopamidol_lex	Chemical
iodixanol_lex	Chemical
nacetylcysteine_lex	Chemical
maltolyl_pcoumarate_lex	Chemical
maltol_lex	Chemical
pcoumaric_acid_lex	Chemical
cognitive_decline_lex	Disease
amyloid_beta_peptide142_lex	Chemical
h2o2_lex	Chemical
alzheimers_disease_lex	Disease
neuronal_death_lex	Disease
decline_of_cognitive_function_lex	Disease
levofloxacin_lex	Chemical
fluoroquinolone_lex	Chemical
hepatitis_b_virus_hbv_infected_lex	Disease
hiv_coinfection_lex	Disease
hepatitis_b_lex	Disease
human_immunodeficiency_virus_hiv_coinfection_lex	Disease
hbv_infected_lex	Disease
hbv_monoinfected_lex	Disease
hbsag_lex	Chemical
tyrosine_lex	Chemical
methionine_lex	Chemical
aspartate_lex	Chemical
acute_pain_lex	Disease
dextromethorphan_lex	Chemical
sirolmus_lex	Chemical
mycophenolate_mofetil_lex	Chemical
ace_inhibitor_lex	Chemical
angiotensinreleasing_blocker_lex	Chemical
arb_lex	Chemical
acei_lex	Chemical
npyrimidinyl2phenoxyacetamides_lex	Chemical
npyrimidinyl2phenoxyacetamide_lex	Chemical
methamphetamine_lex	Chemical
meth_lex	Chemical
mptp_lex	Chemical
neurodegeneration_lex	Disease
cns_damage_lex	Disease
brachial_neuritis_lex	Disease
everolimus_lex	Chemical
tac_lex	Chemical
headaches_lex	Disease
neurological_deficits_lex	Disease
myelitis_lex	Disease
brachial_plexitis_lex	Disease
valvular_heart_disease_lex	Disease
pergolide_lex	Chemical
valvular_heart_abnormalities_lex	Disease
valvular_heart_abnormality_lex	Disease
aortic_regurgitation_lex	Disease
mitral_regurgitation_lex	Disease
valvular_regurgitation_lex	Disease
valve_regurgitation_lex	Disease
papaverine_hydrochloride_lex	Chemical
cranial_nerve_dysfunction_lex	Disease
adverse_effect_on_the_proximal_eighth_nerve_lex	Disease
cranial_nerve_deficits_lex	Disease
bisphosphonate_lex	Chemical
alendronate_lex	Chemical
alendronate_sodium_lex	Chemical
bisphosphonates_lex	Chemical
volume_retention_lex	Disease
lipidemia_lex	Disease
uremia_lex	Disease
cotrimoxazole_lex	Chemical
pneumocystis_pneumonia_lex	Disease
hivinfected_lex	Disease
pcp_lex	Disease
opportunistic_infection_lex	Disease
intrahepatic_cholestasis_lex	Disease
liver_abscess_lex	Disease
oxycodone_lex	Chemical
modafinil_lex	Chemical
daytime_sleepiness_lex	Disease
asenapine_lex	Chemical
bipolar_i_disorder_lex	Disease
psychotic_lex	Disease
cardiac_toxicity_lex	Disease
lopinavirritonavir_lex	Chemical
human_immunodeficiency_virus_infection_lex	Disease
heart_block_lex	Disease
pentobarbital_lex	Chemical
memory_dissociation_lex	Disease
angiosarcoma_lex	Disease
intraarterial_lesions_lex	Disease
xanthine_lex	Chemical
ht_lex	Disease
dex_lex	Chemical
allopurinol_lex	Chemical
urate_lex	Chemical
increased_sbp_lex	Disease
decreased_thymus_p_one_and_bodyweights_lex	Disease
risperidone_lex	Chemical
serotonin_5ht2_lex	Chemical
psychotic_symptoms_lex	Disease
druginduced_parkinsonism_lex	Disease
simvastatinezetimibe_lex	Chemical
hepatic_failure_lex	Disease
hepatotoxic_lex	Disease
ezetimibe_lex	Chemical
fulminant_hepatic_failure_lex	Disease
simvastatin_lex	Chemical
simvastatin_ten_mgezetimibe_forty_mg_lex	Chemical
escitalopram_lex	Chemical
drug_toxicity_lex	Disease
uridine_diphosphate_lex	Chemical
simvastatin_hydroxy_acid_lex	Chemical
liver_failure_lex	Disease
meth_mouth_lex	Disease
cardiac_dysrhythmias_lex	Disease
hallucinations_lex	Disease
violent_behavior_lex	Disease
xerostomia_lex	Disease
caries_lex	Disease
tooth_wear_lex	Disease
bad_breath_lex	Disease
carious_lesions_lex	Disease
carious_episodes_lex	Disease
methamphetamines_lex	Chemical
thyroxine_lex	Chemical
thyrotoxicosis_lex	Disease
eating_disorders_lex	Disease
drug_abuse_lex	Disease
lipopolysaccharide_lex	Chemical
dopaminergic_terminal_damage_lex	Disease
34dihydroxyphenylacetic_acid_lex	Chemical
enalapril_lex	Chemical
glomerular_sclerosis_lex	Disease
apnea_lex	Disease
succinylcholine_lex	Chemical
fractures_lex	Disease
fracture_lex	Disease
dislocation_lex	Disease
ketamine_hydrochloride_lex	Chemical
emesis_lex	Disease
clumsiness_lex	Disease
ataxic_movements_lex	Disease
dysphoric_reaction_lex	Disease
rheumatologic_disorders_lex	Disease
hepatitis_b_virus_surface_antigen_lex	Chemical
hbs_ag_lex	Chemical
rheumatologic_disease_lex	Disease
rheumatologic_diseases_lex	Disease
abnormal_liver_function_lex	Disease
midazolan_lex	Chemical
mz_lex	Chemical
flumazenil_lex	Chemical
fl_lex	Chemical
myocardiopathy_lex	Disease
mp_lex	Disease
mr_lex	Disease
hypoxia_lex	Disease
airway_obstruction_lex	Disease
bepridil_lex	Chemical
selegiline_lex	Chemical
postural_hypotension_lex	Disease
systolic_orthostatic_hypotension_lex	Disease
reduced_the_supine_systolic_and_diastolic_blood_pressures_lex	Disease
metamphetamine_lex	Chemical
pains_lex	Disease
renovascular_hypertension_lex	Disease
sudden_deterioration_of_renal_function_lex	Disease
propylthiouracil_lex	Chemical
chronic_active_aggressive_hepatitis_lex	Disease
muscle_pain_lex	Disease
temporomandibular_disorders_lex	Disease
nociceptive_muscle_lex	Disease
painful_muscle_lex	Disease
hydrogen_cyanamide_lex	Chemical
aldehyde_lex	Chemical
acetaldehyde_lex	Chemical
dormex_lex	Chemical
flushing_of_the_face_lex	Disease
flushing_lex	Disease
arterial_hypotension_lex	Disease
trimipramine_lex	Chemical
tri_lex	Chemical
5hydroxytryptamine_lex	Chemical
reserpine_lex	Chemical
hypothermia_lex	Disease
5hydroxytryptophan_lex	Chemical
damphetamine_lex	Chemical
quinpirole_lex	Chemical
ranitidine_lex	Chemical
acetazolamide_lex	Chemical
neuromuscular_disorders_lex	Disease
myotonia_lex	Disease
renal_calculi_lex	Disease
renal_calculus_lex	Disease
calculus_lex	Disease
scabies_lex	Disease
lindane_lex	Chemical
gamma_benzene_hexachloride_lex	Chemical
toxic_to_the_central_nervous_system_lex	Disease
aplastic_anaemia_lex	Disease
masseter_spasm_lex	Disease
myotonia_congenita_lex	Disease
8aminoquinoline_lex	Chemical
84aminolmethylbutylamino_5lhexyloxy6methoxy4methylquinoline_lex	Chemical
wr242511_lex	Chemical
methemoglobinemia_lex	Disease
hemoglobinuria_lex	Disease
myoglobinuria_lex	Disease
kanamycin_lex	Chemical
sumatriptan_lex	Chemical
atypical_sensations_lex	Disease
tingling_or_burning_sensations_lex	Disease
sunburn_lex	Disease
salbutamol_lex	Chemical
obstructive_lung_disease_lex	Disease
docetaxel_lex	Chemical
quaternary_ammonium_lex	Chemical
um272_lex	Chemical
nndimethylpropranolol_lex	Chemical
ouabain_lex	Chemical
ventricular_tachycardias_lex	Disease
haemolytic_anaemia_lex	Disease
ciprofloxacin_lex	Chemical
urinary_tract_infection_lex	Disease
haemolysis_lex	Disease
petechiae_lex	Disease
purpura_lex	Disease
haemorrhages_lex	Disease
bone_marrow_depression_lex	Disease
thrombi_lex	Disease
microangiopathies_lex	Disease
compartment_syndrome_lex	Disease
myonecrosis_lex	Disease
hypothyroidism_lex	Disease
hypothyroid_lex	Disease
arteriopathic_lex	Disease
danazol_lex	Chemical
liver_mass_lex	Disease
combination_of_amoxicillin_and_clavulanic_acid_lex	Chemical
amoxicillinclavulanic_acid_lex	Chemical
granulomas_lex	Disease
cholestatic_syndrome_lex	Disease
eosinophilia_lex	Disease
clavulanic_acid_lex	Chemical
cocaine_abuse_lex	Disease
aneurysms_lex	Disease
ruptured_aneurysms_lex	Disease
aneurysmal_rupture_lex	Disease
absence_seizures_lex	Disease
absence_epilepsy_lex	Disease
absence_seizure_lex	Disease
gammaaminobutyric_acid_lex	Chemical
epilepsy_lex	Disease
procainamide_lex	Chemical
premature_ventricular_contractions_lex	Disease
qt_prolongation_lex	Disease
syncope_lex	Disease
prolonged_qt_syndrome_lex	Disease
dextran_lex	Chemical
hoe140_lex	Chemical
5azacytidine_lex	Chemical
initiation_induced_by_carcinogens_lex	Disease
initiation_of_carcinogenic_process_lex	Disease
5azc_lex	Chemical
benzoapyrene_lex	Chemical
nmethylnnitrosourea_lex	Chemical
12dimethylhydrazine_lex	Chemical
12dmh_lex	Chemical
2acetylaminofluorene_lex	Chemical
3h5azadeoxycytidine_lex	Chemical
cytosine_lex	Chemical
rs_lex	Disease
trihexyphenidyl_lex	Chemical
catecholamines_lex	Chemical
meningeal_leukemia_lex	Disease
meningeal_disease_lex	Disease
mucositis_lex	Disease
transient_hemiparesis_lex	Disease
leukemoid_reaction_lex	Disease
erythroderma_lex	Disease
hyponatremia_lex	Disease
locomotor_hypoactivity_lex	Disease
choline_lex	Chemical
dobutamine_lex	Chemical
tc99msestamibi_lex	Chemical
sestamibi_lex	Chemical
rhabdomyolysis_lex	Disease
atazanavir_lex	Chemical
human_immunodeficiency_virus_lex	Disease
blood_urea_nitrogen_lex	Chemical
alanine_lex	Chemical
fluvastatin_lex	Chemical
rosuvastatin_lex	Chemical
atorvastatin_lex	Chemical
lovastatin_lex	Chemical
squamous_cell_esophageal_carcinoma_lex	Disease
granulocytopenia_lex	Disease
peripheral_neurotoxicity_lex	Disease
esophageal_squamous_cell_carcinoma_lex	Disease
aponidine_hydrochloride_lex	Chemical
apraclonidine_lex	Chemical
ocular_hypotensive_lex	Disease
decreases_in_systolic_blood_pressure_lex	Disease
conjunctival_blanching_lex	Disease
mydriasis_lex	Disease
entropion_lex	Disease
corneal_abrasion_lex	Disease
carmofur_lex	Chemical
organic_mental_disorders_lex	Disease
organic_personality_syndrome_lex	Disease
frontal_lobe_syndrome_lex	Disease
structural_damage_to_the_frontal_lobe_lex	Disease
mexiletine_lex	Chemical
mexitilperlongets_lex	Chemical
gastrointestinal_problems_lex	Disease
calcitonin_lex	Chemical
intracranial_bleeding_lex	Disease
wheezing_lex	Disease
respiratory_distress_lex	Disease
rash_lex	Disease
molindone_lex	Chemical
cardiovascular_alterations_lex	Disease
ro_four hundred and five thousand, nine hundred and sixty-seven_lex	Chemical
cardiovascular_malformations_lex	Disease
nifedipine_lex	Chemical
hepatitis_b_virus_e_antigen_lex	Chemical
lam_lex	Chemical
hbeag_lex	Chemical
nucleotide_lex	Chemical
adefovir_lex	Chemical
tenofovir_lex	Chemical
sevoflurane_lex	Chemical
enflurane_lex	Chemical
apamin_lex	Chemical
superoxide_lex	Chemical
o2_lex	Chemical
ato_lex	Chemical
99mtcglucarate_lex	Chemical
infarct_lex	Disease
glucaric_acid_lex	Chemical
cardiac_infarction_lex	Disease
disruptive_behaviors_lex	Disease
psychomotor_agitation_lex	Disease
extrapyramidal_signs_lex	Disease
hiphisleu_lex	Chemical
renal_interstitial_damage_lex	Disease
focal_glomerulosclerosis_lex	Disease
tobramycin_lex	Chemical
gentamicin_sulfate_lex	Chemical
tobramycin_sulfate_lex	Chemical
mpep_lex	Chemical
2methyl6phenylethynylpyridine_lex	Chemical
veratridine_lex	Chemical
desipramine_hcl_lex	Chemical
cinacalcet_hcl_lex	Chemical
cinacalcet_lex	Chemical
lid_lex	Disease
corticosteroids_lex	Chemical
paramethasone_lex	Chemical
conjunctivitis_lex	Disease
pancreatitis_lex	Disease
impaired_consciousness_lex	Disease
haemolyticuraemic_syndrome_lex	Disease
metronidazole_lex	Chemical
extrahepatic_cholestasis_lex	Disease
betathalassemic_lex	Disease
betathalassemia_lex	Disease
dfo_lex	Chemical
snhl_lex	Disease
thalassemic_lex	Disease
angiotensin_converting_enzyme_ace_inhibitors_lex	Chemical
azidothymidine_lex	Chemical
azt_lex	Chemical
thymidine_lex	Chemical
inferior_colliculus_lesion_lex	Disease
inferior_colliculus_lesions_lex	Disease
callosal_lesion_lex	Disease
apnoea_lex	Disease
carbon_dioxide_lex	Chemical
tachyarrhythmias_lex	Disease
ventricular_ectopic_beats_lex	Disease
phenytoin_lex	Chemical
overdosages_lex	Disease
cerebellar_atrophy_lex	Disease
cerebellar_disorders_lex	Disease
myocardial_damage_lex	Disease
myocardial_cell_injury_lex	Disease
cardiac_disorders_lex	Disease
ischemic_injury_lex	Disease
cips_lex	Disease
reflex_sympathetic_dystrophy_lex	Disease
mortons_neuralgia_lex	Disease
gout_lex	Disease
avascular_necrosis_lex	Disease
foot_deformities_lex	Disease
stress_fractures_lex	Disease
hyperparathyroidism_lex	Disease
halogenated_hydroxyquinolines_lex	Chemical
clioquinol_lex	Chemical
neurological_disturbance_lex	Disease
optic_atrophy_lex	Disease
acrodermatitis_enteropathica_lex	Disease
myelopathy_lex	Disease
epileptic_seizures_lex	Disease
tamca_lex	Chemical
generalized_seizures_lex	Disease
sugar_dependency_lex	Disease
behavioral_crosssensitization_lex	Disease
drug_dependency_lex	Disease
sucrose_lex	Chemical
hyperactive_lex	Disease
angiopathy_lex	Disease
dpen_lex	Chemical
hyaluronate_lex	Chemical
anthracyclines_lex	Chemical
cardiac_dysfunction_lex	Disease
acute_leukemia_lex	Disease
daunorubicin_lex	Chemical
dnr_lex	Chemical
birth_defects_lex	Disease
birth_defect_lex	Disease
sulfonamides_lex	Chemical
anencephaly_lex	Disease
hypoplastic_left_heart_syndrome_lex	Disease
choanal_atresia_lex	Disease
transverse_limb_deficiency_lex	Disease
diaphragmatic_hernia_lex	Disease
nitrofurantoins_lex	Chemical
anophthalmia_lex	Disease
microphthalmos_lex	Disease
atrial_septal_defects_lex	Disease
cleft_lip_lex	Disease
cleft_palate_lex	Disease
erythromycins_lex	Chemical
cephalosporins_lex	Chemical
quinolones_lex	Chemical
chlorambucil_lex	Chemical
alkylating_agents_lex	Chemical
purine_lex	Chemical
folic_acid_lex	Chemical
synovitis_lex	Disease
acute_nonlymphocytic_leukemia_lex	Disease
nonhodgkins_lymphoma_lex	Disease
malignancy_lex	Disease
hepatic_injury_lex	Disease
methyldopa_lex	Chemical
hepatomegaly_lex	Disease
anorexia_lex	Disease
fatty_change_lex	Disease
massive_hepatic_necrosis_lex	Disease
acute_hepatitis_lex	Disease
fulminant_hepatitis_lex	Disease
hepatic_dysfunction_lex	Disease
head_and_neck_cancers_lex	Disease
head_and_neck_carcinomas_lex	Disease
taxol_lex	Chemical
head_and_neck_cancer_lex	Disease
ovarian_cancer_lex	Disease
alopecia_lex	Disease
paresthesias_lex	Disease
arthralgias_lex	Disease
myalgias_lex	Disease
myalgia_lex	Disease
40tetrahydropyranyladriamycin_lex	Chemical
pirarubicin_lex	Chemical
phlebitis_lex	Disease
adriamycinol_lex	Chemical
adriamycinone_lex	Chemical
tetrahydropyranyladriamycinol_lex	Chemical
mesothelioma_lex	Disease
leiomyosarcoma_lex	Disease
basal_cell_carcinoma_lex	Disease
gammahexachlorocyclohexane_lex	Chemical
gammahch_lex	Chemical
ptz_lex	Chemical
picrotoxin_lex	Chemical
ptx_lex	Chemical
3mercaptopropionic_acid_lex	Chemical
mpa_lex	Chemical
bcc_lex	Chemical
methyl_67dimethoxy4ethylbcarboline3carboxylate_lex	Chemical
dmcm_lex	Chemical
strychnine_lex	Chemical
str_lex	Chemical
pentylenetetrazol_lex	Chemical
3htbob_lex	Chemical
tbutyl_bicycloorthobenzoate_lex	Chemical
carboplatin_lex	Chemical
glioblastomas_lex	Disease
glioblastoma_lex	Disease
malignant_tumor_lex	Disease
glycerin_lex	Chemical
glaucoma_lex	Disease
ocular_pain_lex	Disease
papilledema_lex	Disease
retinal_detachment_lex	Disease
chorioretinal_atrophy_lex	Disease
ocular_toxicity_lex	Disease
amsacrine_lex	Chemical
ci921_lex	Chemical
nsc_three hundred and forty-three thousand, four hundred and ninety-nine_lex	Chemical
nonsmall_cell_lung_cancer_lex	Disease
92methoxy4methylsulphonylaminophenylamino_n5dimethyl_4acridinecarboxamide_lex	Chemical
squamous_carcinoma_lex	Disease
adenocarcinoma_lex	Disease
bronchioalveolar_carcinoma_lex	Disease
undifferentiated_carcinoma_lex	Disease
squamous_cell_carcinoma_lex	Disease
alphalipoic_acid_lex	Chemical
mitochondrial_damage_lex	Disease
toxic_neurodegenerative_cascade_lex	Disease
mitochondrial_impairment_lex	Disease
mitochondrial_toxicity_lex	Disease
peripheral_nerve_toxicity_lex	Disease
strokes_lex	Disease
ximelagatran_lex	Chemical
embolic_events_lex	Disease
irbesartan_lex	Chemical
idraparinux_lex	Chemical
cardiac_remodelling_lex	Disease
cyclosporin_a_lex	Chemical
acute_tlymphocytic_leukemia_lex	Disease
hyperbilirubinemia_lex	Disease
cefonicid_lex	Chemical
cefazedone_lex	Chemical
cephalosporin_lex	Chemical
hematotoxicity_lex	Disease
hematologic_disturbances_lex	Disease
blood_dyscrasias_lex	Disease
cytopenias_lex	Disease
hematologic_syndrome_lex	Disease
cytopenia_lex	Disease
pyridoxine_lex	Chemical
behavioral_disorder_lex	Disease
behavioral_deterioration_lex	Disease
hyperkinesis_lex	Disease
sleeping_difficulties_lex	Disease
pyridoxine_hydrochloride_lex	Chemical
niacinamide_lex	Chemical
pyridoxal_lex	Chemical
kynurenine_lex	Chemical
tryptophan_lex	Chemical
nra0160_lex	Chemical
five_two_four_three_fluorobenzylidene_piperidin1yl_ethyl_four_4fluorophenyl_thiazole2carboxamide_lex	Chemical
map_lex	Chemical
phencyclidine_lex	Chemical
troleandomycin_lex	Chemical
hypereosinophilia_lex	Disease
pruritus_lex	Disease
gemfibrozil_lex	Chemical
niacin_lex	Chemical
hypercholesterolaemia_lex	Disease
sulfasalazine_lex	Chemical
lupus_erythematosus_lex	Disease
pleural_effusions_lex	Disease
cardiac_tamponade_lex	Disease
lupus_lex	Disease
serositis_lex	Disease
lupus_syndrome_lex	Disease
carbidopa_lex	Chemical
gastrointestinal_disorders_lex	Disease
sleep_disturbances_lex	Disease
parasomnias_lex	Disease
cerebral_hypoxia_lex	Disease
comatose_lex	Disease
stuporous_lex	Disease
chlormethiazole_lex	Chemical
withdrawal_symptoms_lex	Disease
nitrazepam_lex	Chemical
neurological_sequelae_lex	Disease
hypoxaemia_lex	Disease
postoperative_nausea_and_vomiting_lex	Disease
renal_fanconi_syndrome_lex	Disease
mitochondrial_cytopathy_lex	Disease
wilsons_disease_lex	Disease
mmf_lex	Chemical
hepatitis_b_infection_lex	Disease
metabolic_acidosis_lex	Disease
hypophosphatemia_lex	Disease
glycosuria_lex	Disease
acidosis_lex	Disease
muscle_weakness_lex	Disease
fanconi_syndrome_lex	Disease
mitochondrial_disorders_lex	Disease
tubular_dysfunction_lex	Disease
thioperamide_lex	Chemical
ralphamethylhistamine_lex	Chemical
ramh_lex	Chemical
thp_lex	Chemical
platypneaorthodeoxialike_syndrome_lex	Disease
platypneaorthodeoxia_lex	Disease
cyanosis_lex	Disease
patent_foramen_ovale_lex	Disease
biventricular_dysfunction_lex	Disease
wr2721_lex	Chemical
amifostine_lex	Chemical
breast_carcinoma_lex	Disease
mannitol_lex	Chemical
neurologic_toxicity_lex	Disease
femoral_nerve_palsy_lex	Disease
muscle_tear_lex	Disease
contracture_lex	Disease
nerve_entrapment_lex	Disease
partial_loss_of_quadriceps_functions_lex	Disease
motor_and_sensory_impairment_lex	Disease
penicillamine_lex	Chemical
chloroquine_lex	Chemical
cephalothin_lex	Chemical
cephalothin_sodium_lex	Chemical
slimonene_lex	Chemical
sperillyl_alcohol_lex	Chemical
memory_impaired_lex	Disease
deficit_of_associative_memory_lex	Disease
ro4368554_lex	Chemical
memory_deficiency_lex	Disease
3benzenesulfonyl74methylpiperazin1yl1hindole_lex	Chemical
trp_lex	Chemical
metrifonate_lex	Chemical
memory_deficit_lex	Disease
heart_disease_lex	Disease
thyroid_disorders_lex	Disease
acute_alcohol_intoxication_lex	Disease
dfu_lex	Chemical
piroxicam_lex	Chemical
55dimethyl33fluorophenyl44methylsulphonyl_phenyl25hfuranon_lex	Chemical
intrauterine_growth_retardation_lex	Disease
increase_of_external_and_skeletal_variations_lex	Disease
drug_dependence_lex	Disease
allopregnanolone_lex	Chemical
3alphahydroxy5alphapregnan20one_lex	Chemical
pregnanolone_lex	Chemical
3alphahydroxy5betapregnan20one_lex	Chemical
ganaxolone_lex	Chemical
3alphahydroxy3betamethyl5alphapregnan20one_lex	Chemical
cyclosporine_a_lex	Chemical
csa_lex	Chemical
fucoidan_lex	Chemical
brain_damage_lex	Disease
ischemic_stroke_lex	Disease
inflammation_lex	Disease
impaired_blood_clotting_lex	Disease
hemodilution_lex	Disease
hematomas_lex	Disease
white_matter_edema_lex	Disease
neuronal_loss_lex	Disease
hepatocellular_injury_lex	Disease
haemodilution_lex	Disease
acetoacetate_lex	Chemical
3hydroxybutyrate_lex	Chemical
impairment_of_hepatic_function_lex	Disease
dyskinetic_movements_lex	Disease
spontaneous_recurrent_seizures_lex	Disease
srs_lex	Disease
salvianolic_acid_a_lex	Chemical
malondialdehyde_lex	Chemical
respiratory_dysfunction_lex	Disease
n2propylpentanoylurea_lex	Chemical
amino_acid_lex	Chemical
vpu_lex	Chemical
telithromycin_lex	Chemical
upper_respiratory_tract_infection_lex	Disease
adverse_drug_reaction_lex	Disease
spironolactone_lex	Chemical
cr_lex	Chemical
thiazide_lex	Chemical
crf_lex	Disease
hepatorenal_syndrome_lex	Disease
nimodipine_lex	Chemical
acute_stroke_lex	Disease
reduction_in_blood_pressure_lex	Disease
bp_reduction_lex	Disease
reduction_in_systolic_bp_lex	Disease
dbp_reduction_lex	Disease
transient_neurologic_symptoms_lex	Disease
tnss_lex	Disease
glucose_lex	Chemical
carbon_monoxide_lex	Chemical
sinus_arrest_lex	Disease
cardiac_disease_lex	Disease
arrhythmias_lex	Disease
gall_bladder_stones_lex	Disease
gall_stones_lex	Disease
udca_lex	Chemical
gall_stone_lex	Disease
gall_stone_disease_lex	Disease
cardiovascular_complications_lex	Disease
2chloroprocainece_lex	Chemical
subpial_necrosis_lex	Disease
bladder_tumors_lex	Disease
sulindac_lex	Chemical
ventricular_tachyarrhythmias_lex	Disease
ritodrine_lex	Chemical
prolactinomas_lex	Disease
prolactinoma_lex	Disease
adenoma_lex	Disease
liver_enlargement_lex	Disease
muscle_wastage_lex	Disease
cardiorespiratory_arrest_lex	Disease
midazolam_hydrochloride_lex	Chemical
levodopacarbidopa_lex	Chemical
carbidopalevodopa_lex	Chemical
hallucinosis_lex	Disease
vitamin_b6_lex	Chemical
lalphaglycerylphosphorylcholine_lex	Chemical
lalphagfc_lex	Chemical
impairment_of_attention_and_memory_lex	Disease
benzoylecgonine_lex	Chemical
be_lex	Chemical
ly274614_lex	Chemical
3sr4ars6sr8ars6phosphonomethyldecahydr_oisoquinoline3_carboxylic_acid_lex	Chemical
iprindole_lex	Chemical
dizocilpine_lex	Chemical
clonic_fits_lex	Disease
fits_lex	Disease
cacl2_lex	Chemical
thoracic_aortic_aneurysm_lex	Disease
taa_lex	Disease
arterial_injury_lex	Disease
nacl_lex	Chemical
right_heart_failure_lex	Disease
catecholamine_lex	Chemical
pac_lex	Chemical
glutamine_lex	Chemical
h_lex	Chemical
ribonucleic_acid_lex	Chemical
hyperprolactinemic_lex	Disease
hyperprolactinemia_lex	Disease
cholesteryl_ester_lex	Chemical
ritonavir_lex	Chemical
premature_atherosclerosis_lex	Disease
atherosclerotic_lesion_lex	Disease
e2_lex	Chemical
progesterone_lex	Chemical
cholesteryl_esters_lex	Chemical
phenobarbital_lex	Chemical
tariquidar_lex	Chemical
injury_to_the_brain_lex	Disease
mitochondrial_abnormalities_lex	Disease
antiphospholipid_syndrome_lex	Disease
systemic_lupus_erythematosus_lex	Disease
left_ventricular_systolic_and_diastolic_dysfunction_lex	Disease
myocardial_dysfunction_lex	Disease
myocardial_stunning_lex	Disease
myocardial_necrosis_lex	Disease
urinary_bladder_cancer_lex	Disease
wegeners_granulomatosis_lex	Disease
bladder_cancer_lex	Disease
larginine_lex	Chemical
hydrocortisone_acetate_lex	Chemical
3hlarginine_lex	Chemical
increases_in_blood_pressure_lex	Disease
neurologic_complications_lex	Disease
white_matter_abnormalities_lex	Disease
putaminal_hemorrhage_lex	Disease
cortical_laminar_necrosis_lex	Disease
hypoxemia_lex	Disease
pulmonary_hypertension_lex	Disease
fistula_lex	Disease
necrotizing_enterocolitis_lex	Disease
exencephaly_lex	Disease
exencephalic_lex	Disease
hemorrhaging_lex	Disease
circulatory_failure_lex	Disease
maha_lex	Disease
cya_lex	Chemical
amantadine_lex	Chemical
amines_lex	Chemical
amantadine_hydrochloride_lex	Chemical
suppression_of_motility_lex	Disease
normetanephrine_lex	Chemical
behavioral_depression_lex	Disease
hepatocellular_carcinomas_lex	Disease
hepatocellular_carcinoma_lex	Disease
methylergonovine_lex	Chemical
variant_angina_lex	Disease
angina_pectoris_lex	Disease
coronary_spasm_lex	Disease
cardiac_damage_lex	Disease
aminophylline_lex	Chemical
respiratory_failure_lex	Disease
cardiac_arrhythmias_lex	Disease
cardiac_disturbances_lex	Disease
co2_lex	Chemical
hypoventilation_lex	Disease
ventricular_arrhythmias_lex	Disease
carbamylcholin_lex	Chemical
asystole_lex	Disease
hyperhidrosis_lex	Disease
hypersalivation_lex	Disease
bronchorrhoea_lex	Disease
miosis_lex	Disease
atrioventricular_dissociation_lex	Disease
dyspnoea_lex	Disease
bronchospasm_lex	Disease
respiratory_insufficiency_lex	Disease
proteus_mirabilis_infection_lex	Disease
acute_cardiovascular_failure_lex	Disease
rizatriptan_lex	Chemical
ergotamine_lex	Chemical
phonophobia_lex	Disease
photophobia_lex	Disease
bleomycin_lex	Chemical
vinca_alkaloid_lex	Chemical
thrombotic_thrombocytopenic_purpura_lex	Disease
hemolyticuremic_syndrome_lex	Disease
nelarabine_lex	Chemical
arag_lex	Chemical
vp_lex	Chemical
cpm_lex	Chemical
musculoskeletal_pain_lex	Disease
haematological_toxicity_lex	Disease
neurological_toxicity_lex	Disease
dermatitis_lex	Disease
fever_lex	Disease
lymphadenopathy_lex	Disease
lymphadenitis_lex	Disease
multiorgan_failure_lex	Disease
massive_hepatocellular_necrosis_lex	Disease
nephritis_lex	Disease
bone_marrow_necrosis_lex	Disease
bupropion_lex	Chemical
zyban_lex	Chemical
bupropion_hydrochloride_lex	Chemical
indocyanine_green_lex	Chemical
exanthema_lex	Disease
urtication_lex	Disease
itchiness_lex	Disease
fluorescein_sodium_lex	Chemical
diabetic_neuropathy_lex	Disease
hoe_one hundred and forty_lex	Chemical
des_arg10_hoe_one hundred and forty_lex	Chemical
diabetic_hyperalgesia_lex	Disease
desarg10hoe_one hundred and forty_lex	Chemical
toxic_neuropathy_lex	Disease
melphalan_lex	Chemical
thiotepa_lex	Chemical
chf_lex	Disease
myoclonic_jerks_lex	Disease
lamotrigine_lex	Chemical
ethosuximide_lex	Chemical
omeprazole_lex	Chemical
peptic_ulcer_disease_lex	Disease
reflux_esophagitis_lex	Disease
zollingerellison_syndrome_lex	Disease
lethargy_lex	Disease
shortness_of_breath_lex	Disease
didanosine_lex	Chemical
ddi_lex	Chemical
hiv_antibodypositive_lex	Disease
opportunistic_infections_lex	Disease
diarrhoea_lex	Disease
glucose_tolerance_curves_lex	Disease
sunitinib_lex	Chemical
sorafenib_lex	Chemical
chronically_infected_with_hepatitis_c_virus_lex	Disease
pegylated_interferon_alpha_2a_lex	Chemical
hepatitis_c_lex	Disease
topiramate_lex	Chemical
cocaine_addiction_lex	Disease
three_alphatropyl_2pbromophenylpropionate_lex	Chemical
dicyclomine_lex	Chemical
hemicholinium3_lex	Chemical
gammaaminobutyric_acidb_lex	Chemical
3aminopropyldiethoxymethylphosphinic_acid_lex	Chemical
5hydroxytryptamine4_lex	Chemical
2methoxy4amino5chlorobenzoic_acid_2diethylaminoethyl_ester_lex	Chemical
5hydroxytryptamin1a_lex	Chemical
12methoxyphenyl442phthalimidobutylpiperazine_lex	Chemical
amnesic_lex	Disease
prostaglandin_f2_alpha_lex	Chemical
hematuria_lex	Disease
pcholoroaniline_lex	Chemical
chlorhexidinedigluconate_lex	Chemical
colistin_lex	Chemical
povidoneiodine_lex	Chemical
picloxydine_lex	Chemical
bromperidol_lex	Chemical
extrapyramidal_concomitant_symptoms_lex	Disease
psychotic_syndromes_belonging_predominantly_to_the_schizophrenia_group_lex	Disease
curcumin_lex	Chemical
cognitive_dysfunction_lex	Disease
cognitive_impairment_lex	Disease
impairment_of_learning_and_memory_lex	Disease
deterioration_of_cognitive_functions_lex	Disease
pyrrolidine_dithiocarbamate_lex	Chemical
pdtc_lex	Chemical
neuronal_damage_lex	Disease
hiccups_lex	Disease
lids_lex	Disease
pericarditis_lex	Disease
graves_disease_lex	Disease
febrile_illness_lex	Disease
propylthio_uracil_lex	Chemical
betacarboline_lex	Chemical
methyl_betacarboline3carboxylate_lex	Chemical
betaccm_lex	Chemical
benzodiazepine_lex	Chemical
low_sexual_desire_lex	Disease
gynecomastia_lex	Disease
testosterone_heptylate_lex	Chemical
hypogonadism_lex	Disease
hypothalamic_dysfunction_lex	Disease
thiopentone_lex	Chemical
glycopyrrolate_lex	Chemical
sodium_acetylsalicylate_lex	Chemical
pentylenetetrezol_lex	Chemical
flestolol_lex	Chemical
acc9089_lex	Chemical
supraventricular_tachyarrhythmia_lex	Disease
unstable_angina_lex	Disease
nitrendipine_lex	Chemical
nephrosclerosis_lex	Disease
tinnitus_lex	Disease
idiopathic_subjective_tinnitus_lex	Disease
ist_lex	Disease
vertigo_lex	Disease
perhexiline_maleate_lex	Chemical
demyelinating_disorder_lex	Disease
methscopolamine_lex	Chemical
alphamethyltyrosine_lex	Chemical
pchlorophenylalamine_lex	Chemical
fk_five hundred and six_lex	Chemical
fr_one hundred and thirty-nine thousand, three hundred and seventeen_lex	Chemical
organophosphorus_op_poisons_lex	Chemical
op_compound_lex	Chemical
selective_serotonin_reuptake_inhibitor_lex	Chemical
sd_lex	Disease
ssri_lex	Chemical
hepatitisb_surface_antigen_lex	Chemical
hepatic_complication_lex	Disease
hematological_malignancies_lex	Disease
hbv_infection_lex	Disease
lamivudin_lex	Chemical
nucleoside_lex	Chemical
ginsenoside_rg1_lex	Chemical
impairment_of_learning_lex	Disease
rg1_lex	Chemical
ginsenoside_lex	Chemical
learning_impairment_lex	Disease
bruising_lex	Disease
orofacial_dyskinesia_lex	Disease
td_lex	Disease
orofacial_diskinesia_lex	Disease
acute_psychosis_lex	Disease
trigeminal_neuralgia_lex	Disease
gum_arabic_lex	Chemical
gm_lex	Chemical
tubular_necrosis_lex	Disease
visual_hallucinations_lex	Disease
zonisamide_lex	Chemical
glomerular_injury_lex	Disease
cycloheximide_lex	Chemical
dopamine_agonist_lex	Chemical
dopac_lex	Chemical
hva_lex	Chemical
tricuspid_valve_regurgitation_lex	Disease
tricuspid_regurgitation_lex	Disease
congenital_heart_disease_lex	Disease
neurologic_depression_lex	Disease
neurologicallyimpaired_lex	Disease
neurologic_impairment_lex	Disease
movement_disorders_lex	Disease
ammonia_lex	Chemical
nh3_lex	Chemical
hydroxyproline_lex	Chemical
hypertrophic_lex	Disease
hyperplasia_lex	Disease
carcinogenic_lex	Disease
retinyl_acetate_lex	Chemical
forestomach_carcinogenesis_lex	Disease
butylated_hydroxyanisole_lex	Chemical
ra_lex	Chemical
bha_lex	Chemical
forestomach_tumorigenesis_lex	Disease
squamous_cell_papilloma_lex	Disease
epithelial_hyperplasia_lex	Disease
papillomas_lex	Disease
ketanserin_lex	Chemical
muscle_rigidity_lex	Disease
chlordiazepoxide_lex	Chemical
glycopyrronium_lex	Chemical
edrophonium_lex	Chemical
bradycardias_lex	Disease
cerebral_sinus_thrombosis_lex	Disease
menorrhagia_lex	Disease
epsilonaminocaproic_acid_lex	Chemical
blood_loss_lex	Disease
thromboembolic_disease_lex	Disease
meperidine_lex	Chemical
adenomas_lex	Disease
focal_nodular_hyperplasia_lex	Disease
thromboembolism_lex	Disease
arterial_occlusion_lex	Disease
ischemic_lex	Disease
sodium_warfarin_lex	Chemical
acute_liver_injury_lex	Disease
psychotic_disorders_lex	Disease
paranoid_type_schizophrenia_lex	Disease
bupropion_hcl_lex	Chemical
epileptiform_activity_lex	Disease
penicilling_potassium_lex	Chemical
epilepsies_lex	Disease
dexmedetomidine_lex	Chemical
aggressive_behaviors_lex	Disease
idiopathic_generalized_epilepsies_lex	Disease
ige_lex	Disease
ltg_lex	Chemical
mj_lex	Disease
myoclonic_status_lex	Disease
parkinson_disease_lex	Disease
dyskinetic_lex	Disease
druginduced_dyskinesias_lex	Disease
inability_to_repeat_words_lex	Disease
retrograde_amnesia_lex	Disease
rubella_lex	Disease
hepatitis_b_surface_antigen_lex	Chemical
glomerular_and_lateonset_tubular_lesions_lex	Disease
mitochondrial_injury_lex	Disease
glomerular_and_tubular_injury_lex	Disease
glomerular_and_tubular_lesions_lex	Disease
tubular_lesions_lex	Disease
glomerular_lesions_lex	Disease
renal_lesions_lex	Disease
grand_mal_seizures_lex	Disease
hydroxyzine_lex	Chemical
promethazine_lex	Chemical
lorazepam_lex	Chemical
amphotercin_b_lex	Chemical
cryptococcal_meningitis_lex	Disease
alcohol_abuse_lex	Disease
tobramicyn_lex	Chemical
decreased_auditory_function_lex	Disease
auditory_loss_lex	Disease
sm5887_lex	Chemical
bradykinesia_lex	Disease
tle_lex	Disease
pilo_lex	Chemical
elevated_intraocular_pressure_lex	Disease
corticosteroid_lex	Chemical
iop_rise_lex	Disease
oedema_lex	Disease
tonicclonic_seizure_lex	Disease
iopentol_lex	Chemical
iohexol_lex	Chemical
metrizoate_lex	Chemical
venous_thrombosis_lex	Disease
deep_venous_thrombosis_lex	Disease
coronary_stenosis_lex	Disease
coronary_stenoses_lex	Disease
hyperemic_lex	Disease
renal_function_significantly_deteriorated_lex	Disease
liver_tumors_lex	Disease
hamartoma_lex	Disease
hepatoma_lex	Disease
rupture_lex	Disease
graftversushost_disease_lex	Disease
sinusoidal_obstruction_syndrome_lex	Disease
microangiopathy_lex	Disease
gvhd_lex	Disease
myelodysplastic_syndrome_lex	Disease
mds_lex	Disease
acute_myeloid_leukemia_lex	Disease
aml_lex	Disease
transplantationassociated_microangiopathy_lex	Disease
sos_lex	Disease
loreclezole_lex	Chemical
clonazepam_lex	Chemical
nmethyldaspartic_acid_lex	Chemical
bay_k8644_lex	Chemical
druginduced_acute_liver_injury_lex	Disease
acute_liver_insult_lex	Disease
menstrual_disorders_lex	Disease
oestrogens_lex	Chemical
progestogens_lex	Chemical
oestrogen_lex	Chemical
colon_cancer_lex	Disease
gliomas_lex	Disease
brain_edema_lex	Disease
elevated_icp_lex	Disease
brain_tumor_lex	Disease
malignant_glioma_lex	Disease
metastases_lex	Disease
meningioma_lex	Disease
edematous_lex	Disease
glioma_lex	Disease
postoperative_myalgia_lex	Disease
rocuronium_lex	Chemical
thiopental_lex	Chemical
muscle_fasciculation_lex	Disease
sinusitis_lex	Disease
flatulence_lex	Disease
beraprost_lex	Chemical
cilostazol_lex	Chemical
bpt_lex	Chemical
clz_lex	Chemical
camp_lex	Chemical
cyclic_adenosine_35monophosphate_lex	Chemical
facial_flush_lex	Disease
etoricoxib_lex	Chemical
thrombotic_cardiovascular_lex	Disease
gi_aes_lex	Disease
quetiapine_lex	Chemical
bipolar_mania_lex	Disease
divalproex_lex	Chemical
qtp_lex	Chemical
dvp_lex	Chemical
extrapyramidal_syndrome_lex	Disease
dietary_sodium_chloride_lex	Chemical
increase_in_map_lex	Disease
alpha2adrenergic_receptor_agonist_lex	Chemical
triorthotolyl_phosphate_lex	Chemical
totp_lex	Chemical
00diisopropyl_phosphorofluoridate_lex	Chemical
organophosphorous_lex	Chemical
degenerating_myelinated_fibers_lex	Disease
adenosine_a2aa1_receptor_antagonist_lex	Chemical
akinesia_lex	Disease
delusional_parasitosis_lex	Disease
pegylated_interferon_alpha2b_lex	Chemical
psychogenic_parasitosis_lex	Disease
neuroleptic_malignant_syndrome_lex	Disease
insomnia_lex	Disease
loss_of_appetite_lex	Disease
psychomotor_retardation_lex	Disease
nms_lex	Disease
malnutrition_lex	Disease
impairment_in_auditory_location_discrimination_lex	Disease
deficits_in_auditory_discrimination_lex	Disease
impairment_in_auditory_discrimination_lex	Disease
impaired_auditory_location_discrimination_lex	Disease
cyclooxygenase_inhibitors_lex	Chemical
prostaglandin_lex	Chemical
nterminal_pro_brain_natriuretic_peptide_lex	Chemical
ntprobnp_lex	Chemical
cardiovascular_toxicity_lex	Disease
decreased_renal_function_lex	Disease
left_ventricular_dysfunction_lex	Disease
reduction_in_renal_function_lex	Disease
diuretic_lex	Chemical
renal_impairment_lex	Disease
pemoline_lex	Chemical
choreoathetosis_lex	Disease
oxazolidine_lex	Chemical
amphetamines_lex	Chemical
attention_deficit_disorder_lex	Disease
choreoathetoid_lex	Disease
ammonium_acetate_lex	Chemical
nh4ac_lex	Chemical
incoordination_lex	Disease
analgesia_lex	Disease
metrazol_lex	Chemical
contrast_media_lex	Chemical
cin_lex	Disease
iopromide_lex	Chemical
injury_to_the_kidney_lex	Disease
failure_of_kidney_function_lex	Disease
loss_of_kidney_function_lex	Disease
congenital_heart_diseases_lex	Disease
ventricular_ectopy_lex	Disease
ethambutol_lex	Chemical
optic_neuropathy_lex	Disease
axonal_degeneration_lex	Disease
emb_lex	Chemical
visual_deficits_lex	Disease
optic_neuropathies_lex	Disease
valdecoxib_lex	Chemical
naproxen_lex	Chemical
sexually_dysfunctional_lex	Disease
a86929_lex	Chemical
skf82958_lex	Chemical
6chloro78dihydroxy3allyl1phenyl2345tetrahydro1h3benzaze_pine_hydrobromide_lex	Chemical
a77636_lex	Chemical
1r_3s_31admantyl1aminomethyl34dihydro56dihydroxy1h2benzo_pyran_hydrochloride_lex	Chemical
1methyl4phenyl1236tetrahydropyridine_lex	Chemical
5ar11bs455a6711bhexahydro2propyl3thia5_azacyclopent1_enacphenathrene910diol_lex	Chemical
ly171555_lex	Chemical
4artrans44a56788a9odihydro5npropyl2hpyrazo_lo34quinoline_hydrochloride_lex	Chemical
chloroprocaine_lex	Chemical
cardiopulmonary_arrest_lex	Disease
ceroid_lipofuscinosis_lex	Disease
angiotensinconverting_enzyme_inhibitors_lex	Chemical
atrioventricular_block_lex	Disease
sinus_tachycardias_lex	Disease
atrioventricular_conduction_delay_lex	Disease
ap7_lex	Chemical
nndibenzhydrylethane12diamine_dihydrochloride_lex	Chemical
amn082_lex	Chemical
nimo_lex	Chemical
ntg_lex	Chemical
haemopericardium_lex	Disease
gastrointestinal_haemorrhage_lex	Disease
flavonoids_lex	Chemical
myocardial_hyperactivity_lex	Disease
ischaemic_injury_lex	Disease
fat_lex	Chemical
obese_lex	Disease
triglycerides_lex	Chemical
obesity_lex	Disease
ob_lex	Disease
doxorubicinol_lex	Chemical
sinus_node_dysfunction_lex	Disease
atrioventricular_av_block_lex	Disease
syncopal_attacks_lex	Disease
ziprasidone_lex	Chemical
mangiferin_lex	Chemical
polyphenol_lex	Chemical
isph_lex	Chemical
mi_lex	Disease
uric_acid_lex	Chemical
triphenyl_tetrazolium_chloride_lex	Chemical
ttc_lex	Chemical
ischemic_myocardium_lex	Disease
vitamin_c_lex	Chemical
dimethyl_sulphoxide_lex	Chemical
remifentanil_lex	Chemical
etomidate_lex	Chemical
daidzein_lex	Chemical
ad_lex	Disease
47dihydroxyisoflavone_lex	Chemical
pharyngitis_lex	Disease
baclofen_lex	Chemical
macrolide_lex	Chemical
macrolides_lex	Chemical
glyceryl_trinitrate_lex	Chemical
migraine_without_aura_lex	Disease
migraine_with_aura_lex	Disease
gtn_lex	Chemical
migraineurs_lex	Disease
breastcancer_lex	Disease
vascular_events_lex	Disease
hypertriglyceridaemia_lex	Disease
pupillary_oscillation_lex	Disease
paranoia_lex	Disease
cip_lex	Disease
crack_cocaine_lex	Chemical
crack_lex	Chemical
levomepromazine_lex	Chemical
fluvoxamine_lex	Chemical
phenothiazines_lex	Chemical
eaca_lex	Chemical
sah_lex	Disease
systemic_mastocytosis_lex	Disease
reye_lex	Disease
reye_syndrome_lex	Disease
salicylate_lex	Chemical
salicylates_lex	Chemical
st_anthonys_fire_lex	Disease
methysergide_lex	Chemical
ergot_lex	Chemical
migraine_headache_lex	Disease
hypokalemia_lex	Disease
oxprenolol_lex	Chemical
57dihydroxytryptamine_lex	Chemical
57dht_lex	Chemical
sexual_side_effects_lex	Disease
male_impotence_lex	Disease
trichotillomania_lex	Disease
affective_disorders_lex	Disease
dilevalol_lex	Chemical
myocardial_hypertrophy_lex	Disease
homonymous_hemianopsia_lex	Disease
hematological_abnormalities_lex	Disease
left_ventricular_apical_ballooning_syndrome_lex	Disease
takotsubo_cardiomyopathy_lex	Disease
apical_ballooning_lex	Disease
apical_ballooning_syndrome_lex	Disease
8ohdpat_lex	Chemical
iron_dextran_lex	Chemical
degeneration_of_dopaminergic_neurons_lex	Disease
leukocytoclastic_vasculitis_lex	Disease
coumarin_lex	Chemical
lv_lex	Disease
cutaneous_small_vessel_vasculitis_lex	Disease
skin_eruptions_lex	Disease
skin_lesion_lex	Disease
lv_cutaneous_lesions_lex	Disease
spinal_cord_ischemia_lex	Disease
aortic_occlusion_lex	Disease
spastic_paraparesis_lex	Disease
saxitoxin_lex	Chemical
stx_lex	Chemical
opioid_addicts_lex	Disease
hydromorphone_lex	Chemical
ketorolac_lex	Chemical
painintolerant_lex	Disease
renal_tubular_dysfunction_lex	Disease
estrogens_lex	Chemical
inflammatory_myopathy_lex	Disease
noninsulindependent_diabetes_mellitus_lex	Disease
autoimmune_thyroiditis_lex	Disease
dxr_lex	Chemical
myocardial_disease_lex	Disease
chloramphenicol_lex	Chemical
pancytopenia_lex	Disease
bone_marrow_hypoplasia_lex	Disease
trihexyphenidyl_hydrochloride_lex	Chemical
amphothericin_b_lex	Chemical
spiperone_lex	Chemical
increased_cardiac_output_lex	Disease
rise_in_resting_blood_pressure_lex	Disease
suprofen_lex	Chemical
acute_declines_in_renal_function_lex	Disease
deoxycholic_acid_lex	Chemical
taurodeoxycholic_acid_lex	Chemical
sodium_deoxycholate_lex	Chemical
bile_acid_lex	Chemical
taurocholic_acid_lex	Chemical
digitalis_glycosides_lex	Chemical
left_ventricular_enddiastolic_volume_falls_lex	Disease
prolongation_of_the_qt_interval_lex	Disease
gastrointestinal_motility_disorders_lex	Disease
prolongation_of_qt_interval_lex	Disease
sudden_cardiac_death_lex	Disease
erythromycin_lex	Chemical
azole_lex	Chemical
gastroesophageal_reflux_disorder_lex	Disease
qtinterval_prolongation_lex	Disease
insulindependent_diabetes_mellitus_lex	Disease
iddm_lex	Disease
gastrointestinal_gi_toxicity_lex	Disease
gi_toxicity_lex	Disease
posttransplant_lmphoproliferate_disease_lex	Disease
ptld_lex	Disease
netilmicin_lex	Chemical
netilmicin_sulfate_lex	Chemical
piperacillin_sodium_lex	Chemical
piperacillin_lex	Chemical
pgs_lex	Chemical
flurothyl_lex	Chemical
pentetrazol_lex	Chemical
mefenamic_acid_lex	Chemical
meclofenamic_acid_lex	Chemical
fluorthyl_lex	Chemical
amlodipine_lex	Chemical
benazapril_lex	Chemical
liver_toxicity_lex	Disease
15f2tisoprostane_lex	Chemical
15f2tisop_lex	Chemical
lipid_hydroperoxides_lex	Chemical
lpo_lex	Chemical
thiobarbituric_acid_reactive_substances_lex	Chemical
tbars_lex	Chemical
steatosis_lex	Disease
4enevpa_lex	Chemical
24dienevpa_lex	Chemical
pheochromocytoma_lex	Disease
amisulpride_lex	Chemical
tiapride_lex	Chemical
nicardipine_lex	Chemical
benzamide_lex	Chemical
hyperkinesia_lex	Disease
stereotypies_lex	Disease
asystolic_lex	Disease
isosorbide_lex	Chemical
nitrate_lex	Chemical
fenoprofen_calcium_lex	Chemical
gold_lex	Chemical
betaadrenergic_blocking_drugs_lex	Chemical
ischaemic_heart_disease_lex	Disease
cardiac_failure_lex	Disease
bendrofluazide_lex	Chemical
impaired_glucose_tolerance_lex	Disease
raynauds_phenomenon_lex	Disease
corneal_disease_lex	Disease
myocardial_ischaemia_lex	Disease
sle_lex	Disease
renal_involvement_lex	Disease
cq_lex	Chemical
arthralgia_lex	Disease
myositis_lex	Disease
muscular_weakness_lex	Disease
muscular_atrophy_lex	Disease
polymyositis_lex	Disease
affection_of_the_musculoskeletal_system_lex	Disease
adenovirus_disease_lex	Disease
cidofovir_lex	Chemical
guanosine_lex	Chemical
respiratory_syncytial_virus_infection_lex	Disease
infection_with_hemorrhagic_fever_viruses_lex	Disease
adenovirus_infection_lex	Disease
digeorge_syndrome_lex	Disease
progressive_renal_failure_lex	Disease
immunodeficiency_lex	Disease
alcoholic_hepatitis_lex	Disease
cholestatic_injury_lex	Disease
cataleptic_lex	Disease
osteomyelitis_lex	Disease
tenofovir_disoproxil_fumarate_lex	Chemical
cerebrovascular_accident_lex	Disease
leukaemia_lex	Disease
cerebrovascular_accidents_lex	Disease
lesions_within_the_subcortical_white_matter_lex	Disease
cytotoxic_oedema_within_cerebral_white_matter_lex	Disease
tricaine_lex	Chemical
infected_with_hepatitis_c_virus_lex	Disease
chronic_infection_with_hepatitis_c_virus_lex	Disease
endstage_liver_disease_lex	Disease
hcv_infection_lex	Disease
interferon_lex	Chemical
viramidine_lex	Chemical
calcium_carbonate_lex	Chemical
milkalkali_syndrome_lex	Disease
acute_renal_insufficiency_lex	Disease
metabolic_alkalosis_lex	Disease
125dihydroxyvitamin_d_lex	Chemical
pamidronate_lex	Chemical
interferonalpha_lex	Chemical
riha_lex	Disease
catatonia_lex	Disease
nacetyl_serotonin_lex	Chemical
melatonin_lex	Chemical
azelastine_lex	Chemical
chlorpheniramine_lex	Chemical
spring_allergic_rhinitis_lex	Disease
chlorpheniramine_maleate_lex	Chemical
altered_taste_perception_lex	Disease
seasonal_allergic_rhinitis_lex	Disease
hypercalcaemia_lex	Disease
nondepolarizing_neuromuscular_blocking_agents_lex	Chemical
ndnmba_lex	Chemical
ndnmbas_lex	Chemical
vecuronium_lex	Chemical
loss_of_thick_myosin_filaments_lex	Disease
pathology_at_both_the_neuromuscular_junction_lex	Disease
prostaglandin_e2_lex	Chemical
bladder_hyperactivity_lex	Disease
tachykinins_lex	Chemical
prostaglandin_pg_e2_lex	Chemical
rp_sixty-seven thousand, five hundred and eighty_lex	Chemical
sr_forty-eight thousand, nine hundred and sixty-eight_lex	Chemical
pge2_lex	Chemical
prostanoids_lex	Chemical
diastolic_hypertension_lex	Disease
hydrochlorothiazide_lex	Chemical
hctc_lex	Chemical
hctz_lex	Chemical
coronary_disease_lex	Disease
chlorthalidone_lex	Chemical
respiratory_paralysis_lex	Disease
thiosemicarbazide_lex	Chemical
amino_acids_lex	Chemical
infection_by_hepatitis_b_virus_lex	Disease
hepatitis_b_e_antigen_lex	Chemical
hepatitis_b_vaccine_lex	Chemical
acetic_acid_lex	Chemical
prostaglandin_d2_lex	Chemical
hyperalgesic_lex	Disease
ah6809_lex	Chemical
atrial_tachyarrhythmia_lex	Disease
atenolol_lex	Chemical
siat_lex	Disease
coenzyme_q10_lex	Chemical
acute_renal_injury_lex	Disease
reduced_glutathione_lex	Chemical
platinum_lex	Chemical
selenium_lex	Chemical
zinc_lex	Chemical
renal_tissue_damage_lex	Disease
metformin_lex	Chemical
vascular_dysfunction_lex	Disease
kidney_dysfunction_lex	Disease
hip_fracture_lex	Disease
mental_disorders_lex	Disease
coronary_artery_spasm_lex	Disease
renal_cell_carcinoma_lex	Disease
subendocardial_infarction_lex	Disease
nitrates_lex	Chemical
nicorandil_lex	Chemical
stable_angina_lex	Disease
norfloxacin_lex	Chemical
fluoroquinolones_lex	Chemical
anxious_behaviour_lex	Disease
dcm_lex	Disease
acquired_immunodeficiency_syndrome_lex	Disease
cardiac_and_skeletal_myopathies_lex	Disease
3azido23deoxythymidine_lex	Chemical
cardiac_dilation_lex	Disease
chorea_lex	Disease
nonketotic_hyperglycinemia_lex	Disease
disorder_of_amino_acid_metabolism_lex	Disease
hypotonia_lex	Disease
language_delay_lex	Disease
mental_retardation_lex	Disease
ritanserin_lex	Chemical
dmso_lex	Chemical
renal_disease_lex	Disease
diseased_kidney_lex	Disease
tubulointerstitial_injury_lex	Disease
hypoxic_lex	Disease
glomerular_diseases_lex	Disease
autoimmune_diseases_lex	Disease
systemic_sclerosis_lex	Disease
multiple_sclerosis_lex	Disease
heart_damage_lex	Disease
autoimmune_disease_lex	Disease
arteritis_lex	Disease
fenoldopam_lex	Chemical
lowmolecularweight_heparin_lex	Chemical
unfractionated_heparin_lex	Chemical
uh_lex	Chemical
lmwh_lex	Chemical
refractory_seizures_lex	Disease
calcium_phosphate_lex	Chemical
neutropenic_lex	Disease
hematological_disorders_lex	Disease
excitotoxicity_lex	Disease
ka_lex	Chemical
delayed_puberty_lex	Disease
cabergoline_lex	Chemical
cholestatic_jaundice_lex	Disease
metformin_hydrochloride_lex	Chemical
visual_field_constriction_lex	Disease
visual_field_loss_lex	Disease
rapa_lex	Chemical
facial_dysmorphism_lex	Disease
posttransplant_lymphoproliferative_disorder_lex	Disease
pneumocystis_carinii_pneumonia_lex	Disease
infectious_mononucleosis_lex	Disease
bronchiolitis_obliterans_lex	Disease
aphtous_ulcers_lex	Disease
structural_and_functional_impairment_of_mitochondria_lex	Disease
cardiovascular_arrhythmias_lex	Disease
mitochondrial_structural_and_functional_impairment_lex	Disease
chloralose_lex	Chemical
pindolol_lex	Chemical
methylatropine_lex	Chemical
systemic_lupus_erythematodes_lex	Disease
stillbirth_lex	Disease
irritable_bowel_syndrome_lex	Disease
disordered_gastrointestinal_motility_lex	Disease
ibs_lex	Disease
clarithromycin_lex	Chemical
gastroenteritis_lex	Disease
ventricular_dysrhythmias_lex	Disease
dysrhythmias_lex	Disease
nephrogenic_diabetes_insipidus_lex	Disease
head_injury_lex	Disease
polyuric_lex	Disease
bone_tumor_lex	Disease
bone_tumors_lex	Disease
rosens_t5_or_t10_protocol_lex	Chemical
ventricular_dilation_lex	Disease
cardiac_abnormalities_lex	Disease
venous_complications_lex	Disease
hypomagnesemia_lex	Disease
muscle_spasms_lex	Disease
glutamic_acid_lex	Chemical
digoxigenin_lex	Chemical
cresyl_violet_lex	Chemical
neuronal_degeneration_lex	Disease
misoprostol_lex	Chemical
bun_lex	Chemical
impairment_of_renal_reabsorption_lex	Disease
gyki41_ninety-nine_lex	Chemical
chlorpropanol_lex	Chemical
tobanum_lex	Chemical
gyki41_nine hundred_lex	Chemical
14c41_ninety-nine_lex	Chemical
oral_contraception_lex	Chemical
rheumatic_fever_lex	Disease
nh4cl_lex	Chemical
ammonium_salt_lex	Chemical
encephalopathic_lex	Disease
unfractionated_heparin_sodium_lex	Chemical
ufh_lex	Chemical
lowmolecular_weight_heparin_lex	Chemical
ptu_lex	Chemical
turner_syndrome_lex	Disease
purpuric_lesions_lex	Disease
masseter_muscle_rigidity_lex	Disease
malignant_hyperthermia_lex	Disease
jaw_of_steel_lex	Disease
neurological_dysfunction_lex	Disease
asphyxia_lex	Disease
malformations_lex	Disease
periventricular_leukomalacia_lex	Disease
neurological_dysfunctions_lex	Disease
ventricular_septal_rupture_lex	Disease
septal_rupture_lex	Disease
droperidol_lex	Chemical
quinckes_disease_lex	Disease
upperairway_obstruction_lex	Disease
drug_allergies_lex	Disease
aluminum_lex	Chemical
cyanoacrylate_lex	Chemical
dx_lex	Chemical
digoxin_lex	Chemical
rheumatic_heart_disease_lex	Disease
decrease_in_sexual_desire_lex	Disease
aminonucleoside_lex	Chemical
fatty_acids_lex	Chemical
triacylglycerol_lex	Chemical
acute_hepatic_necrosis_lex	Disease
viral_hepatitis_lex	Disease
tolazamide_lex	Chemical
wernickes_encephalopathy_lex	Disease
thiamine_pyrophosphate_lex	Chemical
tpp_lex	Chemical
wernickekorsakoff_syndrome_lex	Disease
contralateral_rotation_lex	Disease
substantia_nigra_lesion_lex	Disease
sn_lesion_lex	Disease
ipsilateral_circling_lex	Disease
rotational_behavior_lex	Disease
rotation_lex	Disease
immunodeficient_lex	Disease
anaemia_lex	Disease
3azido3dideoxythymidine_lex	Chemical
phenylhydrazine_lex	Chemical
phz_lex	Chemical
reticulocytosis_lex	Disease
iodine125metaiodobenzylguanidine_lex	Chemical
radiolabeled_metaiodobenzylguanidine_lex	Chemical
mibg_lex	Chemical
vacuolar_degeneration_of_myocardial_cells_lex	Disease
myocardial_impairment_lex	Disease
vacuolar_degeneration_lex	Disease
amnestic_syndrome_lex	Disease
alzheimer_lex	Disease
rauwolscine_lex	Chemical
cirazoline_lex	Chemical
abbott53693_lex	Chemical
hemiparesis_lex	Disease
dm_lex	Disease
occlusion_of_the_left_internal_carotid_artery_lex	Disease
venous_sinus_thrombosis_lex	Disease
blindness_lex	Disease
deterioration_of_vision_lex	Disease
fatiguability_lex	Disease
retinopathy_lex	Disease
right_bundle_branch_block_lex	Disease
blind_lex	Disease
levobupivacaine_lex	Chemical
ropivacaine_lex	Chemical
22oxacalcitriol_lex	Chemical
secondary_hyperparathyroidism_lex	Disease
low_bone_turnover_lex	Disease
calcitriol_lex	Chemical
suppression_of_bone_turnover_lex	Disease
adynamic_bone_disease_lex	Disease
oct_lex	Chemical
woven_osteoid_lex	Disease
cerebral_hemorrhage_lex	Disease
vt_lex	Disease
vf_lex	Disease
visual_halos_or_blurring_lex	Disease
thyroid_function_abnormalities_lex	Disease
pulmonary_interstitial_infiltrates_lex	Disease
4aminopyridine_lex	Chemical
nahco3_lex	Chemical
13cisretinoic_acid_lex	Chemical
neuroblastoma_lex	Disease
cisra_lex	Chemical
eserine_lex	Chemical
clonictonic_convulsions_lex	Disease
skin_rashes_lex	Disease
elastosis_perforans_serpiginosa_lex	Disease
mellaril_lex	Chemical
thioridazine_lex	Chemical
thorazine_lex	Chemical
aventyl_lex	Chemical
nortriptyline_lex	Chemical
elavil_lex	Chemical
left_bundle_branch_block_lex	Disease
cardiac_complications_lex	Disease
muscimol_lex	Chemical
mk212_lex	Chemical
kearnssayre_syndrome_lex	Disease
polyphagia_lex	Disease
hyperglycemia_lex	Disease
lactic_acidosis_lex	Disease
ketosis_lex	Disease
metabolicendocrine_failure_lex	Disease
crocin_lex	Chemical
streptozocin_lex	Chemical
carotenoids_lex	Chemical
crocins_lex	Chemical
stz_lex	Chemical
neurodegenerative_diseases_lex	Disease
rosacea_lex	Disease
eruptions_lex	Disease
facial_dermatitis_lex	Disease
telangiectasia_lex	Disease
pimecrolimus_lex	Chemical
polyllactid_acid_lex	Chemical
tacrine_lex	Chemical
hippocampal_damage_lex	Disease
damage_of_neuronal_cells_lex	Disease
aconitine_lex	Chemical
arrhythmic_lex	Disease
4diphenylacetoxynmethylpiperidinemethiodide_lex	Chemical
alcohol_dependence_lex	Disease
paraesthesia_lex	Disease
scotomata_lex	Disease
hepatitis_b_virus_hbv_infection_lex	Disease
liver_cirrhosis_lex	Disease
barbiturate_lex	Chemical
narcosis_lex	Disease
sodium_thiopenthal_lex	Chemical
nik247_lex	Chemical
e2020_lex	Chemical
tramadol_lex	Chemical
dosulepine_hydrochloride_lex	Chemical
tetraparetic_lex	Disease
injury_to_different_regions_of_the_kidney_lex	Disease
acute_experimental_models_of_renal_damage_lex	Disease
hexachloro13butadiene_lex	Chemical
hcbd_lex	Chemical
2bromoethylamine_lex	Chemical
bea_lex	Chemical
protein_excretion_lex	Disease
glomerular_damage_lex	Disease
excretion_of_proteins_lex	Disease
magnesium_sulfate_lex	Chemical
coronary_thrombosis_lex	Disease
radiation_injury_lex	Disease
hepatonecrosis_lex	Disease
cholangitis_lex	Disease
pb_lex	Chemical
bronchopneumonia_lex	Disease
chronic_hepatic_enzyme_dysfunction_lex	Disease
bitemporal_hemianopia_lex	Disease
loss_of_central_visual_acuity_colour_vision_ishihara_and_visual_field_lex	Disease
loss_of_visual_function_lex	Disease
nimesulide_lex	Chemical
nsaid_lex	Chemical
nonsteroidal_antiinflammatory_drugs_lex	Chemical
nsaids_lex	Chemical
af_lex	Disease
nadolol_lex	Chemical
pulmonaryrenal_syndrome_lex	Disease
hemoptysis_lex	Disease
ventricular_arrhythmia_lex	Disease
ivmp_lex	Chemical
myelodysplasia_lex	Disease
macrocytic_anemia_lex	Disease
myelodysplastic_lex	Disease
hyperplastic_marrow_lex	Disease
dysmyelopoiesis_lex	Disease
hypocellular_marrow_lex	Disease
dyserythropoiesis_lex	Disease
hemosiderosis_lex	Disease
nad_lex	Chemical
nicotinic_acid_amide_lex	Chemical
polyadpribose_lex	Chemical
liver_injuries_lex	Disease
oxaloacetate_lex	Chemical
pyruvate_lex	Chemical
naa_lex	Chemical
cibenzoline_lex	Chemical
digitalis_lex	Chemical
tocainide_lex	Chemical
glomerular_disease_lex	Disease
membranous_glomerulonephritis_lex	Disease
diatrizoate_lex	Chemical
renografin_seventy-six_lex	Chemical
hypaque_seventy-six_lex	Chemical
renografin_lex	Chemical
disodium_edetate_lex	Chemical
hypaque_lex	Chemical
calcium_disodium_edetate_lex	Chemical
prothrombin_complex_concentrate_lex	Chemical
pcc_lex	Chemical
growth_impairment_lex	Disease
reduced_cerebellar_growth_lex	Disease
decreased_cranial_to_body_growth_lex	Disease
overactive_bladder_lex	Disease
tolterodine_lex	Chemical
oab_lex	Disease
nocturia_lex	Disease
dry_month_lex	Disease
neurovascular_complications_lex	Disease
aneurysmal_lex	Disease
gastric_lymphoma_lex	Disease
myotonic_dystrophy_lex	Disease
steinerts_disease_lex	Disease
muscular_dystrophy_lex	Disease
renal_cell_cancer_lex	Disease
rs1aminoindan15dicarboxylic_acid_lex	Chemical
aida_lex	Chemical
2r4r4aminopyrrolidine24dicarboxylate_lex	Chemical
2r4rapdc_lex	Chemical
dipyrone_lex	Chemical
tensiontype_headache_lex	Disease
primary_headaches_lex	Disease
coronary_artery_stenosis_lex	Disease
coronary_spastic_angina_lex	Disease
anginal_lex	Disease
lead_lex	Chemical
nitrotyrosine_lex	Chemical
lead_acetate_lex	Chemical
mda_lex	Chemical
fenfluramine_lex	Chemical
dexfenfluramine_lex	Chemical
valvular_disease_lex	Disease
valvular_abnormalities_lex	Disease
valvulopathy_lex	Disease
phentermine_lex	Chemical
bicuspid_aortic_valve_lex	Disease
aortic_insufficiency_lex	Disease
cbdca_lex	Chemical
cddp_lex	Chemical
peripheral_nervous_system_damage_lex	Disease
endometrial_carcinoma_lex	Disease
advanced_disease_lex	Disease
endometrial_cancers_lex	Disease
granulosa_cell_tumor_of_the_ovary_lex	Disease
liver_dysfunction_lex	Disease
granulosa_cell_tumors_lex	Disease
adenomyosis_lex	Disease
fluoxetine_hydrochloride_lex	Chemical
myocardial_lesions_lex	Disease
acute_myeloblastic_leukemia_lex	Disease
wilms_tumor_lex	Disease
prostate_adenocarcinomas_lex	Disease
prostatitis_lex	Disease
mitomycin_c_lex	Chemical
fluorouracil_lex	Chemical
postrenal_failure_lex	Disease
tubulopathies_lex	Disease
vein_thrombosis_lex	Disease
dipivalyl_epinephrine_lex	Chemical
prostaglandin_e_lex	Chemical
cl_lex	Chemical
chondroitin_sulfate_lex	Chemical
cardiac_apoptosis_lex	Disease
skin_rash_lex	Disease
febrile_neutropenia_lex	Disease
neurotoxic_lesions_lex	Disease
impaired_memory_functioning_lex	Disease
memory_impairments_lex	Disease
hal_lex	Chemical
prl_lex	Chemical
t_lex	Chemical
betacarotene_lex	Chemical
ethinylestradiol_lex	Chemical
combined_oral_contraceptives_lex	Chemical
cocs_lex	Chemical
coc_lex	Chemical
nnitrosodimethylamine_lex	Chemical
ndma_lex	Chemical
3methylcholanthrene_lex	Chemical
mc_lex	Chemical
cobalt_chloride_lex	Chemical
sleep_deprivation_lex	Disease
painful_lex	Disease
benzisoxazole_lex	Chemical
dantrolene_lex	Chemical
ns_lex	Disease
bladder_tumor_lex	Disease
leg_and_back_pain_lex	Disease
pain_in_the_legs_andor_back_lex	Disease
leg_andor_back_pain_lex	Disease
hypertensives_lex	Disease
hallucinatory_lex	Disease
chlorpropamide_lex	Chemical
adultonset_diabetes_lex	Disease
diabenese_lex	Chemical
toxic_optic_neuropathy_lex	Disease
diabetics_lex	Disease
dystonic_lex	Disease
thalamic_lesions_lex	Disease
urea_nitrogen_lex	Chemical
bile_duct_injury_lex	Disease
paraaminohippurate_lex	Chemical
pah_lex	Chemical
alphahydroxymetoprolol_lex	Chemical
cefotetan_lex	Chemical
rifampicin_lex	Chemical
type_b_hepatitis_lex	Disease
serotonin_syndrome_lex	Disease
tranylcypromine_lex	Chemical
salivation_lex	Disease
paralyzed_lex	Disease
ldopabenserazide_lex	Chemical
5mdot_lex	Chemical
ccnu_lex	Chemical
lomustine_lex	Chemical
12chloroethyl3cyclohexyl1nitrosourea_lex	Chemical
lymphoma_lex	Disease
mast_cell_tumour_lex	Disease
brain_tumour_lex	Disease
histiocytic_tumours_lex	Disease
epitheliotropic_lymphoma_lex	Disease
gastrointestinal_toxicosis_lex	Disease
three_alphahydroxy_pregnane20ones_lex	Chemical
three_alphahydroxy_pregnane21diol20ones_lex	Chemical
nbutyldeoxynojirimycin_lex	Chemical
sc48334_lex	Chemical
hiv1_infection_lex	Disease
n10propargyl58dideazafolic_acid_lex	Chemical
cb_three thousand, seven hundred and seventeen_lex	Chemical
cytotoxicity_lex	Disease
malaise_lex	Disease
ethopropazine_lex	Chemical
benztropine_lex	Chemical
fluphenazine_enanthate_lex	Chemical
procyclidine_lex	Chemical
procyclindine_lex	Chemical
ma_lex	Chemical
alphatc_lex	Chemical
hc_lex	Disease
ifs_lex	Chemical
apomophine_lex	Chemical
oral_dyskinesia_lex	Disease
tardive_dsykinesia_lex	Disease
prostigmine_lex	Chemical
sphincter_of_oddi_dyskinesia_lex	Disease
nitrolingual_lex	Chemical
m_lex	Chemical
reduction_of_food_intake_lex	Disease
loss_in_body_weight_lex	Disease
muscle_atrophy_lex	Disease
cardiogenic_shock_lex	Disease
antipurine_lex	Chemical
lometrexol_lex	Chemical
ddathf_lex	Chemical
glycinamide_ribonucleotide_lex	Chemical
tumours_lex	Disease
tyrdalaglynmepheglyol_lex	Chemical
morphiceptin_lex	Chemical
trans34dichloronmethyln21pyrrolidinyl_cyclohexylbenzeneactemide_lex	Chemical
dpen25enkephalin_lex	Chemical
dser2leuenkephalinthr_lex	Chemical
8bromo_cyclic_adenosine_monophosphate_lex	Chemical
cyclic_adenosine_monophosphate_lex	Chemical
anastrozole_lex	Chemical
nitrite_lex	Chemical
aminoguanidine_lex	Chemical
ag_lex	Chemical
mesangial_proliferation_lex	Disease
tubulointerstitial_inflammation_lex	Disease
carteolol_hydrochloride_lex	Chemical
carteolol_lex	Chemical
biperiden_lex	Chemical
rpgn_lex	Disease
antiplatelet_agents_lex	Chemical
hiv_disease_lex	Disease
megaloblastosis_lex	Disease
bilateral_optic_neuropathy_lex	Disease
bilateral_retrobulbar_neuropathy_lex	Disease
scotoma_lex	Disease
hypercoagulability_lex	Disease
thrombophlebitis_lex	Disease
thromboembolic_episodes_lex	Disease
cerebral_palsy_lex	Disease
seizure_disorder_lex	Disease
restlessness_lex	Disease
umb24_lex	Chemical
sm_twenty-one_lex	Chemical
12phenethyl42pyridylpiperazine_lex	Chemical
3alphatropanyl24chorophenoxybutyrate_lex	Chemical
methimazole_lex	Chemical
itching_lex	Disease
syndrome_of_inappropriate_secretion_of_antidiuretic_hormone_lex	Disease
siadh_lex	Disease
tonicclonic_convulsions_lex	Disease
weakness_of_the_central_nervous_system_lex	Disease
milrinone_lex	Chemical
bladder_tumours_lex	Disease
bladder_calculi_lex	Disease
hepatocarcinogens_lex	Disease
bupivacaine_hydrochloride_lex	Chemical
mepivacaine_hydrochloride_lex	Chemical
lidocaine_hydrochloride_lex	Chemical
muscle_degeneration_lex	Disease
muscle_damage_lex	Disease
arylpiperazine_lex	Chemical
buspirone_lex	Chemical
5hydroxytryptaminergic_agonists_lex	Chemical
chloride_lex	Chemical
localized_scleroderma_lex	Disease
contractures_lex	Disease
fenoldopam_mesylate_lex	Chemical
adrenaline_arrhythmia_lex	Disease
hibiscus_rosa_sinensis_lex	Chemical
openangle_glaucoma_lex	Disease
ocular_hypertension_lex	Disease
five_flourouracil_lex	Chemical
abs_lex	Disease
acute_cardiac_syndrome_lex	Disease
epicardial_coronary_disease_lex	Disease
colorectal_cancer_lex	Disease
akinesis_lex	Disease
coronary_vasospasm_lex	Disease
pulmonary_hypertension_syndrome_lex	Disease
heroin_lex	Chemical
torsade_de_pointes_lex	Disease
buprenorphine_lex	Chemical
prolonged_qtc_interval_lex	Disease
cytosine_arabinoside_lex	Chemical
atorva_lex	Chemical
kainate_lex	Chemical
formalin_lex	Chemical
carrageenan_lex	Chemical
thermal_hyperalgesia_lex	Disease
mechanical_hyperalgesia_lex	Disease
sarcoma_lex	Disease
nnitrolargininemethyl_ester_lex	Chemical
technetium99m_sestamibi_lex	Chemical
predobutamine_lex	Chemical
muscle_dysfunction_lex	Disease
dtubocurarine_lex	Chemical
neuromuscular_dysfunction_lex	Disease
aneurysmal_subarachnoid_hemorrhage_lex	Disease
ketoprofen_lex	Chemical
adenosine_diphosphate_lex	Chemical
artery_aneurysms_lex	Disease
neuropathic_symptoms_lex	Disease
primary_biliary_cirrhosis_lex	Disease
dermatomyositis_lex	Disease
adalat_lex	Chemical
fujimycine_lex	Chemical
periodic_acid_lex	Chemical
diethylnitrosamine_lex	Chemical
den_lex	Chemical
hepatocarcinogenesis_lex	Disease
preneoplastic_foci_lex	Disease
precancerous_lesions_lex	Disease
inhibition_of_lactation_lex	Disease
mmc_lex	Chemical
phlorizin_lex	Chemical
arf_lex	Disease
p_lex	Chemical
involuntary_movements_lex	Disease
penicillin_g_lex	Chemical
penicilling_lex	Chemical
sketamine_lex	Chemical
glutamatergic_dysfunction_lex	Disease
ldihydroxyphenylalanine_lex	Chemical
alphamethylparatyrosine_lex	Chemical
dopaminergic_deficits_lex	Disease
brainstem_dysgenesis_lex	Disease
fetal_anomalies_lex	Disease
multiple_cranialnerve_involvement_lex	Disease
cocaineaddicted_lex	Disease
txa_lex	Chemical
cerebral_ischemic_injury_lex	Disease
ischemic_brain_injury_lex	Disease
neurological_abnormalities_lex	Disease
brain_ischemic_lex	Disease
dysosmia_lex	Disease
pyrazinamide_lex	Chemical
hepatic_toxicity_lex	Disease
hyperuricemia_lex	Disease
olfactory_disorder_lex	Disease
difluoromethylornithine_lex	Chemical
colorectal_adenomas_lex	Disease
adenomatous_polyps_lex	Disease
dfmo_lex	Chemical
mental_slowing_lex	Disease
mental_slowness_lex	Disease
parachlorophenylalanine_lex	Chemical
pcpa_lex	Chemical
5hydroxyindoleacetic_acid_lex	Chemical
5hiaa_lex	Chemical
brain_tumors_lex	Disease
obsessivecompulsive_symptoms_lex	Disease
treatmentresistant_depression_lex	Disease
obsessivecompulsive_behavior_lex	Disease
hemolytic_anemias_lex	Disease
abnormal_involuntary_movement_lex	Disease
corticosteroid_glaucoma_lex	Disease
hypertensive_eyes_lex	Disease
open_angle_glaucoma_lex	Disease
steroid_glaucoma_lex	Disease
primary_open_angle_glaucoma_lex	Disease
cognitive_deterioration_lex	Disease
3hydroxynmethylmorphinan_lex	Chemical
trazodone_lex	Chemical
quinidine_phenylethylbarbiturate_lex	Chemical
quinidine_lex	Chemical
phenylethylbarbiturate_lex	Chemical
flank_pain_lex	Disease
hay_fever_lex	Disease
asthma_lex	Disease
kidney_stones_lex	Disease
pyeloureteritis_cystica_lex	Disease
submucosal_hemorrhage_lex	Disease
alphabenzene_hexachloride_lex	Chemical
hepatomas_lex	Disease
liver_lesions_lex	Disease
ethylalphapchlorophenoxyisobutyrate_lex	Chemical
lactic_acid_lex	Chemical
cholesteryl_hemisuccinate_lex	Chemical
chloroform_lex	Chemical
galactosamine_lex	Chemical
tris_salt_lex	Chemical
cs_lex	Chemical
gammacholesteryloxybutyric_acid_lex	Chemical
cse_lex	Chemical
chcl3_lex	Chemical
bortezomib_lex	Chemical
myeloma_lex	Disease
mm_lex	Disease
telmisartan_lex	Chemical
cough_lex	Disease
cutaneous_leucocytoclastic_vasculitis_lex	Disease
oxacillin_lex	Chemical
leucocytoclastic_vasculitis_lex	Disease
collagen_vascular_disease_lex	Disease
naloxazone_lex	Chemical
dexrazoxane_lex	Chemical
epipodophyllotoxin_lex	Chemical
icrf187_lex	Chemical
hematologic_toxicity_lex	Disease
aniracetam_lex	Chemical
ro_one hundred and thirty-five thousand and fifty-seven_lex	Chemical
1anisoyl2pyrrolidinone_lex	Chemical
impaired_cognitive_functions_lex	Disease
hypercapnia_lex	Disease
piracetam_lex	Chemical
pyrrolidinone_lex	Chemical
myocet_lex	Chemical
mbc_lex	Disease
bn_fifty-two thousand and twenty-one_lex	Chemical
cardiovascular_impairments_lex	Disease
benzylacyclouridine_lex	Chemical
marrow_suppression_lex	Disease
uridine_lex	Chemical
urd_lex	Chemical
bau_lex	Chemical
anemic_lex	Disease
leukopenic_lex	Disease
marrow_toxicity_lex	Disease
visceral_pain_lex	Disease
cp_lex	Chemical
acrolein_lex	Chemical
behavioral_disorders_lex	Disease
painful_syndromes_lex	Disease
hyperesthesia_lex	Disease
neuralgia_lex	Disease
etodolac_lex	Chemical
e_lex	Chemical
nacylimidazole_lex	Chemical
eai_lex	Chemical
writhing_lex	Disease
hypertrophic_cardiomyopathy_lex	Disease
biventricular_failure_lex	Disease
eosinophilic_lex	Disease
all_transretinoic_acid_lex	Chemical
erythema_nodosum_lex	Disease
acute_promyelocytic_leukemia_lex	Disease
atra_lex	Chemical
apl_lex	Disease
erythematous_nodules_lex	Disease
thromboemboli_lex	Disease
pulmonary_emboli_lex	Disease
valsartan_lex	Chemical
dihydropyridine_lex	Chemical
kf17837_lex	Chemical
cgs_twenty-one thousand, six hundred and eighty_lex	Chemical
l34dihydroxyphenylalanine_lex	Chemical
benserazide_lex	Chemical
methoxamine_lex	Chemical
nomifensine_lex	Chemical
t4_lex	Chemical
triiodothyronine_lex	Chemical
t3_lex	Chemical
startle_lex	Disease
mchlorophenylpiperazine_lex	Chemical
mcpp_lex	Chemical
pentylenetetrazole_lex	Chemical
red_eyes_lex	Disease
pleural_effusion_lex	Disease
urinary_abnormalities_lex	Disease
segmental_necrotizing_glomerulonephritis_lex	Disease
hypothermic_lex	Disease
chiari_malformation_lex	Disease
ticlike_symptoms_lex	Disease
tic_disorders_lex	Disease
involuntary_eyeblinking_movements_lex	Disease
developmental_anomalies_lex	Disease
gastrointestinal_toxicity_lex	Disease
ventricular_septal_defects_lex	Disease
vsds_lex	Disease
midline_defects_lex	Disease
dh_lex	Disease
md_lex	Disease
vsd_lex	Disease
hydrocephalus_lex	Disease
edds_lex	Disease
a_falling_platelet_count_lex	Disease
colon_carcinoma_lex	Disease
metastasis_lex	Disease
prinzmetals_angina_lex	Disease
tiopronin_lex	Chemical
thiosulphate_lex	Chemical
diphenylhydantoin_lex	Chemical
dph_lex	Chemical
cerebellar_dysfunction_lex	Disease
cerebral_damage_lex	Disease
pgf2alpha_lex	Chemical
pgi2_lex	Chemical
low_back_pain_lex	Disease
progressive_supranuclear_palsy_lex	Disease
multiple_system_atrophy_lex	Disease
dystonias_lex	Disease
psp_lex	Disease
oromandibular_dystonia_lex	Disease
omd_lex	Disease
edaravone_lex	Chemical
vestibulotoxicity_lex	Disease
pregnenolone_sulphate_lex	Chemical
pregs_lex	Chemical
11ketopregnenolone_sulphate_lex	Chemical
epipregnanolone_3betahydroxy5betapregnan20one_sulphate_lex	Chemical
epipregnanolone_sulphate_lex	Chemical
allodynia_lex	Disease
thyroid_disease_lex	Disease
thyroid_illness_lex	Disease
capillary_leak_syndrome_lex	Disease
capillary_leak_lex	Disease
inflammatory_diseases_lex	Disease
57dichlorokynurenic_acid_lex	Chemical
57dcka_lex	Chemical
rem_sleep_deprivation_lex	Disease
remd_lex	Disease
quipazine_lex	Chemical
head_twitches_lex	Disease
hepatic_venoocclusive_disease_lex	Disease
6thioguanine_lex	Chemical
acute_lymphocytic_leukemia_lex	Disease
urothelial_toxicity_lex	Disease
sodium_2mercaptoethane_sulphonate_lex	Chemical
lung_cancer_lex	Disease
thiol_lex	Chemical
if_lex	Chemical
haematuria_lex	Disease
bladder_irritation_lex	Disease
pollakisuria_lex	Disease
qtc_prolongation_lex	Disease
nnitrosonmethylurea_lex	Chemical
pas_lex	Disease
testosterone_propionate_lex	Chemical
tp_lex	Chemical
pa_lex	Disease
msh_lex	Chemical
acth_lex	Chemical
dmed_lex	Chemical
muscle_flaccidity_lex	Disease
medetomidine_lex	Chemical
idazoxan_lex	Chemical
dg5128_lex	Chemical
imipenem_lex	Chemical
cerebral_vascular_accident_lex	Disease
cva_lex	Disease
head_trauma_lex	Disease
imipenemcilastatin_lex	Chemical
bethanechol_lex	Chemical
cerebral_ischemia_lex	Disease
middle_cerebral_artery_occlusion_lex	Disease
mcao_lex	Disease
neuronal_injury_lex	Disease
235triphenyltetrazolium_lex	Chemical
neuronal_dysfunction_lex	Disease
pulmonary_toxicity_lex	Disease
tuberculous_lex	Disease
hypokalaemia_lex	Disease
cyp_lex	Chemical
bladder_inflammation_lex	Disease
bladder_dysfunction_lex	Disease
uveitis_lex	Disease
fluocinolone_acetonide_lex	Chemical
fa_lex	Chemical
hypotony_lex	Disease
hyper_or_dyskinetic_lex	Disease
dexatrim_lex	Chemical
visual_disturbances_lex	Disease
lsd_lex	Chemical
pj34_lex	Chemical
fluconazole_lex	Chemical
nsvt_lex	Disease
spinal_cord_injury_lex	Disease
damage_to_the_muscle_lex	Disease
tropicamide_lex	Chemical
impairment_in_word_recall_lex	Disease
gerstmann_syndrome_lex	Disease
psychotic_disorder_lex	Disease
hydrogen_peroxide_lex	Chemical
bacterial_infections_lex	Disease
formylmethionylleucylphenylalanine_lex	Chemical
fmlp_lex	Chemical
impairment_of_cognitive_function_lex	Disease
pentamidine_lex	Chemical
pentamidine_isethionate_lex	Chemical
qtc_interval_prolongation_lex	Disease
oxypurines_lex	Chemical
nucleosides_lex	Chemical
acetylsalicylate_lex	Chemical
echothiophate_iodide_lex	Chemical
embryonal_rhabdomyosarcoma_lex	Disease
hodgkin_disease_lex	Disease
ovarian_failure_lex	Disease
obstructive_sleep_apnea_syndrome_lex	Disease
androgen_lex	Chemical
syndrome_of_obstructive_sleep_apnea_lex	Disease
androgens_lex	Chemical
obstructive_sleep_apnea_lex	Disease
sleep_apnea_lex	Disease
renal_abnormality_lex	Disease
ketone_lex	Chemical
cerebral_lesions_lex	Disease
tiazofurin_lex	Chemical
cerebral_abnormalities_lex	Disease
ro151788_lex	Chemical
iridocyclitis_lex	Disease
decreased_visual_acuity_lex	Disease
band_keratopathy_lex	Disease
hydroxychloroquine_lex	Chemical
chorioretinopathy_lex	Disease
keratoconjunctivitis_lex	Disease
water_intoxication_lex	Disease
abortion_lex	Disease
abortions_lex	Disease
asthenia_lex	Disease
dextrose_lex	Chemical
famotidine_lex	Chemical
idm_lex	Chemical
scleroderma_renal_crisis_lex	Disease
src_lex	Disease
ssc_lex	Disease
antisocial_personality_disorder_lex	Disease
major_depressive_disorder_lex	Disease
affective_disorder_lex	Disease
antisocial_personality_lex	Disease
suramin_lex	Chemical
gr_eighty-two thousand, three hundred and thirty-four_lex	Chemical
bort_lex	Chemical
bisphenol_a_lex	Chemical
bpa_lex	Chemical
cardiovascular_diseases_lex	Disease
cvds_lex	Disease
fatty_acid_lex	Chemical
rd_lex	Chemical
rrmm_lex	Disease
deep_vein_thrombosis_lex	Disease
ifo_lex	Chemical
nitrogen_lex	Chemical
sodium_2sulfanylethanesulfonate_lex	Chemical
genotoxicity_lex	Disease
al_lex	Disease
amyloidosis_lex	Disease
glomerulopathy_lex	Disease
kidney_injury_lex	Disease
tdf_lex	Chemical
acute_kidney_injury_lex	Disease
kidney_tubular_dysfunction_lex	Disease
glomerular_dysfunction_lex	Disease
postoperative_delirium_lex	Disease
linezolid_lex	Chemical
extensively_drugresistant_tuberculosis_lex	Disease
xdrtb_lex	Disease
optic_disc_edema_lex	Disease
cardiovascular_collapse_lex	Disease
fibrillation_lex	Disease
thrombocytopenia_type_ii_lex	Disease
portal_hypertension_lex	Disease
endotoxemia_lex	Disease
hit_type_ii_lex	Disease
hit_ii_lex	Disease
endstage_hepatic_failure_lex	Disease
takotsubo_syndrome_lex	Disease
zolmitriptan_lex	Chemical
ts_lex	Disease
broken_heart_syndrome_lex	Disease
acute_coronary_syndrome_lex	Disease
migraines_lex	Disease
status_migrainosus_lex	Disease
coronary_artery_vasospasm_lex	Disease
impulsiveness_lex	Disease
an_lex	Chemical
diazinon_lex	Chemical
triglyceride_lex	Chemical
hyperlipemia_lex	Disease
hodgkin_lymphoma_lex	Disease
hl_lex	Disease
psychobiological_dysfunction_lex	Disease
sarcomas_lex	Disease
gynecologic_and_testicular_cancers_lex	Disease
nonconvulsive_status_epilepticus_lex	Disease
ncse_lex	Disease
contrast_lex	Chemical
bevacizumab_lex	Chemical
irinotecan_lex	Chemical
syndrome_of_inappropriate_antidiuretic_hormone_lex	Disease
desvenlafaxine_lex	Chemical
hyponatraemia_lex	Disease
mirtazapine_lex	Chemical
cardiac_disarrangement_lex	Disease
flavonoid_lex	Chemical
apigenin_lex	Chemical
memory_loss_lex	Disease
cholecystokininoctapeptide_lex	Chemical
cck8_lex	Chemical
memantine_lex	Chemical
neuroinflammatory_lex	Disease
attention_problems_lex	Disease
tubulointerstial_disease_lex	Disease
deterioration_of_renal_function_lex	Disease
tna_lex	Chemical
tonic_clonic_convulsions_lex	Disease
nervous_system_abnormalities_lex	Disease
cardiovascular_depression_lex	Disease
dysrhythmia_lex	Disease
druginduced_liver_injury_lex	Disease
epirubicine_lex	Chemical
myocardial_strain_lex	Disease
epirubicin_lex	Chemical
nonhodgkin_lymphoma_lex	Disease
myoclonic_movements_lex	Disease
phosphorus_lex	Chemical
vasovagal_syncope_lex	Disease
schizoaffective_disorder_lex	Disease
zuclopenthixol_lex	Chemical
personality_disorder_lex	Disease
antisocial_disorder_lex	Disease
substance_abuse_disorder_lex	Disease
abnormal_involuntary_motor_movements_lex	Disease
generalised_and_focal_seizures_lex	Disease
postoperative_complication_lex	Disease
dysfunctional_overnight_memory_lex	Disease
sleeprelated_impairments_lex	Disease
impaired_overnight_memory_lex	Disease
auditory_hallucinations_lex	Disease
delusions_lex	Disease
hemiplegic_migraine_lex	Disease
encephalitis_lex	Disease
dysmetria_lex	Disease
baboon_syndrome_lex	Disease
maculopapular_eruption_lex	Disease
pilsicainide_lex	Chemical
alltrans_retinoic_acid_lex	Chemical
ctx_lex	Chemical
tcell_lymphoblastic_lymphoma_lex	Disease
leukemic_lex	Disease
cytarabine_lex	Chemical
tumor_lysis_syndrome_lex	Disease
tls_lex	Disease
hyperammonemic_lex	Disease
necrotising_fasciitis_lex	Disease
waldenstrom_macroglobulinaemia_lex	Disease
subcellular_degeneration_lex	Disease
cardiomyocyte_degeneration_lex	Disease
lv_dysfunction_lex	Disease
gadolinium_lex	Chemical
diastolic_dysfunction_lex	Disease
pain_disorders_lex	Disease
allodynic_lex	Disease
primary_openangle_glaucoma_lex	Disease
poag_lex	Disease
retinal_ganglion_lex	Disease
sodium_4phenylbutyrate_lex	Chemical
ginsenosides_lex	Chemical
oih_lex	Disease
opioid_addiction_lex	Disease
re_lex	Chemical
rb1_lex	Chemical
ginsenoside_re_lex	Chemical
hydroxytyrosol_lex	Chemical
breast_tumors_lex	Disease
levothyroxine_lex	Chemical
iodine_lex	Chemical
thrombolysis_lex	Disease
upperextremity_deep_venous_thrombosis_lex	Disease
dvt_lex	Disease
pulmonary_embolism_lex	Disease
superior_vena_cava_svc_syndrome_lex	Disease
epistaxis_lex	Disease
svc_syndrome_lex	Disease
dehydroepiandrosterone_lex	Chemical
dhea_lex	Chemical
hyper_lex	Disease
s53482_lex	Chemical
s23121_lex	Chemical
embryolethality_lex	Disease
teratogenicity_lex	Disease
growth_retardation_lex	Disease
embryonic_death_lex	Disease
teratogenic_lex	Disease
aki_lex	Disease
cognition_deficits_lex	Disease
dutp_lex	Chemical
biotin_lex	Chemical
tetrabenazine_lex	Chemical
huntingtons_disease_lex	Disease
neuroleptic_drugs_lex	Chemical
terbinafine_lex	Chemical
onychomycosis_lex	Disease
bisoprolol_lex	Chemical
letrozole_lex	Chemical
impaired_the_memory_lex	Disease
garcinielliptone_fc_lex	Chemical
gfc_lex	Chemical
skin_diseases_lex	Disease
diarrheas_lex	Disease
raminobutyric_acid_lex	Chemical
hepatitis_c_virus_infected_lex	Disease
telaprevir_lex	Chemical
hepatitis_c_virus_infection_lex	Disease
muscle_toxicity_lex	Disease
hematoxylin_lex	Chemical
eosin_lex	Chemical
kidney_lesions_lex	Disease
birdshot_retinochoroidopathy_lex	Disease
raised_intraocular_pressure_lex	Disease
cystoid_macular_edema_lex	Disease
increased_intraocular_pressure_lex	Disease
ndi_lex	Disease
dysguesia_lex	Disease
loss_of_taste_sensation_lex	Disease
butyrylcholinesterase_deficiency_lex	Disease
mivacurium_lex	Chemical
butyrylthiocholine_lex	Chemical
btc_lex	Chemical
benzoylcholine_lex	Chemical
dibucaine_lex	Chemical
fluoride_lex	Chemical
hydrogen_lex	Chemical
artesunate_lex	Chemical
betaine_lex	Chemical
myocardial_ischemic_injury_lex	Disease
ventricular_remodeling_lex	Disease
leucopenia_lex	Disease
lateral_epicondylitis_lex	Disease
maleate_lex	Chemical
malate_lex	Chemical
kidney_cancer_lex	Disease
particulate_matter_lex	Chemical
iugr_lex	Disease
dysplasia_of_fetal_kidneys_lex	Disease
13butadiene_lex	Chemical
cml_lex	Disease
chronic_myeloid_leukemia_lex	Disease
philadelphia_chromosome_lex	Disease
metolachlor_lex	Chemical
liver_neoplasms_lex	Disease
liver_cancer_lex	Disease
metolachor_lex	Chemical
follicular_cell_lymphoma_lex	Disease
arsenic_lex	Chemical
inorganic_arsenic_lex	Chemical
ias_lex	Chemical
inorganic_as_lex	Chemical
piperazine_lex	Chemical
trans2amino3hydroxy1_two_three_4tetrahydroanaphthalene_lex	Chemical
ntrans3hydroxy1234tetrahydro2naphthyln3oxo3phenyl2methylpropylpiperazine_hydrochloride_lex	Chemical
p11_lex	Chemical
bacl2_lex	Chemical
strophantine_g_lex	Chemical
myodystrophy_lex	Disease
myopathic_lex	Disease
dianabol_lex	Chemical
ciba_lex	Chemical
myopathic_disease_lex	Disease
embryopathy_lex	Disease
nasal_hypoplasia_lex	Disease
stippled_epiphyses_lex	Disease
chondrodysplasia_punctata_lex	Disease
isradipine_lex	Chemical
palpitation_lex	Disease
asthmatics_lex	Disease
asthmatic_lex	Disease
glu_lex	Chemical
palpitations_lex	Disease
3methoxy4hydroxyphenethyleneglycol_lex	Chemical
mhpg_lex	Chemical
panic_attacks_lex	Disease
abnormalities_in_neuronal_systems_lex	Disease
anxiety_disorders_lex	Disease
cobalt_lex	Chemical
rheumatic_disease_lex	Disease
myxomatous_degeneration_lex	Disease
clonic_seizure_lex	Disease
clonic_seizures_lex	Disease
tonic_seizures_lex	Disease
alkylxanthines_lex	Chemical
carcinoma_of_the_renal_pelvis_lex	Disease
hydroureteronephrosis_lex	Disease
carcinoma_of_the_urinary_tract_lex	Disease
carcinomas_of_the_urinary_bladder_lex	Disease
carcinoma_of_the_prostate_lex	Disease
urinary_tract_cancer_lex	Disease
obstructive_uropathy_lex	Disease
carbetocin_lex	Chemical
hyper_or_hypotension_lex	Disease
retained_placenta_lex	Disease
hypokinesis_lex	Disease
tachydysrhythmias_lex	Disease
sinus_tachycardia_lex	Disease
proarrhythmia_lex	Disease
primary_systemic_amyloidosis_lex	Disease
ari_lex	Disease
tubular_injury_lex	Disease
impaired_fear_recognition_lex	Disease
deficit_in_fear_recognition_lex	Disease
psychopaths_lex	Disease
amygdala_dysfunction_lex	Disease
corneal_ulcers_lex	Disease
epithelial_defects_lex	Disease
inappetence_lex	Disease
ischemia_of_the_globus_pallidus_lex	Disease
globus_pallidus_infarctions_lex	Disease
basal_ganglia_infarcts_lex	Disease
cerebral_hypoperfusion_lex	Disease
burkitt_lymphoma_lex	Disease
biliary_atresia_lex	Disease
posttransplantation_lymphoproliferative_disorder_lex	Disease
burkitttype_malignant_lymphoma_lex	Disease
acute_prerenal_failure_lex	Disease
cerebral_microbleeds_lex	Disease
mb_lex	Disease
is_lex	Disease
transient_ischemic_attack_lex	Disease
tia_lex	Disease
macroprolactinemia_lex	Disease
macroprolactinoma_lex	Disease
microprolactinoma_lex	Disease
pseudoprolactinoma_lex	Disease
naphazoline_lex	Chemical
xylometazoline_lex	Chemical
codeine_lex	Chemical
codine_lex	Chemical
monoamines_lex	Chemical
hypoglycaemia_lex	Disease
endometrial_disease_lex	Disease
norethisterone_lex	Chemical
pure_red_cell_aplasia_lex	Disease
toxic_dermatitis_lex	Disease
carbenicillin_lex	Chemical
pneumoniae_lex	Disease
gramnegative_bacillary_infections_lex	Disease
azotemia_lex	Disease
aminocaproic_acid_lex	Chemical
acute_renal_artery_thrombosis_lex	Disease
epsilon_aminocaproic_acid_lex	Chemical
intracranial_vascular_thrombosis_lex	Disease
thromboembolic_phenomena_lex	Disease
disseminated_intravascular_coagulation_lex	Disease
consumption_coagulopathies_lex	Disease
thrombosis_of_a_normal_renal_artery_lex	Disease
hypoglycemia_lex	Disease
polycythemia_lex	Disease
neonatal_apnea_lex	Disease
idiopathic_orthostatic_hypotension_lex	Disease
propanolol_lex	Chemical
myoclonia_lex	Disease
fenoterolhydrobromide_lex	Chemical
ritodrinhcl_lex	Chemical
retinal_artery_and_choriocapillaris_occlusion_lex	Disease
retinal_artery_and_choriocapillaris_occlusions_lex	Disease
methylprednisolone_acetate_lex	Chemical
pupillary_abnormalities_lex	Disease
hemorrhages_lex	Disease
dglucarates_lex	Chemical
dehydrated_lex	Disease
25dioacetyldglucaro1463dilactone_lex	Chemical
saccharic_acid_lex	Chemical
hexauronic_acids_lex	Chemical
hexaaldonic_acids_lex	Chemical
sugar_alcohols_lex	Chemical
tca_lex	Chemical
dglucarate_lex	Chemical
renal_damages_lex	Disease
monosaccharides_lex	Chemical
paraplegia_lex	Disease
central_nervous_system_leukemia_lex	Disease
methothexate_lex	Chemical
folate_deficiency_lex	Disease
guanethidine_lex	Chemical
desmethylimipramine_lex	Chemical
enlargement_of_pulse_pressure_lex	Disease
hyperglycemic_lex	Disease
amino_lex	Chemical
caproate_lex	Chemical
norleucine_lex	Chemical
norvaline_lex	Chemical
epsilonaminocaproate_lex	Chemical
leucine_lex	Chemical
fatty_liver_lex	Disease
tetracycline_lex	Chemical
oleic_acid_lex	Chemical
sensory_and_motor_dysfunction_lex	Disease
hcl_lex	Chemical
thalassemia_lex	Disease
dfx_lex	Chemical
neuroleptic_lex	Chemical
oligomenorrhea_lex	Disease
neuroleptic_medications_lex	Chemical
psychiatric_symptoms_lex	Disease
galactorrhea_lex	Disease
ethacrynic_acid_lex	Chemical
aminophosphonovaleric_acid_lex	Chemical
abecarnil_lex	Chemical
isopropyl6_benzyloxy4methoxymethylbetacarboline3carboxylate_lex	Chemical
abecarrnil_lex	Chemical
t35sbutylbicyclophosphorothionate_lex	Chemical
35stbps_lex	Chemical
ro_one hundred and sixty-six thousand and twenty-eight_lex	Chemical
tertbutyls8bromo11121313atetrahydro9oxo9h_imidazo15apyrrolo21c14benzodiazepine1carboxylate_lex	Chemical
isoniazide_lex	Chemical
phenylalanine_lex	Chemical
twenty-three_dideoxyinosine_lex	Chemical
thoracic_hematomyelia_lex	Disease
coumadin_lex	Chemical
attentiondeficit_hyperactivity_disorder_lex	Disease
hyperlipoproteinemias_lex	Disease
atherosclerotic_vascular_disease_lex	Disease
fanconis_anemia_lex	Disease
hemorrhagic_bronchopneumonia_lex	Disease
peliosis_lex	Disease
hepatic_tumors_lex	Disease
hepatic_neoplasms_lex	Disease
damage_of_substantia_nigra_pars_reticulata_lex	Disease
epileptic_seizure_lex	Disease
prolonged_status_epilepticus_lex	Disease
metabolic_derangement_lex	Disease
vasogenic_edema_lex	Disease
lesioned_snr_lex	Disease
damage_of_snr_lex	Disease
neurotransmitter_dysfunction_lex	Disease
n2hydroxypropylmethacrylamide_lex	Chemical
hpma_lex	Chemical
glypheleugly_lex	Chemical
postherpetic_neuralgia_lex	Disease
phn_lex	Disease
mastitis_lex	Disease
sensory_disturbance_lex	Disease
paranoid_lex	Disease
loiasis_lex	Disease
diethylcarbamazine_lex	Chemical
dec_lex	Chemical
filariasis_lex	Disease
microfilaremia_lex	Disease
reperfusion_injury_lex	Disease
oxidized_glutathione_lex	Chemical
gssg_lex	Chemical
tspa_lex	Chemical
axonal_neuropathy_lex	Disease
neurologic_toxicities_lex	Disease
arac_lex	Chemical
cromakalim_lex	Chemical
pinacidil_lex	Chemical
hypercalcemic_lex	Disease
caco3_lex	Chemical
bicarbonate_lex	Chemical
aldomet_lex	Chemical
emergency_department_lex	Disease
hereditary_angioedema_lex	Disease
menstrual_abnormalities_lex	Disease
muscle_cramps_lex	Disease
chlorhexidine_diphosphanilate_lex	Chemical
burns_lex	Disease
burn_lex	Disease
chlorhexidine_phosphanilate_lex	Chemical
chp_lex	Chemical
silver_sulphadiazine_lex	Chemical
agsd_lex	Chemical
neurological_symptoms_lex	Disease
central_nervous_system_disease_lex	Disease
hepatocellular_necrosis_lex	Disease
lupuslike_syndrome_lex	Disease
diethylstilbesterol_lex	Chemical
renal_carcinomas_lex	Disease
postzosteric_lex	Disease
biperiden_lactate_lex	Chemical
dysphagia_lex	Disease
orciprenaline_lex	Chemical
muscarine_lex	Chemical
i_lex	Chemical
tachy_or_bradycardia_lex	Disease
acc9653_lex	Chemical
disodium_phosphate_ester_lex	Chemical
3hydroxymethyl55diphenylhydantoin_lex	Chemical
phenytoin_sodium_lex	Chemical
strophanthidin_lex	Chemical
hepatocellular_damage_lex	Disease
drug_hypersensitivity_lex	Disease
pertussis_vaccine_lex	Chemical
pertussis_lex	Disease
cyproheptadine_lex	Chemical
mianserin_lex	Chemical
ischaemic_lex	Disease
8phenyltheophylline_lex	Chemical
enprofylline_lex	Chemical
paminohippuric_acid_lex	Chemical
polyethylene_glycol_lex	Chemical
naoh_lex	Chemical
isotretinoin_lex	Chemical
blepharoconjunctivitis_lex	Disease
dry_eyes_lex	Disease
photodermatitis_lex	Disease
pseudotumor_cerebri_lex	Disease
corneal_opacities_lex	Disease
congenital_abnormalities_lex	Disease
hypertelorism_lex	Disease
optic_nerve_hypoplasia_lex	Disease
procaterol_lex	Chemical
bronchial_asthma_lex	Disease
tremorgenic_lex	Disease
heart_hypertrophy_lex	Disease
ornithine_lex	Chemical
hypertrophied_hearts_lex	Disease
hypertrophied_lex	Disease
oxitropium_bromide_lex	Chemical
oxitropium_lex	Chemical
retention_deficit_lex	Disease
methyl_scopolamine_lex	Chemical
lesions_of_the_urinary_bladder_lex	Disease
necroses_lex	Disease
muscle_fasciculations_lex	Disease
sodium_salicylate_lex	Chemical
phenylbutazone_lex	Chemical
acute_neurologic_dysfunction_lex	Disease
vp16213_lex	Chemical
hematologic_malignancies_lex	Disease
motor_deficits_lex	Disease
thiabendazole_lex	Chemical
druginduced_liver_damage_lex	Disease
bile_duct_destruction_lex	Disease
14dihydropyridine_lex	Chemical
calcium_channel_blockers_lex	Chemical
calcium_channel_blocking_agents_lex	Chemical
nisoldipine_lex	Chemical
focal_segmental_glomerular_sclerosis_lex	Disease
fsgs_lex	Disease
puromycinaminonucleoside_lex	Chemical
amns_lex	Chemical
protamine_sulfate_lex	Chemical
ps_lex	Chemical
ruthenium_lex	Chemical
fludrocortisone_lex	Chemical
hypoaldosteronism_lex	Disease
type_iv_renal_tubular_acidosis_lex	Disease
colorectal_carcinoma_lex	Disease
bone_marrow_toxicity_lex	Disease
bradycardiac_lex	Disease
behavior_disorder_lex	Disease
oral_candidiasis_lex	Disease
beclomethasone_dipropionate_lex	Chemical
beclomethasone_lex	Chemical
thrush_lex	Disease
candidiasis_lex	Disease
wiskottaldrich_syndrome_lex	Disease
severe_combined_immunodeficiency_syndrome_lex	Disease
immunodeficiencies_lex	Disease
glomerular_or_tubular_dysfunction_lex	Disease
monosodium_glutamate_lex	Chemical
msg_lex	Chemical
ether_lex	Chemical
gammavinylgaba_lex	Chemical
lglutamic_acid_lex	Chemical
dl4aminohex5enoic_acid_lex	Chemical
anterior_infarction_lex	Disease
antmi_lex	Disease
inferior_infarction_lex	Disease
infmi_lex	Disease
downbeat_nystagmus_lex	Disease
oscillopsia_lex	Disease
denopamine_lex	Chemical
ta064_lex	Chemical
infantile_spasms_lex	Disease
timolol_maleate_lex	Chemical
glucuronyl_lex	Chemical
papillary_necrosis_lex	Disease
pgf2_alpha_lex	Chemical
pathological_renal_medullary_lesions_lex	Disease
hemicholinium_lex	Chemical
neuroleptics_lex	Chemical
cardiovascular_dysfunction_lex	Disease
sodium_pentobarbital_lex	Chemical
barium_chloride_lex	Chemical
barium_lex	Chemical
disturbances_within_the_cardiovascular_system_lex	Disease
xylazine_lex	Chemical
metabolic_disturbances_lex	Disease
cardiomyopathic_disorder_lex	Disease
mesangial_dysfunction_lex	Disease
proteinuric_lex	Disease
carbon_lex	Chemical
sclerosis_lex	Disease
dithiothreitol_lex	Chemical
paminophenol_lex	Chemical
bispnitrophenyl_phosphate_lex	Chemical
apap_lex	Chemical
pap_lex	Chemical
bnpp_lex	Chemical
renal_tubular_necrosis_lex	Disease
morphine_sulfate_lex	Chemical
vincristine_sulfate_lex	Chemical
pseudomonas_infections_lex	Disease
leukocytosis_lex	Disease
flurazepam_lex	Chemical
fzp_lex	Chemical
toxocity_lex	Disease
muscle_tremors_lex	Disease
progestins_lex	Chemical
conjugated_estrogens_lex	Chemical
premarin_lex	Chemical
medroxyprogesterone_acetate_lex	Chemical
mastodynia_lex	Disease
aza_lex	Chemical
bacteremias_lex	Disease
abdominal_infections_lex	Disease
urinary_tract_infections_lex	Disease
staphylococcal_infections_lex	Disease
fungal_infections_lex	Disease
cmv_infection_lex	Disease
epstein_barr_virus_infection_lex	Disease
cholecystokinin_lex	Chemical
cholecystokinin_octapeptide_lex	Chemical
caerulein_lex	Chemical
doca_lex	Chemical
ddavp_lex	Chemical
toxic_liver_damage_lex	Disease
atrial_thrombosis_lex	Disease
quinacrine_hydrochloride_lex	Chemical
myocardial_degeneration_lex	Disease
sodium_nitrite_lex	Chemical
alternating_sinus_rhythm_lex	Disease
sinoatrial_sa_block_lex	Disease
alternating_rhythm_lex	Disease
sa_block_lex	Disease
conduction_disorder_lex	Disease
immunocytoma_lex	Disease
hydrothorax_lex	Disease
pilocarpine_nitrate_lex	Chemical
omegai131heptadecanoic_acid_lex	Chemical
i131_ha_lex	Chemical
trimetaphan_lex	Chemical
dsp4_lex	Chemical
accelerated_junctional_rhythms_lex	Disease
hexamethylmelamine_lex	Chemical
cpdd_lex	Chemical
hmm_lex	Chemical
dissecting_aneurysm_lex	Disease
lockedin_syndrome_lex	Disease
anginal_attacks_lex	Disease
tachycardial_lex	Disease
renal_tubular_acidosis_lex	Disease
methoxyflurane_lex	Chemical
hepatic_insufficiency_syndrome_lex	Disease
thrombopenia_lex	Disease
adenosine_triphosphate_lex	Chemical
endografine_lex	Chemical
vasurix_polyvidone_lex	Chemical
acetrizoate_lex	Chemical
dimerx_lex	Chemical
iocarmate_lex	Chemical
hexabrix_lex	Chemical
ioxaglate_lex	Chemical
scoline_lex	Chemical
fazadinium_lex	Chemical
althesin_lex	Chemical
bromide_lex	Chemical
lnorepinephrine_lex	Chemical
hernias_lex	Disease
amblyopia_lex	Disease
tonic_pupillary_lex	Disease
quinine_sulfate_lex	Chemical
leg_cramps_lex	Disease
jaw_stiffness_lex	Disease
pancuronium_lex	Chemical
prolonged_jaw_rigidity_lex	Disease
gouty_arthritis_lex	Disease
hyporeninemic_hypoaidosteronism_lex	Disease
respiratory_upset_lex	Disease
trimethoprimsulfamethoxazole_lex	Chemical
trimethoprim_lex	Chemical
cephalexin_lex	Chemical
tmpsmz_lex	Chemical
toxic_epidermal_necrolysis_lex	Disease
bradydysrhythmias_lex	Disease
sensory_neuropathy_lex	Disease
hematologic_toxicities_lex	Disease
cirrhotic_lex	Disease
angiooedema_lex	Disease
angiotensinconverting_enzyme_inhibitor_lex	Chemical
angiotensinconverting_enzyme_ace_inhibitors_lex	Chemical
granisetron_lex	Chemical
kytril_lex	Chemical
hyperaldosteronism_lex	Disease
dihydrothienopyridine_calcium_lex	Chemical
s312d_lex	Chemical
s312_lex	Chemical
s312l_lex	Chemical
audiogenic_tonic_convulsions_lex	Disease
flunarizine_lex	Chemical
bemegride_lex	Chemical
tubular_damage_lex	Disease
guanosine_35cyclic_monophosphate_lex	Chemical
cgmp_lex	Chemical
dimethylthiourea_lex	Chemical
dmtu_lex	Chemical
hypertrophic_hearts_lex	Disease
phe_lex	Chemical
sn_lex	Chemical
idiopathic_cardiomyopathy_lex	Disease
cytomegalovirus_infections_lex	Disease
ganciclovir_lex	Chemical
lymphoproliferative_disorder_lex	Disease
movement_difficulties_lex	Disease
cognitive_disorders_lex	Disease
desmethylfluoxetine_lex	Chemical
aracytinec_lex	Chemical
adult_respiratory_distress_syndrome_lex	Disease
clentiazem_lex	Chemical
cardiac_injury_lex	Disease
15benzothiazepine_lex	Chemical
ischemic_lesions_lex	Disease
125oh2d_lex	Chemical
hypoparathyroidism_lex	Disease
alkali_lex	Chemical
sucralfate_lex	Chemical
alkalosis_lex	Disease
hypercalcemic_emergency_lex	Disease
unipolar_depression_lex	Disease
ss_lex	Disease
irritation_of_the_urinary_tract_lex	Disease
cd832_lex	Chemical
stenosis_lex	Disease
growth_failure_lex	Disease
glomerular_hypertrophy_lex	Disease
tubulointerstitial_damage_lex	Disease
nefiracetam_lex	Chemical
dm9384_lex	Chemical
pyrrolidone_lex	Chemical
learning_and_posttraining_consolidation_deficits_lex	Disease
corticotropin_lex	Chemical
thyrotropin_lex	Chemical
hypercapnic_lex	Disease
23dideoxy_cytosine_lex	Chemical
ocs_lex	Chemical
progestagens_lex	Chemical
deepvein_thrombosis_lex	Disease
ethinyloestradiol_lex	Chemical
tonic_and_clonic_seizure_lex	Disease
granulocyte_colonystimulating_factor_lex	Chemical
dlsotalol_lex	Chemical
ventricular_tachyarrhythmia_lex	Disease
loss_of_myelination_lex	Disease
alltransretinoic_acid_lex	Chemical
occlusion_of_renal_vessels_lex	Disease
diethylpropion_lex	Chemical
dep_lex	Chemical
ondansetron_lex	Chemical
major_depression_disorder_lex	Disease
depressive_episode_lex	Disease
depression_disorder_lex	Disease
albuterol_lex	Chemical
hyperosmolar_nonketotic_coma_lex	Disease
manic_depression_lex	Disease
hyperglycaemia_lex	Disease
type_two_diabetes_lex	Disease
deterioration_of_left_ventricular_lv_systolic_function_lex	Disease
cocaine_hydrochloride_lex	Chemical
deterioration_of_lv_systolic_and_diastolic_performance_lex	Disease
skin_reactions_lex	Disease
ureteric_obstruction_lex	Disease
ureteric_calculi_lex	Disease
urolithiasis_lex	Disease
hiv_infection_lex	Disease
ischemic_colitis_lex	Disease
sumatriptan_succinate_lex	Chemical
multicystic_encephalomalacia_lex	Disease
hypoxicischemic_encephalopathy_lex	Disease
17alphaethinylestradiol_lex	Chemical
bile_salt_lex	Chemical
bs_lex	Chemical
sterol_lex	Chemical
cholate_lex	Chemical
chenodeoxycholate_lex	Chemical
glibenclamide_lex	Chemical
helodermin_lex	Chemical
levcromakalim_lex	Chemical
psoriatic_lex	Disease
gingival_hyperplasia_lex	Disease
dubutamine_lex	Chemical
contrast_materials_lex	Chemical
prc_lex	Chemical
macropapular_rash_lex	Disease
ammonium_lex	Chemical
hypoactivity_lex	Disease
nociceptin_lex	Chemical
orphanin_fq_lex	Chemical
nocistatin_lex	Chemical
meloxicam_lex	Chemical
remoxipride_lex	Chemical
s3bromon1ethyl2pyrrolidinylmethyl26dimethoxybenz_amide_lex	Chemical
pyrrolidine_lex	Chemical
hoechst_thirty-three thousand, three hundred and forty-two_lex	Chemical
propidium_iodide_lex	Chemical
catechol_lex	Chemical
hydroquinone_lex	Chemical
ncq436_lex	Chemical
ncq344_lex	Chemical
phenols_lex	Chemical
fla797_lex	Chemical
phenol_lex	Chemical
benzene_lex	Chemical
112dihydro2acenaphthylenylpiperazine_lex	Chemical
52412dihydro2acenaphthylenylpiperazinylethyl23dihy_dro1h_indol2one_lex	Chemical
nitricoxide_lex	Chemical
nadph_lex	Chemical
ngnitrolarginine_lex	Chemical
lnoarg_lex	Chemical
nicotinamide_adenine_dinucleotide_phosphate_lex	Chemical
pph_lex	Disease
heparins_lex	Chemical
ischemic_optic_neuropathies_lex	Disease
optic_nerve_toxicity_lex	Disease
bradyarrhythmia_lex	Disease
hypercalcemias_lex	Disease
fungizone_lex	Chemical
amphotericin_bsodium_deoxycholate_lex	Chemical
damb_lex	Chemical
sulfadiazine_lex	Chemical
acute_nephrotoxicity_lex	Disease
toxoplasmosis_lex	Disease
ureteral_lithiasis_lex	Disease
downbeating_nystagmus_lex	Disease
dronedarone_lex	Chemical
carcinoma_of_the_peritoneum_lex	Disease
doxil_lex	Chemical
erythrodysesthesia_lex	Disease
peritoneal_carcinoma_lex	Disease
olanzipine_lex	Chemical
extrapyramidal_symptom_lex	Disease
epss_lex	Disease
pupil_dilation_lex	Disease
pupillary_dilation_lex	Disease
isotretinoin_embryopathy_lex	Disease
anotia_lex	Disease
taussigbing_malformation_lex	Disease
vitamin_a_lex	Chemical
urinary_stress_incontinence_lex	Disease
a_significant_rise_in_systolic_blood_pressure_lex	Disease
cocaethylene_lex	Chemical
cardiotoxity_lex	Disease
ce_lex	Chemical
decrease_in_cardiac_output_lex	Disease
myocardial_depression_lex	Disease
veralipride_lex	Chemical
viracept_lex	Chemical
irregular_heartbeat_lex	Disease
irregular_heart_beat_lex	Disease
vasculitic_disorders_lex	Disease
oral_ulcers_lex	Disease
polyarthralgia_lex	Disease
abnormal_left_ventricular_filling_lex	Disease
longqt_syndrome_lex	Disease
sotalol_lex	Chemical
azimilide_lex	Chemical
preterm_infants_lex	Disease
cysts_lex	Disease
premature_thirty-six_weeks_of_gestation_infants_lex	Disease
copper_lex	Chemical
cu_lex	Chemical
zn_lex	Chemical
pdn_lex	Chemical
cervical_carcinoma_lex	Disease
antibiomania_lex	Disease
ofloxacin_lex	Chemical
ocular_dyskinesias_lex	Disease
choreatic_dyskinesias_lex	Disease
dysmenorrhea_lex	Disease
dcf_lex	Chemical
pelvic_pain_lex	Disease
temocapril_lex	Chemical
neprotic_lex	Disease
patent_ductus_arteriosus_lex	Disease
haemorrhagic_lex	Disease
interstitial_cystitis_lex	Disease
gastric_cancer_lex	Disease
agc_lex	Disease
vomitus_lex	Disease
leukocyturia_lex	Disease
human_immunodeficiency_virus_type_1infected_lex	Disease
impairment_of_the_renal_function_lex	Disease
cardiac_death_lex	Disease
nicergoline_lex	Chemical
sermion_lex	Chemical
ain_lex	Disease
bendazac_lysine_lex	Chemical
triphenyltetrazolium_lex	Chemical
carvedilol_lex	Chemical
decreased_the_locomotor_activity_lex	Disease
2p2carboxyethylphenethylamino5nethylcarboxamidoadenosine_lex	Chemical
n6cyclopentyladenosine_lex	Chemical
5nethylcarboxamidoadenosine_lex	Chemical
neca_lex	Chemical
dmpx_lex	Chemical
37dimethyl1propargylxanthine_lex	Chemical
cpt_lex	Chemical
8cyclopentyltheophylline_lex	Chemical
tiaprofenic_acid_lex	Chemical
lanthanum_nitrate_lex	Chemical
mastocytosis_lex	Disease
haematological_malignancies_lex	Disease
peripheral_sensory_neuropathy_lex	Disease
central_nervous_system_toxicity_lex	Disease
sodium_thiopental_lex	Chemical
myotonic_disorders_lex	Disease
sustained_membrane_depolarisation_lex	Disease
muscle_spasm_lex	Disease
myotonic_condition_lex	Disease
ion_channel_disorders_lex	Disease
hyperventilation_lex	Disease
retinoblastoma_lex	Disease
abnormal_ocular_motility_lex	Disease
visual_impairment_lex	Disease
gustatory_hyperhidrosis_lex	Disease
sweating_lex	Disease
aluminum_chloride_lex	Chemical
sore_throat_lex	Disease
disoprivan_lex	Chemical
vnr_lex	Chemical
vindesine_lex	Chemical
vds_lex	Chemical
cardiac_diseases_lex	Disease
trimethoprimsulfomethoxazole_lex	Chemical
cerebral_anoxia_lex	Disease
visual_field_defect_lex	Disease
deterioration_in_visual_field_lex	Disease
facial_inflammatory_dermatoses_lex	Disease
perioral_dermatitis_lex	Disease
inflammatory_facial_dermatoses_lex	Disease
eczema_lex	Disease
periocular_dermatitis_lex	Disease
atopic_dermatitis_lex	Disease
papular_rosacea_lex	Disease
structural_deficits_in_the_human_brain_lex	Disease
abnormalities_in_the_cortex_hippocampus_white_matter_and_ventricles_lex	Disease
impaired_memory_performance_lex	Disease
gliosis_lex	Disease
brain_injury_lex	Disease
niacin_extendedreleaselovastatin_lex	Chemical
dyslipidemia_lex	Disease
terminalia_chebula_lex	Chemical
ethanolic_extract_of_terminalia_chebula_fruits_lex	Chemical
peroxides_lex	Chemical
t_chebula_extract_lex	Chemical
peroxide_lex	Chemical
diamorphine_lex	Chemical
psychological_disturbance_lex	Disease
neurogenic_diabetes_insipidus_lex	Disease
di_lex	Disease
traumatic_brain_injury_lex	Disease
nephrogenic_di_lex	Disease
neurogenic_di_lex	Disease
brain_trauma_lex	Disease
interferonalpha2b_lex	Chemical
4hydroxy2nonenal_lex	Chemical
4hne_lex	Chemical
3nitrotyrosine_lex	Chemical
3nt_lex	Chemical
mitochondrial_oxidative_damage_lex	Disease
ventricular_dysfunction_lex	Disease
nifekalant_hydrochloride_lex	Chemical
nifekalant_lex	Chemical
dexamphetamine_lex	Chemical
oral_stereotypies_lex	Disease
ergometrine_lex	Chemical
swallowing_abnormalities_lex	Disease
gastrointestinal_abnormalities_lex	Disease
tubulointerstitial_nephritis_lex	Disease
insulin_sensitivity_lex	Disease
insulin_resistance_lex	Disease
htn_lex	Disease
235triphenyltetrazolium_chloride_lex	Chemical
ischemic_hemisphere_lex	Disease
evans_blue_lex	Chemical
celecoxib_lex	Chemical
n_lex	Chemical
cutaneous_reactions_lex	Disease
erythema_lex	Disease
pyrazolones_lex	Chemical
hypocalcaemia_lex	Disease
chx_lex	Chemical
menopausal_symptoms_lex	Disease
transient_ischaemic_attacks_lex	Disease
chronic_disease_lex	Disease
dili_lex	Disease
amoxicillinclavulanate_lex	Chemical
dribose_lex	Chemical
erdosteine_lex	Chemical
vcm_lex	Chemical
renal_tubular_injury_lex	Disease
desquamation_lex	Disease
restless_legs_syndrome_lex	Disease
rls_lex	Disease
postprandial_dyspepsia_lex	Disease
domperione_lex	Chemical
coronary_arterial_disease_lex	Disease
cholesterols_lex	Chemical
c_lex	Chemical
coronary_arteriosclerosis_lex	Disease
hyperglyceridemic_effect_lex	Disease
alphafluorobetaalanine_lex	Chemical
fbal_lex	Chemical
precordial_pain_lex	Disease
dihydropyrimidine_lex	Chemical
cardiac_symptoms_lex	Disease
monoher_lex	Chemical
monohydroxyethylrutoside_lex	Chemical
cardiomyocyte_damage_lex	Disease
bepridil_hydrochloride_lex	Chemical
bpd_lex	Chemical
afl_lex	Disease
lv_hypertrophy_lex	Disease
cardiac_inotropic_lex	Disease
qt_interval_prolongation_lex	Disease
arterial_dysfunction_lex	Disease
nomeganitrolarginine_lex	Chemical
lnna_lex	Chemical
tempol_lex	Chemical
impairs_associative_learning_lex	Disease
impaired_novel_word_learning_lex	Disease
minocycline_lex	Chemical
polyarteritis_nodosa_lex	Disease
palmoplantar_pustulosis_lex	Disease
testicular_pain_lex	Disease
cirrhotic_diseases_lex	Disease
eslicarbazepine_acetate_lex	Chemical
bia_two thousand and ninety-three_lex	Chemical
s10acetoxy1011dihydro5hdibenzobfazepine5carboxamide_lex	Chemical
oxc_lex	Chemical
anthraquinones_lex	Chemical
chinese_herbal_lex	Chemical
chinese_herbs_lex	Chemical
aristolochic_acids_lex	Chemical
anthraquinone_lex	Chemical
sulfhydryl_lex	Chemical
sh_lex	Chemical
trypan_blue_lex	Chemical
thiols_lex	Chemical
cysteine_lex	Chemical
galantamine_lex	Chemical
autistic_disorder_lex	Disease
behavioral_dyscontrol_lex	Disease
inattention_lex	Disease
schizophreniform_disorder_lex	Disease
hydroxychloroquine_sulfate_lex	Chemical
visual_field_abnormalities_lex	Disease
carcinoma_of_the_breast_lex	Disease
bradycardic_lex	Disease
cox2_inhibitors_lex	Chemical
gi_bleeding_lex	Disease
rofecoxib_lex	Chemical
severe_malaria_lex	Disease
premature_ventricular_contraction_lex	Disease
chill_lex	Disease
loss_of_hearing_lex	Disease
pvc_lex	Disease
potassium_aspartate_lex	Chemical
electrolyte_disorder_lex	Disease
lichenoid_dermatitis_lex	Disease
zinc_acetate_lex	Chemical
wilson_disease_lex	Disease
chronic_liver_disease_lex	Disease
drop_in_blood_pressure_lex	Disease
atropine_sulphate_lex	Chemical
syncopal_episode_lex	Disease
acute_encephalopathy_lex	Disease
cerebral_vasospasm_lex	Disease
pegasparaginase_lex	Chemical
aphasia_lex	Disease
polyethylene_glycolasparaginase_lex	Chemical
val_lex	Chemical
essential_hypertension_lex	Disease
succimer_lex	Chemical
pb_poisoning_lex	Disease
mdp_lex	Disease
panic_attack_lex	Disease
failing_left_ventricle_lex	Disease
piperacillintazobactam_lex	Chemical
gtcs_lex	Disease
bronchiectasis_lex	Disease
secondary_infection_lex	Disease
organic_brain_lesions_lex	Disease
uremic_lex	Disease
vocal_cord_paralysis_lex	Disease
vocal_nerve_palsies_lex	Disease
cortical_dysplasia_lex	Disease
carmustine_lex	Chemical
13bis_2chloroethyl1nitrosoure_lex	Chemical
myoinositol1phosphate_lex	Chemical
mip_lex	Chemical
inositol_lex	Chemical
acute_tubulointerstitial_nephritis_lex	Disease
atin_lex	Disease
infective_endocarditis_lex	Disease
ie_lex	Disease
chronic_hepatitis_b_virus_infection_lex	Disease
chronic_hepatitis_b_lex	Disease
thromboxane_b2_lex	Chemical
txb2_lex	Chemical
thromboxane_lex	Chemical
urinary_bladder_inflammation_lex	Disease
phosphatidylserine_lex	Chemical
fluo3_lex	Chemical
3tc_lex	Chemical
d4t_lex	Chemical
nevirapine_lex	Chemical
nvp_lex	Chemical
efavirenz_lex	Chemical
efv_lex	Chemical
immune_reconstitution_syndrome_lex	Disease
sensory_neurotoxicity_lex	Disease
sensory_axonal_neuropathy_lex	Disease
cutaneous_lupus_erythematosus_lex	Disease
cle_lex	Disease
cramps_lex	Disease
pulmonary_mass_lex	Disease
lung_mass_lex	Disease
hemosiderin_lex	Disease
hemosiderotic_lex	Disease
pulmonary_lesion_lex	Disease
neoplasm_lex	Disease
sulphonylurea_lex	Chemical
cad_lex	Disease
sulphonylureas_lex	Chemical
type_two_diabetic_lex	Disease
glipizide_lex	Chemical
glimepiride_lex	Chemical
gliclazide_lex	Chemical
los_lex	Chemical
uraemia_lex	Disease
procaine_lex	Chemical
topotecan_lex	Chemical
glioblastoma_multiforme_lex	Disease
gbm_lex	Disease
lymphopenia_lex	Disease
primary_hyperparathyroidism_lex	Disease
nonalcoholic_fatty_liver_disease_lex	Disease
nafld_lex	Disease
hyperinsulinemia_lex	Disease
anca_positive_vasculitis_lex	Disease
antithyroid_drugs_lex	Chemical
antithyroid_medications_lex	Chemical
antineutrophil_cytoplasmic_antibody_ancaassociated_vasculitis_lex	Disease
antithyroidmedications_lex	Chemical
vasculitic_lex	Disease
pyrexia_lex	Disease
parotiditis_lex	Disease
cerebrovascular_disease_lex	Disease
cvd_lex	Disease
gastrointestinal_bleeding_lex	Disease
heroin_abuse_lex	Disease
unconsciousness_lex	Disease
cerebral_ischemic_infarction_lex	Disease
proenkephalin_lex	Chemical
penk_lex	Chemical
fulminant_liver_failure_lex	Disease
citric_acid_lex	Chemical
flecainide_lex	Chemical
pantoprazole_lex	Chemical
rad001_lex	Chemical
nonsmallcell_lung_cancer_lex	Disease
posterior_reversible_encephalopathy_syndrome_lex	Disease
posterior_leukoencephalopathy_lex	Disease
alcoholic_cirrhosis_lex	Disease
intracranial_hypertension_lex	Disease
fhf_lex	Disease
binasal_visual_field_defects_lex	Disease
visual_defects_lex	Disease
vgb_lex	Chemical
bilateral_visual_field_abnormalities_lex	Disease
hiv_seroconversion_lex	Disease
metallothionein_lex	Chemical
mt_lex	Chemical
znso4_lex	Chemical
fulminant_eosinophilic_lex	Disease
neuropsychiatriclike_behaviors_lex	Disease
parkinsonian_disability_lex	Disease
neuropsychiatriclike_behavior_lex	Disease
neuropsychiatric_disorders_lex	Disease
cld_lex	Disease
cnsb002_lex	Chemical
neuropathic_lex	Disease
direct_thrombin_inhibitor_lex	Chemical
direct_thrombin_inhibitors_lex	Chemical
botox_lex	Chemical
adductor_spasmodic_dysphonia_lex	Disease
adsd_lex	Disease
throat_pain_lex	Disease
spasmodic_dysphonia_lex	Disease
mitoq_lex	Chemical
mitochondrial_defect_lex	Disease
sulfamethoxazole_lex	Chemical
type_one_diabetes_lex	Disease
diabetes_complications_lex	Disease
temsirolimus_lex	Chemical
mcl_lex	Disease
bcell_nonhodgkins_lymphoma_lex	Disease
spiranolactone_lex	Chemical
ramipril_lex	Chemical
renal_disturbance_lex	Disease
biphosphonate_lex	Chemical
daptomycin_lex	Chemical
methicillin_lex	Chemical
bacteremia_lex	Disease
tazobactam_lex	Chemical
nafcillin_lex	Chemical
galactose_lex	Chemical
dgalactose_lex	Chemical
dglucose_lex	Chemical
memory_deterioration_lex	Disease
glucose_hypometabolism_lex	Disease
