keyword,selected_by_keybert,selected_by_Genia,keybert_score
anti-tnf-alpha,0,1,0.0
liver_pcd/dcoh,0,1,0.0
lysophosphatidylethanolamine,0,1,0.0
consensus_(a/t)gata(g/_a)_motif,0,1,0.0
il-1/tumor_necrosis_factor-responsive_element,0,1,0.0
nonstimulating_cd28_mab_9.3,0,1,0.0
cll_cell,0,1,0.0
interleukin_2_gene,0,1,0.0
enhanced_gene_expression,0,1,0.0
silica,0,1,0.0
kruppel-type_zinc_finger_domain,0,1,0.0
anti-peptide_antibody,0,1,0.0
corticoid_resistance,0,1,0.0
nf-kappa_b_moiety,0,1,0.0
hiv-2_enhancer_element,0,1,0.0
increased_apoptosis,0,1,0.0
promoter-proximal_site,0,1,0.0
t_cell-specific_element,0,1,0.0
human_alpha-globin_gene,0,1,0.0
cyclin_a_transcription,0,1,0.0
sequence-specific_manner,0,1,0.0
hyperthyroidism,0,1,0.0
protein_tyrosine_phosphorylation,0,1,0.0
253_nucleotide,0,1,0.0
high_risk_breast_cancer,0,1,0.0
trisubstituted_xanthine_derivative,0,1,0.0
cd45ro+_(memory)_t_lymphocyte,0,1,0.0
radiolabeled_double_stranded_oligomer,0,1,0.0
variant_nf-kappa_b_segment,0,1,0.0
single_mrna_transcript,0,1,0.0
ach_functional_molecular_clone,0,1,0.0
guanine_nucleotide_binding_protein,0,1,0.0
t-cell_antigen_receptor-cd3_complex,0,1,0.0
proapoptotic_nip-2_protein,0,1,0.0
interferon-gamma-induced_factor,0,1,0.0
calcineurin_inhibitor,0,1,0.0
human_cd40-activated_b_lymphocyte,0,1,0.0
2418dela,0,1,0.0
hiv_gene_therapy,0,1,0.0
tlr,0,1,0.0
c-fos_control,0,1,0.0
ga-binding_protein_alpha,0,1,0.0
anergy_induction,0,1,0.0
gamma_c_chain,0,1,0.0
autologous_cd4+_t_cell,0,1,0.0
ra/vd_treatment,0,1,0.0
viral_gene,0,1,0.0
c_terminal_section,0,1,0.0
yeast_cell,0,1,0.0
ig_heavy_chain_class_switching,0,1,0.0
transactivator_e2f-i,0,1,0.0
antiapoptotic_property,0,1,0.0
mab,0,1,0.0
hashimoto's_disease,0,1,0.0
mt-2_cell,0,1,0.0
murine_gm-csf_gene_promoter,0,1,0.0
traf6,0,1,0.0
mhc-peptide,0,1,0.0
gc_box,0,1,0.0
lmp-1_e2re,0,1,0.0
methylthiogliotoxin,0,1,0.0
hiv-1_vpr,0,1,0.0
b_subunit,0,1,0.0
cd4_cell_proliferation,0,1,0.0
fli-1,0,1,0.0
ca(2+)-regulated_kinase,0,1,0.0
antiserum,0,1,0.0
human_interleukin-2_gene,0,1,0.0
viral_gene_transactivation,0,1,0.0
cyclin-like_udg_gene_product,0,1,0.0
transcription_factor_product,0,1,0.0
xpb_helicase_defect,0,1,0.0
glutathione_disulfide,0,1,0.0
anti-apoptotic_protein,0,1,0.0
hiv_type_1_infection,0,1,0.0
y701_stat1,0,1,0.0
tcr-cd8_complex,0,1,0.0
immature_haematopoietic_population,0,1,0.0
il-1ra_production,0,1,0.0
phagocyte_recognition,0,1,0.0
epstein-barr_virus_(ebv)_bmlf1_open_reading_frame,0,1,0.0
tcr-ligand,0,1,0.0
cd4+cd45r0+_cell,0,1,0.0
postmenopausal_women,0,1,0.0
lymphoid-specific_(otf-2)_octamer_binding_protein,0,1,0.0
fatty_acid,0,1,0.0
substitution_analysis,0,1,0.0
tnf_mrna_expression,0,1,0.0
nitric_oxide_synthase_gene,0,1,0.0
gene_activation_pathway,0,1,0.0
plasma_tpo_level,0,1,0.0
gm2_sequence,0,1,0.0
ataxia_telangiectasia_patient,0,1,0.0
mycoestrogen,0,1,0.0
atmospheric_urban_pollution,0,1,0.0
leukocyte_clearance_mechanism,0,1,0.0
pb_precursor,0,1,0.0
breast_conservation,0,1,0.0
progesterone-dependent_immunomodulation,0,1,0.0
trans-activation_activity,0,1,0.0
t_cell_receptor_stimulation,0,1,0.0
two_isoforms_of_the_cyclic_amp-responsive_element_modulator,0,1,0.0
bja-b,0,1,0.0
stat_(signal_transducer_and_activator_of_transcription)_protein,0,1,0.0
stat_family_member,0,1,0.0
environmental_mycobacteria,0,1,0.0
kca,0,1,0.0
th2_cell_differentiation,0,1,0.0
non-parametric_test,0,1,0.0
nf-kappa_b/rel_activation,0,1,0.0
element,0,1,0.0
plasma_membrane_receptor,0,1,0.0
serine_133,0,1,0.0
t_cell_functional_phenotype,0,1,0.0
elk-1_fusion_protein,0,1,0.0
intracellular_signal_transduction_molecule,0,1,0.0
e2re,0,1,0.0
pma/bt2camp-treated_cell,0,1,0.0
human_immunodeficiency_virus_(hiv)_entry,0,1,0.0
latent_transcription_factor,0,1,0.0
delta_cam-ai,0,1,0.0
sucrose_gradient_assay,0,1,0.0
blood_cell_receptor,0,1,0.0
differentiating_cell,0,1,0.0
4s_salt-transformed_receptor,0,1,0.0
common_multi-point_scatchard_analysis,0,1,0.0
zinc-mediated_immune_modulation,0,1,0.0
granulocyte_macrophage-csf,0,1,0.0
cd23_expression,0,1,0.0
anti-tax1_monoclonal_antibody,0,1,0.0
early_b_lymphocyte,0,1,0.0
dbf_site,0,1,0.0
cd4_promoter,0,1,0.0
myeloid_leukocyte,0,1,0.0
nf-at-like_factor,0,1,0.0
val50,0,1,0.0
essential_transcription_factor,0,1,0.0
growth_factor-induced_gene,0,1,0.0
concentration-dependent_manner,0,1,0.0
pml/raralpha,0,1,0.0
pma-induced_ap-1,0,1,0.0
il-2-driven_t_cell_proliferation,0,1,0.0
-3757_and_-2729_bp_upstream,0,1,0.0
smmhc,0,1,0.0
estrogenic_pathway,0,1,0.0
kinase_inhibitor_h7,0,1,0.0
functional_sequence,0,1,0.0
pybf-binding_site,0,1,0.0
r294a,0,1,0.0
cell_cycle_s_phase_entry,0,1,0.0
hpfh,0,1,0.0
e3_mediated_polyubiquitinylation,0,1,0.0
nf-kappa_b_dna_binding_protein,0,1,0.0
genomic_pathway,0,1,0.0
b1_vitellogenin_gene,0,1,0.0
prostaglandin_e2,0,1,0.0
mitogenically_incompetent_human_g-csfr_mutant,0,1,0.0
mean_dissociation_constant,0,1,0.0
tissue-specific_manner,0,1,0.0
cd40_ligand-positive_(cd40l+)_reactive_t_lymphocyte,0,1,0.0
nf-kappab_binding_sequences,0,1,0.0
human_t-cell_lymphotrophic_virus-1,0,1,0.0
lymphocyte_cytosolic_protein,0,1,0.0
paracrine_effect,0,1,0.0
preeclampsia,0,1,0.0
human_lung_fibroblast,0,1,0.0
p11.23_to_p12.3,0,1,0.0
cd68+cell,0,1,0.0
nf-at/ap-1_transcription_factor,0,1,0.0
activation-driven_fas_upregulation,0,1,0.0
70-bp_motif,0,1,0.0
human_nk_cell_membrane-bound_lt_signals,0,1,0.0
tumor_matrice,0,1,0.0
glut4,0,1,0.0
nf-at/ap-1-binding_site,0,1,0.0
aged_rat,0,1,0.0
src-family,0,1,0.0
abdominal_obesity,0,1,0.0
binding_mutant,0,1,0.0
promoter-proximal_element,0,1,0.0
methylation_interference_assay,0,1,0.0
cyclin-dependent_kinase_inhibitor,0,1,0.0
germ-line_brca1_mutation,0,1,0.0
bronchoalveolar_lavage_cellularity,0,1,0.0
cellular_signaling_pathways,0,1,0.0
inflamed_colonic_mucosa,0,1,0.0
wuchereria_banerofti,0,1,0.0
digital_image_analysis,0,1,0.0
190_c-terminal_amino_acids,0,1,0.0
ccaat/enhancer-binding_protein-beta,0,1,0.0
ifn-beta_synthesis,0,1,0.0
synovial_fibroblast,0,1,0.0
common_t-cell_mitogen,0,1,0.0
ii_mhc_combined_immune_deficiency,0,1,0.0
transactivation_response_element,0,1,0.0
stat_activity,0,1,0.0
pma-differentiated_cell,0,1,0.0
tnf-alpha_promoter_element_kappa_3,0,1,0.0
htlv-1_transformed_human_t_cell_line,0,1,0.0
6-k-pgf1_alpha,0,1,0.0
ori_lyt,0,1,0.0
mouse_b_cell_hybridoma,0,1,0.0
cd25,0,1,0.0
action_mechanism,0,1,0.0
cd34(+)_bone_marrow_cell_clonogenic_function,0,1,0.0
dnase_1_hypersensitive_site,0,1,0.0
i_kappa_b_alpha/mad-3,0,1,0.0
p24_antigen,0,1,0.0
non-pregnant_women,0,1,0.0
il-4_luciferase_reporter_gene,0,1,0.0
alpha-globin_enhancer,0,1,0.0
cd40-mediated_immunoglobulin_class_switching,0,1,0.0
finger_transcription_factor,0,1,0.0
chromosome_bands_7q21q22,0,1,0.0
t-cell,0,1,0.0
nonsmoking_asthmatic_patient,0,1,0.0
"rel-related,_mitogen-inducible,_kappa_b-binding_protein",0,1,0.0
tissue-specific_regulatory_dna_element,0,1,0.0
"6-formylindolo[3,2-b]carbazole",0,1,0.0
antiinflammatory_effect,0,1,0.0
hyporesponsiveness,0,1,0.0
cell_type-specific_complex,0,1,0.0
25(oh)2d3,0,1,0.0
amino_termini,0,1,0.0
glucocorticoid_receptor_beta,0,1,0.0
nonradioactive_oligonucleotide,0,1,0.0
nuclear_protein_extract,0,1,0.0
raralpha,0,1,0.0
erythroid-specific_gene_expression,0,1,0.0
135_kda,0,1,0.0
reporter_plasmid,0,1,0.0
alpha_cd3,0,1,0.0
dna_binding_protein_nuclear_factor,0,1,0.0
anti-rantes,0,1,0.0
g1_checkpoint,0,1,0.0
glucocorticoid_binding_site,0,1,0.0
aids-associated_disorder,0,1,0.0
b-cell-specific_transcription,0,1,0.0
virus_activation,0,1,0.0
tcf-1_gene,0,1,0.0
"38,000-m(r)_protein",0,1,0.0
mody1,0,1,0.0
otf_factor,0,1,0.0
il-2-mediated_cell_cycle_progression,0,1,0.0
menopausal_period,0,1,0.0
p65/p50_heterodimer,0,1,0.0
lymphoid-specific_enhancer_element,0,1,0.0
dqb_promoter,0,1,0.0
nih3t3_cell,0,1,0.0
icr-27_tk-3,0,1,0.0
basic-helix-loop-helix_protein,0,1,0.0
p40_monomer,0,1,0.0
monocyte_chemotaxis,0,1,0.0
immunoreactive_gh,0,1,0.0
dominant_negative_ikappabalpha_construct,0,1,0.0
hiv1_gene_product,0,1,0.0
mnfatc,0,1,0.0
hb-egf_mrna,0,1,0.0
autophosphorylation_site,0,1,0.0
lyn_gene,0,1,0.0
hl-60/vinc/r_cell,0,1,0.0
glucocorticoid_receptor/progesterone_receptor,0,1,0.0
estrogens,1,0,0.0
type_ii_bare_lymphocyte_syndrome-associated_transactivators,0,1,0.0
sh2_domain-containing_leukocyte_protein,0,1,0.0
ln_cell,0,1,0.0
box_1_pdp_motif,0,1,0.0
unstimulated_cell,0,1,0.0
signal_transducer_and_activation_of_transcription_(stat)_transcription_factor,0,1,0.0
dominant_negative_mapkk-1,0,1,0.0
rhizome,0,1,0.0
recalcitrant_asthma,0,1,0.0
cystatin_c,0,1,0.0
gata-2,0,1,0.0
pd-c,0,1,0.0
dfx,0,1,0.0
m7_(amino_acids_29cp-as)_tax1_mutant,0,1,0.0
lytic_cycle_gene,0,1,0.0
il-2_message,0,1,0.0
major_gene,0,1,0.0
immunoglobulin_secretion,0,1,0.0
dna_segment,0,1,0.0
zap-70,0,1,0.0
sf2_strain,0,1,0.0
silencer_i,0,1,0.0
mab_18c7,0,1,0.0
in_vitro_peptide_sensitization,0,1,0.0
au-motif-directed_differential_display,0,1,0.0
lysis_gene,0,1,0.0
h/c_link_sequence,0,1,0.0
signalling_mechanism,0,1,0.0
72-kilodalton_major_immediate-early_protein,0,1,0.0
testosterone-bsa_conjugate,0,1,0.0
transcription_activator_protein-2_binding_site,0,1,0.0
il-4_production,0,1,0.0
nf-y_expression,0,1,0.0
icam-i_mrna,0,1,0.0
limulus_amoebocyte_lysate,0,1,0.0
n-terminal_c-jun_kinase,0,1,0.0
dose-_and_time-dependent_increases,0,1,0.0
human_t_cell_receptor_c_alpha,0,1,0.0
j_kappa-binding_site,0,1,0.0
rela_containing_nuclear_factor_kappab_(nfkappab)_complex,0,1,0.0
gamma-globin,0,1,0.0
follicular_hyperplasia,0,1,0.0
primary_human_erythroid_cell,0,1,0.0
elevated_peripheral_blood_neutrophil_count,0,1,0.0
major_transactivation_sequence,0,1,0.0
mll_region,0,1,0.0
human_interleukin-2_receptor_alpha,0,1,0.0
cd40-induced_up-regulation,0,1,0.0
lps-induced_tf_activity,0,1,0.0
transcriptional_efficiency,0,1,0.0
ser551,0,1,0.0
lap,0,1,0.0
nf-kappab_subunit_activation,0,1,0.0
recombinant_bcl-6,0,1,0.0
complex_2,0,1,0.0
t_cell_receptor_(tcr)_alpha,0,1,0.0
ubiquitous_cellular_transcription_factor,0,1,0.0
adrenocortical_activity,0,1,0.0
constitutive_p21ras_activity,0,1,0.0
thalassemia,0,1,0.0
pituitary_adrenocorticotropic_hormone_(acth)_release,0,1,0.0
dc_lineage,0,1,0.0
rearranged_tcr_gene,0,1,0.0
ggactacag,0,1,0.0
synthetic_ceramide,0,1,0.0
hiv_ltr_construct,0,1,0.0
768-bp_upstream_negative_regulatory_region,0,1,0.0
tced,0,1,0.0
erythrocytic_progenitor,0,1,0.0
b-cell_nature,0,1,0.0
gamma_chain,0,1,0.0
zebra_promoter,0,1,0.0
conservative_treatment,0,1,0.0
c-jun_gene,0,1,0.0
-150_bp,0,1,0.0
0.59_to_0.67,0,1,0.0
pathophysiological_background,0,1,0.0
x2,0,1,0.0
b_cell_lineage_cell,0,1,0.0
lymphocyte-specific_protein_1,0,1,0.0
i_kappa_b_beta_inhibitor,0,1,0.0
fusion_complementary_dna,0,1,0.0
empty_expression_vector,0,1,0.0
ad2,0,1,0.0
nf-at_element,0,1,0.0
differentiation_dose-response,0,1,0.0
negative_transcriptional_regulation,0,1,0.0
cytoplasmic_protein,0,1,0.0
human_breast_tumour,0,1,0.0
upstream_stimulatory_factor,0,1,0.0
protein_kinase_c-mediated_signal_transduction_event,0,1,0.0
ler,0,1,0.0
losartan,0,1,0.0
ef1,0,1,0.0
specific_gene_expression,0,1,0.0
human_b-lymphocyte_precursor,0,1,0.0
differentiated_dc,0,1,0.0
dna_sequencing,0,1,0.0
mapk,0,1,0.0
v-abl,0,1,0.0
c-terminal_acidic_domain,0,1,0.0
tpck,0,1,0.0
p54,0,1,0.0
pro641,0,1,0.0
red_blood_cell,0,1,0.0
rela_homodimer,0,1,0.0
70-bp_ifn-gamma_response_element,0,1,0.0
neotropical_primate,0,1,0.0
post-translational_modification,0,1,0.0
promyelocyte_stage,0,1,0.0
lyn_mrna_production,0,1,0.0
antiapoptotic_effect,0,1,0.0
htlv-i_gene_expression,0,1,0.0
dexamethasone(dex)-resistant_clone,0,1,0.0
32-kda_nuclear_phosphoprotein,0,1,0.0
bovine_pulmonary_artery_endothelial_cell,0,1,0.0
gamma_response_region,0,1,0.0
lysp100,0,1,0.0
adhesion_receptor,0,1,0.0
heat_shock_promoter,0,1,0.0
il-1alpha_promoter_activity,0,1,0.0
preeclamptic_mother,0,1,0.0
eosinophil_granule_protein,0,1,0.0
lbp-1,0,1,0.0
cl-01_cell,0,1,0.0
rat_nb2_t_lymphocyte,0,1,0.0
t_cell_antigen_receptor-stimulated_protein_tyrosine_kinase,0,1,0.0
human_t-cell_lymphotropic_virus,0,1,0.0
scid-hu-_int_mouse,0,1,0.0
t-cell_epitope,0,1,0.0
c-jun_protein,0,1,0.0
clinically_asymptomatic,0,1,0.0
heptamer_motif,0,1,0.0
corepressor,0,1,0.0
transformed_pre-b_cell,0,1,0.0
hiv-1_ap-1_dna_recognition_sequence,0,1,0.0
il-3_promoter,0,1,0.0
intrinsic_cellular_apoptosis,0,1,0.0
immobilized_anti-jun,0,1,0.0
nuclear_estrogen_receptor,0,1,0.0
peroxisome_proliferator_activated_receptor,0,1,0.0
rs_cell,0,1,0.0
low_malignancy,0,1,0.0
lox-1,0,1,0.0
creb_binding_protein,0,1,0.0
cloned_delta-opioid_receptor,0,1,0.0
genetic_lesion,0,1,0.0
primary_blood_monocyte,0,1,0.0
molecular_weight_49_and_44_kda,0,1,0.0
beta_interferon_promoter,0,1,0.0
il-4_signal,0,1,0.0
quiescent_mantle_zone_b_cell,0,1,0.0
adrenal_cortex,0,1,0.0
minimal_tissue-specific_promoter_region,0,1,0.0
natural_cytotoxicity,0,1,0.0
tf_mrna,0,1,0.0
transcriptional_rate,0,1,0.0
upstream_delta_globin_regulatory_region,0,1,0.0
dnase_footprinting,0,1,0.0
base_pair_mutation,0,1,0.0
murine_splenocyte,0,1,0.0
e2f_regulation,0,1,0.0
lai_ltr,0,1,0.0
cd40:cd40l_engagement,0,1,0.0
cell-type_specificity,0,1,0.0
p84,0,1,0.0
human_lymphocyte,0,1,0.0
early-onset_type_2_diabetes,0,1,0.0
interferon-gamma_activation_site-like_sequence,0,1,0.0
icr27tk.3_cell,0,1,0.0
beta_subunit,0,1,0.0
interleukin-10_receptor_intracellular_domain,0,1,0.0
novel_human_myeloid-cell-specific_c/ebp-epsilon_transcription_factor,0,1,0.0
phosphatidyl_inositol,0,1,0.0
pg-b6p,0,1,0.0
tnf-alpha-induced_activation,0,1,0.0
t-cell-specific_response_element,0,1,0.0
x,0,1,4.0
eotaxin_gene_expression,0,1,0.0
t_cell_factor-1,0,1,0.0
cholesterol_synthesis,0,1,0.0
dioxin,0,1,0.0
kd,0,1,0.0
activated_t_lymphocyte,0,1,0.0
v-erb_a,0,1,0.0
intermediary_factor,0,1,0.0
am,0,1,0.0
ventilated_macrophage,0,1,0.0
11-base-pair_dna_sequence_motif,0,1,0.0
activation_antigen,0,1,0.0
155_residue,0,1,0.0
xenopus,0,1,0.0
major_transcription_start_site,0,1,0.0
cdna_cloning_strategy,0,1,0.0
phospholipase_cgamma1,0,1,0.0
human_t_cell_line_jurkat,0,1,0.0
novel_ets_family_member,0,1,0.0
cell_lines_of_b_lymphoid_origin,0,1,0.0
stat5,0,1,0.0
herpes_simplex_virus_type_2,0,1,0.0
autologous_dendritic_cell,0,1,0.0
apoptotic_signal,0,1,0.0
oct-2_synthesis,0,1,0.0
neomycin,0,1,0.0
trans-_dominant_negative_inhibitor,0,1,0.0
p38alpha_mitogen-activated_protein_kinase,0,1,0.0
papillomavirus,0,1,0.0
yy-bu,0,1,0.0
dna_binding_region,0,1,0.0
p50,0,1,0.0
tnf-induced_activation,0,1,0.0
calcium-dependent_protease,0,1,0.0
pax5_gene,0,1,0.0
cd34+cd71+_cell,0,1,0.0
clone_13,0,1,0.0
cdk2,0,1,0.0
htafii130,0,1,0.0
ara-c,0,1,0.0
epo-binding_site,0,1,0.0
nf-kb_expression,0,1,0.0
hmba,0,1,0.0
tal-1_transgenic_animal,0,1,0.0
structural_gene,0,1,0.0
cyclic_amp-responsive_element-dependent_activation,0,1,0.0
inactive_camkiv,0,1,0.0
primary_human_astrocyte,0,1,0.0
inflamed_joints,0,1,0.0
reversed_transcribed_rna,0,1,0.0
gabp-mediated_promoter-enhancer_induction,0,1,0.0
jy25_cell,0,1,0.0
smx-no,0,1,0.0
progesterone_receptor-negative_status,0,1,0.0
act-1-activating_region,0,1,0.0
activated_activator_protein-1_transcriptional_activity,0,1,0.0
insulin-induced_hypoglycemia,0,1,0.0
multipotential_progenitor,0,1,0.0
hiv-1_protease,0,1,0.0
human_kruppel-related_zinc_finger_protein,0,1,0.0
western_blot_analysis,0,1,0.0
transiently_transfected_human_erythroleukemia_cell,0,1,0.0
plb-985_cell,0,1,0.0
all-trans-retinoic_acid,0,1,0.0
viral_rna_partition,0,1,0.0
interleukin_10_(il-10)_receptor,0,1,0.0
primary_nk_cell,0,1,0.0
latency,0,1,0.0
tnf_alpha_activation,0,1,0.0
lymphocyte_population,0,1,0.0
jpx9_cell,0,1,0.0
protein_kinase_c_subfamily,0,1,0.0
endothelial_selectin,0,1,0.0
complex_i,0,1,0.0
cd25_promoter,0,1,0.0
androgens,0,1,0.0
nfat-1-mediated_gene_expression,0,1,0.0
il-1-induced_nf-kappa_b-dependent_gene_transcription,0,1,0.0
murine_b_lymphocyte,0,1,0.0
interleukin-10,0,1,0.0
atf2,0,1,0.0
okt3_antibody,0,1,0.0
inducible_autoregulated_inhibitory_pathway,0,1,0.0
m-tat/epo_cell_culture,0,1,0.0
eosinophilic_characteristics,0,1,0.0
natural_killer_(nk)_cell_activity,0,1,0.0
e1a-binding_protein,0,1,0.0
cytoplasmic_ikappab_inhibitor,0,1,0.0
full-length_c-rel,0,1,0.0
gapb-beta,0,1,0.0
local_immunosuppression,0,1,0.0
germline_c_epsilon,0,1,0.0
fnf-e2_promoter,0,1,0.0
p49/p65,0,1,0.0
cyclin_e-mediated_inactivation,0,1,0.0
nb4_leukemia_cell,0,1,0.0
gr_levels,0,1,0.0
th1/th2-like_cytokine,0,1,0.0
second_activation_signal,0,1,0.0
ra_resistance,0,1,0.0
nb,0,1,0.0
cd4-cd8-_murine_t_lymphocyte_precursor,0,1,0.0
opgl,0,1,0.0
macrophage_colony-stimulating_factor_receptor,0,1,0.0
bsap_gene,0,1,0.0
stat-6-binding_site,0,1,0.0
cd4_cytoplasmic_tail,0,1,0.0
neoplastic_b-cell_development,0,1,0.0
dexamethasone-induced_transcription,0,1,0.0
normal_female,0,1,0.0
rel/nfkappab,0,1,0.0
e3_promoter,0,1,0.0
ec_redox_environment,0,1,0.0
transcriptional_transactivator,0,1,0.0
position_10182,0,1,0.0
t-cell_apoptosis,0,1,0.0
4-carboranyl-substituted_compound,0,1,0.0
cognate_ag,0,1,0.0
uninduced_u937_cell,0,1,0.0
signal_transducers_and_activators_of_transcription_(stat)_binding_site,0,1,0.0
consensus_ap-1/cre_site,0,1,0.0
nonproliferating_b_cell,0,1,0.0
thyroid_hormone_responsiveness,0,1,0.0
mouse_b29_promoter,0,1,0.0
human_elk-1_promoter,0,1,0.0
antigen-dependent_t_cell_activation,0,1,0.0
s-adenosylhomocysteine_hydrolase,0,1,0.0
murine_myeloma,0,1,0.0
pkc_mutant,0,1,0.0
rna_transcription_activity,0,1,0.0
il-2_expression,1,1,0.0
sivmac239_mutants,0,1,0.0
glucocorticoid_receptor_(gr)_binding,0,1,0.0
thrombin-induced_p65_homodimer,0,1,0.0
stat_5b,0,1,0.0
il_6,0,1,0.0
phospholipid_turnover,0,1,0.0
up_-regulation,0,1,0.0
ifn_regulatory_factor_1,0,1,0.0
c-cerba/thyroid_hormone_receptor,0,1,0.0
chemical_synthesis,0,1,0.0
g0_to_s_phase_transition,0,1,0.0
class_ii_major_histocompatibility_complex_gene,0,1,0.0
3'untranslated_region,0,1,0.0
pou_homeodomain,0,1,0.0
il-4_synthesis,0,1,0.0
trans-activating_factor,0,1,0.0
s_phase_regulated_gene,0,1,0.0
minimal_enhancer,0,1,0.0
cord_lymphocyte_activation,0,1,0.0
kb-like_sequence,0,1,0.0
murine_and_human_interleukin_2_(il-2)_gene,0,1,0.0
nf-kappab/rel,0,1,0.0
nf-kappab_sequence,0,1,0.0
il-1ra_mrna,0,1,0.0
diurnal_variation,0,1,0.0
lavage_t-lymphocyte,0,1,0.0
aml/pebp2/cbf_family_of_transcription_factor,0,1,0.0
three-dimensional_nuclear_magnetic_resonance_(3d-nmr)_spectroscopy,0,1,0.0
rar_alpha,0,1,0.0
dna_topoisomerase_ii_inhibitor,0,1,0.0
jurkat_line,0,1,0.0
reactive_oxygen_intermediate_release,0,1,0.0
nf-kappa_b-like_transcription_factor,0,1,0.0
particulate_fraction,0,1,0.0
aldh1,0,1,0.0
epstein-barr_virus-immortalized_lymphoblastoid_cell_line,0,1,0.0
c-raf-1,0,1,0.0
lung_disease,0,1,0.0
protein_production,0,1,0.0
truncated_hil-4r_alpha,0,1,0.0
murine_peritoneal_macrophage,0,1,0.0
b_cell_hybridoma_7td1,0,1,0.0
rna_polymerase_ii_repeat,0,1,0.0
fetal_hematopoietic_liver,0,1,0.0
inducible_nuclear_factor,0,1,0.0
macrophage-like_characteristic,0,1,0.0
cd28_up-regulation,0,1,0.0
type_5_adenovirus,0,1,0.0
jnk_activity,0,1,0.0
beta_2-microglobulin,0,1,0.0
differentiated_plasma_cell,0,1,0.0
chromogenic_assay,0,1,0.0
immunity,0,1,0.0
intestinal_mucosa,0,1,0.0
g-csf-stimulated_myeloid_colony_growth,0,1,0.0
erythroid-specific_aminolaevulinic_acid_synthase,0,1,0.0
kinase_c,0,1,0.0
anti-cd3_abs,0,1,0.0
5-lox,0,1,0.0
9-bp_motif,0,1,0.0
bhlh_family,0,1,0.0
developing_vessel,0,1,0.0
early_growth_response_gene-1,0,1,0.0
formylated_indolocarbazole,0,1,0.0
proto-oncogene_c-rel,0,1,0.0
mouse_macrophage_raw_264.7_cell,0,1,0.0
mammalian_homologue,0,1,0.0
flagellum,0,1,0.0
cooh-terminal_polypeptide,0,1,0.0
nf-il6,0,1,0.0
tat,0,1,0.0
nb4_promyelocyte,0,1,0.0
th1_development,0,1,0.0
spontaneous_tumorigenesis,0,1,0.0
exon_11,0,1,0.0
membrane-bound_enzyme,0,1,0.0
steroid_hormone_receptor_family,0,1,0.0
g_+_c_rich,0,1,0.0
novel_female_mz_twin_pair,0,1,0.0
chronic_myelogenous_leukaemia,0,1,0.0
lfa-i,0,1,0.0
retinoic_acid-induced_modulation,0,1,0.0
human_monocyte/neutrophil_elastase_inhibitor,0,1,0.0
sh2_domain_leukocyte_protein,0,1,0.0
nonresponder,0,1,0.0
human_t-cell_lymphotropic_virus_type_1_(htlv-1)_tax,0,1,0.0
ifn-alpha-treated_cell,0,1,0.0
desulfate_t3_sulfate,0,1,0.0
concomitant_downregulation,0,1,0.0
tcr_alpha_enhancer_complex,0,1,0.0
546-nucleotide_(nt)_open_reading_frame,0,1,0.0
immunological_variable,0,1,0.0
single_c-myb_binding_site,0,1,0.0
peripheral_leucocyte_genomic_dna,0,1,0.0
single-cell_reverse_transcriptase-polymerase_chain_reaction,0,1,0.0
ltb4_induced_adhesive_interaction,0,1,0.0
histone_h1,0,1,0.0
target_site,0,1,0.0
t_cell-b_cell_interaction,0,1,0.0
c-erba_function,0,1,0.0
fc_gamma_r_cross-linking,0,1,0.0
snrna_gene,0,1,0.0
regulatory_protein,0,1,0.0
syk-family_tyrosine_kinase,0,1,0.0
signaled_phosphorylation,0,1,0.0
microdissected_lesional_tissue,0,1,0.0
antigen-presenting_cell_type,0,1,0.0
"1,25(oh)2d3_receptor_rna",0,1,0.0
sequence-specific_hmg-box,0,1,0.0
human_immunodeficiency_virus-associated_hodgkin's_disease,0,1,0.0
duffy_antigen,0,1,0.0
anti-e-selectin_mab,0,1,0.0
inducible_regulator,0,1,0.0
female_embryonic_development,0,1,0.0
stat/dna_binding,0,1,0.0
tfiia_expression_vector,0,1,0.0
cyclin_a,0,1,0.0
ets_transcription_factor_family,0,1,0.0
maximal_activity,0,1,0.0
human_t_cell_leukemia_jurkat_cell,0,1,0.0
nuclear_factor_of_activated_t_cell,0,1,0.0
integrin_beta_1,0,1,0.0
endometrial_stroma,0,1,0.0
redox-regulated_enzyme,0,1,0.0
phase-1_adhesion,0,1,0.0
growth-related_activity-alpha,0,1,0.0
mlv,0,1,0.0
ig_gene_class,0,1,0.0
defective_gene,0,1,0.0
lytic_replication,0,1,0.0
sequential_deletion_mutant,0,1,0.0
in_situ_rt-pcr_detection,0,1,0.0
consensus_kappab_binding_motif,0,1,0.0
tpo,0,1,0.0
estrogen_receptor_positive_(er+:_mcf-7)_and_negative_(er-:_mda-mb-231)_human_breast_cancer_cell_line,0,1,0.0
htlv-i_enhancer,0,1,0.0
sb_203580,0,1,0.0
southern_blot_analysis,0,1,0.0
drosophila_sequence,0,1,0.0
lps_activation,0,1,0.0
il-3-dependent_pro-b_cell,0,1,0.0
mitogen-activated_protein_(map)_kinase/extracellular_signal-regulated_kinase_kinase_1,0,1,0.0
id-3,0,1,0.0
hiv-1-ltr-driven_transcription,0,1,0.0
immunoglobulin_light-chain_gene_rearrangement,0,1,0.0
interleukin_(il)-2_promoter,0,1,0.0
preleukemic_condition,0,1,0.0
-1168_to_-440,0,1,0.0
htlv-i_immortalized_tax-expressing_human_t-lymphocyte_line,0,1,0.0
coagulopathy,0,1,0.0
2-deoxyglucose,0,1,0.0
htlv-1_provirus,0,1,0.0
c/ebp_family_member,0,1,0.0
double-stranded_oligonucleotide_probe,0,1,0.0
structure-based_enhancement,0,1,0.0
t_cell-dependent_disease,0,1,0.0
inflammatory_cytokine,0,1,0.0
5'-atgcaaag-3',0,1,0.0
nh2_terminus,0,1,0.0
dimerization_domain,0,1,0.0
nfatp/ap-1_complex,0,1,0.0
bmrf1_promoter,0,1,0.0
ad5_e1a_dna,0,1,0.0
embryoid_body,0,1,0.0
lymphocyte-specific_protein,0,1,0.0
human_osteosarcoma_(saos-2)_cell,0,1,0.0
cell-type_distribution,0,1,0.0
tat-i_gene_product,0,1,0.0
malignant_cell_cytokine_production,0,1,0.0
anti-thrombotic_effect,0,1,0.0
soluble_surface_domain,0,1,0.0
restriction_fragment_length_polymorphism_(rflp)_analysis,0,1,0.0
cpp32,0,1,0.0
enhancer-like_characteristic,0,1,0.0
serca,0,1,0.0
cd28-mediated_signal_transduction,0,1,0.0
airway_cell,0,1,0.0
htlv-i-infected_leukemic_t-cell_line,0,1,0.0
epor,0,1,0.0
janus_tyrosine_kinase-3_(jak3)_phosphorylation,0,1,0.0
thyroid_state,0,1,0.0
vitamin_d_receptor_gene,0,1,0.0
type_i_human_t-cell_leukemia_virus,0,1,0.0
h2_receptor_desensitization,0,1,0.0
i_kappa_b_alpha-/-_mice,0,1,0.0
fetal_calf_serum-supplemented_(fcs+)_clonogenic_culture,0,1,0.0
viral_transcription,0,1,0.0
leukocyte_chemoattractant,0,1,0.0
dna-pk(cs)_mrna_level,0,1,0.0
kappa_b_motif-specific_dna-binding_activity,0,1,0.0
intracellular_signaling_molecule,0,1,0.0
gel-shift_assay,0,1,0.0
nf-kappab_inhibition,0,1,0.0
hiv-1_ltr-based_vector,0,1,0.0
cultured_monocyte,0,1,0.0
gp130-induced_activity,0,1,0.0
immunological_defect,0,1,0.0
c-jun_n-terminal_kinase_activation,0,1,0.0
15q21.1-21.2,0,1,0.0
e3-dependent_ubiquitinylation,0,1,0.0
inducible_transcriptional_activation,0,1,0.0
specific_monoclonal_antibody,0,1,0.0
th2_t_cell,0,1,0.0
fcgamma_receptor,0,1,0.0
anti-igm-induced_b-cell_apoptosis,0,1,0.0
hl-60_myeloid_leukemia_cell_line,0,1,0.0
saa_promoter_sequence,0,1,0.0
mouse_oct2,0,1,0.0
epo-independent_cell,0,1,0.0
gtpase,0,1,0.0
dna_methylation,0,1,0.0
latent_membrane_protein-1,0,1,0.0
lps-stimulated_translocation,0,1,0.0
hypotonic_cytosol,0,1,0.0
intracellular_event,0,1,0.0
unspliced_viral_gag-pol_mrna,0,1,0.0
nab,0,1,0.0
ets-1,0,1,0.0
"1alpha,25-dihydroxy-lumisterol3_(jn)_prime_nb4_cell",0,1,0.0
sedimentation,0,1,0.0
dominant_negative_mutant_mek1s218/222a,0,1,0.0
endosomal/lysosomal_system,0,1,0.0
paired_box_containing_gene,0,1,0.0
adp-activated_platelet,0,1,0.0
c/ebpalpha-/-_mouse,0,1,0.0
"4,19-disubstituted_derivatives",0,1,0.0
dopamine-induced_transcriptional_activation,0,1,0.0
adult_pattern,0,1,0.0
protein_tyrosine_phosphatase_(ptpase)_inhibitor,0,1,0.0
cd+8_t-cell_numbers,0,1,0.0
locus_control_region,0,1,0.0
cd4(+)_t-cell_activation,0,1,0.0
b7_and_lfa-3_costimulation,0,1,0.0
flow_cytometry,0,1,0.0
intracrine_mechanism,0,1,0.0
primary_b_cell_transformation_assay,0,1,0.0
bacterial_cell_wall,0,1,0.0
carboxyl-terminal_181_amino_acids,0,1,0.0
anti-lps_ab,0,1,0.0
c-fos-positive_lymphocyte,0,1,0.0
nuclear_factor_kappa_b/rel,0,1,0.0
soot_particle_fr_101,0,1,0.0
peroxisome-proliferator_activated_receptor_gamma,0,1,0.0
ba-induced_overexpression,0,1,0.0
dmso-induced_differentiation,0,1,0.0
glucocorticoid_receptor_level,0,1,0.0
epstein-barr_virus_latent_membrane_protein_1,0,1,0.0
"mr_28,000_protein",0,1,0.0
il-1_receptor_antagonist,0,1,0.0
diethyl_maleate,0,1,0.0
diverged_homeodomain,0,1,0.0
adenovirus_e2_promoter,0,1,0.0
interleukin-2_receptor_(il-2r)_alpha_chain_promoter,0,1,0.0
fibroblastic_tumor,0,1,0.0
elderly_individual,0,1,0.0
transfected_human_colonic_carcinoma_cell_line_ht29,0,1,0.0
tumour_suppressor_p53,0,1,0.0
individual_viable_cell,0,1,0.0
immunologic_(type_ii)_nitric_oxide_synthase,0,1,0.0
transcription_analysis,0,1,0.0
malignant_progression,0,1,0.0
oct-2a,0,1,0.0
mibp1,0,1,0.0
nonstatic_assay,0,1,0.0
graft_rejection,0,1,0.0
m_phi,0,1,0.0
triiodothyronine,0,1,0.0
mar-bp1_binding,0,1,0.0
sds-polyacrylamide_gel_electrophoresis_gel,0,1,0.0
40-kda_polypeptide,0,1,0.0
g1_cell_cycle_progression,0,1,0.0
icam-1_steady-state_mrna,0,1,0.0
in_vitro_transcription_assay,0,1,0.0
induced_promoter_activity,0,1,0.0
intragenic_deletion,0,1,0.0
genuine_octamer-binding_site,0,1,0.0
growth-related_metabolism,0,1,0.0
b10_mouse,0,1,0.0
human_b_cell_line,0,1,0.0
clinical_stage_i-ii_patient,0,1,0.0
surface_immunoglobulin_m,0,1,0.0
dr_enhancer,0,1,0.0
altered_peptide,0,1,0.0
pma-treated_cell,0,1,0.0
human_leukemic_k562_cell,0,1,0.0
hhv-8+/ebv-_pel,0,1,0.0
isolated_human_peripheral_blood_lymphocyte,0,1,0.0
t_cell_receptor_cross-linking,0,1,0.0
site_iv,0,1,0.0
drosophila_schneider_cell,0,1,0.0
nf-at_expression_vector,0,1,0.0
u937_promonocytic_cell,0,1,0.0
y;15_translocation,0,1,0.0
ru-486,0,1,0.0
t._pallidum,0,1,0.0
hemo-lymphoid_progenitors,0,1,0.0
helix-loop-helix_proteins,0,1,0.0
specific_dna-binding_activity,0,1,0.0
inflammatory_vasculopathy,0,1,0.0
il-13-treated_human_peripheral_monocyte_nuclear_extract,0,1,0.0
tn,0,1,0.0
dep,0,1,0.0
lps-induced_kappab-dependent_transcription,0,1,0.0
oka_stimulation,0,1,0.0
clonogenicity,0,1,0.0
endotoxic_shock,0,1,0.0
radical_scavenger,0,1,0.0
pituitary_transcription_factor,0,1,0.0
molecular_target,0,1,0.0
tcr_gamma/delta+_t_lymphocyte,0,1,0.0
ifn-mediated_cytoprotection,0,1,0.0
anti-inflammatory_cytokine,0,1,0.0
gc_receptor,0,1,0.0
hrbc,0,1,0.0
ems_analysis,0,1,0.0
rap30,0,1,0.0
ebna_2,0,1,0.0
x;autosome_translocation,0,1,0.0
ht29,0,1,0.0
killer_cell-induced_lysis,0,1,0.0
are-containing_gene,0,1,0.0
acute_promyelocytic_leukaemia,0,1,0.0
oxidized_low_density_lipoprotein,0,1,0.0
ex_vivo,0,1,0.0
benzene,0,1,0.0
nitric_oxide_synthase-mrna_level,0,1,0.0
hiv-1_gene_expression,0,1,0.0
cd38_antigen,0,1,0.0
pkc-independent_mechanism,0,1,0.0
cell_adhesion_molecule,0,1,0.0
pluripotent_activator_of_inflammation,0,1,0.0
tsc2_gene,0,1,0.0
dor1_ligation,0,1,0.0
harbor_promoter_element,0,1,0.0
venous_blood_lactate_concentration,0,1,0.0
r-responsive_enhancer_region,0,1,0.0
cell_line_nk3.3,0,1,0.0
high-affinity_dehydroepiandrosterone,0,1,0.0
atherosclerotic_event,0,1,0.0
resting_t_lymphocyte,0,1,0.0
inhibitory_factor,0,1,0.0
inducer,0,1,0.0
iga_production,0,1,0.0
nf-at_cdna,0,1,0.0
cem,0,1,0.0
allergic_inflammation,0,1,0.0
promoter-chloramphenicol_acetyltransferase_reporter_construct,0,1,0.0
nf-at_protein_expression,0,1,0.0
sf_suppression,0,1,0.0
erythroid_pathway,0,1,0.0
porcine_mhc_class_ii_expression,0,1,0.0
gata3_gene,0,1,0.0
ppargamma_activator,0,1,0.0
lmp1_expression,0,1,0.0
kit225,0,1,0.0
human_leukocyte_antigen,0,1,0.0
ards,0,1,0.0
homodimerizing_cytokine_receptor,0,1,0.0
rcc_patient,0,1,0.0
gamma/delta_t_cell_receptor_positive_cell,0,1,0.0
t-cell_receptor_activation,0,1,0.0
primary_human_blood_mononuclear_cell,0,1,0.0
endogenous_protein,0,1,0.0
in_vitro_transcription,0,1,0.0
gata-1_binding_activity,0,1,0.0
b_cell_octamer-binding_protein_1/octamer-binding_factor_1/oct_coactivator,0,1,0.0
germline_transcriptional_activation,0,1,0.0
mononuclear_leucocyte,0,1,0.0
php,0,1,0.0
rrkykqii,0,1,0.0
life-long_infection,0,1,0.0
human_immuno-deficiency_virus,0,1,0.0
tcr-signal_transduction,0,1,0.0
gc-receptor_(gc-r)_parameter,0,1,0.0
pilot,0,1,0.0
normal_kidney_tissue,0,1,0.0
myb:maf_status,0,1,0.0
peripheral_blood_polymorphonuclear_cell,0,1,0.0
thr_beta-ppar,0,1,0.0
primate_lentivirus,0,1,0.0
gata-1_transcription,0,1,0.0
g-rich_switch_region,0,1,0.0
c3_receptor-mediated_nuclear_translocation,0,1,0.0
lymph_node,0,1,0.0
ed50_value,0,1,0.0
hpr_cdna_region-specific_probe,0,1,0.0
ca._bp_-850,0,1,0.0
nf-kappab_activation,0,1,0.0
cd3+,0,1,0.0
hiv_enhancer-dependent_transcription,0,1,0.0
rar_gamma_mrna,0,1,0.0
testosterone,0,1,0.0
p50/p65_dimer,0,1,0.0
p39c-jun_ap-1_activity,0,1,0.0
mouse_granulocyte/macrophage_colony-stimulating_factor,0,1,0.0
chronic_bronchitis,0,1,0.0
hla-b27,0,1,0.0
t3so4,0,1,0.0
gene_fusion,0,1,0.0
t-cell_gene,0,1,0.0
human_glial_astrocyte,0,1,0.0
three-layer_percoll_density_gradient,0,1,0.0
renal_dysplasia,0,1,0.0
cold_and_heat_syndrome,0,1,0.0
nf-kappa_b_element,0,1,0.0
novel_t_lymphocyte_protein,0,1,0.0
glucocorticoid_receptor/progesterone_receptor_(pr)_binding,0,1,0.0
tal-1_chromatin_structure,0,1,0.0
deamidated_peptide,0,1,0.0
anti-i_kappa_b-alpha_antibody,0,1,0.0
arthritis_patient,0,1,0.0
nf-kappab_action,0,1,0.0
293,0,1,0.0
nf-kappa_b/rel_factor,0,1,0.0
rna_display,0,1,0.0
base_pairs_-1_to_-275,0,1,0.0
ig/tcr_gene_rearrangement,0,1,0.0
interleukin_6_(il-6)_receptor,0,1,0.0
bcl-6(-)/syn-1(+)_phenotype,0,1,0.0
interacting_element,0,1,0.0
tumor_necrosis_factor_receptor_expression,0,1,0.0
syncytia-forming_capacity,0,1,0.0
dn,0,1,0.0
neoplasia,0,1,0.0
(2-amino-3'-methoxyphenyl)oxanaphthalen-4-one,0,1,0.0
homodimerization,0,1,0.0
peroxisome_proliferator-activated_receptor_gamma,0,1,0.0
epo-inducible_tal1_dna_binding_activity,0,1,0.0
"nuclear,_deoxyribonucleic_acid_(dna)_binding_protein",0,1,0.0
eber-1_loci,0,1,0.0
precursor_cell,0,1,0.0
il-2_receptor_alpha-chain,0,1,0.0
b_cell_development,0,1,0.0
hb24,0,1,0.0
one-site_kinetics,0,1,0.0
dna-protein_kinase,0,1,0.0
purified_native_b.,0,1,0.0
partially_purified_protein,0,1,0.0
ap-1-mediated_transcriptional_activation,0,1,0.0
rar_gamma-specific_ligand,0,1,0.0
peripheral_blood_t_lymphocyte,0,1,0.0
mitogen-activated_protein_(map)_kinase,0,1,0.0
accessory_receptor,0,1,0.0
homeotic_gene_expression,0,1,0.0
extract,0,1,0.0
leucine_charged_domain,0,1,0.0
cd95_(fas)_ligand_expression,0,1,0.0
differential_activation_property,0,1,0.0
myelopoiesis,0,1,0.0
ige_germline_promoter,0,1,0.0
gel,0,1,0.0
sp-1-like_element,0,1,0.0
ptpase_inhibitor,0,1,0.0
bls,0,1,0.0
delayed_kinetics,0,1,0.0
consensus_nf-kappa_b_site,0,1,0.0
single_cell_level,0,1,0.0
reduced_fecal_loss,0,1,0.0
beas-2b,0,1,0.0
native_mr_form,0,1,0.0
sp1-box,0,1,0.0
cortisol-dependent_ba_patient,0,1,0.0
gp130_cytoplasmic_tail,0,1,0.0
immunologic_function,0,1,0.0
topoisomerase_ii_inhibitor,0,1,0.0
anti-estrogen_concentration,0,1,0.0
zn2+,0,1,0.0
anti-cd28_antibody,0,1,0.0
(ca2+)i,0,1,0.0
gene_induction,0,1,0.0
massive_amplification,0,1,0.0
ino_synthase,0,1,0.0
monocyte_stimulus_lipopolysaccharide,0,1,0.0
p130_phosphorylated_form_3,0,1,0.0
b-cell-specific_eb1-responsive_element,0,1,0.0
5'-(n-ethyl)-carboxamido_adenosine,0,1,0.0
gram-positive_bacteria,0,1,0.0
mn-sod_rna_protein_level,0,1,0.0
kinase_inhibitor_h-89,0,1,0.0
transcription_site,0,1,0.0
v3_loop,0,1,0.0
endothelium,0,1,0.0
cd4_epitope,0,1,0.0
human_t_lymphoid_jurkat_cell,0,1,0.0
activation-inducible_protein,0,1,0.0
aldosterone_antagonist_canrenone,0,1,0.0
protein_phosphatase_inhibitor,0,1,0.0
sapk,0,1,0.0
ar_protein,0,1,0.0
estrogen_receptor_content,0,1,0.0
-153_to_-145,0,1,0.0
calcium-independent_anti-cd28_ab,0,1,0.0
human_blood_platelet,0,1,0.0
proteasome-mediated_degradation,0,1,0.0
alpha_4_integrin_gene_promoter,0,1,0.0
cytometry,1,0,0.0
somatic_cell_hybridization_approach,0,1,0.0
"15-deoxy-delta12,14-prostaglandin_j2",0,1,0.0
h582,0,1,0.0
gp39-cd8_fusion_protein,0,1,0.0
cytokine_message_induction,0,1,0.0
plasmacytoma_x_fibroblast_environment,0,1,0.0
erythroid_gene,0,1,0.0
pervanadate,0,1,0.0
cerulein,0,1,0.0
cd11a/cd18,0,1,0.0
fev1_value,0,1,0.0
kappa_b-specific_dna-binding_activity,0,1,0.0
ubiquitination,0,1,0.0
alpha_isoform,0,1,0.0
hla-dr_molecule,0,1,0.0
inv(14)(q11;q32)_chromosome_inversion,0,1,0.0
afr,0,1,0.0
nuclear_run-on_transcription_assay,0,1,0.0
human_immunodeficiency_virus-1,0,1,0.0
chronic_renal_failure,0,1,0.0
socs-1_gene,0,1,0.0
abnormal_biomarker,0,1,0.0
heterologous_herpes_thymidine_kinase_(tk)_promoter,0,1,0.0
-75_to_-66,0,1,0.0
alternative_polyadenylylation_site,0,1,0.0
human_t-cell_leukemia_virus_i_transactivating_protein,0,1,0.0
androgen_insensitivity_syndrome,0,1,0.0
nuclear_component,0,1,0.0
uninduced_cell,0,1,0.0
i(kappa)b(alpha),0,1,0.0
adhesion_molecule-mediated_interaction,0,1,0.0
tnf_alpha-induced_nf-kappa_b_activation,0,1,0.0
inflammatory_synovial_fluid,0,1,0.0
cholesterol,0,1,0.0
messenger_rna_production,0,1,0.0
tnf-treated_human_umbilical_vein_endothelial_cell,0,1,0.0
nf-kappab_transcription,0,1,0.0
fetal_progenitor,0,1,0.0
exogenous_il-2_growth_factor,0,1,0.0
human_tissue_sample,0,1,0.0
class_iii_snrna_gene,0,1,0.0
iodine,0,1,0.0
adenomatous_polyposis_coli_(apc)_protein-binding_eb1_gene_family,0,1,0.0
lt_promoter,0,1,0.0
ap-1_dna_binding,0,1,0.0
tcr_gene,0,1,0.0
e1_oligonucleotide,0,1,0.0
human_immunodeficiency_virus_type_1_(hiv-1)_genome,0,1,0.0
myeloid_stem_cell_disorder,0,1,0.0
human_immunodeficiency_virus_type_2,0,1,0.0
t_cell_functional_response,0,1,0.0
cultured_h-rs_cell,0,1,0.0
negative_glucocorticoid_response_element,0,1,0.0
de_novo_inactivation,0,1,0.0
nf-kappa_b-activating_cytokine,0,1,0.0
target_cell_hla-dr_expression,0,1,0.0
cyclic_amp_signaling_pathway,0,1,0.0
human_t_lymphocyte,0,1,0.0
gene_movement,0,1,0.0
jurkat_t-leukemia_cell,0,1,0.0
acidic_activator,0,1,0.0
tf_antigen_expression,0,1,0.0
thymic_cortex,0,1,0.0
pu.1-binding_site,0,1,0.0
ecto-5'-nucleotidase_(low_k(m)_5'-nt)_gene,0,1,0.0
k562_erythroblast,0,1,0.0
positive_transcriptional_activator,0,1,0.0
nip,0,1,0.0
tpa-treated_u-937_cell,0,1,0.0
14-kd_protein,0,1,0.0
au-dd,0,1,0.0
transcription_efficiency,0,1,0.0
acute_promyelocytic_leukemia_cell,0,1,0.0
e._histolytica_infection,0,1,0.0
i_kappa_b_inhibitor,0,1,0.0
il-7r_alpha,0,1,0.0
post-germinal_center_b_cell,0,1,0.0
2.2_kilobase,0,1,0.0
term_cord_blood,0,1,0.0
transcriptional_factor,0,1,0.0
anti-cd3_induced_peripheral_blood_t_cell_activation,0,1,0.0
tosyl-phechloromethylketone,0,1,0.0
regulatory_module,0,1,0.0
interferon-induced_transcription_factor_complex,0,1,0.0
ghf-1/pit-1_binding_site,0,1,0.0
human_t_cell_leukemia_virus-i,0,1,0.0
quantitative_sba,0,1,0.0
intracellular_calcium,0,1,0.0
uncharacterized_transcription_factor,0,1,0.0
mononuclear_leukocyte,0,1,0.0
vp16_433-442,0,1,0.0
sh2_domain-containing_tyrosine_phosphatase,0,1,0.0
hiv-1_tat_inhibitor,0,1,0.0
sea_urchin_protein,0,1,0.0
x_allele,0,1,0.0
hs-40_enhancer-mediated_activity,0,1,0.0
composite_element,0,1,0.0
pebp2betamyh11,0,1,0.0
ap-1-regulated_gene,0,1,0.0
simultaneous_early_expression,0,1,0.0
glucocorticoid_target_tissue,0,1,0.0
g-csf-r/il-7r_alpha,0,1,0.0
large_granular_lymphocyte,0,1,0.0
c/ebpbeta_and_gata-1_negative_jurkat_t-cell_line,0,1,0.0
t_lymphocyte_protein,0,1,0.0
cytotoxic_activity,0,1,0.0
immediate-early_viral_transactivator,0,1,0.0
burkitt's_lymphoma_cell_line,0,1,0.0
switch_region_binding_protein,0,1,0.0
th2_lymphocyte-mediated_effect,0,1,0.0
therapeutic_modality,0,1,0.0
terminal_b-cell_differentiation,0,1,0.0
ltr_sequence,0,1,0.0
ebv_dna,0,1,0.0
renal_cell_carcinoma-derived_ganglioside,0,1,0.0
dual-target_fluorescence_in-situ_hybridization,0,1,0.0
transcriptional_stimulation,0,1,0.0
fibric_acid,0,1,0.0
normal_prickle_cell,0,1,0.0
v-erba-mediated_differentiation_arrest,0,1,0.0
formyl-met-leu-phe,0,1,0.0
cd70_transfectant,0,1,0.0
zn_sod,0,1,0.0
lymphoid_lineage,0,1,0.0
rakfkqllq-specific_ctl_precursor_frequency,0,1,0.0
co-receptor_molecule,0,1,0.0
transformed_b_cell,0,1,0.0
reverse-transcriptase_polymerase_chain_reaction,0,1,0.0
phosphotyrosine-containing_peptide,0,1,0.0
syk-deficient_dt-40_b_cell,0,1,0.0
glutathione,0,1,0.0
multiple_regulatory_element,0,1,0.0
immunoglobulin_heavy-chain,0,1,0.0
class_ii-specific_transcription_factor,0,1,0.0
low_body_mass,0,1,0.0
fura-2-loaded_t_cell,0,1,0.0
dehydratase,0,1,0.0
creb_binding,0,1,0.0
human_pax-5_gene,0,1,0.0
vzv-susceptible_donor,0,1,0.0
ivs1-10tc_abnormally,0,1,0.0
1.8_kb_promoter,0,1,0.0
pbsct,0,1,0.0
protein_kinase_c-mediated_signal_transduction,0,1,0.0
il-15r,0,1,0.0
nf-at_sequence,0,1,0.0
ncl_lymphocyte,0,1,0.0
antigen-specific_t_cell_stimulation,0,1,0.0
myeloid-associated_growth_factor_receptor,0,1,0.0
rapid_ca2+-mediated_activation,0,1,0.0
tnfr,0,1,0.0
il-12-dependent_transactivation,0,1,0.0
fc_gamma_rii-mediated_antigen_presentation,0,1,0.0
nfat_delta418,0,1,0.0
stat1_signaling,0,1,0.0
endogenous_5-lipoxygenase_activity,0,1,0.0
irak2,0,1,0.0
inducible_expression,0,1,0.0
mycobacterial_cell_wall_component_mannose-capped_lipoarabinomannan_(manlam),0,1,0.0
bat_box_binding_protein,0,1,0.0
thymic_locus_control_region,0,1,0.0
human_primary_haemopoietic_cell,0,1,0.0
cd2_plus_cd28_adhesion_molecule,0,1,0.0
ligand-activated_transcription_factor,0,1,0.0
150_bp_promoter,0,1,0.0
rex_production,0,1,0.0
cd3-mediated_activation,0,1,0.0
pld_stimulation,0,1,0.0
germline_epsilon_transcript,0,1,0.0
b104_cell_growth,0,1,0.0
intercellular_adhesion_molecule_1,0,1,0.0
amelioration,0,1,0.0
reverse_transcriptase_polymerase_chain_reaction,0,1,0.0
adenovirus_e1b_promoter-luciferase_gene,0,1,0.0
novel_e2f_complex,0,1,0.0
acute_phase,0,1,0.0
skip,0,1,0.0
ciita_inducibility,0,1,0.0
gata-1-induced_erythroid_cell_survival,0,1,0.0
nuclear_receptor_superfamily,0,1,0.0
igf2,0,1,0.0
e3_construct,0,1,0.0
t-cell_receptor-cd3_complex,0,1,0.0
cryptic_promoter,0,1,0.0
immunoglobulin_heavy_chain_constant_region,0,1,0.0
transcriptional_enhancement,0,1,0.0
germinal_center_(gc)_formation,0,1,0.0
orip,0,1,0.0
il-4-induced_germline_cepsilon_transcription,0,1,0.0
cytoplasmic_membrane,0,1,0.0
"nonproliferating,_terminally_differentiated_neutrophil",0,1,0.0
transcriptionally_inactive_allele,0,1,0.0
activated_p21ras,0,1,0.0
gata-1.05_mutant_hematopoietic_progenitor_cell,0,1,0.0
vascular_occlusion,0,1,0.0
transmembrane_segment,0,1,0.0
sequence_alteration,0,1,0.0
oral_prednisone,0,1,0.0
ribosomal_protein_gene_promoter,0,1,0.0
greatly_shifted_complex,0,1,0.0
deletion_analysis,0,1,0.0
cis_element,0,1,0.0
major_histocompatibility_complex,0,1,0.0
compound_r24571,0,1,0.0
pertussis-toxin-sensitive_gi/go_protein,0,1,0.0
oestrogen_(er)_and_progesterone_receptor,0,1,0.0
retinoid-induced_differentiation_program,0,1,0.0
organ_failure,0,1,0.0
down's_syndrome,0,1,0.0
uninfected_t-cell_line,0,1,0.0
g-csf-r,0,1,0.0
p107,0,1,0.0
epidermal_neoplasm,0,1,0.0
t3_nuclear_receptor,0,1,0.0
molt-4_cell,0,1,0.0
membrane_receptor_expression,0,1,0.0
c-raf_kinase,0,1,0.0
adherent_human_igg,0,1,0.0
cooh-terminal_region,0,1,0.0
all-trans_retinoic_acid,0,1,0.0
492/493,0,1,0.0
cysteamine_treatment,0,1,0.0
c-fms_gene,0,1,0.0
mouse_bone_marrow_cell,0,1,0.0
transcription_activating_subunit,0,1,0.0
gata/er_chimeric_factor,0,1,0.0
epstein-barr_virus_(ebv)_genome,0,1,0.0
chimeric_receptor_system,0,1,0.0
janus_kinase_1,0,1,0.0
nf-kappa_b-dna_interaction,0,1,0.0
nf-at/ap-1-binding_promoter_element,0,1,0.0
nuclear_factor_of_activated_t_cells_(nfat)_element,0,1,0.0
gata_consensus_site,0,1,0.0
spleen_focus-forming_virus-induced_murine_erythroleukemia,0,1,0.0
e2f_binding,0,1,0.0
exon_36,0,1,0.0
follicle,0,1,0.0
virus-exposed_t_cell,0,1,0.0
wild-type_strain,0,1,0.0
il-5_gene_expression,0,1,0.0
ets_motif,0,1,0.0
tax_activation,0,1,0.0
lps-induced_nuclear_factor-kappab,0,1,0.0
lone_c/ebp_motif,0,1,0.0
4-trifluoromethyl_salicylate_derivative,0,1,0.0
epithelial_cell-initiated_inflammation,0,1,0.0
lmp1_mrna,0,1,0.0
cell-specific_background,0,1,0.0
il-4-activated_transcription_factor_signal_transducer_and_activator_of_transcription_6,0,1,0.0
endothelial_cell_gssg/gsh,0,1,0.0
hl60r,0,1,0.0
il-6_stimulation,0,1,0.0
mzf-1,0,1,0.0
consensus_gas_motif,0,1,0.0
nervous_system-derived_(n-oct)_protein,0,1,0.0
hmg_motif,0,1,0.0
extracellular_signal-regulated_kinase_(erk)_1,0,1,0.0
wild-type_ebv,0,1,0.0
infectious_mononucleosis_patient,0,1,0.0
mpl_receptor_binding,0,1,0.0
serine/threonine_kinase,0,1,0.0
stat-1_alpha,0,1,0.0
methyl_tertiary-butyl_ether,0,1,0.0
tumor_necrosis_factor-alpha-induced_nf-kappa_b1_transcription,0,1,0.0
mammary_reduction_test_material,0,1,0.0
cell_death_specification_protein,0,1,0.0
oct-1_pou_domain,0,1,0.0
immunoglobulin_gene,0,1,0.0
atf-2/jun,0,1,0.0
macaque,0,1,0.0
nf-kappa_b_signal_transduction,0,1,0.0
c-terminal_half,0,1,0.0
rex,0,1,0.0
chemotactic_migration_rate,0,1,0.0
mutant_virus,0,1,0.0
acute_episode,0,1,0.0
in_vitro_acetylation,0,1,0.0
philadelphia_chromosome_positive_chronic_myelogenous_leukemia,0,1,0.0
lyn_gene_expression,0,1,0.0
zebra_activation_region,0,1,0.0
cdna_encoding_murine_(m)_nfatc,0,1,0.0
antagonistic_activity,0,1,0.0
complex_regulatory_protein_network,0,1,0.0
plaque_rupture,0,1,0.0
methylation-free_island,0,1,0.0
polymorphonuclear_leukocyte_adhesion,0,1,0.0
adjacent_promoter_proximal_ap-1-binding_site,0,1,0.0
mt-i,0,1,0.0
man,0,1,0.0
osteoblast,0,1,0.0
her-2/neu_activation,0,1,0.0
alpha-globin_locus_enhancer,0,1,0.0
tissue_transglutaminase-dependent_posttranslational_modification,0,1,0.0
e2f-1_activity,0,1,0.0
cyclosporine_resistant,0,1,0.0
nf(p),0,1,0.0
ie_gene,0,1,0.0
mother,0,1,0.0
position_727,0,1,0.0
body_fat,0,1,0.0
synthetic_peptide_substrate,0,1,0.0
gut,0,1,0.0
specifically_bound_peptide,0,1,0.0
immediate-early_activation_genes_family,0,1,0.0
stat1alpha-responsive_gene,0,1,0.0
cd8+_t-cell_subpopulation,0,1,0.0
invariant_chain,0,1,0.0
malignant_lymphocytic_cell,0,1,0.0
vzv_ie62_protein,0,1,0.0
tcr-mediated_binding,0,1,0.0
vaccine,0,1,0.0
cdna_end,0,1,0.0
adult_mouse_thymus,0,1,0.0
vimentin_expression,0,1,0.0
cd28re/ap-1-specific_complex,0,1,0.0
brlf1/bzlf1_coding_region,0,1,0.0
platelet_production,0,1,0.0
signal_transmission,0,1,0.0
immunoglobulin_kappa_(ggaaagtccc)_enhancers,0,1,0.0
nfat-driven_minimal_promoter,0,1,0.0
myb-like_dna_binding_domain,0,1,0.0
leucine_zipper-like_domain,0,1,0.0
multimerized_copy,0,1,0.0
103-amino-acid_basic_protein,0,1,0.0
medium,0,1,0.0
nuclear_kinase,0,1,0.0
egta,0,1,0.0
cd34+_hpc,0,1,0.0
estrogen-mediated_activation,0,1,0.0
gamma_interferon,0,1,0.0
reporter_gene_experiment,0,1,0.0
hormone_therapy,0,1,0.0
alpha-interferon,0,1,0.0
nf-kappa_b1_(p50)_subunit,0,1,0.0
endocrine_gland,0,1,0.0
ltr_activation,0,1,0.0
e2f-1_binding_protein,0,1,0.0
lps-treated_endothelial_cell,0,1,0.0
th2_cytokine_gene_expression,0,1,0.0
ifn-gamma_gene,0,1,0.0
human_hla-dq_heterodimer,0,1,0.0
nf_kappab_activity,0,1,0.0
il-3_gene,0,1,0.0
fitc-dextran,0,1,0.0
interleukin-4_stat,0,1,0.0
human_tnf-alpha_promoter,0,1,0.0
sp1_phosphorylation,0,1,0.0
igg_fc_receptor_type_i,0,1,0.0
nsaid,0,1,0.0
nuclear_subunit,0,1,0.0
ifn-alpha-stimulated_gene,0,1,0.0
clone_13_nuclear_extract,0,1,0.0
cd40-ig,0,1,0.0
predicted_peptide_sequence,0,1,0.0
regulatory_mechanism,0,1,0.0
hepatic_microsome,0,1,0.0
mhc_class_ii_mrna,0,1,0.0
c-erba/tr-alpha,0,1,0.0
epstein-barr_virus-mediated_oncogenesis,0,1,0.0
pro-monocytic_cell_line,0,1,0.0
t_cell_repertoire,0,1,0.0
nuclear_factor_kappa_b_(nf-kappa_b;_heterodimer_of_p50_and_p65)_protein,0,1,0.0
chloramphenicol_acetyltransferase_reporter_plasmid,0,1,0.0
hemopoietin,0,1,0.0
sarcoidosis_patient,0,1,0.0
essential_gene,0,1,0.0
methotrexate,0,1,0.0
in_vivo_protein-dna_contact,0,1,0.0
yeast,0,1,0.0
selenium-deprived_jurkat,0,1,0.0
tissue-specific_transcription_factor,0,1,0.0
zebra's_wild_type_domain,0,1,0.0
cultured_human_dermal_fibroblast,0,1,0.0
ggaaaa,0,1,0.0
il-11_mrna,0,1,0.0
g._vaginalis_lysate,0,1,0.0
af-10,0,1,0.0
np-tcii,0,1,0.0
corticosteroid_treatment,0,1,0.0
nonlymphoid_tissue,0,1,0.0
transcription_start_site,0,1,0.0
death_receptor_3,0,1,0.0
promoter_methylation,0,1,0.0
nh2-terminal_truncation_mutant,0,1,0.0
proteolytic_activation,0,1,0.0
-163_to_-172,0,1,0.0
atypical_pkc-zeta_isoform,0,1,0.0
carboxy-terminal_dimerization_region,0,1,0.0
stat4_inducible_protein,0,1,0.0
oestrogen_receptor,0,1,0.0
cyclosporine_a,0,1,0.0
mutation_analysis,0,1,0.0
neutrophil_apoptosis,0,1,0.0
ligand-induced_activation_event,0,1,0.0
okt8+_t_cell,0,1,0.0
clinically_sensitive_chronic_myelogenous_leukemia_patient,0,1,0.0
hydrogen_peroxide,0,1,0.0
ch_gene,0,1,0.0
inducible_early_growth_response_protein,0,1,0.0
united_states,0,1,0.0
ifn-regulated_gene,0,1,0.0
deletion_mutation,0,1,0.0
hirudin,0,1,0.0
4-acetoxy_derivative,0,1,0.0
t-cell_expression,0,1,0.0
germline_cepsilon_transcription,0,1,0.0
sds-stable_class_ii_alphabeta_dimer,0,1,0.0
intracellular_glutathione,0,1,0.0
vaccine_design,0,1,0.0
cos-1,0,1,0.0
hmg,0,1,0.0
octamer_complex,0,1,0.0
anergic_t_cell,0,1,0.0
ciita_overexpression,0,1,0.0
human_tfiid_polypeptide,0,1,0.0
transgenic_animal,0,1,0.0
b_lymphocyte_cell_line,0,1,0.0
acute_megakaryoblastic_leukemia,0,1,0.0
self-reactive_t_cell,0,1,0.0
i_kappa_b_alpha_subunit_expression,0,1,0.0
cepsilon_gene_transcription,0,1,0.0
peptide_g75,0,1,0.0
human_interleukin_9_(il-9)_gene,0,1,0.0
grb2-related_protein_of_the_lymphoid_system,0,1,0.0
e2f_family,0,1,0.0
polymerase_chain_reaction-based_method,0,1,0.0
e6,0,1,0.0
isoleucine-mutated_tes2,0,1,0.0
ca(2+)-dependent_factor,0,1,0.0
steroid_hormone-resistant_state,0,1,0.0
ifn-gamma-induced_binding_activity,0,1,0.0
ibr/f_binding_sites,0,1,0.0
h3-antagonist,0,1,0.0
smooth_muscle_myosin_heavy_chain,0,1,0.0
malignant_mammary_tumor,0,1,0.0
major_protein-binding_site,0,1,0.0
synaptic_transmission,0,1,0.0
mhc_class_ii_expression,0,1,0.0
ets_family,0,1,0.0
il-4_promoter_construct,0,1,0.0
organ_infiltration,0,1,0.0
human_monoamine_oxidase_b_gene,0,1,0.0
balanced_viral_load,0,1,0.0
herpesviral_protein,0,1,0.0
carboxyterminal_region,0,1,0.0
8,0,1,2.0
haplotype_analysis,0,1,0.0
orally_administered_prednisone,0,1,0.0
delta_spi-b,0,1,0.0
stat2,0,1,0.0
human_gm-csf_tata_box,0,1,0.0
curry_pigment,0,1,0.0
fast-green/neutral-red,0,1,0.0
calcium_influx,0,1,0.0
tnf_alpha_gene_induction,0,1,0.0
alpha-helical_segments,0,1,0.0
arginine_residue,0,1,0.0
peripheral_blood_mononuclear_leucocyte,0,1,0.0
acquired_immunodeficiency_syndrome_therapy,0,1,0.0
herpesvirus_papio,0,1,0.0
rars,0,1,0.0
tax_mutant,0,1,0.0
ebv-immortalised_b-cell,0,1,0.0
cell_cycle_control_kinase_cdc2,0,1,0.0
u1_cellular_clone,0,1,0.0
intravenous_glucocorticoid,0,1,0.0
ebna-2_transcript,0,1,0.0
nf-kappa_b-independent_hiv_promoter,0,1,0.0
arginine-glycine-aspartate_(rgd)-coated_substrata,0,1,0.0
higher_eukaryote,0,1,0.0
mouse_embryo,0,1,0.0
human_intestinal_epithelial_cell,0,1,0.0
i_kappa_b_epsilon,0,1,0.0
human_androgen_receptor_gene_(humara)_assay,0,1,0.0
jak2_kinase,0,1,0.0
pml_locus,0,1,0.0
chronic_hepatitis_c,0,1,0.0
trypsin_digestion,0,1,0.0
ag_receptor_cross-linking,0,1,0.0
normal_tcrzeta_level,0,1,0.0
body_burden,0,1,0.0
pax-5b,0,1,0.0
c-fos_gene,0,1,0.0
tr_beta_1,0,1,0.0
inhibitor_of_nf-kappa_b,0,1,0.0
nf-kappab_transcriptional_factor,0,1,0.0
mutant_cell,0,1,0.0
rapid_calcineurin-dependent_translocation,0,1,0.0
p90(rsk),0,1,0.0
lmo2,0,1,0.0
zebrafish_pax-b,0,1,0.0
receptor-ligand_interactions,0,1,0.0
lps-binding_protein,0,1,0.0
human_thp-1_monocytic_leukemia_cell,0,1,0.0
mammalian_transcription_factor,0,1,0.0
7_residue,0,1,0.0
two-color_immunohistochemistry,0,1,0.0
serum_androgen,0,1,0.0
er-negative_breast_cancer_cell_line,0,1,0.0
ra-dependent_differentiation,0,1,0.0
rat_macrophage,0,1,0.0
vd,0,1,0.0
aml_protein,0,1,0.0
chronic_phase,0,1,0.0
"ifn_primed,_cycloheximide/polyinosinic-polycytidylic_acid_treated_hela_s3_cell",0,1,0.0
inhibitory_concentration,0,1,0.0
traf_signaling,0,1,0.0
nf-m,0,1,0.0
t_helper_lymphocyte,0,1,0.0
anti-hla_class_i_monoclonal_antibody,0,1,0.0
allergy-driven_overproduction,0,1,0.0
western_immunoblot,0,1,0.0
genital_tract_infection,0,1,0.0
caax_site,0,1,0.0
pathophysiological_condition,0,1,0.0
globin_cis-element,0,1,0.0
transformed_cell,0,1,0.0
eosinophilic_inflammation,0,1,0.0
dmdtc,0,1,0.0
chinese_medicine,0,1,0.0
mouse_ada,0,1,0.0
alas,0,1,0.0
cd40-stimulated_b_lymphocyte,0,1,0.0
hhv-6,0,1,0.0
gal4-ebna3c_fusion_protein,0,1,0.0
b-cell_differentiation,0,1,0.0
interleukin-8_(il-8)_gene_transcription,0,1,0.0
autologous_cell,0,1,0.0
nf-kappa_b_specific_32p-labelled_oligonucleotide,0,1,0.0
ifn_responsiveness,0,1,0.0
primary_leukemia_cell,0,1,0.0
ihes,0,1,0.0
healthy_person,0,1,0.0
tuberous_sclerosis_complex,0,1,0.0
epo,0,1,0.0
succinimide_intermediate,0,1,0.0
fk-506,0,1,0.0
infectious_molecular_clone,0,1,0.0
dna_replication,0,1,0.0
smx-nhoh,0,1,0.0
rela_protein,0,1,0.0
oxidant-regulation,0,1,0.0
map_kinase-specific_phosphatase,0,1,0.0
antiinflammatory_property,0,1,0.0
latent_membrane_protein_1_promoter,0,1,0.0
ifn-gamma_production,0,1,0.0
wild-type_er,0,1,0.0
il-2_level,0,1,0.0
yb-1_expression_plasmid,0,1,0.0
msin3_family,0,1,0.0
granulomonocytic_colony_formation,0,1,0.0
lytic_cycle,0,1,0.0
t-cell_lymphoma_cell_line,0,1,0.0
transcription-independent_turnover,0,1,0.0
pcr_fragment,0,1,0.0
kmo,0,1,0.0
neonate,0,1,0.0
hiv_provirus,0,1,0.0
mutated_ras,0,1,0.0
hsp,0,1,0.0
tcrg_enhancer,0,1,0.0
tnf-treated_t_cell,0,1,0.0
c/ebp_epsilon_mrna,0,1,0.0
e74-like_factor_1,0,1,0.0
t_lymphocyte_activation,0,1,0.0
dna_binding_ets_domain,0,1,0.0
deprivation_apoptosis,0,1,0.0
long-term_beta-globin_gene_silencing,0,1,0.0
pathophysiology,0,1,0.0
immunoglobulin_beta-chain,0,1,0.0
bacterial_content,0,1,0.0
cysteine-containing_t-cell_determinants,0,1,0.0
ferritin_h-gene,0,1,0.0
cd3/cd28_ligation,0,1,0.0
pu.1_promoter,0,1,0.0
distal_promoter,0,1,0.0
pleckstrin-homology_domain,0,1,0.0
tryptophan_solution,0,1,0.0
stp-c488,0,1,0.0
nonhistone_chromosomal_protein,0,1,0.0
novel_t_cell-specific_negative_regulatory_element,0,1,0.0
t_to_c_substitution,0,1,0.0
antioxidant-dependent_manner,0,1,0.0
monoclonal_antibody,0,1,0.0
viral_mrna,0,1,0.0
648_bp,0,1,0.0
proteasome-dependent_stimulus,0,1,0.0
murine_t-cell_line,0,1,0.0
promyelocytic/retinoic_acid_receptor_alpha,0,1,0.0
il-9r,0,1,0.0
8-bromo-camp,0,1,0.0
rxr-rar,0,1,0.0
adult_mouse_tissue,0,1,0.0
nf-chi_b_site,0,1,0.0
position_61,0,1,0.0
fluticasone_propionate_aqueous_nasal_spray,0,1,0.0
lipopolysaccharide-induced_monocyte_interleukin-1_receptor_antagonist_synthesis,0,1,0.0
first_exon,0,1,0.0
pre-bound_transcription_factor,0,1,0.0
multicopy_basal_enhancer_motif,0,1,0.0
tubulointerstitium,0,1,0.0
137cs_gamma_ray,0,1,0.0
ikappabalpha_level,0,1,0.0
transgenic_expression,0,1,0.0
healthy_human_volunteer,0,1,0.0
metabolized_transcription_factor_protein,0,1,0.0
29-kda_phosphoprotein_specie,0,1,0.0
cat_expression,0,1,0.0
blastocyst-derived_erythrocyte,0,1,0.0
intracellular_homology,0,1,0.0
w_box,0,1,0.0
human_vaginal_fluid_specimen,0,1,0.0
vzv_ge_protein,0,1,0.0
cd34_mrna_transcript,0,1,0.0
forkhead_protein_family,0,1,0.0
transforming_protein,0,1,0.0
drosophila_melanogaster_extra_sex_combs_(esc)_gene_product,0,1,0.0
tcf-1_alpha_binding_site,0,1,0.0
bronchial_cell,0,1,0.0
sox9_coding_sequence_polymorphism,0,1,0.0
prdi_domain,0,1,0.0
chromosome_4,0,1,0.0
malaria,0,1,0.0
colony-stimulating_factor_1_(macrophage_colony-stimulating_factor)_receptor_promoter,0,1,0.0
bacterial_ligand,0,1,0.0
cd45_tyrosine_phosphatase,0,1,0.0
p38_jun-b,0,1,0.0
human_embryonal_carcinoma_cell_line_n-tera2,0,1,0.0
lps,0,1,0.0
tcrzeta_expression,0,1,0.0
hiv-1-ltr,0,1,0.0
c-myc_oncogene,0,1,0.0
lipopolysaccharide-stimulated_b_cell,0,1,0.0
human_umbilical_vein_segment,0,1,0.0
leukemogenicity,0,1,0.0
transformed_b-cell,0,1,0.0
transcription_factor_nf-kappab_regulation,0,1,0.0
interleukin_2_receptor_gamma_chain,0,1,0.0
ap1_factor,0,1,0.0
5'lcr_regulatory_region,0,1,0.0
map_kinases/extracellular_signal_regulated_kinase,0,1,0.0
benzoquinone,0,1,0.0
western_blot,0,1,0.0
cr3,0,1,0.0
968_amino_acid,0,1,0.0
extrathymic_t-cell_development,0,1,0.0
ic50_value,0,1,0.0
lef/tcf_transcription_factor_family,0,1,0.0
locus_activation,0,1,0.0
nf-e2,0,1,0.0
anti-inflammatory_remedy,0,1,0.0
hl60,0,1,0.0
granulocyte_dna,0,1,0.0
prostate_cancer,0,1,0.0
interleukin-2_secretion,0,1,0.0
hemopoietic_stem_cell,0,1,0.0
differentiation-dependent_peroxisomal_proliferator-activated_receptor_gamma(ppargamma)_expression,0,1,0.0
musculin,0,1,0.0
a23187,0,1,0.0
murine_t_cell_line,0,1,0.0
s_phase,0,1,0.0
granulocytic_colony,0,1,0.0
antisense_phosphorothioate_oligodeoxynucleotide,0,1,0.0
erythroid_cell,0,1,0.0
metabolic_consequence,0,1,0.0
"1alpha,25-dihydroxyvitamin_d3",0,1,0.0
promyelocytic_cell,0,1,0.0
antiphosphotyrosine_immunoblotting,0,1,0.0
virus-specific_cd4+_clone,0,1,0.0
ddpcr_protocol,0,1,0.0
p40_promoter_region,0,1,0.0
lmp1(1-231)-mediated_nf-kappab_activation,0,1,0.0
epithelial_specific_manner,0,1,0.0
n-alpha-tosyl-l-lysine_chloromethyl_ketone,0,1,0.0
infected_cd4+_t-lymphocyte,0,1,0.0
noncycling_b_cell,0,1,0.0
pax-2,0,1,0.0
polarized_epithelium,0,1,0.0
myelodysplastic_syndrome,0,1,0.0
mouse_mammary_tumor_virus_(mmtv)_ltr_reporter_gene,0,1,0.0
cd28-responsive_complex,1,1,0.0
perennial_allergic_rhinitis,0,1,0.0
ikappabalpha_transfected_cell,0,1,0.0
redox_imbalance,0,1,0.0
pulmonary_heart_disease,0,1,0.0
hiv-1_production,0,1,0.0
17q_breakpoint,0,1,0.0
cytokine_promoter,0,1,0.0
inflammatory_cell_infiltration_score,0,1,0.0
c,0,1,13.333333333333334
potential_immunogenicity,0,1,0.0
ntf,0,1,0.0
rickets,0,1,0.0
hcleo,0,1,0.0
tac,0,1,0.0
recurrent_tumor,0,1,0.0
biological_markers_of_ovulation,0,1,0.0
dicysteine_motif,0,1,0.0
stat1-like_factor,0,1,0.0
gal/er,0,1,0.0
protein_kinase_c--responsive_element,0,1,0.0
7-day_pha-blasts,0,1,0.0
dephosphorylated_prb,0,1,0.0
humara_analysis,0,1,0.0
myelomonocytic_differentiation,0,1,0.0
epsilon_germline_transcription,0,1,0.0
antisense_inhibition,0,1,0.0
putative_metastatic_suppressor_gene,0,1,0.0
circulating_cortisol,0,1,0.0
cmml,0,1,0.0
ifn-gamma_induced_expression,0,1,0.0
cd28_cell_surface_molecule,0,1,0.0
trans-_gene_expression,0,1,0.0
dna_binding_affinity,0,1,0.0
nf-gm2,0,1,0.0
17_kda_variant,0,1,0.0
vpreb,0,1,0.0
tap1-/-_cell,0,1,0.0
balf2,0,1,0.0
interferon_beta_(ifn-beta)_promoter,0,1,0.0
interferon-beta,0,1,0.0
human_t-cell_leukemia,0,1,0.0
icam-1_induction,0,1,0.0
tax_cdna,0,1,0.0
nuclear_receptor_family,0,1,0.0
p16,0,1,0.0
transcription_factor_jun-b,0,1,0.0
16hbe_human_bronchial_epithelial_cell,0,1,0.0
jct6,0,1,0.0
p210bcr-abl_oncogene_product,0,1,0.0
t_cell_proliferative_response,0,1,0.0
human_t-cell_receptor_beta-chain_core_promoter,0,1,0.0
octamer_binding_transcription_factor,0,1,0.0
gliadin,0,1,0.0
apl-derived_cell_line,0,1,0.0
er27191,0,1,0.0
th2_proliferation,0,1,0.0
phenotypic_analysis,0,1,0.0
tcr-initiated_signaling,0,1,0.0
apoaldosterone,0,1,0.0
thrombocytopenia,0,1,0.0
chronically_infected_monocyte/macrophage-like_cloned_cell_line,0,1,0.0
hiv-protease_expressing_cell,0,1,0.0
rasn17,0,1,0.0
initial_signaling_event,0,1,0.0
nk_cell-mediated_lysis,0,1,0.0
nf-kappa_b-mediated_transcriptional_regulation,0,1,0.0
infectable_cell,0,1,0.0
transcription_enhancement,0,1,0.0
fkbp54,0,1,0.0
n-terminal_signal_sequences,0,1,0.0
activating_transcription_factor/camp_response_element_binding,0,1,0.0
cat_reporter_construct,0,1,0.0
electron_microscopic_examination,0,1,0.0
rac_mediated_response,0,1,0.0
postmenopausal_female,0,1,0.0
t_cell-specific_enhancer,0,1,0.0
y_chromosomal_rearrangement,0,1,0.0
lipopolysaccharide-activated_toll-like_receptor_2,0,1,0.0
c-erba_activity,0,1,0.0
a_transcript,0,1,0.0
protooncogene_expression,0,1,0.0
src-family_tyrosine_kinase_gene,0,1,0.0
thrombin-induced_[ca2+]i_rise,0,1,0.0
hiv-1-infected_t_cell,0,1,0.0
thyroid_hormone_(t3/t4)_receptor,0,1,0.0
nuclear_factor-kappa_b_(nf-kappab)_activation,0,1,0.0
erythroid/megakaryocytic_cell_line,0,1,0.0
grpl,0,1,0.0
tcr-stimulated_cd95_ligand_expression,0,1,0.0
b_domain,0,1,0.0
resting_human_b_cell,0,1,0.0
pd-98059,0,1,0.0
upstream_nf-kappab_site,0,1,0.0
il-18_receptor,0,1,0.0
pha-activated_t_cell,0,1,0.0
nonexpression,0,1,0.0
human_apl,0,1,0.0
nk-kappa_b_transcription_factor_complex,0,1,0.0
confocal_microscopy,0,1,0.0
tax/rex_mrna,0,1,0.0
il-1_receptor_antagonist_(il1-ra)_gene_expression,0,1,0.0
il-1_stimulation,0,1,0.0
90-kda_heat_shock_protein,0,1,0.0
clinical_parameter,0,1,0.0
21_bp_repeat,0,1,0.0
t_cell_antigen_receptor-induced_erk2_kinase_activation,0,1,0.0
hormone_receptor,0,1,0.0
(nf)-kappa_b/rel_nuclear_activity,0,1,0.0
xcid,0,1,0.0
ifn-induced_gene,0,1,0.0
host_response,0,1,0.0
ras-raf-erk_signal_cascade,0,1,0.0
litaf_mrna_expression,0,1,0.0
oxidative_stress-inducing_signal,0,1,0.0
551,0,1,0.0
cellular_treatment,0,1,0.0
oestrogen_receptor_codon_10_polymorphism,0,1,0.0
bona_fide_th2_cell,0,1,0.0
brain_involution,0,1,0.0
hxbp-1_dna_target_sequence,0,1,0.0
adult_beta-globin_expression,0,1,0.0
antisense_oligodeoxynucleotide,0,1,0.0
ras_protein_activity,0,1,0.0
t(14;14)_translocation,0,1,0.0
primary_murine_t_cell,0,1,0.0
fork_head_domain_protein,0,1,0.0
gene_transcription,0,1,0.0
lymphomagenesis,0,1,0.0
embryonic_development,0,1,0.0
ebv-infected_cell_lines,0,1,0.0
ap-1_enhancer_factor_activity,0,1,0.0
il-2ralpha_expression,1,1,0.0
id2_expression,0,1,0.0
bak,0,1,0.0
diffusible_activity,0,1,0.0
nf-kappab_activatio,0,1,0.0
immunoregulatory_property,0,1,0.0
normal_exon_10_genomic_sequence,0,1,0.0
homeodomain,0,1,0.0
igh_regulatory_element,0,1,0.0
pma_treatment,0,1,0.0
cd3_delta_epsilon_gamma,0,1,0.0
positive-acting_element,0,1,0.0
renal_function,0,1,0.0
80_amino_acid,0,1,0.0
lymphokine_production,0,1,0.0
periodontal_disease,0,1,0.0
"11_alpha-hydroxymethyl,_11_alpha-(2-hydroxyethyl",0,1,0.0
socs/_ssi/cis_gene_family,0,1,0.0
47-bp_sequence,0,1,0.0
myeloid_transcription_factor_pu.1,0,1,0.0
1.4-kb_human_tnf-alpha_promoter,0,1,0.0
gamma-interferon_inducible_protein_10,0,1,0.0
il-5_transcription,0,1,0.0
pre-leukemic_phase,0,1,0.0
human_b_lymphoblastoid_cell_line,0,1,0.0
hsp60-specific_t_cell,0,1,0.0
cell_membrane_phospholipid,0,1,0.0
carboxyterminal_half,0,1,0.0
interleukin-5_synthesis,0,1,0.0
circadian_modification,0,1,0.0
g_+_c-rich_region,0,1,0.0
corticosterone,0,1,0.0
intracellular_gsh_pool,0,1,0.0
cooperative_effect,0,1,0.0
rch1/importin_(karyopherin)-beta_heterodimer,0,1,0.0
bcl-6_gene_rearrangement,0,1,0.0
hbv,0,1,0.0
t-cell_receptor_signaling_pathway,0,1,0.0
hiv-1_long_terminal_repeat_(ltr)-driven_reporter_gene_activity,0,1,0.0
gata-1(d)_motif,0,1,0.0
pi_3-kinase_effector,0,1,0.0
devd-cho,0,1,0.0
hs2_enhancer,0,1,0.0
t_cell_receptor_alpha_(tcr-alpha)_enhancer,0,1,0.0
circulating_dendritic_cell,0,1,0.0
tumor_necrosis_factor-alphaand_interleukin-1betaproduction,0,1,0.0
enzyme,0,1,0.0
immunoglobulin_heavy-chain_(igh)_gene_rearrangement,0,1,0.0
anti-cd3-stimulated_cord_blood_mononuclear_cell,0,1,0.0
butyric-acid-treated_yy-1,0,1,0.0
double-stranded_phosphorothioate_oligonucleotide,0,1,0.0
gh-v_gene,0,1,0.0
hardy-weinberg_distribution,0,1,0.0
menarche,0,1,0.0
human_b_cell_line_rpmi_8226,0,1,0.0
macrophage_maturation,0,1,0.0
hm-induced_differentiation,0,1,0.0
tgf-beta_mrna,0,1,0.0
tissue_culture,0,1,0.0
relative_binding_affinity,0,1,0.0
eb1-responsive_b-cell-specific_element,0,1,0.0
irf-1_gene_expression,0,1,0.0
ull-length_il-1beta_promoter,0,1,0.0
hla_dra_promoter,0,1,0.0
electrophoretic_mobility,0,1,0.0
mitogen-inducible_dna-binding_complex,0,1,0.0
ccaac,0,1,0.0
cd8+_cytotoxic_t_lymphocyte_(ctl)_repertoire,0,1,0.0
tnf_receptor_surface_expression,0,1,0.0
epo_receptor_expression,0,1,0.0
i_kappa_b_nuclear_translocation,0,1,0.0
17,0,1,0.0
mitogen-activated_protein_kinase,0,1,0.0
southern_blot_hybridisation,0,1,0.0
cytokine_receptor_expression,0,1,0.0
adult_t-cell_lymphoma/leukemia,0,1,0.0
leucine-zipper_structure,0,1,0.0
anti-fas_killing,0,1,0.0
multipotential_cell,0,1,0.0
pyramidal_cell,0,1,0.0
degradative_enzyme,0,1,0.0
ap1_consensus_motif,0,1,0.0
p-selectin_glycoprotein_ligand-1,0,1,0.0
-95_and_-73,0,1,0.0
105-kda_protein,0,1,0.0
cis-acting_genetic_cis-acting_segment,0,1,0.0
retinoic_acid_receptor_alpha_gene,0,1,0.0
e2f_binding_sites,0,1,0.0
leukocyte-mediated_tissue_damage,0,1,0.0
endothelial_cell_(ec)_activation,0,1,0.0
il-1_signaling_pathway,0,1,0.0
jak3-dependent_and_independent_pathway,0,1,0.0
developmentally_regulated_protein,0,1,0.0
14q32,0,1,0.0
sp1-related_factor,0,1,0.0
transcriptional_element,0,1,0.0
jak1,0,1,0.0
etiological_agent,0,1,0.0
mhc_class_ii_induction,0,1,0.0
pcr,0,1,0.0
sigma_1_receptor,0,1,0.0
adjacent_regulatory_motif,0,1,0.0
hypocortisolemia,0,1,0.0
sp1_site_oligonucleotide,0,1,0.0
growth_condition,0,1,0.0
isg15-ltr-ifn_hybrid_gene,0,1,0.0
auto-inhibitory_domain,0,1,0.0
proximal_polya_site,0,1,0.0
cd28_responsive_element,0,1,0.0
bls_complementation_group,0,1,0.0
usa_fraction,0,1,0.0
wortmannin,0,1,0.0
fc_gamma_ri,0,1,0.0
ifn-gamma_mrna,0,1,0.0
r24_stimulation,0,1,0.0
cellular_stimuli,0,1,0.0
regulatory_region,0,1,0.0
receptor-receptor_dimerization,0,1,0.0
group_iii_ebv_genome_carrying_cell_line,0,1,0.0
sit,0,1,0.0
granuloctye,0,1,0.0
fly_embryogenesis,0,1,0.0
t/nk-cell,0,1,0.0
active_globin_gene_promoter,0,1,0.0
rna_polymerase_iii,0,1,0.0
redox_signal,0,1,0.0
manic_patient,0,1,0.0
glucocorticoid_receptor_number,0,1,0.0
clinician,0,1,0.0
gata-1_site,0,1,0.0
transcriptional_start_site,0,1,0.0
human_cd95l_promoter,0,1,0.0
nuclear_phosphoprotein,0,1,0.0
taci-induced_activation,0,1,0.0
cd3/cd28,0,1,0.0
"vitamin_d,_1,25_dihydroxyvitamin_d3",0,1,0.0
human_burkitt_lymphoma_cell_line_bl60,0,1,0.0
nucleotide_numbers_368-389,0,1,0.0
conserved_transcriptional_element,0,1,0.0
primary_hyperthyroidism,0,1,0.0
mononuclear_cell_priming_culture,0,1,0.0
mutant_glucocorticoid_receptor,0,1,0.0
type_ii_estrogenic_receptor,0,1,0.0
heterozygote_carrier,0,1,0.0
lipid_tail,0,1,0.0
hsn3_proteasome_subuni,0,1,0.0
-cd3_(tcr-cd3)_complex,0,1,0.0
interferon_receptor,0,1,0.0
anti-class_i_monoclonal_antibody,0,1,0.0
multi-protein_complex,0,1,0.0
pma-stimulated_t_cell,0,1,0.0
nuclear_cam_kinase_ii,0,1,0.0
transcriptional_activation_element,0,1,0.0
p65_rela,0,1,0.0
3'_utr,0,1,0.0
intrauterine_contraception,0,1,0.0
p53_protein_expression,0,1,0.0
gata_element,0,1,0.0
cultured_blood_mononuclear_cell,0,1,0.0
"calcitriol_(1,25(oh)2d3)_receptors",0,1,0.0
low_back_pain,0,1,0.0
mi-2-hdac,0,1,0.0
foreign_cell,0,1,0.0
arachidonic_acid_aggregation,0,1,0.0
hiv-1_dse,0,1,0.0
hgf,0,1,0.0
lipoproteins_(blps),0,1,0.0
northern_blot_analysis,0,1,0.0
nf-at_factor,0,1,0.0
ap1_family_member,0,1,0.0
helper_t_cell_(th)_clones,0,1,0.0
nf-kappab/rel_member,0,1,0.0
biphasic_activation,0,1,0.0
complementation_assay,0,1,0.0
recombinant_sp1,0,1,0.0
jnk-mediated_phosphorylation,0,1,0.0
c-myb,0,1,0.0
cd4_accessory_function,0,1,0.0
human_endothelial_cell,0,1,0.0
endogenous_ra_and_vitd3_receptor,0,1,0.0
gpiiia,0,1,0.0
g_protein-coupled_transcription_factor_activation,0,1,0.0
32p-labeled_probe,0,1,0.0
dra_promoter,0,1,0.0
exogenous_growth_stimuli,0,1,0.0
mitogenic_stimuli,0,1,0.0
shigella_icsa_protein,0,1,0.0
s-lb1,0,1,0.0
sivmac_replication,0,1,0.0
25(oh)d3,0,1,0.0
yang-deficiency,0,1,0.0
domain_1,0,1,0.0
bacterial_peptidoglycan,0,1,0.0
il-1_converting_enzyme,0,1,0.0
3_nucleotide,0,1,0.0
rhoa_mutant,0,1,0.0
mutant_tsap-binding_site,0,1,0.0
cd40_cell,0,1,0.0
methylation_interference_analyses,0,1,0.0
tyrosine_kinase_inhibition,0,1,0.0
mad3,0,1,0.0
embryonic/fetal_erythroid_k562_cell,0,1,0.0
late_endosome,0,1,0.0
dp2,0,1,0.0
c/ebpalpha-deficient_hematopoietic_cell,0,1,0.0
lupus_nephritis,0,1,0.0
p39c-jun_expression,0,1,0.0
epitope-tagged_nucleolin_expression_construct,0,1,0.0
cell_type-specific_activation,0,1,0.0
thymocyte_differentiation,0,1,0.0
ec1_antibody,0,1,0.0
cd27+_b_cell,0,1,0.0
tumour_size,0,1,0.0
tal1_gene_product,0,1,0.0
gr_protein,0,1,0.0
319ll-rs,0,1,0.0
t-cell_line,0,1,0.0
cd3(+)_t-lymphocyte_cytoplasm,0,1,0.0
tyrosine_phosphorylation,0,1,0.0
multiple_protein,0,1,0.0
aberrant_expression,0,1,0.0
progenitor/precursor_cell,0,1,0.0
1_bp_insertion,0,1,0.0
bmlf1_protein,0,1,0.0
nf-kappab_activation.,0,1,0.0
mm_precursor_lesion,0,1,0.0
rhombotin_family,0,1,0.0
t-cell-specific_enhancer,0,1,0.0
immunodominant_antigenic_region,0,1,0.0
primary_mouse_t_cell,0,1,0.0
human_pro-interleukin_1beta_(proil-1beta)_gene,0,1,0.0
japanese_population,0,1,0.0
cis-acting_regulatory_site,0,1,0.0
recombinant_thioredoxin,0,1,0.0
ctcf_mrna,0,1,0.0
kappa_b-like_site_binding_complex,0,1,0.0
human_leukemic_t_cell,0,1,0.0
stably_transfected_jurkat_cell,0,1,0.0
divergent_x2-box,0,1,0.0
12-o-tetradecanoyl-phorbol-13_acetate,0,1,0.0
14-amino-acid_peptide,0,1,0.0
ap-1_dna_binding_activity,0,1,0.0
hnf-3gamma,0,1,0.0
ikappab_proteolysis,0,1,0.0
t-cell_nuclear_extract,0,1,0.0
ap-1-dependent_reporter_construct,0,1,0.0
"1,24(oh)2-22-ene-24-cyclopropyl-vitamin_d3",0,1,0.0
haemin,0,1,0.0
mgc,0,1,0.0
human_peripheral_blood_nk_cell,0,1,0.0
hiv_long_terminal_repeat-driven_transcription,0,1,0.0
hiv-2_tat_gene,0,1,0.0
hsc,0,1,0.0
cd40_signaling_pathway,0,1,0.0
serine-36,0,1,0.0
immature_cd34+thy-1+_cb_subset,0,1,0.0
matrix_metalloproteinase-9,0,1,0.0
c-type_chemokine,0,1,0.0
on-going_lps_signal,0,1,0.0
pka,0,1,0.0
polyomavirus_t-antigen,0,1,0.0
oxygen_therapy,0,1,0.0
proenkephalin,0,1,0.0
chloramphenicol_acetyltransferase_(cat)_reporter,0,1,0.0
avian_cell,0,1,0.0
etv6-evi1_fusion,0,1,0.0
jurkat-tag_t_cells,0,1,0.0
aim/cd69,0,1,0.0
lif_effect,0,1,0.0
c/ebpalpha_mrna_expression,0,1,0.0
tumour_differentiation,0,1,0.0
interleukin_4_(il-4)_promoter,0,1,0.0
stat4_action,0,1,0.0
cell-specific_mechanism,0,1,0.0
b_leukemia,0,1,0.0
phosphorylation_site,0,1,0.0
y701_and_s727_stat1_phosphorylation,0,1,0.0
ro-vdr,0,1,0.0
htlv-i(+)_t-cell_line,0,1,0.0
intermediate_thymocyte_compartment,0,1,0.0
human_chronic_myelogenous_leukemia_cell_line,0,1,0.0
nf-kappab-mediated_induction,0,1,0.0
g28-5_igg,0,1,0.0
induced_mrna,0,1,0.0
syk_kinase,0,1,0.0
stat-6,0,1,0.0
scf-mediated_ligation,0,1,0.0
c-fos_and_c-jun_gene,0,1,0.0
anti-stat_(signal_transducers_and_activators_of_transcription)_6,0,1,0.0
microscopic_examination,0,1,0.0
mhc_class_ii_ligand,0,1,0.0
t_helper_differentiation,0,1,0.0
pkc/ras-mediated_pathway,0,1,0.0
mhc_class_i_h-2kb_promoter,0,1,0.0
lt-betar,0,1,0.0
ast/alt_level,0,1,0.0
cd2019,0,1,0.0
terminal_cell_differentiation,0,1,0.0
gastric_carcinoma_cell,0,1,0.0
chloramphenicol_acetyltransferase-expressing_plasmid,0,1,0.0
1-kb_fragment,0,1,0.0
wild_type_peptide,0,1,0.0
"1,25(oh)2)d3",0,1,0.0
80-kd_stat5a_protein,0,1,0.0
pma-induced_il-2_production,0,1,0.0
c-erbb2_gene_sequence,0,1,0.0
human_cd37_b_lymphocyte,0,1,0.0
rel-related_factor,0,1,0.0
blood_lymphocyte,0,1,0.0
gr_count,0,1,0.0
lef/tcf_factor,0,1,0.0
normal_monocyte,0,1,0.0
4-trifluoromethyl_derivative,0,1,0.0
immature_morphology,0,1,0.0
resting_normal_human_t_cell,0,1,0.0
long-term_disease-free_survival,0,1,0.0
granulocyte-macrophage_lineage,0,1,0.0
pha/pma,0,1,0.0
chicken,0,1,0.0
eosinophilic_phenotype,0,1,0.0
ap-3,0,1,0.0
lipopolysaccharide_signal_transduction,0,1,0.0
rex_protein,0,1,0.0
t(17;19)-bearing_leukemia,0,1,0.0
cd45-deficient_variant,0,1,0.0
human_genomic_dna_sequence,0,1,0.0
host_transcription_factor,0,1,0.0
hmba-induced_cell,0,1,0.0
janus_tyrosine_kinase_(jak)-stat_signaling_pathway,0,1,0.0
dextran-coated_charcoal_assay,0,1,0.0
proximal_il-5_promoter,0,1,0.0
ifn_gene,0,1,0.0
ctg-dimer_virus,0,1,0.0
69-bp_proximal_promoter_fragment,0,1,0.0
cf,0,1,0.0
t_cell_transcription_factor,0,1,0.0
mbc,0,1,0.0
ap-1-dependent_transcriptional_activity,0,1,0.0
vitamin_d_receptor,0,1,0.0
isolated_white_blood_cell,0,1,0.0
mitogen-stimulated_t_cell,0,1,0.0
supershift_analysis,0,1,0.0
malignant_cell_population,0,1,0.0
cyclin/cdks_(cyclin-dependent_kinase)_complex,0,1,0.0
hematopoietic_origin,0,1,0.0
basal_promoter_activity,0,1,0.0
pyrolidine_dithiocarbamate,0,1,0.0
unstimulated_b_cell,0,1,0.0
hbob1,0,1,0.0
regulatory_p85_subunit,0,1,0.0
interleukin-1beta,0,1,0.0
monocyte/macrophage-like_cell_line,0,1,0.0
b_line,0,1,0.0
n-alpha-tosyl-l-phenylalanine_chloromethyl_ketone,0,1,0.0
renal_transplantation,0,1,0.0
nasopharyngeal_carcinoma,0,1,0.0
adult_human,0,1,0.0
cell-specific_requirement,0,1,0.0
transcriptional_trans-activator,0,1,0.0
normal_adult_peripheral_blood,0,1,0.0
327_aa_protein,0,1,0.0
es_cell-derived_reticulocyte,0,1,0.0
lps-induced_il-6_mrna,0,1,0.0
hiv-1-encoded_nef_protein,0,1,0.0
platelet_monoamine_oxidase,0,1,0.0
sequestered_cytoplasmic_form,0,1,0.0
rela_(p65)_subunit,0,1,0.0
octamer_family,0,1,0.0
b_cell-associated_gene,0,1,0.0
responsive_cell_type,0,1,0.0
intermediate_mobility,0,1,0.0
zeta-globin_mrna,0,1,0.0
nonerythroid_nih3t3_cell,0,1,0.0
litaf_mrna,0,1,0.0
20q_deletion,0,1,0.0
mouse_plasmacytoma_cell_line,0,1,0.0
double-stranded_rna-dependent_protein_kinase,0,1,0.0
nf-ya_mrna,0,1,0.0
staphylococcal_exotoxin_toxic_shock_syndrome_toxin-i,0,1,0.0
mody3,0,1,0.0
protocol,0,1,0.0
nuclear_oncoprotein,0,1,0.0
sig+_b-acute_lymphoblastic_leukemia,0,1,0.0
htlv-i_replication,0,1,0.0
interferon-alpha_(ifn-alpha)_treatment,0,1,0.0
fasl_promoter_activity,0,1,0.0
shbg,0,1,0.0
pif_dna_binding_activity,0,1,0.0
nip_activity,0,1,0.0
chromosome_band,0,1,0.0
janus_kinase_1_(jak1)_activation,0,1,0.0
peripheral_blood_leukocyte,0,1,0.0
lymphocyte_tropism,0,1,0.0
solid_tumor,0,1,0.0
novel_haptenized_lysis_synthetic_substrate,0,1,0.0
expressed_gene,0,1,0.0
thiol_modulation,0,1,0.0
x_box_sequence,0,1,0.0
human_immunodeficiency_virus_type_2_long_terminal_repeat,0,1,0.0
acute_promyelocytic_(apl)_cell_line,0,1,0.0
human_swi2_protein,0,1,0.0
differential_splicing,0,1,0.0
nuclear_pore_complex,0,1,0.0
mtcp1_locus_configuration,0,1,0.0
vitamin_d-resistant_cell_line,0,1,0.0
nfat_element,0,1,0.0
cdk6,0,1,0.0
mite-specific_helper_t_cell,0,1,0.0
hiv1-infected_u937_cell,0,1,0.0
p95vav,0,1,0.0
gata-1_binding_site,0,1,0.0
hypophosphatemia,0,1,0.0
nf-x2,0,1,0.0
sr,0,1,0.0
ap-1-like_factor,0,1,0.0
-276_to_-261,0,1,0.0
dna_target_sequence,0,1,0.0
15d-pgj(2),0,1,0.0
interleukin-6_mrna_production,0,1,0.0
nf-il6_site,0,1,0.0
cd20/b1_antigen,0,1,0.0
surfactant,0,1,0.0
transcriptional_activator,0,1,0.0
fc_gamma_rii,0,1,0.0
cytotoxic_t_lymphocyte,0,1,0.0
u_alpha_s,0,1,0.0
immunoglobulin_g,0,1,0.0
flow_cytometric_cell_sorting,0,1,0.0
peptide-binding_groove,0,1,0.0
anti-e._chaffeensis_antibody,0,1,0.0
il-4r_alpha-chain_(il-4ralpha)_gene,0,1,0.0
5'_palindromic_octamer_sequence,0,1,0.0
bacillus_calmette-guerin_(bcg)_infection,0,1,0.0
t_lymphocyte_development,0,1,0.0
chronic_bronchitis_subject,0,1,0.0
catalytic_sub-unit,0,1,0.0
lai,0,1,0.0
bone_marrow_progenitor,0,1,0.0
src_kinase_inhibitor,0,1,0.0
b3,0,1,0.0
i-restricted_ctl,0,1,0.0
epitope_enhancement,0,1,0.0
five_point_mutation,0,1,0.0
salt_bridge_structure,0,1,0.0
retinoic_acid,0,1,0.0
human_myeloid_cell_nuclear_differentiation,0,1,0.0
reactive_oxygen_species,0,1,0.0
de_novo_macromolecule_synthesis,0,1,0.0
sds-polyacrylamide_gel,0,1,0.0
zpcat_reporter_gene_construct,0,1,0.0
des,0,1,0.0
diverse_regulatory_protein,0,1,0.0
tumor_cell_proliferation,0,1,0.0
serine_61,0,1,0.0
high_affinity_il-2_receptors,0,1,0.0
metalloproteinases-1,0,1,0.0
fya,0,1,0.0
hiv-1_proviral_dna,0,1,0.0
nf-kappa_b_dependent_reporter_gene_construct,0,1,0.0
cd38_expression,0,1,0.0
neuroendocrine_promoter_activity,0,1,0.0
gr-mediated_transrepression,0,1,0.0
hl-60_cell_line,0,1,0.0
astrocyte,0,1,0.0
ar_gene_transcription,0,1,0.0
gcs_withdrawal,0,1,0.0
estrogen-dependent_lymphoblastoid_cell_line,0,1,0.0
fc_gammar1_gene,0,1,0.0
optimal_il-4-signaling,0,1,0.0
decoy_oligodeoxynucleotide,0,1,0.0
gabp_beta,0,1,0.0
kit_ligand-dependent_proliferation,0,1,0.0
hypoxic_tissue,0,1,0.0
nf-at_induction,0,1,0.0
il-1ri_complex,0,1,0.0
t-helper_cell,0,1,0.0
g0_phase,0,1,0.0
ggtagttccc,0,1,0.0
excised_tumor,0,1,0.0
lytic_viral_promoter,0,1,0.0
irregular_menstruation,0,1,0.0
camp_response_element,0,1,0.0
human_t_lymphotropic_virus_(htlv)-i,0,1,0.0
calcineurin_docking_site,0,1,0.0
epor(r129c),0,1,0.0
anti-p_selectin_antibody,0,1,0.0
double_immunostaining_technique,0,1,0.0
secreted-type_placental_alkaline_phosphatase_(plap)_reporter_gene,0,1,0.0
tcr-associated_ptk,0,1,0.0
4-exon_structure,0,1,0.0
beta-adrenoreceptor_antagonist,0,1,0.0
tumor_specimen,0,1,0.0
primate_cytomegalovirus,0,1,0.0
mutated_apc_protein,0,1,0.0
ns-meg,0,1,0.0
il-6-induced_signal,0,1,0.0
tyrosine-protein_kinase,0,1,0.0
stat-1_activation,0,1,0.0
n_terminus,0,1,0.0
t-cell_line_jurkat,0,1,0.0
b_cell_tumor,0,1,0.0
vitamin_d-responsive_cell_line,0,1,0.0
13-kilobase-pair_(kb)_human_c-fes_transgene,0,1,0.0
cell_fate_decision,0,1,0.0
macaque_cell_lysate,0,1,0.0
tpa-induced_monocytic_differentiation,0,1,0.0
250_kb,0,1,0.0
rel_domain,0,1,0.0
mzf-1_mrna,0,1,0.0
mds_progression,0,1,0.0
french-american-british_acute_myeloid_leukemia-m3,0,1,0.0
t_cell_receptor_(tcr)_responsiveness,0,1,0.0
pharmacokinetic_study,0,1,0.0
human_herpesvirus,0,1,0.0
id3-transduced_pre-t_cell,0,1,0.0
human_t_cell_transcription_factor,0,1,0.0
h2-antagonist,0,1,0.0
phorbol_myristake_acetate-a23187_stimulation,0,1,0.0
unrecognized_composite_binding_site,0,1,0.0
b-lymphocyte_precursor,0,1,0.0
adult_t_cell_leukemia(atl)_cell,0,1,0.0
philadelphia_chromosome-positive_chronic_myeloid_leukemia,0,1,0.0
pkc_activator,0,1,0.0
nuclear_transcription_factor_kb,0,1,0.0
low-serum_apoptosis,0,1,0.0
class_ii_major_histocompatibility_complex_promoter,0,1,0.0
restriction_fragment_length_polymorphism_analysis,0,1,0.0
cerebral_cortex,0,1,0.0
ikappabalpha_degradation,0,1,0.0
hybridization,0,1,0.0
tcr_ligation,0,1,0.0
sulindac,0,1,0.0
phorbol-12-myristate-13-acetate_response,0,1,0.0
ap-1_factor_family,0,1,0.0
bacterial_chloramphenicol_acetyltransferase_(cat)_gene,0,1,0.0
gst-pi,0,1,0.0
feca2+,0,1,0.0
monocyte_mitochondrial_1_alpha-hydroxylase,0,1,0.0
isolated_human_mcm_gene_promoter,0,1,0.0
reconstituted_system,0,1,0.0
rnaase_protection_assay,0,1,0.0
gamma-globin_and_porphobilinogen_deaminase,0,1,0.0
hiv-2_tat,0,1,0.0
rat_thymocyte,0,1,0.0
blood_dna,0,1,0.0
z/r,0,1,0.0
chemotactic_factor,0,1,0.0
cd8_variable_contribution,0,1,0.0
cell_cycle_signaling,0,1,0.0
sp1_site,0,1,0.0
long-term_proliferation,0,1,0.0
rhom-2,0,1,0.0
igh-enhancer-luciferase_construct,0,1,0.0
stat5a/b,0,1,0.0
ss_rbc-induced_oxidant_stress,0,1,0.0
ikappab-alpha_mrna_transcript,0,1,0.0
human_ciita_cdna,0,1,0.0
her-2/neu_overexpression,0,1,0.0
tab,0,1,0.0
octamer_site-dependent_transcription,0,1,0.0
vcam-1_promoter,0,1,0.0
base_of_the_brain,0,1,0.0
25-hydroxyvitamin_d3_24-hydroxylase,0,1,0.0
archetypal_t-cell-specific_gene,0,1,0.0
at2.5,0,1,0.0
endogenous_b_subunit,0,1,0.0
half-maximal_activation,0,1,0.0
gene_transfection,0,1,0.0
tnf-stimulated_nuclear_factor-kappab_activation,0,1,0.0
cell_fusion,0,1,0.0
deoxyribonuclease,0,1,0.0
upstream_region,0,1,0.0
ptca,0,1,0.0
"10,11-dihydroxyaporphine",0,1,0.0
functional_difference,0,1,0.0
e2a/heb_protein,0,1,0.0
oxldl_activated_p50/p65,0,1,0.0
traf3-mediated_signal_transduction,0,1,0.0
antisense_phosphorothioate_oligonucleotide,0,1,0.0
asthma_pathogenesis,0,1,0.0
e2f_complex,0,1,0.0
mammalian_cell_transfection,0,1,0.0
2-hydroxy-4-trifluoromethylbenzoic_acid,0,1,0.0
lef-1-interacting_protein,0,1,0.0
osteocalcin,0,1,0.0
specific_granule,0,1,0.0
thymocyte-thymic_epithelial_cell_interaction,0,1,0.0
platelet_glycoprotein_ib_alpha_gene,0,1,0.0
cd4-expressing_t_lymphocyte,0,1,0.0
rxr_alpha_protein,0,1,0.0
therapeutic_strategies,1,1,0.0
hiv-1_gene,0,1,0.0
triptolide,0,1,0.0
receptor_number,0,1,0.0
human_peripheral_blood_lymphocyte,0,1,0.0
trident,0,1,0.0
glrp,0,1,0.0
hypothalamic-pituitary-adrenal_function,0,1,0.0
clinical/histological_parameter,0,1,0.0
tyrosine_kinase_receptor,0,1,0.0
proliferation/differentiation,0,1,0.0
sl3_enhancer,0,1,0.0
histological_feature,0,1,0.0
5'_promoter,0,1,0.0
fra-1_induction,0,1,0.0
lipopolysaccharide_(lps)_induction,0,1,0.0
northern_blot_hybridization,0,1,0.0
epidermal_basal_cell,0,1,0.0
pdtc_iron_complex,0,1,0.0
avian_erythroblast_cell_line,0,1,0.0
il-4_p0_element,0,1,0.0
pituitary-dependent_cushing's_syndrome,0,1,0.0
amino_acid_alteration,0,1,0.0
gm-csf-stimulated_hiv_expression,0,1,0.0
339_amino_acid,0,1,0.0
eukaryotic_transcription_factor,0,1,0.0
rna_elongation,0,1,0.0
adaptive_immunity,0,1,0.0
synthetic_hormone,0,1,0.0
class_a_macrophage_scavenger_receptor_(msr),0,1,0.0
na(+)-h(+)-antiport,0,1,0.0
blood_histamine,0,1,0.0
activator_protein_(ap)-1,0,1,0.0
nfatx4,0,1,0.0
cd28_surface_receptor,1,1,0.0
interleukin-1_alpha,0,1,0.0
mammalian_small_nuclear_rna_(snrna)_gene,0,1,0.0
deactivating_cytokine,0,1,0.0
extravascular_tissue,0,1,0.0
cell_cycle-related_protein,0,1,0.0
nonopsonic_phagocytosis,0,1,0.0
calcium_ionophore_a23187,0,1,0.0
anti-hapten_single-chain_ab_variable_fragment,0,1,0.0
cellular_environment,0,1,0.0
translocation,0,1,0.0
nf-kappab_pathway,0,1,0.0
stromal_cell_rescue,0,1,0.0
camp/pka_activation_pathway,0,1,0.0
"hodgkin's_disease-derived,_t_cell-like,_cd30+_cell",0,1,0.0
retinoid-dependent_granulocytic_markers_expression,0,1,0.0
intracellular_dioxin_receptor,0,1,0.0
mhc/peptide_density_requirement,0,1,0.0
preactivated_nk_cell,0,1,0.0
tetrahydrobiopterin,0,1,0.0
entamoeba_histolytica,0,1,0.0
ros_generation,0,1,0.0
cytoplasmic_anchor,0,1,0.0
intracellular_oxidant_stress,0,1,0.0
il-6_response_element,0,1,0.0
ly294002,0,1,0.0
ribonuclease_protection_assay,0,1,0.0
"nuclear,_dna_binding_state",0,1,0.0
il-4-mediated_phosphorylation,0,1,0.0
slp-76-associated_substrate,0,1,0.0
sialyltransferase,0,1,0.0
pp65,0,1,0.0
lymphoblastoid_t,0,1,0.0
human_cd80,0,1,0.0
bone_marrow,0,1,0.0
impair_host_immunity,0,1,0.0
homocysteine,0,1,0.0
octamer_motif,0,1,0.0
downstream_regulatory_element_1,0,1,0.0
short_dna_sequence,0,1,0.0
redox_status,0,1,0.0
vr,0,1,0.0
fasl_expression,0,1,0.0
n9_murine_microglial_cell_line,0,1,0.0
over-expressing_monocyte,0,1,0.0
anti-ig_treatment,0,1,0.0
endonuclease_analysis,0,1,0.0
morning_plasma_cortisol_value,0,1,0.0
free_radical_production/oxidative_stress,0,1,0.0
tcr/cd3,0,1,0.0
mutant_mouse,0,1,0.0
urinary_free_cortisol_excretion,0,1,0.0
serine/threonine_kinase_inhibitor,0,1,0.0
ileal_resection,0,1,0.0
nur77_alpha,0,1,0.0
mutant_tnfri,0,1,0.0
nuclei,0,1,0.0
anergic_conditions,0,1,0.0
ebv-infected_b_cell,0,1,0.0
tf_site,0,1,0.0
b2_complex,0,1,0.0
chronically_infected_promonocytic_cell_line_u1,0,1,0.0
proteolysis-resistant_inhibitor,0,1,0.0
platelet_factor_4_megakaryocytic_transcript,0,1,0.0
m2_leukemic_cell,0,1,0.0
transient_cat_assay,0,1,0.0
rar(alpha)_level,0,1,0.0
renin-angiotensin_system,0,1,0.0
il-2_dependent,0,1,0.0
myeloid/monocytic_differentiation,0,1,0.0
mono_mac-6_cell,0,1,0.0
non-tumor_material,0,1,0.0
methylation,0,1,0.0
apoptosis_effector,0,1,0.0
steady-state_protein_level,0,1,0.0
ss_rbc_adhesion,0,1,0.0
high_proliferative_potential,0,1,0.0
gcrbeta-specific_antibody,0,1,0.0
icrf-193-treated_cell,0,1,0.0
myeloid_cell_line,0,1,0.0
rar-beta,0,1,0.0
normal_cell_population,0,1,0.0
hpv,0,1,0.0
human_retinoid-x_receptor_alpha,0,1,0.0
3-o-methyl-d-glucose,0,1,0.0
hla_antigens,0,1,0.0
nuclear_nf-kappa_b_complex,0,1,0.0
c-sis/platelet-derived_growth_factor-b,0,1,0.0
cytomegalovirus_immediate_early_gene_product,0,1,0.0
gpix_promoter/reporter_construct,0,1,0.0
megakaryocyte,0,1,0.0
lacz_reporter_gene,0,1,0.0
ebv-specific_memory_response,0,1,0.0
protein_conjugation,0,1,0.0
pbsc_collection,0,1,0.0
immunohistochemical_procedure,0,1,0.0
rnazol,0,1,0.0
human_c-type_lectin_leukocyte_receptor,0,1,0.0
kinase_zap-70,0,1,0.0
very_early_activator_protein_(ap)-1,0,1,0.0
nf-kappa_b1_transcription,0,1,0.0
aminoguanidine,0,1,0.0
viral_and_cellular_gene,0,1,0.0
transcriptional_enhancer,0,1,0.0
47_amino_acid,0,1,0.0
ifn(alpha),0,1,0.0
blastic_transformation,0,1,0.0
silencing,0,1,0.0
transgenesis,0,1,0.0
endonuclease,0,1,0.0
tpa-treated_hl-60/vinc_cell,0,1,0.0
cd3+/cd4+_t_cell,0,1,0.0
jurkat_leukemic_t_cell,0,1,0.0
human_cd5_gene,0,1,0.0
immunologic_nos,0,1,0.0
dna_binding_complex,0,1,0.0
single_nucleotide_mutation,0,1,0.0
core_enhancer,0,1,0.0
ar_gene,0,1,0.0
heterodimers,0,1,0.0
megakaryocytic_cell_surface_marker,0,1,0.0
nuclear_run-off_assay,0,1,0.0
u373_mg_cell,0,1,0.0
helper-inducer_(memory)_t_cell,0,1,0.0
fibrinogen-induced_nf-kappa_b_activation,0,1,0.0
human_gata3_transcription_unit,0,1,0.0
5'-deletion_construct,0,1,0.0
nuclear_transcription_factor-kappa_b_p65_(rel_a)_subunit,0,1,0.0
chloramphenicol_acetyltransferase_assay,0,1,0.0
ga-binding_protein_(gabp)_transcription_factor,0,1,0.0
leukocyte_anti-infective_activity,0,1,0.0
serum-grown_hl60_cell,0,1,0.0
tumour_necrosis_factor-alpha,0,1,0.0
thrombin,0,1,0.0
human_immunodeficiency_virus_(hiv)_gene,0,1,0.0
cd33,0,1,0.0
serum-starved_cell,0,1,0.0
camkiv/gr,0,1,0.0
il-2-independent_t-cell_transformation,0,1,0.0
x-chromosome,0,1,0.0
myeloproliferative_disorder,0,1,0.0
streptoavidin-biotin_peroxidase_method,0,1,0.0
airway_tissue,0,1,0.0
xenobiotic,0,1,0.0
fcepsilonriib,0,1,0.0
s._typhimurium,0,1,0.0
plasmacytoma_cells,0,1,0.0
congenital_defect,0,1,0.0
initiation_site,0,1,0.0
zeta_2-globin_promoter_activity,0,1,0.0
coimmunoadsorption,0,1,0.0
translocation_partner,0,1,0.0
i_gamma_4,0,1,0.0
random_oligonucleotide,0,1,0.0
non-erythroid_cell_line,0,1,0.0
endothelial_cell-derived_conditioned_medium,0,1,0.0
restriction_endonucleases,0,1,0.0
lps-induced_tnf_production,0,1,0.0
plasma_acth,0,1,0.0
arre-1_site,0,1,0.0
cd20+_b_cell,0,1,0.0
il-7r,0,1,0.0
doc,0,1,0.0
lps-induced_nf_kappa_b_activation,0,1,0.0
macrophage_colony-stimulating_factor_(m-csf)_receptor,0,1,0.0
dna-binding/immunoprecipitation_assay,0,1,0.0
electrolyte_concentration,0,1,0.0
mr-count,0,1,0.0
oxygen_species-mediated_suppression,0,1,0.0
footprint_i,0,1,0.0
tumor-derived_soluble_product,0,1,0.0
biochemical_and_molecular_event,0,1,0.0
ap-1_reporter,0,1,0.0
freshly_isolated_memory_t_cell,0,1,0.0
0.5-gy_exposure,0,1,0.0
activated_cd4+_t_cell,0,1,0.0
nontoxic_concentration,0,1,0.0
transactivator,0,1,0.0
pma-induced_jnk_activation,0,1,0.0
euthyroid,0,1,0.0
viral_rna_synthesis,0,1,0.0
b-cell-specific_promoter,0,1,0.0
xenogeneic_serum,0,1,0.0
b-cell_activation,0,1,0.0
wild-type_ciita_activity,0,1,0.0
dna-transfected_u-937_cell,0,1,0.0
churg-strauss_syndrome,0,1,0.0
steroid_hormone_anti-sera,0,1,0.0
rheumatoid_arthritis_synovial_tissue,0,1,0.0
polysaccharide,0,1,0.0
ag-490,0,1,0.0
thymic_cellularity,0,1,0.0
alanine,0,1,0.0
alpha_chain,0,1,0.0
vitamin_d_receptor_mrna,0,1,0.0
anti-cd2_receptor_antibody,0,1,0.0
thromboxane_a2,0,1,0.0
chromosome_16,0,1,0.0
ctl-specific_expression,0,1,0.0
cd40_signaling_cascade,0,1,0.0
dna-binding_regulatory_protein,0,1,0.0
mononuclear_blood_cell,0,1,0.0
osteoclast-like_cell,0,1,0.0
z_transactivator,0,1,0.0
palindromic_octamer_sequence,0,1,0.0
bovine_corneal_endothelium,0,1,0.0
monocyte_chemoattractant_protein_1,0,1,0.0
[3h]calcitriol/vdr,0,1,0.0
lymphocyte-specific_member,0,1,0.0
kidney_insufficiency,0,1,0.0
xist_locus,0,1,0.0
ebv_lytic_cycle,0,1,0.0
composite_motif,0,1,0.0
long-term_inositol_phosphate_release,0,1,0.0
antigen-induced_il-2_secretion,0,1,0.0
lymphocyte_subpopulation,0,1,0.0
gc_receptor_affinity,0,1,0.0
b_cell-specific_complex,0,1,0.0
c_epsilon_gas_dna-protein_binding_complex,0,1,0.0
e7,0,1,0.0
thp-1_(human_monocyte)_cell,0,1,0.0
anti-stat_antibody,0,1,0.0
3q26,0,1,0.0
peripheral_blood_neutrophil,0,1,0.0
cis-acting_negative_regulatory_element,0,1,0.0
epo-independent_hcd57-srei_cell,0,1,0.0
apo-1/fas,0,1,0.0
nuclear_factor-mu_negative_regulator_(nf-munr)_enhancer_repressor_overlap_nuclear_matrix_attachment_regions,0,1,0.0
lps-responsive_cell,0,1,0.0
bcl-xl_protein,0,1,0.0
lps-mediated_endothelial_activation,0,1,0.0
sp1_sites,0,1,0.0
uas1,0,1,0.0
myelo-monocytic_cell,0,1,0.0
purified_factor,0,1,0.0
jurkat-derived_t_cell_line,0,1,0.0
hemopoietic-derived_tissue,0,1,0.0
zeta-globin_mrna_cap_site,0,1,0.0
fos-b,0,1,0.0
replication_deficient,0,1,0.0
roi-reactive_fluorochrome,0,1,0.0
pma/ca2+_ionophore_stimulation,0,1,0.0
phase_1_adhesion,0,1,0.0
qp,0,1,0.0
memory_ctl,0,1,0.0
mini-ebv_plasmid,0,1,0.0
human_immunodeficiency_virus_type_1_nef_protein,0,1,0.0
b-lymphocyte_cell_cycle_activation,0,1,0.0
tumor-infiltrating_lymphocyte,0,1,0.0
wild-type_il-2r_alpha_kappa_b_enhancer,0,1,0.0
sp_binding_site,0,1,0.0
hs_iii,0,1,0.0
oct-2_gene_expression,0,1,0.0
cytokine_receptor_superfamily,0,1,0.0
hairy_cell_leukemia,0,1,0.0
"active,_dimeric_form",0,1,0.0
essential_positive_regulatory_element,0,1,0.0
erythroid-specific_chromatin_structure,0,1,0.0
protein_tyrosine_kinase_dependent,0,1,0.0
hiv_tat_expression,0,1,0.0
cona,0,1,0.0
t_cell_repertoire_development,0,1,0.0
lower-affinity_site,0,1,0.0
skf525a,0,1,0.0
methionine,0,1,0.0
phosphorylated_c-jun,0,1,0.0
in_vitro_activated_lymphocyte,0,1,0.0
blood_vessel,0,1,0.0
vaccinia_vector,0,1,0.0
twhf_extract,0,1,0.0
pre-b_cell_stage,0,1,0.0
dfc,0,1,0.0
transcriptional_transactivator_protein,0,1,0.0
anti-il-10_antibody,0,1,0.0
hela-tat_cell,0,1,0.0
arg143gln,0,1,0.0
staphylococcus_aureus_replication_initiation_protein,0,1,0.0
hl-60_promyelocytic_leukemia_cell,0,1,0.0
half-life_study,0,1,0.0
proximal_cd25_promoter,0,1,0.0
ltr-directed_transcription,0,1,0.0
sodium_selenite,0,1,0.0
lymphoid_cell_differentiation,0,1,0.0
monocytic_thp-1_cell,0,1,0.0
erythrocyte_gene,0,1,0.0
cd38,0,1,0.0
tcr-induced_protein_tyrosine_phosphorylation,0,1,0.0
esterase,0,1,0.0
immunocytochemical_analysis,0,1,0.0
truncated_nm23-h2_protein,0,1,0.0
c-fes,0,1,0.0
c-jun_gene_expression,0,1,0.0
mlv_transcriptional_activity,0,1,0.0
am580,0,1,0.0
otafii110,0,1,0.0
protein_kinase_b,0,1,0.0
hydroxylamine,0,1,0.0
in_vitro_kinase_assay,0,1,0.0
medullary_region,0,1,0.0
tlck,0,1,0.0
human_leukemia_cell,0,1,0.0
ul75,0,1,0.0
cd28_costimulatory_receptor,0,1,0.0
transcript,0,1,0.0
foreign_antigen,0,1,0.0
zfh_family,0,1,0.0
normal_hematopoietic_progenitor,0,1,0.0
putative_hematopoietic_stem_cell,0,1,0.0
transcription_factor_requirement,0,1,0.0
intestinal_calcium_absorption,0,1,0.0
distal_purine_box,0,1,0.0
pigeon_cytochrome_c,0,1,0.0
[3h]-dex-binding_assay,0,1,0.0
18-20_residue-long_peptide_fragment,0,1,0.0
p21(waf1/cip1)_protein_level,0,1,0.0
il-13-induced_response,0,1,0.0
anti-vcam_antibody,0,1,0.0
b-cell_chronic_lymphocytic_leukaemia,0,1,0.0
human_immunodeficiency_virus_type_1_(hiv-1)_tat,0,1,0.0
bal_content,0,1,0.0
destabilization,0,1,0.0
consensus_heat_shock_element,0,1,0.0
human_estrogen_receptor,0,1,0.0
pu.1/spi-1,0,1,0.0
human_immunodeficiency_virus_(hiv)_type_1_long_terminal_repeat,0,1,0.0
calcium_ionophore-induced_c-myc_suppression,0,1,0.0
htlv-i_taxi,0,1,0.0
human_natural_killer_cell,0,1,0.0
hypercholesterolemic_(fh)_subjects,0,1,0.0
anti-dnp_antibody,0,1,0.0
hormonal_response,0,1,0.0
calcium-dependent_signal,0,1,0.0
nf-kappab-dependent_transcriptional_activation,0,1,0.0
coimmunoprecipitation_experiment,1,1,0.0
240_bp,0,1,0.0
ubiquitously_active_factor,0,1,0.0
5-lox_system,0,1,0.0
tsh_receptor,0,1,0.0
inducible_interleukin-2_enhancer_function,0,1,0.0
immature_(ccrf-cem)_t-cell_line,0,1,0.0
vitro_stimulated_human_tonsil_b_lymphocyte,0,1,0.0
anti-cd40_mab,0,1,0.0
glycation-induced_cell,0,1,0.0
proline_content,0,1,0.0
human_t_helper_1_cell,0,1,0.0
p105_precursor,0,1,0.0
multiple_polypeptide_subunit,0,1,0.0
granulocyte/macrophage_colony-stimulating_factor,0,1,0.0
phosphorylated_prb,0,1,0.0
thyroid_hormone,0,1,0.0
murine_bone_marrow_repopulating_stem_cell,0,1,0.0
normal_human_t_cell,0,1,0.0
er_overexpression,0,1,0.0
phosphatidylinositol_3-kinase_(pi_3-kinase)_activity,0,1,0.0
octamer-binding_element,0,1,0.0
fatigue,0,1,0.0
functional_receptor-effector_system,0,1,0.0
interferon-alpha,0,1,0.0
prodrug,0,1,0.0
cyclophosphamide,0,1,0.0
viral_activation_process,0,1,0.0
cytoplasmic_serine_kinase,0,1,0.0
dna-binding_lac_repressor,0,1,0.0
proliferation_reduction_mechanism,0,1,0.0
antigen-presenting_cells_to_cd4(+)_t_cell,0,1,0.0
peptide_mapping,0,1,0.0
body_burden_reference_value,0,1,0.0
roi-dependent_nf-kappab_mediated_transcription,0,1,0.0
acute_lymphoblastic_leukemia_chimera_e2a-hlf,0,1,0.0
cd4-positive_lymphocyte_cytotoxicity,0,1,0.0
membrane-mediated_signaling_event,0,1,0.0
fkhrl1_gene,0,1,0.0
ultrafiltration,0,1,0.0
cytokine_treatment,0,1,0.0
xist_expression,0,1,0.0
blood_mononuclear_cell,0,1,0.0
maximal_thymidine_incorporation,0,1,0.0
mycoplasma-derived_material,0,1,0.0
hepor_transcription_activity,0,1,0.0
gp41-induced_il-10_production,0,1,0.0
cd3+_cell,0,1,0.0
p14tcl1,0,1,0.0
assay_condition,0,1,0.0
virally_transformed_cell,0,1,0.0
viral_lytic_cycle_promoter,0,1,0.0
5'_-flanking_sequence,0,1,0.0
xp-b,0,1,0.0
htlv-ii_p37tax,0,1,0.0
untransformed_steroid_receptor_complex,0,1,0.0
human_neuroblastoma_cell_line,0,1,0.0
spi-1_transfectant,0,1,0.0
18-deoxyaldosterone,0,1,0.0
thyrocyte,0,1,0.0
ebna-2,0,1,0.0
cell-free_processing_system,0,1,0.0
tnf_promoter_region,0,1,0.0
er_mrna,0,1,0.0
insulin-gene_regulation,0,1,0.0
phopc,0,1,0.0
mapk_kinase-1,0,1,0.0
nf-kappab-dna_binding,0,1,0.0
600_bp,0,1,0.0
pma-induced_cell_adhesion,0,1,0.0
hpp-cfc,0,1,0.0
creb_family_of_protein,0,1,0.0
il-2_receptor_(il-2r)_alpha_chain_gene,0,1,0.0
nf-kappa_b_dna_probe,0,1,0.0
"(6,7-3h)_estradiol",0,1,0.0
t-lymphocytic_ach-2_cell,0,1,0.0
5-lox_activating_protein,0,1,0.0
microsomal_p-nitrophenyl_sulfatase_activity,0,1,0.0
myeloid-specific_promoter_activity,0,1,0.0
discordant_expression,0,1,0.0
lymphocyte_maturation,0,1,0.0
western,0,1,0.0
tam-treated,0,1,0.0
human_blood_mononuclear_cell,0,1,0.0
retinoid-dependent_differentiation_marker,0,1,0.0
thapsigargin_treatment,0,1,0.0
alpha-lipoate,0,1,0.0
conserved_binding_sites,0,1,0.0
general_initiation_factor,0,1,0.0
truncated_raralpha,0,1,0.0
dimerization_cofactor,0,1,0.0
steroid/thyroid_hormone_response_element,0,1,0.0
membrane_level,0,1,0.0
agataa,0,1,0.0
deranged_cellular_cholesterol_homeostasis,0,1,0.0
transactivation_potential,0,1,0.0
cytokine-induced_function,0,1,0.0
leukocyte_cell_membrane,0,1,0.0
crh_synthesis,0,1,0.0
jak3,0,1,0.0
sequence,0,1,0.0
endothelial_cell-monocyte_(ec-mn)_adhesion,0,1,0.0
t_cell-specific_manner,0,1,0.0
cell_cycle_variation,0,1,0.0
vertebrate,0,1,0.0
nfatc,0,1,0.0
tax-responsive_element_1,0,1,0.0
early_b_lymphocyte_differentiation,0,1,0.0
two_purine-rich_motif,0,1,0.0
oncogenic_protein,0,1,0.0
human_type_ii_interleukin-1,0,1,0.0
acute_promyelocytic_leukemia_(apl)_cell,0,1,0.0
cultured_t_cell,0,1,0.0
varicella_zoster_virus,0,1,0.0
e1a_oncogene,0,1,0.0
normotensive_volunteer,0,1,0.0
35-kda_(alpha)_subunit,0,1,0.0
elderly,0,1,0.0
library_screening,0,1,0.0
pbc.m2,0,1,0.0
individual,0,1,0.0
lambda5,0,1,0.0
inducible_nuclear_factor-kappab_(nf-kappab)_(rel_a)_binding_site,0,1,0.0
pmn_adhesion,0,1,0.0
mature_p50_subunit,0,1,0.0
glucocorticoid_effector_mechanism,0,1,0.0
il-6-responsive_gene_element,0,1,0.0
signal_transducer_and_activator_of_transcription_(stat)_transcription_factor_activity,0,1,0.0
12-o-tetradecanoylphorbol-13-acetate_(tpa)-induced_mononuclear_differentiation,0,1,0.0
potent_activator,0,1,0.0
von_willebrand_factor,0,1,0.0
kappa_b_activity,0,1,0.0
tsap,0,1,0.0
lps_receptor,0,1,0.0
ifn-alpha-activated_protein,0,1,0.0
"serum_immunoglobulin_(iga,_igm,_igg)_level",0,1,0.0
lysis_pathway,0,1,0.0
consensus_ap-1_site,0,1,0.0
n-ac-leu-leu-norleucinal,0,1,0.0
mouse_myeloid_leukemia_m1_cell,0,1,0.0
gp120-anti-gp120_immune_complex,0,1,0.0
nih_3t3_cell,0,1,0.0
minor_groove,0,1,0.0
blocking_factor,0,1,0.0
813-bp_open_reading_frame,0,1,0.0
ptt_shift,0,1,0.0
t-cell_signal,0,1,0.0
interleukin-8_gene,0,1,0.0
tetracycline-regulated_promoter,0,1,0.0
stat-1alpha,0,1,0.0
tumor_necrosis_factor_(tnf)-receptor_superfamily,0,1,0.0
lambda5_promoter/enhancer_region,0,1,0.0
golgi,0,1,0.0
cd30l,0,1,0.0
rpos,0,1,0.0
trans-acting_activator,0,1,0.0
cd44_promoter-chloramphenicol_acetyltransferase_reporter_construct,0,1,0.0
human_tonsillar_mononuclear_cell,0,1,0.0
d3_concentration,0,1,0.0
ikaros-null_thymocyte,0,1,0.0
3'_regulatory_sequence,0,1,0.0
early_second_messenger_generation,0,1,0.0
glucocorticoid_receptor_binding_characteristic,0,1,0.0
glutathione_level,0,1,0.0
e-box_motif,0,1,0.0
mouse_homologue,0,1,0.0
brlf-1_locus,0,1,0.0
re-expression,0,1,0.0
kappa_b-4,0,1,0.0
concanavalin_a_stimulation,0,1,0.0
nucleoprotein_complex,0,1,0.0
tumor_necrosis_factor_gene,0,1,0.0
reticulocyte_lysate-synthesized_tr,0,1,0.0
iddm_sera,0,1,0.0
cell_surface_enzyme_immunoassay,0,1,0.0
ikappab_cytoplasmic_inhibitor,0,1,0.0
sbma,0,1,0.0
[3h]vd3,0,1,0.0
cell_surface_activation_marker,0,1,0.0
scl_5'_regulatory_region,0,1,0.0
mitogen-activated_rel-/-_t_cell,0,1,0.0
cyp1a1_mrna_level,0,1,0.0
lambda_5,0,1,0.0
bronchoalveolar_lavage,0,1,0.0
"1_alpha,25-dihydroxyvitamin_d3-mediated_gene_regulation",0,1,0.0
b-cell-specific_gene,0,1,0.0
rhombotin,0,1,0.0
resting_eosinophil,0,1,0.0
squirrel_monkey_receptor,0,1,0.0
csa-treated_leukocyte,0,1,0.0
naive_cd4+_t_cell,0,1,0.0
rii_substrate_peptide,0,1,0.0
ifn_gamma,0,1,0.0
18-oh-b,0,1,0.0
aml1_runt_dna-binding_domain,0,1,0.0
pu.1,0,1,0.0
il-2rgamma_(gammac)_chain,0,1,0.0
coordinated_expression,0,1,0.0
recurrent_genital_herpes_simplex_virus_type_2_lesion,0,1,0.0
b_cell_110-kda_nuclear_protein,0,1,0.0
lymphocyte_transcriptional_activator,0,1,0.0
myeloid-specific_promoter,0,1,0.0
rxr-alpha_mrna,0,1,0.0
stat3gamma,0,1,0.0
comparable_propertie,0,1,0.0
nf-kappa_b1_promoter,0,1,0.0
in_vitro_treatment,0,1,0.0
sos1,0,1,0.0
human_t-cell_receptor_delta_gene_enhancer,0,1,0.0
basic_leucine_zipper_(bzip)_protein,0,1,0.0
intestinal_hyperabsorption,0,1,0.0
ile50-bearing_pbmc,0,1,0.0
hiv_long_terminal_repeat_activation,0,1,0.0
wyeth_14643,0,1,0.0
high-titer_antibody_response,0,1,0.0
weakness,0,1,0.0
t(1;19)_chromosomal_translocation,0,1,0.0
cd4(+)_t_helper_cell,0,1,0.0
camp_regulatory_element_binding_protein,0,1,0.0
nonpituitary_prl_gene_expression,0,1,0.0
pseudo-tumor_necrosis_factor_receptor,0,1,0.0
intracellular_localization,0,1,0.0
cotransfected_hgata-3,0,1,0.0
myocardial_infarction,0,1,0.0
4.2_kilobases_of_5'-upstream_sequence,0,1,0.0
plasma_sialyltransferase_level,0,1,0.0
orf_62,0,1,0.0
erythrocyte_duffy_protein,0,1,0.0
nuclear_receptor_protein,0,1,0.0
wilms'_tumor_suppressor_gene,0,1,0.0
cytolytic_resistance,0,1,0.0
nf-kappa_b-related_protein,0,1,0.0
ebv_latency,0,1,0.0
4x_nf-at-oct_construct,0,1,0.0
monocytic/myeloic_gene,0,1,0.0
lipopolysaccharide-induced_tyrosine_kinase_activation,0,1,0.0
nfat_regulatory_domain,0,1,0.0
stp-c488-mediated_transformation,0,1,0.0
type_i_collagen_fibril,0,1,0.0
tr_alpha_1,0,1,0.0
lps-mediated_saa_gene_induction,0,1,0.0
band_neutrophil,0,1,0.0
tsh_level,0,1,0.0
jun/ap-1,0,1,0.0
pge2,0,1,0.0
cyclic_pressure-stretching_load,0,1,0.0
fh,0,1,0.0
creb)/activating_transcription_factor-1_(atf-1)_family,0,1,0.0
phenylpyrazolo_glucocorticoid,0,1,0.0
amino_acid_207_to_368,0,1,0.0
megakaryocytes_blocked_differentiation,0,1,0.0
myeloid-associated_gene,0,1,0.0
differentiation-dependent_peroxisomal_proliferator-activated_receptor_gamma,0,1,0.0
il-2r(alpha)_chain_mrna_induction,0,1,0.0
highly_purified_human_colony_forming_unit-erythroid_cell,0,1,0.0
transiently_transfected_expression_vector,0,1,0.0
cellular_proliferation_control,0,1,0.0
surface_immunoglobulin_receptor,0,1,0.0
cd86,0,1,0.0
rar_activation,0,1,0.0
ets_transcription_factor/oncoprotein_family,0,1,0.0
gliadin_peptide-hla_class_ii_molecule-t_cell_interaction,0,1,0.0
thyromimetic_effect,0,1,0.0
kb-like_proto-enhancer_element,0,1,0.0
eb1-like_gene_family,0,1,0.0
gasd/ebsd_element,0,1,0.0
vzv_immune_human_donor,0,1,0.0
human_prointerleukin_1_beta,0,1,0.0
627-bp_full-length_promoter_fragment,0,1,0.0
undifferentiated_human_monocytic_cell,0,1,0.0
ifngamma_response_region,0,1,0.0
bcl-6_coding_domain,0,1,0.0
p53-mediated_interference,0,1,0.0
t_cell_inhibitory_activity,0,1,0.0
cooh-terminally_truncated,0,1,0.0
e220k-ubiquitinylated_c-jun,0,1,0.0
influenza_virus-exposed_t_cell,0,1,0.0
hsf_activation,0,1,0.0
cd11c_promoter-_luciferase_construct,0,1,0.0
receptor_abnormality,0,1,0.0
childhood_acute_t_lymphoblastic_leukemia_cell,0,1,0.0
oct-1_binding,0,1,0.0
interleukin-4,0,1,0.0
human_equivalent,0,1,0.0
heterodimeric_nfkb2(p49)/rela(p65)_protein,0,1,0.0
mouse-repopulating_stem_cell,0,1,0.0
phase_2_response,0,1,0.0
pha_treatment,0,1,0.0
differentiation_assay,0,1,0.0
substsp34,0,1,0.0
rwleu-4,0,1,0.0
hiv-1_ltr_activity,0,1,0.0
clonality_analysis_method,0,1,0.0
epstein-barr_virus_protein_ebna2,0,1,0.0
cellular_phenotype,0,1,0.0
tf_antigen,0,1,0.0
e47,0,1,0.0
immunosuppressive_efect,0,1,0.0
novel_ets_transcription_factor,0,1,0.0
extracellular_matrix_protein,0,1,0.0
myd88-/-_th1-developing_cell,0,1,0.0
triiodothyronine_sulfate,0,1,0.0
double-stranded_rna,0,1,0.0
thymocyte-specific_gene_expression,0,1,0.0
proliferative_activity,0,1,0.0
sh2,0,1,0.0
nuclear_factor-kappab-mediated_phenomenon,0,1,0.0
igg_autoantibody,0,1,0.0
immunologically_relevant_protein,0,1,0.0
il-1ra,0,1,0.0
alveolar_lymphocyte,0,1,0.0
htlv-i-bearing_cell_line,0,1,0.0
ets-1_proto-oncogene,0,1,0.0
reverse_transcription-pcr-based_approach,0,1,0.0
anti-hrbc_antibody,0,1,0.0
octamer/oct-dependent_transcription,0,1,0.0
death-inducing_protein,0,1,0.0
microglial_cell_stimulation,0,1,0.0
nf-m-estrogen_receptor,0,1,0.0
il-5_mrna,0,1,0.0
retinoic_acid_receptor_alpha_(rar_alpha)_gene,0,1,0.0
lipopolysaccharide-stimulated_u937_cell,0,1,0.0
pafr_transcript_1,0,1,0.0
signal-dependent_manner,0,1,0.0
short_promoter_region,0,1,0.0
nuclear_factor_nf-at,0,1,0.0
cem_c7_cell,0,1,0.0
affected_cell,0,1,0.0
high-affinity_receptor,0,1,0.0
exogenous_il-2,0,1,0.0
nuclear_factor-kappa_b,0,1,0.0
tcralpha_enhancer,0,1,0.0
pgn-induced_activation,0,1,0.0
polyoma_enhancer,0,1,0.0
reverse_transcriptase_polymerase_chain_reaction_analysis,0,1,0.0
human_gamma-globin_promoter,0,1,0.0
hiv-1_tat_gene,0,1,0.0
sequence-specific_dna-bound_complex,0,1,0.0
lipopolysaccharide-induced_tnf-alpha_production,0,1,0.0
activator_protein_3,0,1,0.0
lef/tcf_binding,0,1,0.0
intrinsic_dna_affinity,0,1,0.0
endogenous_nfat,0,1,0.0
il-1-ra,0,1,0.0
nf-kappa_b-like_sequence,0,1,0.0
enzymatic_footprinting_procedure,0,1,0.0
cd2_signalling,0,1,0.0
aml,0,1,0.0
ligand_signal,0,1,0.0
dm_gene,0,1,0.0
p70(s6)-kinase_activation,0,1,0.0
cag_repeats,0,1,0.0
tad-b,0,1,0.0
human_and_mouse_intraspecies_hybrid,0,1,0.0
alloimmune_neutropenia,0,1,0.0
truncated_peptide,0,1,0.0
i_epsilon_exon,0,1,0.0
aml1/cbf_beta,0,1,0.0
classical_p50/p65_heterodimer,0,1,0.0
intracellular_calcium_increase,0,1,0.0
bw_828,0,1,0.0
nfat-mediated_transactivation,0,1,0.0
wildtype_aes_sequence,0,1,0.0
human_t-cell_leukemia_virus_i,0,1,0.0
intracellular_reactive_oxygen_species,0,1,0.0
dcoh,0,1,0.0
mtcp1,0,1,0.0
k562_nuclear_extract,0,1,0.0
vpreb1,0,1,0.0
sialoadhesin,0,1,0.0
5'-ggaa-3',0,1,0.0
identifiable_risk_factors,0,1,0.0
repressor_molecule,0,1,0.0
ad2_infection,0,1,0.0
potent_mitogen,0,1,0.0
hematopoietic_growth_factor-dependent_cell_line,0,1,0.0
serum-free_medium,0,1,0.0
human_il4_promoter,0,1,0.0
xq28_regions,0,1,0.0
dna_sequence,0,1,0.0
plzf_poz_domain,0,1,0.0
gamma-positive_cell,0,1,0.0
r272a,0,1,0.0
pkc_activity,0,1,0.0
cellular_promoter,0,1,0.0
oncoprotein,0,1,0.0
nf-at_transcription_factor,0,1,0.0
isolated_ets-1_protein,0,1,0.0
p13mtcp1_protein,0,1,0.0
potential_therapeutic_target,0,1,0.0
negative-acting_segment,0,1,0.0
trace_element,0,1,0.0
glucocorticoid_receptor_(gr)_expression,0,1,0.0
ca(2+),0,1,0.0
small_maf_family_protein,0,1,0.0
tandem_ap1_site,0,1,0.0
cytoplasmic_factor,0,1,0.0
human_monocyte_monokine_synthesis,0,1,0.0
autoimmune_disease,0,1,0.0
human_haematopoietic_line,0,1,0.0
ventilated_alveolar_macrophage,0,1,0.0
class_i_mhc_antigen,0,1,0.0
beclomethasone_dipropionate,0,1,0.0
steroid_binding_site,0,1,0.0
cn_inhibition,0,1,0.0
primary_cd8+_ctl_response,0,1,0.0
multiple_gata-binding_protein,0,1,0.0
endometriosis,0,1,0.0
transcriptional_regulatory_sequence,0,1,0.0
recombinant_human_tumor_necrosis_factor_(tnf)_binding_protein-1,0,1,0.0
early_lymphoid_cell,0,1,0.0
mutant_ebv_strain,0,1,0.0
tgf-specific_elisa,0,1,0.0
t-cell_inhibitory_effect,0,1,0.0
tumour_cell,0,1,0.0
hs1,0,1,0.0
endogenous_c-myb_expression,0,1,0.0
junb,0,1,0.0
cytokine-inducible_sh2-containing_protein,0,1,0.0
hemopoietic_cell_line,0,1,0.0
transcription_level,0,1,0.0
nonpeptidyl_mimic,0,1,0.0
human_erythropoietin_receptor_gene,0,1,0.0
alpha-ifn,0,1,0.0
plasmodium_vivax_erythrocyte-binding_protein,0,1,0.0
acute_promelocytic_leukemia,0,1,0.0
steroid/thyroid_hormone_receptor_superfamily,0,1,0.0
cd19_gene_expression,0,1,0.0
e74,0,1,0.0
winged-helix_transcription_factor,0,1,0.0
ylpa,0,1,0.0
ifn-gamma-induced_icam-1_message,0,1,0.0
sexual_hormone,0,1,0.0
primary_rhesus_monkey_alveolar_macrophage,0,1,0.0
ig_secretion,0,1,0.0
alternatively_spliced_pax-5_isoform,0,1,0.0
il-4_gene_regulation,0,1,0.0
pma/a23187-induced_nf-at,0,1,0.0
lymphoid_specific_gene_expression,0,1,0.0
icam-1_pire,0,1,0.0
ile50,0,1,0.0
stat3_p92,0,1,0.0
female_volunteer,0,1,0.0
dqa1_polymorphism,0,1,0.0
interleukin_6-induced_differentiation,0,1,0.0
deficiency-cold_syndrome,0,1,0.0
gsh,0,1,0.0
chinese_hampster_ovary_(cho)_cell,0,1,0.0
-c-c_family,0,1,0.0
interleukin_2-induced_lymphocyte_proliferation,0,1,0.0
pro-opiomelanocortin_(pomc)_gene,0,1,0.0
nf-kappa_b_gene,0,1,0.0
pdtc,0,1,0.0
atra-induced_granulocytic_differentiation,0,1,0.0
tumor_necrosis_factor_receptor-associated_factor_6,0,1,0.0
yeast_polypeptide,0,1,0.0
lung_injury,0,1,0.0
human_tonsillar_t-lymphocyte,0,1,0.0
recombinant_plasmid,0,1,0.0
ifn-induced_nk_cell_killing,0,1,0.0
normal_allele,0,1,0.0
traf5,0,1,0.0
il-10_release,0,1,0.0
prl_gene,0,1,0.0
human_cmv_(hcmv)_infection,0,1,0.0
stat5-mediated_gene_expression,0,1,0.0
r24_mab,0,1,0.0
circulating_leukocyte,0,1,0.0
lung_fibroblast,0,1,0.0
biological_phenomenon,0,1,0.0
b-cell-specific_transcription_factor,0,1,0.0
c-terminal_zinc-finger_motif,0,1,0.0
predictive_protein-coding_region,0,1,0.0
ifn-dependent_increase,0,1,0.0
nf-kb_level,0,1,0.0
sodium_fluoride-resistant-_alpha-naphthyl-acetate-esterase,0,1,0.0
p50/p65-nf-kappab,0,1,0.0
conserved_rel_homology_domain,0,1,0.0
genetic_composition,0,1,0.0
t_cell_receptor_signaling_pathway,0,1,0.0
mvec,0,1,0.0
ick-1a,0,1,0.0
transmembrane_and_cytoplasmic_region,0,1,0.0
ep_level,0,1,0.0
tumour_necrosis_factor,0,1,0.0
hiv1_tat_gene,0,1,0.0
myeloid_leukemic_cell_line,0,1,0.0
ctcf_expression,0,1,0.0
drosophila_melanogaster,0,1,0.0
neutrophilic_maturation,0,1,0.0
gm2,0,1,0.0
activated_jurkat_cell_line,0,1,0.0
persistent_group_c_adenoviral_infection,0,1,0.0
fc_gamma_riiia,0,1,0.0
estrogen,1,1,0.0
peritoneal_macrophage,0,1,0.0
partial_cdna,0,1,0.0
human_aml1,0,1,0.0
ets_protein,0,1,0.0
oct1_protein,0,1,0.0
major_transcriptional_start_site,0,1,0.0
th2-specific_expression,0,1,0.0
giant_cell_arteritis,0,1,0.0
cytoplasmic_effector_protein,0,1,0.0
nf-munr_repressor,0,1,0.0
c5a-induced_interleukin-8_gene_expression,0,1,0.0
notch1/tan-1_receptor,0,1,0.0
ubiquitin_protein_ligase_e3,0,1,0.0
nh2-terminal_29_residue,0,1,0.0
polar_substitution,0,1,0.0
tyrosine_kinase_p56(lck),0,1,0.0
massive_monocyte_cell_death,0,1,0.0
grbeta_expression_vector,0,1,0.0
alloreactive_response,0,1,0.0
sequence_variant,0,1,0.0
kappab_regulatory_element,0,1,0.0
complexes,0,1,0.0
granulomatoses,0,1,0.0
healthy_donor,0,1,0.0
beta_h1-globin,0,1,0.0
nf-atc/c,0,1,0.0
human_monoblastic_leukemia_u937_cell,0,1,0.0
recombinant_mzf-1_protein,0,1,0.0
b2_promoter,0,1,0.0
viral_protein_vp16,0,1,0.0
octamer_enhancer,0,1,0.0
implications_for_hypersensitivity,0,1,0.0
submaximal_physical_exercise,0,1,0.0
il-1_beta_mrna_expression,0,1,0.0
t_lymphocyte-conditioned_medium,0,1,0.0
v-src,0,1,0.0
3696-bp_coding_region,0,1,0.0
hnf,0,1,0.0
hs_transcription_factor,0,1,0.0
ifn-gamma-induced_mrna,0,1,0.0
actin_mrna,0,1,0.0
chromatographic_step,0,1,0.0
phorbol_ester/il-2,0,1,0.0
igg_fc_receptor_type_ic_gene,0,1,0.0
cadmium,0,1,0.0
tcr_beta_locus,0,1,0.0
ebv-induced_growth_transformation,0,1,0.0
simian_virus,0,1,0.0
cjun,0,1,0.0
octamer-dependent_promoter,0,1,0.0
cd43/leukosialin,0,1,0.0
degenerate_oligonucleotide,0,1,0.0
rare-mediated_transcription,0,1,0.0
hematopoietin_receptor,0,1,0.0
mhc-i-induced_signal_transduction,0,1,0.0
gpiib_promoter,0,1,0.0
commitment_period,0,1,0.0
cysteine_derivative,0,1,0.0
natural_killer_cell_inhibition,0,1,0.0
transcription_initiation_site,0,1,0.0
ptf_beta,0,1,0.0
vdr-rxr-vdre_complex_formation,0,1,0.0
anti-cd3_activation,0,1,0.0
hormonocyte,0,1,0.0
normal_lymphoid_tissue_structure,0,1,0.0
fas-mediated_death,0,1,0.0
ap1_transcriptional_regulator,0,1,0.0
t_cell_interleukin-2_receptor_expression,0,1,0.0
purified_protein_fraction,0,1,0.0
gata-1_heterozygous_mutant_mouse,0,1,0.0
c-fos,0,1,0.0
endogenous_ecto-5'-nt_mrna,0,1,0.0
e74_site,0,1,0.0
mitogen-activated_protein_p38_kinase,0,1,0.0
ala5,0,1,0.0
casein_kinase_ii_site,0,1,0.0
exons_1-8,0,1,0.0
human_b_cell_lymphoma_line,0,1,0.0
glycogen_synthase_kinase-3,0,1,0.0
growth_stimulation,0,1,0.0
cell_cycle_kinetic,0,1,0.0
il-2-induced_heterodimerization,0,1,0.0
t_delta_7_element,0,1,0.0
tr,0,1,0.0
pharmacophore,0,1,0.0
bronchial_asthma,0,1,0.0
fibroadenomas,0,1,0.0
liuwei_dihuang_pill,0,1,0.0
c3heb/fej_[h-2k],0,1,0.0
human_b-lymphocyte_cell_cycle,0,1,0.0
context-dependent_coactivator,0,1,0.0
interferon-treated_cell,0,1,0.0
phosphoinositide_3-kinase,0,1,0.0
ra_signalling_pathway,0,1,0.0
human_genomic_dna_clone,0,1,0.0
cell_morphology,0,1,0.0
"normal_cd56+,_cd16-_nk_precursor_cell",0,1,0.0
icam-1,0,1,0.0
preactivated_primary_nk_cell,0,1,0.0
proinflammatory_lps_receptor,0,1,0.0
cd1a-apc,0,1,0.0
atl-derived_cell_line,0,1,0.0
beta_2-integrin_gene,0,1,0.0
beta-gene,0,1,0.0
oestrogen,0,1,0.0
amino_acid_sequence,0,1,0.0
prriii/cat_reporter_construct,0,1,0.0
el4_cell,0,1,0.0
p55/p75_early,0,1,0.0
no_regulation,0,1,0.0
s194_plasma_cell,0,1,0.0
stat_and_ifn_regulatory_factor_(irf)_family_transcription_factor,0,1,0.0
antimicrovascular_ec_activity,0,1,0.0
lps-induced_nf-kappa_b_activation,0,1,0.0
chloramphenicol_acetyl_transferase_(cat)_reporter_gene,0,1,0.0
hiv-1_long_terminal_repeat_(ltr)-driven_gene_expression,0,1,0.0
splenic_precursor_cell,0,1,0.0
uv-induced_activation,0,1,0.0
protein_kinase_inhibitor_h-7,0,1,0.0
ubiquitous_oligopeptide,0,1,0.0
tcl1_gene,0,1,0.0
cd11b_gene,0,1,0.0
cd40_engagement,0,1,0.0
oxidative_species,0,1,0.0
immunosuppressive_drug,0,1,0.0
depressed_subject,0,1,0.0
modulate_gene_expression,0,1,0.0
phorbol_myristate_acetate-mediated_activation,0,1,0.0
fos_and_jun_proto-oncogene_family,0,1,0.0
p-lps-mediated_signal-transducing_mechanism,0,1,0.0
representational_difference_analysis,0,1,0.0
gata_zinc_finger_domain,0,1,0.0
jak1-binding_proline-rich_box1_region,0,1,0.0
tnfalpha_release,0,1,0.0
antithyroid_drug,0,1,0.0
human_tumor_necrosis_factor_alpha,0,1,0.0
cgata-3,0,1,0.0
cell_biology,0,1,0.0
asymptomatic_family_member,0,1,0.0
chromatin_condensation,0,1,0.0
competence_phase,0,1,0.0
high-throughput_assay,0,1,0.0
ige-binding_protein,0,1,0.0
hiv-1-_ltr-driven_transcription,0,1,0.0
gm-csf_promoter-driven_reporter_plasmid,0,1,0.0
lysosomal_serine_protease,0,1,0.0
central_rel_similarity_region,0,1,0.0
cd23_cross-linking,0,1,0.0
recurrent_genital_herpes_simplex_virus,0,1,0.0
erythroid_cell_transcription_factor,0,1,0.0
"1_alpha,25-dihydroxyvitamin_d3",0,1,0.0
human_t-cell_lineage,0,1,0.0
ap-1_binding_activity,0,1,0.0
cell_surface_paf_receptor,0,1,0.0
fcs+_culture,0,1,0.0
zeta_2-globin_promoter,0,1,0.0
krox-24,0,1,0.0
e2f1_gene,0,1,0.0
gata-3_promoter_activity,0,1,0.0
ap-1_element,0,1,0.0
co-immunoprecipitation_analysis,0,1,0.0
il-4,0,1,0.0
drip205,0,1,0.0
pth,0,1,0.0
[3h]_labelled_dexamethasone,0,1,0.0
msr_level,0,1,0.0
600_gene,0,1,0.0
insect_cell,0,1,0.0
silencer_activity,0,1,0.0
integrated_provirus,0,1,0.0
neurologic_dysfunction,0,1,0.0
cushing's_disease_patient,0,1,0.0
chronically_hiv-infected_pbmc,0,1,0.0
e-cadherin,0,1,0.0
squirrel_monkey_liver,0,1,0.0
trans-gene_expression,0,1,0.0
site-specific_activator,0,1,0.0
317_base_pair,0,1,0.0
activation-induced_lymphocyte_proliferation,0,1,0.0
p70(s6k),0,1,0.0
senescent_human_t_lymphocyte_culture,0,1,0.0
cytokine-stimulated_activation,0,1,0.0
rabbit,0,1,0.0
rj2.2.5_dqb_gene,0,1,0.0
hiv-1_gene_regulation,0,1,0.0
hyperpolarization,0,1,0.0
lymphoblastoid_cell_outgrowth,0,1,0.0
proinflammatory_mediator,0,1,0.0
myh11_genomic_rearrangement,0,1,0.0
gc-mediated_cell_process,0,1,0.0
oestrogen_antagonist,0,1,0.0
caspase_3-like_protease,0,1,0.0
variable_region_beta_chain_of_(v_beta)_t-cell_receptor,0,1,0.0
thromboxane_receptor,0,1,0.0
tcr_delta_gene_expression,0,1,0.0
rai_therapy,0,1,0.0
ap-1_tre,0,1,0.0
tat-expressing_cell,0,1,0.0
mcp-1_production,0,1,0.0
pre-b_cell_extract,0,1,0.0
fl5.12_line,0,1,0.0
kidney-tonifying,0,1,0.0
il-12_induction,0,1,0.0
polyadenylation_site,0,1,0.0
aml_blast,0,1,0.0
pag_expression,0,1,0.0
cognate_dna_element,0,1,0.0
translocation_t(15;17)(q22;q21,0,1,0.0
taxreb_protein,0,1,0.0
thr729-leu765_sequence,0,1,0.0
human_tcf-1_protein,0,1,0.0
phorbol_ester-inducible_element,0,1,0.0
u.v._cross-linking,0,1,0.0
human_primary_t_lymphocyte,0,1,0.0
endotoxin_tolerance,0,1,0.0
ubiquitous_polypeptide,0,1,0.0
icam1,0,1,0.0
human_epor_gene,0,1,0.0
immunosuppressants,1,1,0.0
3kb_upstream,0,1,0.0
small_basic_potential_phosphoprotein,0,1,0.0
massive_megakaryocyte_accumulation,0,1,0.0
il-2_receptor_alpha_subunit,0,1,0.0
21_base-pair_sequence,0,1,0.0
epstein-barr_virus_negative_bl_41_cell,0,1,0.0
five_tandem_repeat,0,1,0.0
rat_splenocyte_proliferation,0,1,0.0
cat_reporter_gene_construct,0,1,0.0
htlv-i-infected_t-cell_line,0,1,0.0
mutant_allele,0,1,0.0
immunomodulating_activity,0,1,0.0
lymphoid_src_kinase,0,1,0.0
33_nucleotide_change,0,1,0.0
c._elegans,0,1,0.0
bzlf1_protein,0,1,0.0
rcc-s,0,1,0.0
immunosuppressive_property,0,1,0.0
rxr-beta_mrna,0,1,0.0
leucocytic_er,0,1,0.0
hypothyroidism,0,1,0.0
rap1_activation,0,1,0.0
mac-2,0,1,0.0
alveolar_macrophage-depleted_rat,0,1,0.0
neuronal_differentiation,0,1,0.0
eukaryotic_rna_polymerase_ii,0,1,0.0
atl-16t_nuclear_extract,0,1,0.0
57-_to_53-kd_protein,0,1,0.0
plasmodium_falciparum,0,1,0.0
pwm_treated_b_cell,0,1,0.0
lz,0,1,0.0
dihydrofolate_reductase,0,1,0.0
nf-kappab_subunit,0,1,0.0
myeloma_line,0,1,0.0
tumor_necrosis_factor_receptor_1,0,1,0.0
ca2+_signal,0,1,0.0
immunosupershift,0,1,0.0
rskfrqiv,0,1,0.0
gata-1_protein_level,0,1,0.0
myeloid-committed_eosinophil_cell_line,0,1,0.0
transformed_cell_type,0,1,0.0
chronic_myelogenous_leukemia_patient,0,1,0.0
hemopoietic_lineage_restriction,0,1,0.0
higher_affinity_cvz_binding_site,0,1,0.0
ttk,0,1,0.0
class_ii_major_histocompatibility_complex_surface_protein,0,1,0.0
vascular_tone,0,1,0.0
pp1,0,1,0.0
se_stimulation,0,1,0.0
lactate,0,1,0.0
sox9_allele,0,1,0.0
uncommitted_precursor,0,1,0.0
cd4-cd8-double-negative_(dn)_stage,0,1,0.0
nf-kappab-containing_nuclear_extract,0,1,0.0
mitogen-activated_t_lymphocyte,0,1,0.0
heat_shock_gene,0,1,0.0
proliferative_life_span,0,1,0.0
human_inflammatory_diseases,0,1,0.0
t_cell_receptor_(tcr)_responsive_element,0,1,0.0
parasite-mediated_transformation,0,1,0.0
rel-/-_macrophage,0,1,0.0
tyrosine-phosphorylated_peptide,0,1,0.0
b4-2_protein_sequence,0,1,0.0
pokeweed_mitogen,0,1,0.0
monocyte-macrophage_cell,0,1,0.0
tnf/neuron_growth_factor_receptor_family,0,1,0.0
parasite,0,1,0.0
interleukin-9-mediated_cell_proliferation,0,1,0.0
nfat_promoter_activity,0,1,0.0
fos_family_of_gene,0,1,0.0
microtubule,0,1,0.0
p130/rb2,0,1,0.0
signal_transduction_cascade,0,1,0.0
p21ras_small_gtp_binding_protein,0,1,0.0
gal4-substituted_hiv-1_enhancer,0,1,0.0
ap3,0,1,0.0
hs-40_motif,0,1,0.0
e2a_basic_helix-loop-helix_protein,0,1,0.0
daudi_cell,0,1,0.0
il-4-induced_complex,0,1,0.0
ikaros_binding_site,0,1,0.0
x_box_region,0,1,0.0
bmax,0,1,0.0
m41,0,1,0.0
mouse_embryogenesis,0,1,0.0
pxqxt/s,0,1,0.0
v-abl_protein,0,1,0.0
protein_kinase_c_dependent,0,1,0.0
undifferentiated_dc,0,1,0.0
anti-inflammatory,0,1,0.0
hgata-2,0,1,0.0
i_kappab_beta,0,1,0.0
t_cell_protein_binding,0,1,0.0
lysosomal_enzyme_activity,0,1,0.0
p95vav_overexpression,0,1,0.0
cytotoxic_t_lymphocyte_(ctl)_epitope,0,1,0.0
ifna-producing_cell,0,1,0.0
jun/fos_heterodimer,0,1,0.0
nf-kappab_formation,0,1,0.0
synthetic_oligonucleotide,0,1,0.0
primary_erythroblast,0,1,0.0
stat5a_dna_binding_activity,0,1,0.0
dna-binding_assay,0,1,0.0
anti-apoptotic_effect,0,1,0.0
sp100,0,1,0.0
raw264.7_macrophage_cell,0,1,0.0
kappa_b-like_site,0,1,0.0
rheumatoid_arthritis_patient,0,1,0.0
etoposide,0,1,0.0
lymphocyte_function_associated-antigen-1,0,1,0.0
immunoadsorption,0,1,0.0
allergen-specific_t-cell_clone,0,1,0.0
tal-1_gene_product,0,1,0.0
menopausal_women,0,1,0.0
nf-munr_binding,0,1,0.0
zinc_sulfate,0,1,0.0
rpmi_8402,0,1,0.0
oct2-deficient_b_cell,0,1,0.0
monoctye,0,1,0.0
il-2ralpha,1,1,0.0
immune-modulating_effects,0,1,0.0
glucocorticoid_hormone,0,1,0.0
n-myc_interactor,0,1,0.0
cl_assay,0,1,0.0
12-o-tetradecanoylphorbol-13-acetate_induced_hemopoietic_differentiation,0,1,0.0
hd_sample,0,1,0.0
pld_activation,0,1,0.0
ewg,0,1,0.0
cbf_beta,0,1,0.0
reciprocal_chromosomal_translocation,0,1,0.0
clinical_significance,0,1,0.0
ebna2_gene,0,1,0.0
c3h_mouse,0,1,0.0
antagonist_activity,0,1,0.0
t_cell_nuclear_extract,0,1,0.0
dg,0,1,0.0
extrarenal_receptor-effector-mechanism,0,1,0.0
bipotential_myelomonoblastic_cell_population,0,1,0.0
nt_4681_to_4701,0,1,0.0
cell_mediated_immune_response,0,1,0.0
hdlm-1_cell,0,1,0.0
zif-268,0,1,0.0
recognition_sequence,0,1,0.0
5'-ctcagga-3',0,1,0.0
du-145,0,1,0.0
constitutive_pi3-kinase/pkb/akt_pathway,0,1,0.0
late_transcription,0,1,0.0
hla_dq2-associated_autoimmune_diseases,0,1,0.0
p49(100),0,1,0.0
single_cd34+thy-1+_cell,0,1,0.0
intrafollicular_t-cell,0,1,0.0
oncogenic_ets_transcription_factor,0,1,0.0
tcr_alpha_enhancer,0,1,0.0
sex_difference,0,1,0.0
monoclonal_anti-d_reagent,0,1,0.0
white_blood_cell,0,1,0.0
cat_enzyme,0,1,0.0
hla-b8-restricted_peptide,0,1,0.0
vd_analogue,0,1,0.0
interleukin-1_beta_converting_enzyme,0,1,0.0
m67,0,1,0.0
membrane_form,0,1,0.0
e3_alpha,0,1,0.0
in_vitro_transendothelial_migration,0,1,0.0
ru_26988,0,1,0.0
heterologous_dc-t-cell_syncytia,0,1,0.0
lbr_gene,0,1,0.0
dominant-negative_activity,0,1,0.0
rat_tissue,0,1,0.0
anergy,0,1,0.0
gr_mrna,0,1,0.0
hiv_virus,0,1,0.0
interleukin-2_receptor-alpha,1,1,0.0
k-ras_mutated_peptide,0,1,0.0
htlv-1-associated_disease,0,1,0.0
heterologous_cytoplasmic_domain,0,1,0.0
ig_kappa_b,0,1,0.0
anoxia/reoxygenation,0,1,0.0
type-specific_oct_factor,0,1,0.0
promoter_induction,0,1,0.0
tumor_outgrowth,0,1,0.0
nonpermissive_temperature,0,1,0.0
ldl-receptor_gene_transcription,0,1,0.0
immunoregulatory_effect,0,1,0.0
lymphokine-activated_killer_(lak)_activity,0,1,0.0
mhc_i,0,1,0.0
serine_kinase_activity,0,1,0.0
laz3/bcl6_transcript,0,1,0.0
mantle_cell_lymphoma,0,1,0.0
rxr-rar_reporter_construct,0,1,0.0
protected_sequence,0,1,0.0
dna_transfection,0,1,0.0
new_protein_synthesis,0,1,0.0
concentratio,0,1,0.0
apoptotic_lymphocyte,0,1,0.0
thalassaemia,0,1,0.0
immunogenic_stimulus,0,1,0.0
r-h_tbp-1,0,1,0.0
western_blot_assay,0,1,0.0
mrna_synthesis,0,1,0.0
redox_modification,0,1,0.0
b_cell-specific_transcriptional_promoter_activity,0,1,0.0
il-6r,0,1,0.0
transcription_factor_complex,0,1,0.0
ebv-associated_nasopharyngeal_carcinoma,0,1,0.0
tnf_mrna_accumulation,0,1,0.0
sea_stimulation,0,1,0.0
bcr1_type,0,1,0.0
leucocytic_estrogen_receptor_level,0,1,0.0
nf-kappa-b_like_consensus_sequence,0,1,0.0
cbg,0,1,0.0
t-cell_nucleus,0,1,0.0
"1,25_alpha-dihydroxicholecalciferol",0,1,0.0
virulent_mutants,0,1,0.0
heteromeric_interaction,0,1,0.0
post-germinal_centre_b_cell,0,1,0.0
clonal_human_b_cell_line,0,1,0.0
proenkephalin_transcription,0,1,0.0
pro-monocytic_cell_line_u937,0,1,0.0
oct-2-dependent_transactivation,0,1,0.0
microb-dependent_enhancer_activity,0,1,0.0
ifn-beta,0,1,0.0
er_alpha,0,1,0.0
t_cell-specific_inducibility,0,1,0.0
hexamethylene_bisacetamide,0,1,0.0
c-myc,0,1,0.0
resting_pbl,0,1,0.0
allele_t,0,1,0.0
htlr2,0,1,0.0
transforming_growth_factor-beta_promoter_polymorphisms,0,1,0.0
neutrophil_il-8_release,0,1,0.0
phosphorylation_level,0,1,0.0
fy*b_coding_sequence,0,1,0.0
p-like_element,0,1,0.0
thymic_dc,0,1,0.0
cyclosporin_a_(csa)-sensitive_factor,0,1,0.0
chicken_erythrocyte_factor,0,1,0.0
pp52_mrna,0,1,0.0
b-lymphoid_line,0,1,0.0
cytotoxic_t_cell_line,0,1,0.0
hsv-1-mediated_induction,0,1,0.0
peripheral_blood_t_cell_activation,0,1,0.0
anti-ig_stimulation,0,1,0.0
atherosclerotic_lesion,0,1,0.0
cell_surface_event,0,1,0.0
ccaat/enhancer,0,1,0.0
ets-1_protein,0,1,0.0
normal_myeloid_development,0,1,0.0
hypereosinophilic_syndrome,0,1,0.0
il-2_receptor_beta_chain,0,1,0.0
sequence-specific_collinear_triplex,0,1,0.0
"wild-type,_but_not_the_kappab-mutated,_hiv-1_ltr_region",0,1,0.0
murine_multipotential_fdcp-mix_a4_cell,0,1,0.0
c-terminal_segment,0,1,0.0
cellular_growth_and_differentiation,0,1,0.0
5'_portion,0,1,0.0
icr-27,0,1,0.0
waf1,0,1,0.0
cytoskeletal_integrity,0,1,0.0
osf2,0,1,0.0
c57mg_fibroblast_cell,0,1,0.0
maltose_binding_protein,0,1,0.0
ebna-2_expression,0,1,0.0
bcl-6_gene_product,0,1,0.0
b_lymphocyte,0,1,0.0
tyrosine-phosphorylated_lat/pp36/38,0,1,0.0
bone_metastasis,0,1,0.0
seb,0,1,0.0
wild_type_ikk2,0,1,0.0
ser386-val525,0,1,0.0
degranulated_mast_cell,0,1,0.0
ubiquitous_oct-1_protein,0,1,0.0
pkc-induced_activation,0,1,0.0
ki-67_staining,0,1,0.0
gcr_treatment,0,1,0.0
bcl6_rearrangement,0,1,0.0
granulocyte_colony-stimulating_factor_receptor_promoter,0,1,0.0
human_t_cell_line,0,1,0.0
erythroid_colony_development,0,1,0.0
75-kd_protein,0,1,0.0
intact_cell,0,1,0.0
higher_affinity_site,0,1,0.0
allele_distribution,0,1,0.0
nuclear_factor-kappab_activation,0,1,0.0
plasma_estradiol,0,1,0.0
nuclear_nfkappab,0,1,0.0
protease-_and_oxidant-rich_purulent_airway_secretion,0,1,0.0
antagonism,0,1,0.0
estrogen_receptor_(er)_transcript,0,1,0.0
interleukin-2_enhancer,0,1,0.0
bcl-6_5'-noncoding_region,0,1,0.0
granulocyte-macrophage_csf,0,1,0.0
l-34,0,1,0.0
thyroglobulin,0,1,0.0
human_immunodeficiency_virus_type_1_expression,0,1,0.0
-1280_element,0,1,0.0
molt4_c-myc_mrna,0,1,0.0
apc_culture,0,1,0.0
ptpase,0,1,0.0
lymphoblastoid_cell_line_stimulation,0,1,0.0
granzyme_b_promoter_activation,0,1,0.0
p95vav_involvement,0,1,0.0
t_cell-restricted_activity,0,1,0.0
in_situ_uv_cross-linking_study,0,1,0.0
hiv-1_gp120,0,1,0.0
otf-1,0,1,0.0
ar-5_cell,0,1,0.0
nf.kappa_b_activation,0,1,0.0
rho-regulated_receptor_clustering,0,1,0.0
jak2/stat5_pathway,0,1,0.0
80_kda_glial_labile_repressor_protein,0,1,0.0
mouse_tumorigenicity_assay,0,1,0.0
tp1_gene,0,1,0.0
methyl_xanthine_derivative,0,1,0.0
adult_peripheral_blood,0,1,0.0
respiratory_pathogen,0,1,0.0
jun_oncogene_family_member,0,1,0.0
small_peptidyl_substrate,0,1,0.0
t-cell_lymphoma,0,1,0.0
4855_+/-_1389_sites/cell,0,1,0.0
cis-_and_trans-activating_signal,0,1,0.0
dprl_promoter/reporter_gene_construct,0,1,0.0
tnt_coupled_reticulocyte_lysate_system,0,1,0.0
igg_immune_complex,0,1,0.0
cd3_antigen-derived_signal,0,1,0.0
tissue-specific_regulation,0,1,0.0
pd98059,0,1,0.0
molecular_pathway,0,1,0.0
human_th1_cell,0,1,0.0
4-hydroxytamoxifen,1,1,0.0
nuclear_factor-kappa_b_dna-binding_activity,0,1,0.0
pc-3,0,1,0.0
il-2_gene_expression,1,1,0.0
t_lymphocyte_gene_regulation,0,1,0.0
rejection_responses,0,1,0.0
atra_treatment,0,1,0.0
intense_mucocutaneous_melanosis,0,1,0.0
igm-secreting_cell,0,1,0.0
selective_eosinophil-activating_factor,0,1,0.0
pharmacokinetic,0,1,0.0
gamma-ifn_responsive_gene,0,1,0.0
beta-galactoside-binding_lectin,0,1,0.0
in-situ_detection,0,1,0.0
lps-induced_monocyte_il-1ra_secretion,0,1,0.0
membrane-proximal_region,0,1,0.0
neutral,0,1,0.0
adult_mice,0,1,0.0
sex_differentiation,0,1,0.0
nf-kappab-inducing_kinase,0,1,0.0
serum_withdrawal,0,1,0.0
tafii32,0,1,0.0
potentiates_immunological_function,0,1,0.0
il-8_antigen,0,1,0.0
prolymphocytic_leukemia,0,1,0.0
lps-induced_nf-kappa_b_binding_activity,0,1,0.0
muramyldipeptide,0,1,0.0
c/ebp_epsilon_promoter/enhancer,0,1,0.0
stat5_target_sequence,0,1,0.0
macrophage_colony-stimulating_factor,0,1,0.0
autologous_lymphoblastic_cell_line,0,1,0.0
her-2/neu,0,1,0.0
cd23_mrna,0,1,0.0
lcr_hs4,0,1,0.0
fva_cell_nuclear_extract,0,1,0.0
palindromic_site,0,1,0.0
ag_receptor,0,1,0.0
9-cis-ra,0,1,0.0
ifn-gamma-responsive_promoter,0,1,0.0
nf-kappa_b-dependent_transcription,0,1,0.0
lck_gene_product,0,1,0.0
calcium_pathway,0,1,0.0
env_mrna,0,1,0.0
il-6_inducibility,0,1,0.0
lymphocytic_infiltration,0,1,0.0
mobility_shift_analysis,0,1,0.0
c-fos_protein,0,1,0.0
provirus_induction,0,1,0.0
class_ii_gene_expression,0,1,0.0
t-lymphoid_cell,0,1,0.0
phoq,0,1,0.0
autoregulatory_mechanism_for_transcription,0,1,0.0
il-5_proximal_promoter_region,0,1,0.0
spi-c,0,1,0.0
oligomer,0,1,0.0
fn-induced_il-1beta_protein_production,0,1,0.0
group_ii_type_ii_mhc_cid,0,1,0.0
ebv-positive_endemic_bl,0,1,0.0
-108_to_-95_nt,0,1,0.0
pleiotropic_cellular_transcription_factor,0,1,0.0
interleukin-1_beta_mrna_level,0,1,0.0
t-cell_nuclear_protein_complex,0,1,0.0
gralpha-induced_transactivation,0,1,0.0
hla-dp,0,1,0.0
freshly_isolated_leukemic_cell,0,1,0.0
human_jurkat_t_leukemia_cell,0,1,0.0
dna-pk(cs)_mrna,0,1,0.0
cd4_transcription,0,1,0.0
tuberculosis,1,1,0.0
67_kd,0,1,0.0
htlv-i_tax-transformed_tumor,0,1,0.0
nfat_family_protein,0,1,0.0
egr-1-overexpressing_transfectant,0,1,0.0
integrin-ligand_interaction,0,1,0.0
cd14_coding_sequence,0,1,0.0
resting_normal_human_pbl,0,1,0.0
physiological_regulation,0,1,0.0
immune_function_data,0,1,0.0
ap-1_transcription_factor,0,1,0.0
il-2-deprived_cell,0,1,0.0
glucocorticoid-sensitive_6tg1.1_cell,0,1,0.0
wild-type_ltr,0,1,0.0
monocyte_model_system,0,1,0.0
b_cell-specific_co-activator,0,1,0.0
cyclosporin_a-sensitive_tumor_necrosis_factor,0,1,0.0
ln,0,1,0.0
b558,0,1,0.0
m32,0,1,0.0
human_immunodeficiency_virus_(hiv)_persistence,0,1,0.0
camp-dependent_protein_kinase,0,1,0.0
gene-modified_t_cell,0,1,0.0
ppargamma_ligand,0,1,0.0
n17rac,0,1,0.0
cellular_sensitization,0,1,0.0
leukemia/b_lymphoma_cell_line,0,1,0.0
il-6-mediated_autocrine_tumor_cell_growth,0,1,0.0
inactive_cytoplasmic_complex,0,1,0.0
secondary_lymphoid_organ,0,1,0.0
meta(p),0,1,0.0
t-cell_trans-activator,0,1,0.0
monocyte/b-cell-specific_transcription_factor,0,1,0.0
rheumatoid_synovial_cell,0,1,0.0
promonocytic_leukemia_cells_u937,0,1,0.0
electrophoretic_mobility_shift_assay_complex,0,1,0.0
nf-kappab2_p52,0,1,0.0
ig_beta,0,1,0.0
mutated_enhancer,0,1,0.0
impeded_ligand_testosterone-bsa-fitc,0,1,0.0
p288s,0,1,0.0
non-cell-type-specific_expression,0,1,0.0
delivery,0,1,0.0
rag_gene_expression,0,1,0.0
antiglucocorticoid_property,0,1,0.0
phosphorylation,0,1,0.0
2.5-kilobase_sequence,0,1,0.0
anxiety,0,1,0.0
interferon_beta_gene,0,1,0.0
pro24leu,0,1,0.0
cak,0,1,0.0
interleukin_(il)-1,0,1,0.0
neca,0,1,0.0
cd8_lineage,0,1,0.0
knock-out_mice,0,1,0.0
b1_complex,0,1,0.0
nur77_dominant_negative_transgenic_mouse,0,1,0.0
fc_gamma_riia_stimulated_cell,0,1,0.0
dna_strand_competition,0,1,0.0
putative_pu.1_binding_site,0,1,0.0
monocyte_interaction,0,1,0.0
single-copy_gene,0,1,0.0
cellular_calcium,0,1,0.0
ikappab-alpha_inhibitor_hydrolysis,0,1,0.0
e1a-mediated_immune_suppression,0,1,0.0
pathogenic_mechanism,0,1,0.0
cell_surface_receptor,0,1,0.0
b29_promoter_activity,0,1,0.0
adult_hematopoietic_cell,0,1,0.0
oka,0,1,0.0
dra_gene_expression,0,1,0.0
granulocyte-macrophage_colony-stimulating_factor_(gm-csf)_gene_promoter,0,1,0.0
maturation_arrest,0,1,0.0
culture-adapted_tax-transformed_fibroblast,0,1,0.0
srf,0,1,0.0
sh3_domain,0,1,0.0
granulocyte/macrophage_colony-stimulating_factor_basic_promoter,0,1,0.0
c-jun_early_response_gene,0,1,0.0
unique_transcription_factor,0,1,0.0
tr55_expression,0,1,0.0
29-kda_proteolysis-resisting_fragment,0,1,0.0
deoxycorticosterone,0,1,0.0
trep_binding,0,1,0.0
cc(a/t)6gg_(carg)_motif,0,1,0.0
linker_substitution_(ls)_mutation,0,1,0.0
rpos_gene,0,1,0.0
c-fos-two_component,0,1,0.0
phospholipid_surface,0,1,0.0
bcl-2-overexpressed_u937_cell,0,1,0.0
htlv-i(-)_t-cell_line,0,1,0.0
ifn_mrna,0,1,0.0
oncogenic_property,0,1,0.0
human_alveolar_macrophage,0,1,0.0
tumorigenicity,0,1,0.0
yae_antibody,0,1,0.0
interferon-gamma_activated_site,0,1,0.0
chemokine_gene_expression,0,1,0.0
distal_enhancer_element,0,1,0.0
deleted_promoter,0,1,0.0
ubiquitous_repressor,0,1,0.0
hdg-1,0,1,0.0
tenascin,0,1,0.0
-557_and_-417_zeta-_luciferase_construct,0,1,0.0
non-t_(but_not_on_t)_cell,0,1,0.0
combination_chemotherapy,0,1,0.0
antiphosphotyrosine,0,1,0.0
ligand-dependent_recruitment,0,1,0.0
tax-dependent_manner,0,1,0.0
19-bp_site,0,1,0.0
lung_vascular_icam-1,0,1,0.0
gata-1_mrna_level,0,1,0.0
nuclear_factor-kappab_(nf-kappab)/rel_family_member,0,1,0.0
nac_treatment,0,1,0.0
concomitant_cell_proliferation,0,1,0.0
mature_human_monocyte,0,1,0.0
trail,0,1,0.0
mrna_transcription,0,1,0.0
ingested_protein,0,1,0.0
immunoglobulin_gene_expression,0,1,0.0
tnf-alpha_level,0,1,0.0
tnf-alpha-induced_hiv_activation,0,1,0.0
htlv-ii_tax_protein,0,1,0.0
rel_b,0,1,0.0
signal-regulated_protein_kinase_(erk)_activation,0,1,0.0
tcl1_expression,0,1,0.0
brca1,0,1,0.0
human_t-cell-leukemia_virus_type_1,0,1,0.0
anti-hiv-1_therapy,0,1,0.0
tre,0,1,0.0
endothelial_activation,0,1,0.0
thp-1_human_monocytoid_cell,0,1,0.0
polyomavirus_transcription_factor_t-antigen,0,1,0.0
median_dissociation_constant,0,1,0.0
kbf1_factor,0,1,0.0
human_monocytic_thp-1_cell,0,1,0.0
activity_profile,0,1,0.0
cst3,0,1,0.0
depressed_group,0,1,0.0
human_immunodeficiency_virus_replication,0,1,0.0
cultured_nasopharyngeal_carcinoma_(npc)_cell,0,1,0.0
histogenetic_subtype,0,1,0.0
cell_culture_system,0,1,0.0
rp1_protein,0,1,0.0
raralpha/pml_fusion_protein,0,1,0.0
hs-40_enhancer_region,0,1,0.0
erythroid_differentiation_event,0,1,0.0
infectious_proviral_construct,0,1,0.0
fas/apo-1_receptor,0,1,0.0
phosphate_supplementation,0,1,0.0
cf_airway,0,1,0.0
loop_structure,0,1,0.0
phosphatidyl_inositol_3_kinase,0,1,0.0
anti-ebv_antibody_titre,0,1,0.0
primary_nuclear_transcription_factor,0,1,0.0
polyclonal_antiserum,0,1,0.0
pma/iono,0,1,0.0
p53-independent_mechanism,0,1,0.0
ap1_activation,0,1,0.0
octamer-binding_transcription_factor,0,1,0.0
b_cell_lymphoma,0,1,0.0
cell_counterpart,0,1,0.0
slg+_b-acute_lymphoblastic_leukaemia,0,1,0.0
consensus_binding_site,0,1,0.0
myb-transformed_hematopoietic_cell,0,1,0.0
human_15-lo_promoter_region,0,1,0.0
electrolyte_response,0,1,0.0
mutated_strain_of_human_immunodeficiency_virus_type_1,0,1,0.0
endothelial_leukocyte_adhesion_molecule-1,0,1,0.0
phenotypic_expression,0,1,0.0
human_tonsillar_gc_b_cell,0,1,0.0
j_region_gene_segment,0,1,0.0
b2_subunit_promoter_region,0,1,0.0
nk-cell_tumor,0,1,0.0
lysis_mechanism,0,1,0.0
affinity-driven_peptide_selection,0,1,0.0
ets-related_transcriptional_regulator,0,1,0.0
c-fos_transcript,0,1,0.0
c-cbl,0,1,0.0
dna-binding_property,0,1,0.0
e2f-dna_binding_activity,0,1,0.0
campomelic_dysplasia,0,1,0.0
continuous_myeloid_cell_line,0,1,0.0
pkc_isoenzyme,0,1,0.0
tax_induction,0,1,0.0
cytosol_protein,0,1,0.0
viral_episomal_maintenance,0,1,0.0
parasite-induced_constitutive_nf-kappab_activation,0,1,0.0
atopic_disease,0,1,0.0
primitive_erythroid_environment,0,1,0.0
immuno-histochemical_analysis,0,1,0.0
nonmonocytic_cell_lines,0,1,0.0
elderly_(61-80_years)_subject,0,1,0.0
leukemic_cell_differentiation,0,1,0.0
intracellular_signaling,0,1,0.0
sp_1-binding_site,0,1,0.0
t_helper-induced_lymphocyte,0,1,0.0
major_regulatory_factor,0,1,0.0
polymorphonuclear_leukocyte,0,1,0.0
158_base_pairs_upstream,0,1,0.0
kappa_b_complex,0,1,0.0
pebp2_alpha_a1,0,1,0.0
nonactivating_dna-binding_domain,0,1,0.0
chimeric_cd8alpha/il-4ralpha_receptor,0,1,0.0
leukemic_sample,0,1,0.0
glucocorticosteroid_receptor_number,0,1,0.0
1-beta-d-arabinofuranosylcytosine,0,1,0.0
a1.1,0,1,0.0
transcription_complex,0,1,0.0
future_therapeutic_strategy,0,1,0.0
janus_kinase_(jak)-1,0,1,0.0
eia,0,1,0.0
mouse_delta_protein,0,1,0.0
igh,0,1,0.0
ccaat_binding_factor_nf-y,0,1,0.0
extracellular_stimulation,0,1,0.0
dimethyl_sulfoxide-differentiated_hl-60_leukemia_cell,0,1,0.0
complex__x,0,1,0.0
junb_gene_expression,0,1,0.0
normal_b_cell,0,1,0.0
untreated_hl-60_leukemic_cell,0,1,0.0
gr_mrna_level,0,1,0.0
human_il-5_(hil-5)_promoter,0,1,0.0
promoter_transactivation,0,1,0.0
il-2_gene_promoter,0,1,0.0
anti-vcam-1_monoclonal_antibody,0,1,0.0
p_sequence,0,1,0.0
c-rel_proto-oncogene,0,1,0.0
anti-il-6_monoclonal_antibody,0,1,0.0
il-4r_alpha-associated_kinase,0,1,0.0
denaturing_gradient-gel_electrophoresis,0,1,0.0
nfatp_polyclonal_antibody,0,1,0.0
interleukin-2_promoter/reporter_gene_construct,0,1,0.0
mid-age_hypertensive_patient,0,1,0.0
ca,0,1,0.0
normal_glucocorticoid_response,0,1,0.0
neg-2,0,1,0.0
calcineurin-nfat_interaction,0,1,0.0
rabbit_beta_globin_gene,0,1,0.0
newborn,0,1,0.0
overlapping_antisense_rna_probe,0,1,0.0
pb-induced_immunotoxicity,0,1,0.0
extreme_c-terminus,0,1,0.0
sulfhydryl_group,0,1,0.0
epstein-barr_virus_membrane_protein,0,1,0.0
il-2_receptor_(il-2r)_alpha,0,1,0.0
therapeutic_efficiency,0,1,0.0
170-kd_protein,0,1,0.0
5'_upstream,0,1,0.0
c/ebp_gene_family,0,1,0.0
hiv-1(bal),0,1,0.0
anti-cd3-induced_erk_activation,0,1,0.0
nf-atp-mediated_transactivation,0,1,0.0
cd2:lymphocyte_function-associated_ag-3,0,1,0.0
relb_knockout_mouse,0,1,0.0
immunomagnetic_separation,0,1,0.0
pea1,0,1,0.0
tad-a,0,1,0.0
epstein-barr_virus,0,1,0.0
rel-/-_t_cell,0,1,0.0
tf.viia_complex,0,1,0.0
500-bp_human_il-5_gene_segment,0,1,0.0
human_tcr_alpha_enhancer,0,1,0.0
bandshift_assay,0,1,0.0
factor,0,1,0.0
nf-kappa_b-dependent_luciferase_construct,0,1,0.0
early_inflammatory_event,0,1,0.0
12-lipoxygenase_activity,0,1,0.0
gc-r_parameters,0,1,0.0
human_il-4_gene,0,1,0.0
jun/jun_or_jun/fos_protein,0,1,0.0
nf-kappab_inhibitor,0,1,0.0
s._aureus_enterotoxin_b,0,1,0.0
tshr_peptide,0,1,0.0
dihydrofolate_reductase_gene,0,1,0.0
"4,5-dihydro_derivative_18,_19-chloro-21-acetoxypregn-9(11)-en-20-one",0,1,0.0
pge2_production,0,1,0.0
human_tnf_promoter,0,1,0.0
p3hr-1-infected_burkitt's_lymphoma_cell,0,1,0.0
epstein-barr_virus_(ebv)_nuclear_antigen_2,0,1,0.0
g1_cell_cycle_arrest,0,1,0.0
p65,0,1,0.0
cytokine-stimulated_human_umbilical_vein_endothelial_cells,0,1,0.0
tgf-beta_2_transcription,0,1,0.0
human_il-1beta,0,1,0.0
adenovirus_e1b_19k_gene,0,1,0.0
bcl-2_promoter,0,1,0.0
notch_signaling_pathway,0,1,0.0
mouse_il-2r_alpha,0,1,0.0
p85_construct,0,1,0.0
cc_chemokine,0,1,0.0
cell-free_synthesized_hgr,0,1,0.0
hela,0,1,0.0
tre-like_camp_response_element,0,1,0.0
microtubule_dynamics,0,1,0.0
specific_nuclear_factor,0,1,0.0
pkc-dependent_signaling_system,0,1,0.0
burkitt's_lymphoma_rael_cell,0,1,0.0
nm23_protein,0,1,0.0
retinoic_acid-response_element,0,1,0.0
vcam-1_surface_expression,0,1,0.0
hcleo_element,0,1,0.0
immunological_study,0,1,0.0
immunomodulator,0,1,0.0
granulocyte/macrophage-colony-stimulating_factor,0,1,0.0
esterified_egta,0,1,0.0
midbrain_patterning,0,1,0.0
c-jun_induction,0,1,0.0
223-amino_acid_protein,0,1,0.0
germ-line_brca2_mutations,0,1,0.0
p65_antisense_phosphorothioate_oligodeoxynucleotide,0,1,0.0
2-bp_mutation,0,1,0.0
peripheral_blood,0,1,0.0
hiv-tf1,0,1,0.0
early_growth_response_1_gene,0,1,0.0
position_10182_of_exon_5,0,1,0.0
glucocorticoid_hormone_suppression,0,1,0.0
erythroid-specific_gata-1,0,1,0.0
cortex,0,1,0.0
highly_purified_human_t-cell,0,1,0.0
infectious_disease,0,1,0.0
tal-1_rearrangement,0,1,0.0
dithiocarbamate,0,1,0.0
au-rich_element,0,1,0.0
tsc2,0,1,0.0
-392_to_-177_bp,0,1,0.0
costimulated_cd4+_t_cell,0,1,0.0
ciita_expression,0,1,0.0
leukaemogenesis,0,1,0.0
il-12_receptor,0,1,0.0
hiv-1_laboratory_isolates,0,1,0.0
p13mtcp1,0,1,0.0
huaec,0,1,0.0
tnf_transcript,0,1,0.0
recombinant_thyroid_hormone_receptor,0,1,0.0
cortisol_plasma_level,0,1,0.0
granzyme_b_gene_transcription,0,1,0.0
pro-inflammatory_cytokine,0,1,0.0
xenogeneic_human_serum,0,1,0.0
herpes_simplex_virus_type_1,0,1,0.0
keratoacanthoma,0,1,0.0
mhc_class_ii_antigens_expression,0,1,0.0
ig_alpha,0,1,0.0
physiologically_relevant_concentration,0,1,0.0
tcr-mediated_apoptosis,0,1,0.0
nf-kappa_b-inducible_early_gene,0,1,0.0
lymphocyte-activating_cytokine,0,1,0.0
alpha_b2,0,1,0.0
interleukin-1_receptor_synthesis,0,1,0.0
stat_enhancer,0,1,0.0
adolescent_major_depressive_disorder,0,1,0.0
cyclin_d1,0,1,0.0
c-myb_proto-oncogene_product,0,1,0.0
radiation-induced_apoptosis,0,1,0.0
protein,0,1,0.0
clonal_development,0,1,0.0
intralymphocytic_sodium,0,1,0.0
phosphorothioate_antisense_oligodeoxynucleotide,0,1,0.0
rb_binding_site,0,1,0.0
b7_costimulation,0,1,0.0
rac-1_regulated_signaling_pathway,0,1,0.0
"1,25-(oh)2d3_regulation",0,1,0.0
cupric_ion,0,1,0.0
human_erythroleukemia_cell,0,1,0.0
ifn-gamma-induced_transcription,0,1,0.0
t-cell-specific_transcriptional_regulator,0,1,0.0
interleukin_(il)_-3,0,1,0.0
human_keratinocyte,0,1,0.0
taq_i_restriction_enzyme,0,1,0.0
adenoviral_persistence,0,1,0.0
tnfalpha_synthesis,0,1,0.0
apoptosis_signaling_pathway,0,1,0.0
long_terminal_repeat-luciferase_construct,0,1,0.0
therapeutic_approach,0,1,0.0
tumor_necrosis_factor_alpha-mediated_activation,0,1,0.0
nf_kappa_b_activation,0,1,0.0
smx_hypersensitivity,0,1,0.0
transiently_transfected_expression,0,1,0.0
cd3+cd28-induced_interleukin-2_production,0,1,0.0
hiv-1_provirus,0,1,0.0
multimerized_octamer_enhancer_element,0,1,0.0
csa_treatment,0,1,0.0
site_d,0,1,0.0
c-jun_mrna_expression,0,1,0.0
lck_gene_expression,0,1,0.0
ap-1_enhancer_activity,0,1,0.0
viral_trans-activator,0,1,0.0
p50_nf-kappa_b1,0,1,0.0
chronic_myeloproliferative_disorder,0,1,0.0
fungal_c8-c7_sterol_isomerase,0,1,0.0
hmg1b,0,1,0.0
l-pk,0,1,0.0
cytokin,0,1,0.0
k562_cell_line,0,1,0.0
in_vitro_mutagenesis,0,1,0.0
tax-activated_transcription,0,1,0.0
x_consensus_element,0,1,0.0
group_iii,0,1,0.0
mhc_class_ii_promoter,0,1,0.0
lymphoid_precursor_cell,0,1,0.0
intracellular_sodium,0,1,0.0
polarized_th2_cytokine_profile,0,1,0.0
p42/p44_mitogen-activated_protein_kinase,0,1,0.0
ige_production,0,1,0.0
u-937_monocyte-like_cell,0,1,0.0
p21-activated_protein_kinase_1,0,1,0.0
il-2_independent,0,1,0.0
class_ii_major_histocompatibility_(class_ii)_gene,0,1,0.0
c._pneumoniae-infected_endothelial_cell,0,1,0.0
transcriptional_control_activity,0,1,0.0
dna-protein_binding_assay,0,1,0.0
hiv-1_long_terminal_repeat_promoter,0,1,0.0
scmv,0,1,0.0
splenic_cdna_library,0,1,0.0
human_cd3epsilon_transgenic_mouse_line,0,1,0.0
spleen-cell_culture,0,1,0.0
lymphotoxin-beta_(lt-beta)_receptor,0,1,0.0
interdomain_b,0,1,0.0
nm23.h1_gene_expression,0,1,0.0
c-rel_protooncogene_product,0,1,0.0
interleukin_(il)-2_homology_nfat-1_region,0,1,0.0
nf-il-2b,0,1,0.0
anti-apoptotic_protein_eib19k,0,1,0.0
mar,0,1,0.0
cyclin_d2,0,1,0.0
novel_t-cell-specific_transcriptional_activator,0,1,0.0
primary_isolates,0,1,0.0
bcd_mrna_transcript,0,1,0.0
tnfr-1,0,1,0.0
cd16_ligand,0,1,0.0
litaf,0,1,0.0
b_cell-expressed_gene,0,1,0.0
"glycosphingolipid_beta-(1,3)-glucan_receptor",0,1,0.0
multifactorial_disease,0,1,0.0
gabp-beta,0,1,0.0
endogenous_tyrosine_amino_transferase_gene,0,1,0.0
endogenous_tyrosine_kinase_receptor,0,1,0.0
cd,0,1,0.0
transfected_nonlymphoid_hela_cell,0,1,0.0
southwestern_blotting_experiment,0,1,0.0
in_vivo_dnase_i_footprinting,0,1,0.0
anti-fos_mab,0,1,0.0
endothelial_hypoxia,0,1,0.0
pml-rar_positive_cell,0,1,0.0
pha-stimulated_t_cell_line,0,1,0.0
sp1_interaction,0,1,0.0
erythropoietin-dependent_manner,0,1,0.0
phosphoamino_acid_analysis,0,1,0.0
htlv-i_tax_protein,0,1,0.0
iron-responsive_element,0,1,0.0
antidepressant_medication,0,1,0.0
lipoprotein,0,1,0.0
limiting_dilution_assay,0,1,0.0
tgf-beta_promoter,0,1,0.0
antitumor_agent,0,1,0.0
slg+,0,1,0.0
il-4-mediated_tyrosine_phosphorylation,0,1,0.0
mek_1,0,1,0.0
bcl-2_family_member,0,1,0.0
adhesion_mediated_event,0,1,0.0
retinoid-induced_u-937_cell_differentiation,0,1,0.0
in_vitro_activated_normal_human_lymphocyte,0,1,0.0
anaphylatoxin,0,1,0.0
bl30,0,1,0.0
vitro-translated_protein,0,1,0.0
granulocyte-colony-stimulating_factor_receptor_mrna,0,1,0.0
epstein-barr_virus-immortalized_b-cell_line,0,1,0.0
factor_binding_site,0,1,0.0
80_kda,0,1,0.0
u937_myeloid_cell_model,0,1,0.0
polyomavirus_enhancer_binding-protein_2,0,1,0.0
wild-type_id3_protein,0,1,0.0
octamer_factor_variant,0,1,0.0
cord_blood_lymphocyte,0,1,0.0
helix_iii,0,1,0.0
downstream_target,0,1,0.0
glucocorticoid-responsive_element,0,1,0.0
histone_deacetylation,0,1,0.0
nuclear_factor_e1-binding_site,0,1,0.0
high_histologic_grade,0,1,0.0
immune_function,0,1,0.0
nf-kappa_b_p65,0,1,0.0
steroid_antagonist,0,1,0.0
mrna_production,0,1,0.0
apoplexic_patient,0,1,0.0
healthy_men,0,1,0.0
renal_insufficiency,0,1,0.0
megakaryocytic_lineage,0,1,0.0
i(kappa)b_protease,0,1,0.0
interleukin_8_promoter_activity,0,1,0.0
cell_activation,0,1,0.0
proteasomal_degradation,0,1,0.0
cytosol_fraction,0,1,0.0
intron-exon_structure,0,1,0.0
pml-rar,0,1,0.0
human_bone_morphogenetic_protein-2_(hbmp-2)-inducible_antagonists,0,1,0.0
autoimmune/inflammatory_disease,0,1,0.0
putative_hormone_binding_domain,0,1,0.0
t_cell_receptor_(tcr)/cd3_stimulation,0,1,0.0
-685_and_-395,0,1,0.0
rearranged_tal1_allele,0,1,0.0
chromosome_14,0,1,0.0
human_peripheral_blood_mononuclear_cell_(pbmc)_response,0,1,0.0
leukemia-specific_retinoic_acid_receptor,0,1,0.0
hiv_enhancer-binding_protein,0,1,0.0
unmanipulated_conventional_(b-2)_lymphocyte,0,1,0.0
soluble_peptide,0,1,0.0
human_dr_alpha_x_box,0,1,0.0
c5b-8,0,1,0.0
site_specific_mutation,0,1,0.0
cd95_(fas)_ligand,0,1,0.0
ccaat/enhancer-binding_protein-beta_(c/ebp-beta)_binding_site,0,1,0.0
gel-retardation_assay,0,1,0.0
genomic_configuration,0,1,0.0
preterm,0,1,0.0
granzyme_b_promoter_activity,0,1,0.0
sp140_mrna,0,1,0.0
hcmv_glycoprotein,0,1,0.0
subcellular_redistribution,0,1,0.0
htlv-i-transformed_t_cell,0,1,0.0
hla_dq2_heterodimer,0,1,0.0
chronic_rheumatoid_arthritis,0,1,0.0
taq_i_polymorphism,0,1,0.0
mrd,0,1,0.0
heterodimeric_cytokine,0,1,0.0
anti-icam-1_antibody,0,1,0.0
annexinv_labeling,0,1,0.0
tfiid-dependent_rna_polymerase_ii_transcription_system,0,1,0.0
monocyte_activation,0,1,0.0
humoral_hbx_immune_response,0,1,0.0
reed-sternberg_(rs)_cell,0,1,0.0
rar-rxr_response_element,0,1,0.0
hiv-1_disease,0,1,0.0
c/ebp_epsilon,0,1,0.0
cytokine_effect,0,1,0.0
transgenic-mouse_model,0,1,0.0
chtm,0,1,0.0
neoplastic_clone,0,1,0.0
transgenic_mouse_model,0,1,0.0
nf-kappa_b/rel_protein_family,0,1,0.0
calphostin_c,0,1,0.0
tar_loop_sequence,0,1,0.0
erk,0,1,0.0
chimeric_g-csf-r/il-7r_alpha,0,1,0.0
hiv_transmission,0,1,0.0
pp65-derived_peptide,0,1,0.0
natural_killer_cell_receptor,0,1,0.0
ice,0,1,0.0
tpa-induced_differentiation,0,1,0.0
ebv_latent_gene,0,1,0.0
cd19+_b-cell,0,1,0.0
monocyte_production,0,1,0.0
anti-stat_1,0,1,0.0
130tl-as,0,1,0.0
untreated_asthmatic_patient,0,1,0.0
murine_bcl6_(mbcl6)_cdna,0,1,0.0
cl_response,0,1,0.0
thymidine_kinase/chloramphenicol_acetyltransferase_(cat)_reporter_plasmid,0,1,0.0
cyclic_amp_response_element-binding_protein,0,1,0.0
il-2r_beta_membrane_expression,0,1,0.0
cdna_cloning,0,1,0.0
gamma-interferon_expression,0,1,0.0
endothelial_cell_activation,0,1,0.0
percutaneous_transluminal_coronary_angioplasty,0,1,0.0
gd1a,0,1,0.0
epstein-barr_virus_nuclear_protein_2,0,1,0.0
cd28_auxiliary_receptor,0,1,0.0
specific_ab,0,1,0.0
multiple_site,0,1,0.0
closely_linked_binding_site,0,1,0.0
"pkc,_ca(2+)-dependent_pathway",0,1,0.0
ligand-induced_tyrosine_phosphorylation,0,1,0.0
chimeric_cytokine_receptor,0,1,0.0
bcl-2_proto-oncogene,0,1,0.0
x-linked_severe_combined_immunodeficiency,0,1,0.0
th_cell,0,1,0.0
u3_region,0,1,0.0
human_t_lymphocyte_cell_line_library,0,1,0.0
32p-labeled_ht-2_cell,0,1,0.0
hiv-infected_human_macrophage,0,1,0.0
t-cell_receptor_(tcr)_gene,0,1,0.0
membrane-proximal_traf6_interaction_domain,0,1,0.0
stimulus-induced_ikappabalpha_degradation,0,1,0.0
neutrophil_property,0,1,0.0
t-lymphocyte_anergy,0,1,0.0
positive_and_negative_regulator,0,1,0.0
tcr-mediated_response,0,1,0.0
tpa_treatment,0,1,0.0
as2o3-induced_apoptosis,0,1,0.0
stat1-dependent_gene_transcription,0,1,0.0
pili,0,1,0.0
"24,25-dihydroxy-vitamin_d3",0,1,0.0
transforming_potential,0,1,0.0
intracytoplasmic_signalling_cascade,0,1,0.0
qr-specific_inhibitor,0,1,0.0
tcr-stimulated_protein,0,1,0.0
myeloid_cell_differentiation,0,1,0.0
human_immunodeficiency_virus_tat,0,1,0.0
xp-d,0,1,0.0
ikaros,0,1,0.0
apl_blast,0,1,0.0
far-upstream_alpha-globin_enhancer,0,1,0.0
ctll-2/tax,0,1,0.0
retroviral_transgene,0,1,0.0
stromal-derived_cytokine_interleukin-7,0,1,0.0
predominant_factor,0,1,0.0
rakfkqllq-specific_ctl,0,1,0.0
tt-selected_line,0,1,0.0
therapeutic_effect,0,1,0.0
gene_activation,0,1,0.0
mobility-shift_assay,0,1,0.0
sedentary_subject,0,1,0.0
pediatric_oncology_group_study,0,1,0.0
alpha-granule,0,1,0.0
tissue_expression,0,1,0.0
vdr/rxr_binding,0,1,0.0
nf_kappa_b_sites,0,1,0.0
mink,0,1,0.0
aacaaag_motif,0,1,0.0
consensus_binding_sequences,0,1,0.0
reduced_gr_level,0,1,0.0
simulated_annealing,0,1,0.0
replication,0,1,0.0
hiv-1_long_terminal_repeat_promoter_region,0,1,0.0
il-4_stat_activation_cycle,0,1,0.0
pml/raralpha_expression,0,1,0.0
mitogenic_agent,0,1,0.0
mammalian_il2_promoter,0,1,0.0
c12_cell,0,1,0.0
monocytic_i_kappa_b_alpha/mad-3_mrna,0,1,0.0
autoreactive_t-cells=,0,1,0.0
nuclear_factor_of_activated_t_cells-1,0,1,0.0
neck,0,1,0.0
effector_molecule,0,1,0.0
cellular_response_gene_inducibility,0,1,0.0
calcineurin/nfat_pathway,0,1,0.0
pi3-k_inhibitor,0,1,0.0
gsh_ratio,0,1,0.0
il-11,0,1,0.0
large_b_cell_lymphoma,0,1,0.0
ig_loci,0,1,0.0
gata_motif,0,1,0.0
human_b-cell_specific_transcription_factor,0,1,0.0
nef_expression,0,1,0.0
complementation,0,1,0.0
er-alpha,0,1,0.0
cytotoxic_protein,0,1,0.0
serine/threonine_protein_phosphatase,0,1,0.0
thyroid_gland,0,1,0.0
gq/g11,0,1,0.0
immunoglobulin_heavy-chain_(igh)_locus,0,1,0.0
lineage-dependent_abrogation,0,1,0.0
gst-pi_promoter,0,1,0.0
chimera,0,1,0.0
igm,0,1,0.0
lipopolysaccharide-stimulated_interleukin-1_beta_messenger_rna_level,0,1,0.0
resorption_lacunae,0,1,0.0
amino_acid_polymorphism,0,1,0.0
reverse_transcription,0,1,0.0
c-myc_transcription,0,1,0.0
anti-mhc_class_ii_antibody,0,1,0.0
fc_gammari_promoter_element,0,1,0.0
ctla-4_engagement,0,1,0.0
cyclooxygenase-2,0,1,0.0
n-terminal_regulatory_serine,0,1,0.0
vcam-inducer,0,1,0.0
transcription,0,1,0.0
lung_macrophage,0,1,0.0
transactivation_study,0,1,0.0
trifluoromethylketone_inhibitor,0,1,0.0
deprivation-induced_apoptosis,0,1,0.0
ttp,0,1,0.0
e_box_recognition_sequence,0,1,0.0
transient_nf-kappab_response,0,1,0.0
xeroderma_pigmentosum,0,1,0.0
protein-affinity_chromatography,0,1,0.0
phorbol,0,1,0.0
ifn-gamma-activated_sequence,0,1,0.0
vcam-1_dependent,0,1,0.0
human_b_cell_precursor_acute_lymphoblastic_leukemia_cell,0,1,0.0
ld78,0,1,0.0
stress_kinase,0,1,0.0
t3_nuclear_receptor_site,0,1,0.0
woman,0,1,0.0
mhc_class_ii-_cell,0,1,0.0
acidic_activator_protein,0,1,0.0
frequency_of_abnormal_nfkappab_activation,0,1,0.0
hgmw-approved_symbol_olr1,0,1,0.0
drug-free_control,0,1,0.0
ebf_homologous_sequence,0,1,0.0
x-thr-pro_repeat,0,1,0.0
anti-cd28_ab,0,1,0.0
low_serum_condition,0,1,0.0
nf-kappab_transcription_factor,0,1,0.0
parent_cell_line,0,1,0.0
basic_domain,0,1,0.0
antisense_myb_expression,0,1,0.0
cytokine_therapy,0,1,0.0
16-96_h_post-pma,0,1,0.0
proximal_promoter_region,0,1,0.0
cystic_fibrosis_(cf)_patient,0,1,0.0
glucocorticoid_synthesis,0,1,0.0
p50/p65_nf-kappa_b_complex,0,1,0.0
myeloid-cell-specific_promoter,0,1,0.0
vascular_injury,0,1,0.0
adenylyl_cyclase_(ac)_cascade,0,1,0.0
skw_6.4_cell,0,1,0.0
promoter_of_gene,0,1,0.0
il-10-stimulated_stat_protein,0,1,0.0
pu.1_dna_binding_activity,0,1,0.0
eklf_binding_site,0,1,0.0
lymphocyte_homing_and_migration_protein,0,1,0.0
nf-kappab_binding_complex,0,1,0.0
e2a-hlf_chimaeric_transcription_factor,0,1,0.0
human_peripheral_blood_neutrophil,0,1,0.0
at_patient,0,1,0.0
spondyloarthropathy,0,1,0.0
cellular_composition,0,1,0.0
mono_mac_1,0,1,0.0
human_cd34+_cord_blood_cell_(cb)_subset,0,1,0.0
rare-dependent_transcription,0,1,0.0
young_human,0,1,0.0
fusion_cdna,0,1,0.0
camkiv/_gr_signaling,0,1,0.0
decreased_survival_rate,0,1,0.0
fas-ligand_expression,0,1,0.0
msv,0,1,0.0
kappa_b-dependent_manner,0,1,0.0
fms,0,1,0.0
tcr-mediated_gene_transcription,0,1,0.0
metallothionein_promoter,0,1,0.0
zebrafish,0,1,0.0
competitive_reverse_transcriptase_polymerase_chain_reaction,0,1,0.0
human_irf-1_gene,0,1,0.0
okt3/pma,0,1,0.0
alpha-rb_oligomer,0,1,0.0
hemin-induced_accumulation,0,1,0.0
alpha2beta1_integrin_gene,0,1,0.0
unknown_mechanism,0,1,0.0
undifferentiated_spindle-shaped_carcinoma,0,1,0.0
tnf-alpha_gene_transcriptio,0,1,0.0
xci_pattern,0,1,0.0
nf_kappa_b_binding_sequence,0,1,0.0
hla-dr_alpha_(dra)_promoter,0,1,0.0
indistinct_mantle_zone,0,1,0.0
cat_assay,0,1,0.0
il-5_promoter/enhancer_luciferase_gene_construct,0,1,0.0
tyr-492,0,1,0.0
human_cd4+_t_cell,0,1,0.0
genomic_footprinting_data,0,1,0.0
beta-interferon,0,1,0.0
oct2b,0,1,0.0
purified_human_peripheral_t_cell,0,1,0.0
tnf_receptor,0,1,0.0
target_gene,0,1,0.0
glucose_phosphate_isomerase-1_(gpi-1)_isozyme,0,1,0.0
hiv-1_ltr,0,1,0.0
tcrgamma_delta_t_cell,0,1,0.0
murine_embryonic_stem_(es)_cell,0,1,0.0
t_cell-receptor_engagement,0,1,0.0
silent_fy*b_allele,0,1,0.0
sp1,0,1,0.0
matrix_metalloproteinase,0,1,0.0
gal4-eed_fusion_protein,0,1,0.0
il-18-induced_activation,0,1,0.0
cd40-mediated_nf-kappab_activation,0,1,0.0
e2f-mediated_transcription,0,1,0.0
regulatory_system,0,1,0.0
t(7;14)(q35;q32.1),0,1,0.0
higher-affinity_site,0,1,0.0
phorbol_myristate_acetate-stimulated_hela_cell,0,1,0.0
c-terminal_amino_acid,0,1,0.0
inducible_factor,0,1,0.0
total_serum,0,1,0.0
prolactin-induced_transcription_factor,0,1,0.0
antiinflammatory,0,1,0.0
candidiasis,0,1,0.0
human_b-lymphocyte_precursor_cell,0,1,0.0
lucigenin-enhanced_cl,0,1,0.0
native_hs,0,1,0.0
ebv-infected_lymphoblastoid_cell,0,1,0.0
lysope,0,1,0.0
nonstimulated_platelet,0,1,0.0
nfat-1_binding_site,0,1,0.0
hla_class_ii_molecule,0,1,0.0
galectin-3_promoter,0,1,0.0
lymphocyte_homeostasis,0,1,0.0
antisense_oligomer,0,1,0.0
b_cell-specific_expression,0,1,0.0
cd40_negative,0,1,0.0
foam_cell_formation,0,1,0.0
sml,0,1,0.0
constitutive_binding,0,1,0.0
ro_31-8425,0,1,0.0
active_phorbol_ester,0,1,0.0
dmp,0,1,0.0
ankyrin_motif-rich_protein,0,1,0.0
proliferative_capacity,0,1,0.0
nf-il6_mrna,0,1,0.0
major_histocompatibility_complex_(mhc)_class_ii-like_molecule,0,1,0.0
3'_r-3-hydroxymyristate_position,0,1,0.0
macroscopic_multiplicity,0,1,0.0
pkc-mediated_cellular_response,0,1,0.0
tal-1_oncogenic_potential,0,1,0.0
hel_cells,0,1,0.0
il-6_promoter,0,1,0.0
e-box-dependent_bhlh,0,1,0.0
g1/s_phase_control,0,1,0.0
c-terminal_domain,0,1,0.0
new_leukemic_entity,0,1,0.0
70-bp_element,0,1,0.0
usf/c-myc-_mediated_up-regulation,0,1,0.0
allogeneic_organ_transplant,0,1,0.0
human_il-2_receptor_alpha_chain_promoter,0,1,0.0
normal_platelet_function,0,1,0.0
alpha_thf/thf,0,1,0.0
conformation_polymorphism,0,1,0.0
inducible_proximal_enhancer,0,1,0.0
5'-ggcaccctttga-3',0,1,0.0
jaks/stats,0,1,0.0
cell_survival,0,1,0.0
host_immune-response_gene,0,1,0.0
platelet-endothelial_cell_adhesion_molecule-1_(pecam-1)_phosphorylation,0,1,0.0
immediate_early_62_(ie62)_protein,0,1,0.0
hla-dmb,0,1,0.0
limbic-hippocampal_glucocorticoid_type_ii_receptor,0,1,0.0
dnase_i_hypersensitive_site_(dhs)_mapping,0,1,0.0
binding_assay,0,1,0.0
deletion,0,1,0.0
signal_transducers_and_activators_of_transcription_(stat)_family,0,1,0.0
sulphamethoxazole,0,1,0.0
csf-1r,0,1,0.0
reactive_thrombocytosis,0,1,0.0
nuclear_factor_regulated_by_il-3/adenovirus_e4_promoter_binding_protein,0,1,0.0
transient_overexpression,0,1,0.0
pi3-k,0,1,0.0
effector_cell,0,1,0.0
scc,0,1,0.0
immunologically_important_protein,0,1,0.0
z/c-myb_combination,0,1,0.0
nk_cell_nfat,0,1,0.0
myeloid_precursor_cell_line,0,1,0.0
oca-b,0,1,0.0
v-erba_overexpression,0,1,0.0
diabetes_mellitus,0,1,0.0
monocytoid_differentiation,0,1,0.0
adenovirus_e1b_19k,0,1,0.0
gata-like_site,0,1,0.0
gm-csf_promoter_element,0,1,0.0
nonerythroid_nuclei,0,1,0.0
e._coli_rpos_gene,0,1,0.0
b-cell_stimulatory_factor,0,1,0.0
yy1_class_transcription_factor,0,1,0.0
calcineurin_autoinhibitory_domain,0,1,0.0
epstein-barr_virus-encoded_nuclear_antigen_ebna-5,0,1,0.0
il-10-induced_stat3_phosphorylation,0,1,0.0
5'_end_of_human_thromboxane_receptor_gene,0,1,0.0
cyclic_adenosine_monophosphate,0,1,0.0
ciglitazone,0,1,0.0
liver-enriched_transcription_factor,0,1,0.0
pi3-kinase_inhibitor,0,1,0.0
egr-1_induction,0,1,0.0
hsv-1-activated_cellular_factor,0,1,0.0
17-bp_sequence,0,1,0.0
protein_kinase_a_expression_vector,0,1,0.0
salmonella_typhimurium_strain,0,1,0.0
leukocyte_function,0,1,0.0
tissue_site,0,1,0.0
gre_binding,0,1,0.0
rgd_domain,0,1,0.0
hydroxyl_radicals,0,1,0.0
regulatory_function,0,1,0.0
cytochrome_p-4501a1,0,1,0.0
viral_rna,0,1,0.0
human_immunodeficiency_virus_type_1,0,1,0.0
cd21_promoter,0,1,0.0
kit_ligand_cotreatment,0,1,0.0
ra-stimulated_transcription,0,1,0.0
biological_marker,0,1,0.0
-206_to_-195,0,1,0.0
86-amino_acid_fragment,0,1,0.0
bsap/pax5,0,1,0.0
fibronectin-vla-5_fibronectin_receptor_interaction,0,1,0.0
vitamin_d3_receptor,0,1,0.0
ltr_expression,0,1,0.0
jak-stat_signaling,0,1,0.0
potent_proinflammatory_cytokine_mrna_expression,0,1,0.0
murine_bcl6,0,1,0.0
nf-at-1_element,0,1,0.0
human_cd4_gene,0,1,0.0
hocl,0,1,0.0
newborn_mice,0,1,0.0
"extrarenal,_nonepithelial_mineralocorticoid_receptor",0,1,0.0
n-wasp,0,1,0.0
transcription_unit,0,1,0.0
uvb_range,0,1,0.0
htlv-i_tax_production,0,1,0.0
tf_protein,0,1,0.0
germ-line_igh_gene,0,1,0.0
quiescent_simian_peripheral_blood_mononuclear_cell,0,1,0.0
poorly_immunogenic_murine_melanoma_d5,0,1,0.0
"inositol_1,4,5-trisphosphate",0,1,0.0
cellular_signaling_pathway,0,1,0.0
bare_promoter,0,1,0.0
vdr_target_gene,0,1,0.0
competitive_antagonist,0,1,0.0
jurkat_cell,0,1,0.0
cd27,0,1,0.0
cd28_receptor_ligation,0,1,0.0
inflammatory_complication,0,1,0.0
mouse_b_cell,0,1,0.0
de_novo_synthesis,0,1,0.0
apoptosis_suppressor_protein,0,1,0.0
pkc_protein_expression,0,1,0.0
nodular_sclerosis,0,1,0.0
cotton-top_tamarin_b95-8_cell,0,1,0.0
ap1/c-jun_proto-oncogene,0,1,0.0
dcfh-da,0,1,0.0
double-positive_(dp)_cd4(+)_cd8(+)_cd3(+/-)_thymocyte,0,1,0.0
il-13_gene_expression,0,1,0.0
thymidine_kinase_promoter-driven_reporter_construct,0,1,0.0
mono_b,0,1,0.0
hd6,0,1,0.0
sea,0,1,0.0
rel/nf-kappa_b_family_member,0,1,0.0
rabbit_anti-c/ebp-epsilon_antibody,0,1,0.0
ifn-gamma_pretreatment,0,1,0.0
dra_promoter_occupancy,0,1,0.0
heterogeneous_nuclear_ribonucleoprotein_k_protein,0,1,0.0
c-fos_regulatory_region,0,1,0.0
cognate_ligand,0,1,0.0
mapk_kinase_1,0,1,0.0
nf-atc/b,0,1,0.0
experimental_expression,0,1,0.0
e2-f1,0,1,0.0
protein_binding_propertie,0,1,0.0
cyclized_asparagine_(succinimide)_residue,0,1,0.0
irak,0,1,0.0
adult_alpha-globin_promoter,0,1,0.0
transfusion_incompatibility,0,1,0.0
il-2/il-15,0,1,0.0
temperature-sensitive_v-abl_mutant,0,1,0.0
nf-kappa_b,1,1,0.0
breast_tissue_biomarker,0,1,0.0
activation_modified_protein,0,1,0.0
32_kda_subunit,0,1,0.0
cancerous_cell_line,0,1,0.0
l-selectin_gene,0,1,0.0
cd19-mediated_signal_transduction,0,1,0.0
breast_cancer_population,0,1,0.0
hiv-1_envelope_glycoprotein,0,1,0.0
hematopoietic_precursor_cell,0,1,0.0
gm-csf-stimulated_pmn,0,1,0.0
protein_binding_site,0,1,0.0
fibrosis_score,0,1,0.0
"2,3,7,8-tcdd",0,1,0.0
jun_nh2-terminal_kinase,0,1,0.0
cd2-mediated_interleukin-2_promoter,0,1,0.0
t_cell-derived_pathology,0,1,0.0
pyrimidine-rich_region,0,1,0.0
nf-kappa_b_signaling,0,1,0.0
leukocyte_differentiation_antigen,0,1,0.0
tal-1_1a_promoter,0,1,0.0
n-acetyl-l-leucinyl-l-leucinyl-l-norleucinal,0,1,0.0
th1_cytokine,0,1,0.0
tumor_necrosis_factor-induced_nf-kappab_binding,0,1,0.0
beta-_and_gamma-globin,0,1,0.0
human_zeta-globin_gene,0,1,0.0
promyelocyte_cell_line,0,1,0.0
simian_virus_40_major_late_promoter,0,1,0.0
black_people,0,1,0.0
p1_site,0,1,0.0
normal_control_group,0,1,0.0
nf-kappab/rel_factor,0,1,0.0
vitd3-treated_cell,0,1,0.0
human_chromosome,0,1,0.0
nucleotides_+13_to_+15,0,1,0.0
proapoptotic_factor,0,1,0.0
leukemic_blast,0,1,0.0
epstein-barr_virus_nuclear_antigen_2_(ebna2)-oestrogen_receptor_fusion_protein,0,1,0.0
t-cell_accumulation,0,1,0.0
cellular_transcription_factor_e2f,0,1,0.0
inflammatory_airway_disease,0,1,0.0
differentiating_hematopoietic_progenitor,0,1,0.0
sre_sequence,0,1,0.0
oct2-isoform_expression,0,1,0.0
molecular_characterization,0,1,0.0
t_cell_prolymphocytic_leukaemia,0,1,0.0
cotransfected_t_cell,0,1,0.0
neoglucogenesis,0,1,0.0
gal4_reporter_construct,0,1,0.0
chymotryptic_activity,0,1,0.0
newly_synthesized_protein,0,1,0.0
wild_type_p53,0,1,0.0
type_2_diabetes,0,1,0.0
repetitive_activation,0,1,0.0
macrophage_tissue_factor_expression,0,1,0.0
human_immunodeficiency_virus_type_1_kappa_b_enhancer,0,1,0.0
pp1-sensitive_tyrosine_and_serine_phosphorylation,0,1,0.0
alpha_tcr,0,1,0.0
g_+_c_content,0,1,0.0
p50.p65_heterodimer,0,1,0.0
stromal_cell,0,1,0.0
vcam-1_and_e-selectin_upregulation,0,1,0.0
p23,0,1,0.0
ifn_alpha-based_treatment,0,1,0.0
antigenic_specificity,0,1,0.0
b7-2,0,1,0.0
tnf-alpha-induced_icam-1_transcription,0,1,0.0
rna,0,1,0.0
antioxidant_agent,0,1,0.0
-165/-148_nxs,0,1,0.0
lead,0,1,0.0
p50/c-rel,0,1,0.0
ap-1_transcription_factor_complex,0,1,0.0
critical_regulatory_mechanism,0,1,0.0
anti-ssb_t_cell,0,1,0.0
thymic_atrophy,0,1,0.0
sp1/egr-1_binding_site,0,1,0.0
point_mutagenesis,0,1,0.0
vitamin_d-responsive_element,0,1,0.0
nuclear_depletion,0,1,0.0
cmpd1,0,1,0.0
heterogeneous_transcription_start_site,0,1,0.0
louckes,0,1,0.0
ras_superfamily,0,1,0.0
human_placenta,0,1,0.0
adult_de_novo_acute_myeloid_leukemia,0,1,0.0
low_t3_syndrome,0,1,0.0
anti-il-1_beta_antibody,0,1,0.0
calcium-_and_calmodulin-dependent_phosphatase,0,1,0.0
chromatin_structure,0,1,0.0
b_cell_line_cess,0,1,0.0
co-stimulatory_activity,0,1,0.0
75_kd_tnf_receptor_(tr75)_expression,0,1,0.0
beta-adrenergic_receptor_kinase_1_carboxyl-terminal_peptide,0,1,0.0
fibrinogen-derived_protein,0,1,0.0
fusion_gene,0,1,0.0
soluble_nuclear_protein,0,1,0.0
tgf,0,1,0.0
e2a_gene_product,0,1,0.0
cho-dr,0,1,0.0
hemoglobin-encoding_gene,0,1,0.0
tissue_fibroblast,0,1,0.0
nerve_growth_factor,0,1,0.0
nf_kappa_b1,0,1,0.0
cytokine_profile,0,1,0.0
p40_promoter,0,1,0.0
peptide_residue,0,1,0.0
erythroid_colony,0,1,0.0
in_situ,0,1,0.0
c-erba/thyroid_hormone_(t3)_receptor,0,1,0.0
ebna-5,0,1,0.0
parafollicular_(monocytoid)_b_cell_lymphoma,0,1,0.0
non-aids_iblp,0,1,0.0
32p,0,1,0.0
mitogenic_activation,0,1,0.0
anti-p-145,0,1,0.0
tcr_alpha/beta_loci,0,1,0.0
distal_il-2_enhancer,0,1,0.0
cd40_ligand,0,1,0.0
cd45-dependent_event,0,1,0.0
hypolipidaemic_peroxisome_proliferator,0,1,0.0
ser616,0,1,0.0
mnp-1,0,1,0.0
retinoid_differentiation_pathway,0,1,0.0
alpha_receptor,0,1,0.0
3-methylcholanthrene-induced_rat_liver_microsome,0,1,0.0
55_kd_tnf_receptor,0,1,0.0
cytopathic_effect,0,1,0.0
tlr4,0,1,0.0
b_cell_restricted_coactivator,0,1,0.0
minimally_stimulated_t_cell,0,1,0.0
nos_protein,0,1,0.0
tcr_alpha_gene,0,1,0.0
cis-acting_control_element,0,1,0.0
mouse_fibroblastic_cell_line,0,1,0.0
cd28_surface_molecule,0,1,0.0
ad5e1a-specific_ctl_activity,0,1,0.0
cd45ra,0,1,0.0
pebp2_alpha,0,1,0.0
nf-kappa_b_binding_sequence,0,1,0.0
abdominal_subject,0,1,0.0
phosphonoformic_acid,0,1,0.0
canonical_homeodomain,0,1,0.0
dr+4,0,1,0.0
nuclear_factor_of_activated_t_cells_site,0,1,0.0
hsv-specific_clone,0,1,0.0
ige_switching,0,1,0.0
transcription_rate,0,1,0.0
c-reactive_protein,0,1,0.0
il3,0,1,0.0
vertebrate_t-cell-specific_transcriptional_regulation,0,1,0.0
proteolysis,0,1,0.0
treated_cll_patient,0,1,0.0
human_myeloid_differentiation,0,1,0.0
chemotaxis,0,1,0.0
uninfected_thymocyte,0,1,0.0
acidic_transcriptional_activation_domain,0,1,0.0
17beta-(3h)_estradiol,0,1,0.0
cell-free_rna_transcription_assay,0,1,0.0
anti-inflammatory_glucocorticoid,0,1,0.0
epstein-barr_virus_bamhi_w_promoter,0,1,0.0
ba/f3_cell,0,1,0.0
anti-class_ii_monoclonal_antibody,0,1,0.0
composite_kappa_3/cre_site,0,1,0.0
fibroblast_cell,0,1,0.0
murine_b-cell_specific_coactivator,0,1,0.0
g_point_mutation,0,1,0.0
specific_dna-protein_complex,0,1,0.0
kappa_3_site,0,1,0.0
oct-2a_binding_site,0,1,0.0
mouse_il-4_gene,0,1,0.0
gamma_ray,0,1,0.0
neutralizing_ab,0,1,0.0
in-vitro-stimulated_normal_cord_blood,0,1,0.0
br3,0,1,0.0
web_2086,0,1,0.0
jun-b_gene,0,1,0.0
ras-dependent_signaling_pathways,0,1,0.0
lymphocyte_activationp,0,1,0.0
eosinophil_peroxidase,0,1,0.0
t_cell_biology,0,1,0.0
lymphokine,0,1,0.0
monocyte/macrophage_leukemia_line,0,1,0.0
nk_activity,0,1,0.0
ebv-b_cell,0,1,0.0
il-2-inducible_dna_binding_activity,0,1,0.0
primary_cd4+_t_cell,0,1,0.0
cell_adhesion,0,1,0.0
polyclonal_etiology,0,1,0.0
nos_activity,0,1,0.0
lyf-1,0,1,0.0
mouse_mammary_tumor_virus-long_terminal_repeat,0,1,0.0
(3h)-e2_binding,0,1,0.0
kappa_b/rel_family_protein,0,1,0.0
alpha_beta_t_cell_development,0,1,0.0
ligand-occupied_conformer,0,1,0.0
lps-stimulated_monocyte,0,1,0.0
reactive_oxygen_intermediate-release,0,1,0.0
ela-_adenovirus_type_5-based_vector,0,1,0.0
cn,0,1,0.0
retinoid-resistant_promyelocytic_cell_line,0,1,0.0
emcv_ires_fragment,0,1,0.0
nucleic_acid_sequence,0,1,0.0
renal_salt_loss,0,1,0.0
differential_diagnostic_purpose,0,1,0.0
linker_for_activation_of_t_cells,0,1,0.0
camp-dependent_protein_kinase_activity,0,1,0.0
vcam-1_antibody,0,1,0.0
atl-16t_cell,0,1,0.0
ulcerative_colitis,0,1,0.0
high-mobility_group,0,1,0.0
interferon_regulatory_factor_family_transcription_factor,0,1,0.0
nfat,0,1,0.0
signaling_agonist,0,1,0.0
itf-1,0,1,0.0
stress-activated_protein_kinase,0,1,0.0
jnk2,0,1,0.0
parent,0,1,0.0
-236/-145_minimal_e2re,0,1,0.0
x1_box_activity,0,1,0.0
transcription_factor_creb,0,1,0.0
kappa_3,0,1,0.0
nov2,0,1,0.0
a-myb_transcription_factor,0,1,0.0
inflamed_tissue,0,1,0.0
human_peripheral_blood_leukocyte,0,1,0.0
transcription_factor_activity,0,1,0.0
z(s186a),0,1,0.0
neonatal_t_cell_il-2_production,0,1,0.0
lysosomal-associated_membrane_protein-1,0,1,0.0
"20-epi-22-oxa-24a,26a,27a,-trihomo-1alpha,25(oh)2-vitamin_d3",0,1,0.0
nk/t_cell,0,1,0.0
coronary_heart_disease,0,1,0.0
chronic_inflammatory_disease,0,1,0.0
high_wt1_expression,0,1,0.0
lymphoid_cell,0,1,0.0
lipid_moiety,0,1,0.0
ap-2_antibody,0,1,0.0
ionomycin_treatment,0,1,0.0
pituitary_endocrine_cell,0,1,0.0
kappab-driven_gene_expression,0,1,0.0
interleukin-2_(il-2)-dependent_t-cell_line,0,1,0.0
leucocytes,0,1,0.0
fgf-1,0,1,0.0
30-bp_sequence,0,1,0.0
kappa_immunoglobulin_germline_promoter,0,1,0.0
activation_inducer_molecule_(aim)/cd69_activation_pathway,0,1,0.0
125i-labeled_aldosterone,0,1,0.0
major_phorbol_ester-responsive_motif,0,1,0.0
histone_h2b,0,1,0.0
tf-h5r_alpha,0,1,0.0
cyclosporin_a-sensitive_tumor_necrosis_factor-alpha_gene,0,1,0.0
constitutively_expressed_transcription_factor,0,1,0.0
nuclear_factor_of_activated_t_cells_(nfat)_protein,0,1,0.0
heterodimeric_p49/p65,0,1,0.0
interleukin_4,0,1,0.0
human_t_lymphotropic_virus-i_infection,0,1,0.0
anion-exchange_chromatography,0,1,0.0
ebs1,0,1,0.0
nf-gm2_complex,0,1,0.0
immunofluorescence_microscopy,0,1,0.0
membrane_phospholipid,0,1,0.0
t_cell_product,0,1,0.0
glucocorticosteroid,0,1,0.0
primary_transcript,0,1,0.0
il-1-dependent_nfkappab_activity,0,1,0.0
developmental_process,0,1,0.0
epidermal_growth_factor_receptor,0,1,0.0
cellular_proliferation,0,1,0.0
c-myc_mrna,0,1,0.0
human_g0/g1_switch_gene,0,1,0.0
anti-cd3/il-2-activated_ln_cell,0,1,0.0
gain-of-function,0,1,0.0
graft-versus-host_disease,0,1,0.0
lpmc,0,1,0.0
antisense_myb_rna_expression,0,1,0.0
sle_patient,0,1,0.0
reverse_transcription_polymerase_chain_reaction_(rt-pcr)_assay,0,1,0.0
dprl_promoter,0,1,0.0
cd4+_human_helper_t_cell_clone_sp-b21,0,1,0.0
edn,0,1,0.0
lymphotoxin-alpha_gene,0,1,0.0
molecular_weight,0,1,0.0
ra_synovial_cell,0,1,0.0
nf-kappa_b-binding_site,0,1,0.0
multispecific_immune_response,0,1,0.0
sr_31747a,0,1,0.0
normal_liver,0,1,0.0
platelet-activating-factor,0,1,0.0
erythroid_mrna_steady-state_level,0,1,0.0
tfiih,0,1,0.0
platelet_activation,0,1,0.0
t/nk_cell,0,1,0.0
csa-sensitive_regulation,0,1,0.0
pf_treatment,0,1,0.0
impending_immune_response,0,1,0.0
aminotriazole,0,1,0.0
cd3-dependent_event,0,1,0.0
amino-terminal_sequence,0,1,0.0
oleate,0,1,0.0
allele,0,1,0.0
dqb-w_region,0,1,0.0
nf-kappa_b/i_kappa_b_protein_family,0,1,0.0
basic_helix-loop-helix_domain,0,1,0.0
er-mediated_repression,1,1,0.0
interleukin_2,0,1,0.0
ss,0,1,0.0
inhibitory_complex,0,1,0.0
l._donovani,0,1,0.0
nf-kappab/rel_transcription_factor_family,0,1,0.0
200_kd_complex,0,1,0.0
cell_cycle-stimulatory_activity,0,1,0.0
non-b_cell_line,0,1,0.0
in_vitro_binding_analysis,0,1,0.0
uninfected_t_lymphocyte,0,1,0.0
nasal_lymphoma,0,1,0.0
antibiotic,0,1,0.0
il-1-stimulated_activation,0,1,0.0
promoter-binding_protein,0,1,0.0
b-cell_chronic_lymphocytic_leukemia_(b-cll)_patient,0,1,0.0
inflammatory_gene,0,1,0.0
tgf-beta,0,1,0.0
autoimmune_disease_subject,0,1,0.0
proliferation_index,0,1,0.0
translocated_hormone/receptor_complex,0,1,0.0
stephania_cepharantha_hayata,0,1,0.0
normal_human_igg,0,1,0.0
ca2+/calmodulin-dependent_protein_kinase_(camk)_type_iv/gr,0,1,0.0
uninfected_parental_hl-60_subclone,0,1,0.0
beta-glucan,0,1,0.0
derivative_9_chromosome,0,1,0.0
microb_binding_protein,0,1,0.0
ed-40515(+),0,1,0.0
antitumor_antibiotic,0,1,0.0
anti-cd3_stimulated_t_cell,0,1,0.0
u5_region,0,1,0.0
epitope_mapping,0,1,0.0
post-transcriptional_regulation,0,1,0.0
nuclear_tcf-1_expression,0,1,0.0
jurkat_cd4+_cell_line,0,1,0.0
il-2-independent,0,1,0.0
bcd,0,1,0.0
sodium_acetate,0,1,0.0
nonconsensus_binding_site,0,1,0.0
nf-kb_activity,0,1,0.0
pha,0,1,0.0
corticosterone_levels,0,1,0.0
p55,0,1,0.0
naturally-occurring_phenolic_compound,0,1,0.0
p2l(ras),0,1,0.0
t_cell_receptor/cd3_complex,0,1,0.0
leukocyte_infiltration,0,1,0.0
t_cell_ag_receptor_complex,0,1,0.0
24-hydroxylase,0,1,0.0
immunosuppressive_potential,0,1,0.0
oct2a's_amino_terminal_insert,0,1,0.0
deamidation,0,1,0.0
basic_helix_loop_helix_zipper_transcription_factor,0,1,0.0
mature_b_cell_proliferation,0,1,0.0
nucleated_cell,0,1,0.0
cdc42-controlled_machinery,0,1,0.0
virus_replication,0,1,0.0
src_homology_(sh)2_domain-containing_intracellular_molecule,0,1,0.0
ebna-2-responsive_element,0,1,0.0
glycoprotein_(gp)_ix,0,1,0.0
anti-tr55_antibody,0,1,0.0
irf-1_gas,0,1,0.0
adenovirus-mediated_inhibition,0,1,0.0
g0s24_product,0,1,0.0
chronic_asthma,0,1,0.0
activated_macrophage,0,1,0.0
eosinophil_granule_major_basic_protein_promoter,0,1,0.0
preterm_baby,0,1,0.0
chromatin-dependent_manner,0,1,0.0
t(17;19)_translocation,0,1,0.0
activation-dependent_expression,0,1,0.0
hla_dqa1_locus,0,1,0.0
autologous_bone_marrow_transplantation,0,1,0.0
b_cell_component,0,1,0.0
caspases,0,1,0.0
kappa_gene,0,1,0.0
tumor_necrosis_factor-alpha_mrna,0,1,0.0
saturated_fatty_acid,0,1,0.0
opsonized_yeast,0,1,0.0
id_family_of_hlh_protein,0,1,0.0
cyclophilin_b,0,1,0.0
hydrocortisone_injection,0,1,0.0
human_thromboxane_receptor_gene,0,1,0.0
immunotoxicity,0,1,0.0
pu.1/spi-1_proto-oncogene,0,1,0.0
tax_response,0,1,0.0
bcl-2_protein,0,1,0.0
t_cell-deficient_mouse,0,1,0.0
i_kappa_b_alpha_gene,0,1,0.0
stat_(signal_transducer_and_activator_of_transcription)5,0,1,0.0
camp_signaling,0,1,0.0
ribosomal_scanning,0,1,0.0
mhc,0,1,0.0
ctl_repertoire,0,1,0.0
c3a-mediated_enhancement,0,1,0.0
trp_enhanced_cd69_expression,0,1,0.0
mac-1_cell_surface_antigen,0,1,0.0
pharmacological_profile,0,1,0.0
macrophage/monocyte_type_cell,0,1,0.0
venous_blood,0,1,0.0
extracellular_matrix_glycoprotein,0,1,0.0
cell_membrane_constituent,0,1,0.0
sucrose_density_gradient_analysis,0,1,0.0
p50_nf-kappa_b_moiety,0,1,0.0
specific_binding_complex,0,1,0.0
cdk-2-dependent_phosphorylation,0,1,0.0
vitamin_e,0,1,0.0
p53_level,0,1,0.0
essential_core_region,0,1,0.0
hyperplastic_gc,0,1,0.0
lymphocyte_progesterone,0,1,0.0
hormone-binding_domain,0,1,0.0
difficult-to-control_asthma,0,1,0.0
progesterone,0,1,0.0
b_lymphocyte_development,0,1,0.0
p40_production,0,1,0.0
dnasei,0,1,0.0
wild-type_hgr,0,1,0.0
syngeneic_mouse,0,1,0.0
ig_variable_heavy_chain_sequence,0,1,0.0
ks,0,1,0.0
rnase_treatment,0,1,0.0
dithiothreitol,0,1,0.0
pax-5b_protein,0,1,0.0
upstream_enhancer,0,1,0.0
nuclear_factor-kappa_b/rel,0,1,0.0
frame_shift,0,1,0.0
familial_ovarian_cancer_patient,0,1,0.0
mande_b_lymphocyte,0,1,0.0
dna-cellulose,0,1,0.0
il-2-mediated_survival,0,1,0.0
electrolyte_value,0,1,0.0
differential_phosphorylation,0,1,0.0
individual_dr_unit,0,1,0.0
nuclear_nf-kappab_activity,0,1,0.0
u-937_human_promonocytic_leukemia_cell,0,1,0.0
galectin-3,0,1,0.0
antiandrogen,0,1,0.0
nfat_regulation,0,1,0.0
mpc11_cell,0,1,0.0
nuclear_factor_of_activated_t_cells_(nf-at)-driven_gene_expression,0,1,0.0
il-1_signaling,0,1,0.0
sarcoidosis,0,1,0.0
ebv-transformed_human_b_cell_line,0,1,0.0
hdl-cholesterol,0,1,0.0
il-2r_stimulation,0,1,0.0
intracellular_receptor,0,1,0.0
c-rel/p50_heterodimer,0,1,0.0
hematopoietic_cytokine,0,1,0.0
tissue_factor_(tf)_receptor,0,1,0.0
ebv-transformed_lymphoblastoid_cell_line,0,1,0.0
pan,0,1,0.0
t-cell_oncogene,0,1,0.0
cyclic_amp-responsive_element-binding_protein,0,1,0.0
ubiquination,0,1,0.0
hla-dr-restricted_cd4(+)_t-cell_response,0,1,0.0
cell-cycle_analysis,0,1,0.0
cortivazol,0,1,0.0
initiator-like_sequence,0,1,0.0
u2_small_nuclear_rna(snrna)-encoding_gene,0,1,0.0
il-2-induced_t_cell_proliferation,0,1,0.0
severe_nausea,0,1,0.0
nf-kappa_b_production,0,1,0.0
anti-cd3,0,1,0.0
alpha-helix_3,0,1,0.0
ltr_modification,0,1,0.0
non-malignant_cell,0,1,0.0
ap-2,0,1,0.0
tumour,0,1,0.0
9_nucleotide,0,1,0.0
fk506-sensitive_pathwa,0,1,0.0
novel_membrane_receptor,0,1,0.0
mitogenic_effect,0,1,0.0
coup_protein,0,1,0.0
calcium_(ca2+)_ionophore,0,1,0.0
mantle_zone,0,1,0.0
"antiviral,_cd8(+)_ctl_response",0,1,0.0
cyclosporin-sensitive_promoter_element,0,1,0.0
il-1ra_protein_secretion,0,1,0.0
methylprednisolone_treatment,0,1,0.0
il-2_promoter_stimulation,0,1,0.0
il-2_receptor_stimulation,0,1,0.0
pyrimidine,0,1,0.0
fk506.fkbp12_drug-immunophilin_complex,0,1,0.0
nonexpressing_erythroleukemia_cell_line,0,1,0.0
"11_alpha-methyl-1_alpha,25-(oh)2d3",0,1,0.0
zr-75-1,0,1,0.0
il-2-gene_regulation,0,1,0.0
vivo_footprinting,0,1,0.0
dmso,0,1,0.0
b-myb,0,1,0.0
intrinsic_differentiating_stimulus,0,1,0.0
tumor,0,1,0.0
183-bp_region,0,1,0.0
cruciform_dna,0,1,0.0
monocytic_cell_line_mono_mac_6,0,1,0.0
isolated_nuclei,0,1,0.0
no,0,1,0.0
human_t_cell-specific_transcription_factor,0,1,0.0
non-htlv-i-infected_t_cell_line,0,1,0.0
intravascular_thrombosis,0,1,0.0
kappa_3_element,0,1,0.0
hl-60_leukemia_cell,0,1,0.0
ltr_variant,0,1,0.0
5'-positive_regulatory_unit,0,1,0.0
protein_footprint,0,1,0.0
high_grade_malignant_astrocytoma,0,1,0.0
protein/protein_interaction,0,1,0.0
proto-oncogene_activation,0,1,0.0
early_b-cell_factor,0,1,0.0
transcription-activation_element,0,1,0.0
cis_-acting_element,0,1,0.0
"1,458_nt",0,1,0.0
5'_untranslated_region,0,1,0.0
5'_site,0,1,0.0
immunoglobulin_(ig)-secreting_plasmacytoma,0,1,0.0
cimetidine,0,1,0.0
nup475,0,1,0.0
hlf,0,1,0.0
histone,0,1,0.0
e7_protein,0,1,0.0
ifn-gamma_expression,0,1,0.0
human_fas_promoter,0,1,0.0
ebv-mediated_b-cell_immortalization,0,1,0.0
allergen-specific_human_helper_t_cell,0,1,0.0
lt-4,0,1,0.0
anti-cd40_+_il-4-stimulated_b_cell,0,1,0.0
radioligand-binding_assay,0,1,0.0
heterologous_viral_transcription-activating_domain,0,1,0.0
nk_cell-target_cell_interaction,0,1,0.0
secretory_response,0,1,0.0
upstream_promoter_sequence,0,1,0.0
enhanced_granulopoiesis,0,1,0.0
oct-binding_factor_1,0,1,0.0
1g5,0,1,0.0
pneumoniae-mediated_activation,0,1,0.0
e2f-1,0,1,0.0
tnf-dependent_nf-kappa_b_activation,0,1,0.0
established_cell_line,0,1,0.0
between_nucleotides_-276_and_-244,0,1,0.0
immunoglobulin_(ig)_expressing_b_cell,0,1,0.0
simian_virus_40,0,1,0.0
beta-casein_stat5_element,0,1,0.0
human_cd36-specific_antibody,0,1,0.0
lps-triggered_gene_induction,0,1,0.0
cd1a+_cell,0,1,0.0
qr_activity,0,1,0.0
"5-[p-methoxyphenyl]-3h-1,2-dithiol-3-thione",0,1,0.0
cytochalasin_d,0,1,0.0
anti-cd3-activated_human_t_lymphocyte,0,1,0.0
anti-proliferative_activity,0,1,0.0
fetal_muscle,0,1,0.0
r24571,0,1,0.0
differentiation-related_antigen,0,1,0.0
dopamine,0,1,0.0
low_affinity_specific_binding_site,0,1,0.0
e._coli,0,1,0.0
egr-1_gene,0,1,0.0
dna_band-shift_analysis,0,1,0.0
tpa_maturation_response,0,1,0.0
oxidoreductive_regulation,0,1,0.0
staphylococcus_aureus,0,1,0.0
b-cll_differentiation,0,1,0.0
lymphocyte_proliferation,0,1,0.0
lacz_gene,0,1,0.0
mu_enhancer,0,1,0.0
p53-dependent_cyclin_kinase_inhibitor,0,1,0.0
"class_ii_non-inducible,_rb-defective_line",0,1,0.0
pancreatic_endocrine-lineage,0,1,0.0
human_hepatitis_b_virus_x_protein,0,1,0.0
isolated_peripheral_blood_mononuclear_cell,0,1,0.0
leucine_zipper_protein_family,0,1,0.0
cd34_promoter,0,1,0.0
mabs,0,1,0.0
homeostasis,0,1,0.0
rel-a_protein,0,1,0.0
early_th2_development,0,1,0.0
hematopoietic_cell,0,1,0.0
eklf-/-_adult_erythrocyte,0,1,0.0
t-cell_leukemia-specific_translocation,0,1,0.0
northern_blot,0,1,0.0
cs,0,1,0.0
c-terminal_ankyrin_motif_domain,0,1,0.0
myeloid-related_dc,0,1,0.0
human_enhancer,0,1,0.0
proliferative_signaling,0,1,0.0
ca2+_ionophore,0,1,0.0
colon,0,1,0.0
post-translational_acetylation,0,1,0.0
endogenous_mcm_gene,0,1,0.0
egr-1_promoter-reporter_construct,0,1,0.0
hbd,0,1,0.0
enhanced_differentiation,0,1,0.0
tar_primary_sequence,0,1,0.0
crude_extract,0,1,0.0
distal_interleukin_2_(il-2)_enhancer,0,1,0.0
il-16_promoter,0,1,0.0
plasma_cell-specific_repressor_function,0,1,0.0
bis,0,1,0.0
"cd40_signaling,",0,1,0.0
cyclophilin_gene,0,1,0.0
nf-kappa_b-binding_motif,0,1,0.0
physical_association,0,1,0.0
gata_box,0,1,0.0
monocyte/macrophage-like_cell,0,1,0.0
freshly-isolated_t_cell,0,1,0.0
tar,0,1,0.0
virologic_feature,0,1,0.0
small_apolar_substitution,0,1,0.0
clonal_analysis,0,1,0.0
sialoadhesin_expression,0,1,0.0
cd27/cd70_interaction,0,1,0.0
glycosylated_member,0,1,0.0
interleukin_(il)-10,0,1,0.0
chromosome_1_polysomy,0,1,0.0
-73_bp,0,1,0.0
cd5+)_b_cell,0,1,0.0
human_recombinant_tumor_necrosis_factor,0,1,0.0
hgm-csf-mediated_cell_growth,0,1,0.0
vitamin_d_response_element,0,1,0.0
bcd_gene_expression,0,1,0.0
epsilon_bp,0,1,0.0
glucocorticoid_receptor_antagonist,0,1,0.0
plasma_free_cortisol_concentration,0,1,0.0
gpix_ets_site,0,1,0.0
normal_ter_119_erythroid_cell,0,1,0.0
transcription_protein,0,1,0.0
nf-kappa_b_site,0,1,0.0
phorbol_ester-treated_jurkat_cell,0,1,0.0
reciprocal_mechanism,0,1,0.0
fosb_gene,0,1,0.0
pu-box,0,1,0.0
transcription_factor_nuclear_factor_kappa_b,0,1,0.0
delta-domain_motif,0,1,0.0
in_vivo_modulation,0,1,0.0
p47phox-deficient_patient,0,1,0.0
nfat_peptide,0,1,0.0
human_herpesvirus_6_variant_a,0,1,0.0
normal_development,0,1,0.0
camp_response_element_(cre)_transcription,0,1,0.0
cd4_cell_number,0,1,0.0
spi-1_expression_vector,0,1,0.0
effective_immune_response,0,1,0.0
chr_20,0,1,0.0
50-kda_species,0,1,0.0
interleukin-5_signaling,0,1,0.0
glucocorticoid_therapy,0,1,0.0
signal_transducer_and_activator_of_transcription-4,0,1,0.0
interleukin-2_(il-2)r_alpha,0,1,0.0
ebv_lytic_cascade,0,1,0.0
actin_filament,0,1,0.0
ngfi-a/egr-1,0,1,0.0
tal-2,0,1,0.0
raf_kinase,0,1,0.0
human_tata_binding_factor,0,1,0.0
multi-agent_therapy,0,1,0.0
c-terminal_141_aa,0,1,0.0
primary_infection,0,1,0.0
factor-dependent_pkb/akt_activity,0,1,0.0
monocyte_mn_superoxide_dismutase,0,1,0.0
g-protein-coupled_serpentine_receptor,0,1,0.0
epidermal_growth_factor_(egf)_receptor,0,1,0.0
m-csf_responsiveness,0,1,0.0
h-rs_cell_line,0,1,0.0
ifn_induction,0,1,0.0
immediate-early_activation_gene_expression,0,1,0.0
bl_cell,0,1,0.0
stat_transcription_factor,0,1,0.0
5'-flanking_sequence,0,1,0.0
healthy_persons,0,1,0.0
multiple_cis_element,0,1,0.0
zeta_2_globin_gene,0,1,0.0
ra_synovitis,0,1,0.0
recombinant_fusion_protein,0,1,0.0
x_gene,0,1,0.0
"1,25-dihydroxyvitamin_d2",0,1,0.0
muscle-specific_gene,0,1,0.0
ea-d,0,1,0.0
smase,0,1,0.0
unidentified_superantigen,0,1,0.0
heat_shock_response,0,1,0.0
htlv-i-transformed_peripheral_blood_mononuclear_cell,0,1,0.0
progesterone_receptor-specific_monoclonal_antibody,0,1,0.0
mo7e_cell,0,1,0.0
epidermal_cell,0,1,0.0
gram-negative_bacteria-induced_sepsis_syndrome,0,1,0.0
"4,21-diacetoxy-11_beta,19-epoxy-3-hydroxypregnan-20-one",0,1,0.0
differentiation_therapy,0,1,0.0
p53_paradox,0,1,0.0
nf-kappab_transcriptional_activation,0,1,0.0
ap-1_binding_protein,0,1,0.0
b7-positive_(b_cells),0,1,0.0
phosphatidylinositol,0,1,0.0
cellular_mechanism,0,1,0.0
secondary_tcr_stimulation,0,1,0.0
c-rel-like_protein,0,1,0.0
ciita-transfected_cell_hybrid,0,1,0.0
acid_activation_region,0,1,0.0
pro-inflammatory_stimulus,0,1,0.0
p50.p65,0,1,0.0
p1,0,1,0.0
amino_acid_identity,0,1,0.0
lps_cellular_signaling,0,1,0.0
dqb_y-box,0,1,0.0
cd30+_cell,0,1,0.0
nonpituitary_human_prolactin_gene,0,1,0.0
epstein-barr_virus_bzlf1_transactivator_protein,0,1,0.0
s-x-y_region,0,1,0.0
loop_region,0,1,0.0
hypothalamic-pituitary-adrenal_system,0,1,0.0
half-site,0,1,0.0
tr:trep_complex,0,1,0.0
pu-1,0,1,0.0
gro-alpha_immobilization,0,1,0.0
nuclear_factor_(nf)-kappab,0,1,0.0
rt-pcr_product,0,1,0.0
human_pcd/dcoh,0,1,0.0
oxidative_stress-induced_signal,0,1,0.0
nf-at_protein_complex,0,1,0.0
human_t-cell_clone,0,1,0.0
interleukin_2_promoter,0,1,0.0
gm-csf-stimulated_cell,0,1,0.0
circulating_immune_complex,0,1,0.0
t(12;15)_translocation,0,1,0.0
spleen_lymphocytic_cell,0,1,0.0
id-3l_protein,0,1,0.0
hereditary_disorder,0,1,0.0
cd18,0,1,0.0
airway_epithelial_cell,0,1,0.0
b_and_t_cell_mitogenesis,0,1,0.0
histone_deacetylase_(hdac)_inhibitor,0,1,0.0
alpha-globin_hs-40_enhancer,0,1,0.0
interleukin_2_gene_expression,0,1,0.0
previously_demonstrated,0,1,0.0
il-1beta_transcription,0,1,0.0
transdominant_rev_protein,0,1,0.0
myeloid_cell_specific,0,1,0.0
transcriptional_activator_property,0,1,0.0
jun/fos_early_response_gene_expression,0,1,0.0
epo-r,0,1,0.0
15_amino_acid,0,1,0.0
human_receptor,0,1,0.0
sodium_deoxycholate,0,1,0.0
binding_property,0,1,0.0
vcam-1-mediated_cell_adhesion,0,1,0.0
hela_phenotype,0,1,0.0
ad-infected_target,0,1,0.0
e-protein_gene,0,1,0.0
n-terminal_acidic_transcriptional_activation,0,1,0.0
sucrose_density_gradient,0,1,0.0
drosophila_melanogaster_homeobox_gene,0,1,0.0
aromatic_amino_acid_hydroxylase,0,1,0.0
cd95l_promoter,0,1,0.0
b-cell_marker,0,1,0.0
cord_blood_(cb)_progenitor_cell,0,1,0.0
pancreas_development,0,1,0.0
specific_cell_fate_development,0,1,0.0
il-13r_alpha1-positive_thp-1_cell,0,1,0.0
jak_2-stat_1_pathway,0,1,0.0
74_bp_upstream,0,1,0.0
b-cell_stimulation,0,1,0.0
mapk/extracellular_signal-regulated_kinase_kinase_(mapk_kinase)_inhibitor,0,1,0.0
il-9_gene,0,1,0.0
gender,0,1,0.0
late_kinetic,0,1,0.0
tbp-containing_complex,0,1,0.0
recombinant_b4-2,0,1,0.0
wild-type_tax,0,1,0.0
delayed-type_hypersensitivity,0,1,0.0
grip-1,0,1,0.0
tnf_gene_expression,0,1,0.0
differentiating_thymocyte,0,1,0.0
stat-5_induction,0,1,0.0
ifn-gamma_activation_sequence,0,1,0.0
human_t-cell_leukemia_virus_type_i_(htlv-i)_promoter,0,1,0.0
anemic_stress,0,1,0.0
maximal_basophilia,0,1,0.0
protein_kinase_c_substrate,0,1,0.0
epsilon-globin-encoding_gene,0,1,0.0
extrinsic_asthma,0,1,0.0
latency_i_and_ii,0,1,0.0
dra,0,1,0.0
chemr1,0,1,0.0
reporter_gene_luciferase,0,1,0.0
393_amino_acid_long_human_tramp,0,1,0.0
coexpressed_gene,0,1,0.0
diurnal_rhythm,0,1,0.0
b_lymphocyte-specific_gene_expression,0,1,0.0
3.5_kb_transcript,0,1,0.0
putative_triggering_molecule,0,1,0.0
calycin_protein_superfamily,0,1,0.0
ebv-transformed_244b_human_lymphoblastoid_cell,0,1,0.0
lck_expression,0,1,0.0
maturation_pathway,0,1,0.0
nf-kappab_activity,0,1,0.0
g-actin,0,1,0.0
mutant_signaling_molecule,0,1,0.0
human_macrophage_inflammatory_protein-1alpha,0,1,0.0
cellular_inhibitor_kappab_alpha,0,1,0.0
platelet_factor_4,0,1,0.0
haplotype,0,1,0.0
jak_kinase_specific_antibody,0,1,0.0
mouse_genomic_dna_clone,0,1,0.0
gtt,0,1,0.0
growth_retarding_property,0,1,0.0
gp120-mediated_icam-1_expression,0,1,0.0
nonfinger_region,0,1,0.0
bipartite_human_interleukin-4_(il-4)_receptor,0,1,0.0
acute_phase_response,0,1,0.0
enucleated_erythrocyte,0,1,0.0
phosphorothioate_oligonucleotide,0,1,0.0
inductive_stimulation,0,1,0.0
eosinophil-specific_granule_protein_gene,0,1,0.0
nd10,0,1,0.0
cdk,0,1,0.0
calm_yacs,0,1,0.0
c5mj2,0,1,0.0
biological_process,0,1,0.0
trident_mrna,0,1,0.0
b_cell_lineage-specific_activator_protein_(bsap)_site,0,1,0.0
deltanfkappabdeltaspl234,0,1,0.0
phorbol_myristate_acetate_induction,0,1,0.0
pou-specific_homeodomain,0,1,0.0
stat1_pathway,0,1,0.0
human_lymphocyte_proliferation,0,1,0.0
n-terminal_218_amino_acids,0,1,0.0
glial-derived_cell_line,0,1,0.0
murine_bone_marrow-derived_macrophage,0,1,0.0
lps-induced_activity,0,1,0.0
hla-dqb1_codon_57,0,1,0.0
janus_kinase/signal_transducer_and_activator_of_transcription,0,1,0.0
promoter_proximal_(pp)_repeat,0,1,0.0
aids-gr_monocyte,0,1,0.0
nf(kappa)b_expression,0,1,0.0
murine_macrophage_cell_line_raw_264.7,0,1,0.0
platelet_antibody,0,1,0.0
htlv-i-infected_and_tax-transfected_human_t_cell,0,1,0.0
5'_terminus,0,1,0.0
band_4.1,0,1,0.0
human_herpesvirus_type-8,0,1,0.0
t(11;17)(q13;121),0,1,0.0
latently_infected_cell,0,1,0.0
gal4-elf-1_fusion_protein,0,1,0.0
at,0,1,0.0
oct_factor,0,1,0.0
mzf_protein,0,1,0.0
binding_factor,0,1,0.0
polyomavirus_reactivation,0,1,0.0
y113,0,1,0.0
mature_c_epsilon_transcription,0,1,0.0
polyclonal_activation,0,1,0.0
normal_control_subject,0,1,0.0
il-2_responsiveness,0,1,0.0
cd40_stimulation,0,1,0.0
posttranscriptional_level,0,1,0.0
mibp1_gene,0,1,0.0
tax-mediated_transactivation,0,1,0.0
n9_microglial_cell_line,0,1,0.0
ige_synthesis,0,1,0.0
clonal_assay,0,1,0.0
phorbol_ester_+_calcium_ionophore,0,1,0.0
tgf-beta1_mrna_synthesis,0,1,0.0
150_kd,0,1,0.0
immunosuppressant_cyclosporin_a,0,1,0.0
timp-1-negative_bl_line,0,1,0.0
atf/cre_binding_site,0,1,0.0
interleukin_1_beta,0,1,0.0
acla,0,1,0.0
major_histocompatibility_complex_class_ii_combined_immunodeficiency,0,1,0.0
wild-type_(wt)_cell,0,1,0.0
protodrug,0,1,0.0
sodium-proton-antiport,0,1,0.0
-291_to_-245,0,1,0.0
mrna_stability_study,0,1,0.0
irf-1_cotransfection,0,1,0.0
monocyte-type_colony,0,1,0.0
kennedy's_disease,0,1,0.0
ap-1-binding_motif,0,1,0.0
chemotactic_migration,0,1,0.0
anchor_residue,0,1,0.0
pit-1_gene,0,1,0.0
irradiated_culture,0,1,0.0
tandem_domain,0,1,0.0
long-term_cultured_nk_clone,0,1,0.0
single_gene_trans-activation,0,1,0.0
1.2-kb_cdna,0,1,0.0
signal-transducing_smad_protein,0,1,0.0
human_breast_carcinoma_cell_line,0,1,0.0
t_cell-specific_fashion,0,1,0.0
monocyte_arrest,0,1,0.0
downstream_binding_factor_(dbf)_site,0,1,0.0
nuclear_nf-kappa_b,0,1,0.0
10_microm_kn-62,0,1,0.0
bcl-2_upregulation,0,1,0.0
erected_wing_gene_product,0,1,0.0
icsat_overexpression,0,1,0.0
du528,0,1,0.0
gtp-gdp_state,0,1,0.0
intracellular_free_calcium,0,1,0.0
bcr1/9,0,1,0.0
erg2_gene,0,1,0.0
intrafollicular_t-cell_population,0,1,0.0
cd19_promoter_construct,0,1,0.0
p105_promoter,0,1,0.0
il-6-responsive_colony-forming_units,0,1,0.0
hematopoietic_gene,0,1,0.0
ifn-gamma_pre-treatment,0,1,0.0
e._chaffeensis,0,1,0.0
high_risk_women,0,1,0.0
proteolytic_digestion,0,1,0.0
irf_family_transcription_factor_gene_expression,0,1,0.0
transcription_initiation,0,1,0.0
principal_cis-acting_element,0,1,0.0
bcc,0,1,0.0
dihydro_derivative,0,1,0.0
dna_polymerase_inhibitor_phosphonoformic_acid,0,1,0.0
renal_transplant,0,1,0.0
reticulocyte_lysate,0,1,0.0
variant_b,0,1,0.0
b-cell_chronic_lymphocytic_leukemia_cell,0,1,0.0
invariant_(ii)_chain,0,1,0.0
3'-caggtg_e-box,0,1,0.0
human_b_cell_line_bjab,0,1,0.0
trichostatin_a,0,1,0.0
formalin-fixed_paraffin_section,0,1,0.0
cd4+cd45ro+_t_cell,0,1,0.0
i_kappa_b_alpha/mad-3_gene,0,1,0.0
genital_skin_fibroblast,0,1,0.0
ras-raf-1-map_kinase,0,1,0.0
antiinflammatory_agent,0,1,0.0
lymphocytic_level,0,1,0.0
beta_chain,0,1,0.0
retinoid_resistance,0,1,0.0
cell_replication,0,1,0.0
anti-estrogen,0,1,0.0
t_cell_malignancy,0,1,0.0
ebna1,0,1,0.0
consensus_element,0,1,0.0
oap40,0,1,0.0
promonocyte_cell_line,0,1,0.0
agonist-induced_monocytic_cell_adhesion,0,1,0.0
immunological_parameter,0,1,0.0
benzidine-positive_cell,0,1,0.0
thrombopoietin,0,1,0.0
varicella-zoster_virus_peptide,0,1,0.0
5'_regulatory_region,0,1,0.0
vivo_generated_lak_cell-mediated_lysis,0,1,0.0
peripheral_b_lymphocyte,0,1,0.0
mutated_androgen_receptor,0,1,0.0
cytoplasmic_p39c-jun,0,1,0.0
t-cell_leukemia_virus_type_i,0,1,0.0
monocyte-conditioned_medium,0,1,0.0
hiv-enhancer_domain,0,1,0.0
full-length_cdna_clone,0,1,0.0
human_b-cell_line,0,1,0.0
il-1beta_mrna_expression,0,1,0.0
ligand-dependent_manner,0,1,0.0
kappab-sp1_element,0,1,0.0
9-cis_ra,0,1,0.0
signal-transducing_receptor_subunit,0,1,0.0
-201_and_-130,0,1,0.0
cd40_cross-linking,0,1,0.0
atra-induced_differentiation,0,1,0.0
natural_ligand_cd80,0,1,0.0
multipotential_progenitor_cell,0,1,0.0
down-regulated_sequence,0,1,0.0
anti-cd3_monoclonal_antibody-induced_t-cell_proliferation,0,1,0.0
abnormal_blast_cell,0,1,0.0
interleukin_(il)-2-receptor,0,1,0.0
clinically_unaffected_family_member,0,1,0.0
bsm_i,0,1,0.0
giant_platelet,0,1,0.0
hiv-1_isolate,0,1,0.0
xscid,0,1,0.0
t_cell_origin,0,1,0.0
nuclear_protein-dna_complex,0,1,0.0
polarized_differentiation,0,1,0.0
burst-forming_unit-erythroid_(bfu-e)_colony_formation,0,1,0.0
normal_breast_parenchyma,0,1,0.0
lyn_tyrosine_kinase,0,1,0.0
interleukin-1beta_mrna_transcription,0,1,0.0
antigen_receptor-stimulated_t_cell,0,1,0.0
activated_human_monocyte,0,1,0.0
nfat-binding_element,0,1,0.0
adrenal_function,0,1,0.0
dza,0,1,0.0
hlf_ancillary_dna-binding_domain,0,1,0.0
pancreatic_beta_cell,0,1,0.0
tyrosine,0,1,0.0
thp-1,0,1,0.0
phosphoprotein,0,1,0.0
abnormal_nf-at_binding_activity,0,1,0.0
cre-binding_(creb)_protein,0,1,0.0
b95-8_cell,0,1,0.0
vitamin_e_therapy,0,1,0.0
octamer_binding_site,0,1,0.0
ro-vdr_cell,0,1,0.0
in_situ_reverse_transcription_based_polymerase_chain_reaction,0,1,0.0
consensus_octamer_motif,0,1,0.0
interleukin_2_receptor_expression,0,1,0.0
il-2r_alpha,0,1,0.0
tcr_zeta_subunit,0,1,0.0
lmp_promoter_fragment,0,1,0.0
type_i_ifn_gene_promotor,0,1,0.0
human_herpesvirus-6,0,1,0.0
cag,0,1,0.0
il-1ri-associated_protein_kinase,0,1,0.0
antigen-responsive_lymphoid_cell,0,1,0.0
gtp_binding,0,1,0.0
protein_kinase_c_(pkc)_inhibitor,0,1,0.0
po-b_dna_binding,0,1,0.0
traf,0,1,0.0
immunizing_mouse,0,1,0.0
ca2+-activated_serine/threonine_phosphatase,0,1,0.0
transcription_specific_difference,0,1,0.0
basic_region/leucine_zipper,0,1,0.0
hybrid_bcr/abl,0,1,0.0
placental_cell,0,1,0.0
human_ec,0,1,0.0
jejunostomy,0,1,0.0
e2f-1_level,0,1,0.0
selective_displacement,0,1,0.0
group_i_bl_cell,0,1,0.0
peak_expiratory_flow,0,1,0.0
high_affinity_aldosterone_binding_site,0,1,0.0
hl-60_promyelocyte,0,1,0.0
(dys)regulation,0,1,0.0
gr_function,0,1,0.0
interleukin-6_gene,0,1,0.0
"constitutive,_c2,_protein",0,1,0.0
im-9_cell_line,0,1,0.0
atl,0,1,0.0
in_vivo_hiv-1_replication,0,1,0.0
anti-onco-genic_transcription_factor,0,1,0.0
downstream_signalling_events,0,1,0.0
rxr-_raralpha403_heterodimer,0,1,0.0
uf-1,0,1,0.0
pcna,0,1,0.0
interleukin-6_gene_expression,0,1,0.0
interleukin-3_locus,0,1,0.0
negative_regulatory_sequence,0,1,0.0
resting_b_cell,0,1,0.0
81_bp_ebna2_responsive_region,0,1,0.0
vascular-specific_gene_expression,0,1,0.0
eutopic_pregnancy,0,1,0.0
monocytic_cell_line_mm6,0,1,0.0
several_e-protein_family_member,0,1,0.0
cytotoxic_cytokine_synthesis,0,1,0.0
nf-il4,0,1,0.0
ubiquitin-_proteasome_system,0,1,0.0
lps_receptor_complex,0,1,0.0
burkitt's_lymphoma_cell,0,1,0.0
hela_cells,0,1,0.0
il-7-induced_proliferation,0,1,0.0
cytoplasmic_nf-kappab,0,1,0.0
chloramphenicol_acetyl-transferase,0,1,0.0
hiv-mediated_nf-kappa_b_activation,0,1,0.0
rel/nf-kappa_b_family,0,1,0.0
expression_plasmid,0,1,0.0
mature_red_blood_cell,0,1,0.0
mouse_gene,0,1,0.0
nf-matp35_induction,0,1,0.0
multiple_malignancy,0,1,0.0
autoreactive_thymocyte,0,1,0.0
ar_mrna,0,1,0.0
tnf-alpha-mediated_induction,0,1,0.0
bcd_gene,0,1,0.0
nf_kappa_b_binding_site,0,1,0.0
human_chr_20_centromere,0,1,0.0
lymphocytic_aldosterone_receptor,0,1,0.0
gr_number,0,1,0.0
pkc_stimulation,0,1,0.0
normal_activated_b_cell,0,1,0.0
nfat-binding_site,0,1,0.0
messenger_rna_(mrna)_level,0,1,0.0
stat6_dna-binding_activity,0,1,0.0
transfected_reporter_gene,0,1,0.0
fitc-lps,0,1,0.0
bone_marrow-derived_macrophage,0,1,0.0
lklf,0,1,0.0
gel_shift_assay,0,1,0.0
transfection_analysis,0,1,0.0
retinoblastoma_gene_product,0,1,0.0
estrogen_disrupter,0,1,0.0
"1,25(oh)2d3_synthesis",0,1,0.0
htlv-i_long_terminal_repeat,0,1,0.0
nuclear_factors_nf-il6,0,1,0.0
protein_truncation_test,0,1,0.0
endogenous_hsf2-alpha,0,1,0.0
human_t_lymphotropic_virus_(htlv)-i-infected_human_t_cell_line,0,1,0.0
hematolymphopoietrope,0,1,0.0
il-2-dependent_cell_transformation,0,1,0.0
il-5-producing_t-cell_clone,0,1,0.0
normal_mice,0,1,0.0
nf-kappab_site,1,1,0.0
lps-induced_proteolytic_degradation,0,1,0.0
rba,0,1,0.0
control_donor,0,1,0.0
band_11p15,0,1,0.0
g1_arrest,0,1,0.0
p27kip1_mrna,0,1,0.0
specific_promoter_site,0,1,0.0
actively_transcribed_gene,0,1,0.0
adrenal_androgen_level,0,1,0.0
mrna_half-life,0,1,0.0
promoter_selectivity,0,1,0.0
myeloid_differentiation_protein,0,1,0.0
pgg-glucan_binding_moiety,0,1,0.0
ap-2_element,0,1,0.0
phosphotyrosine_immunoprecipitation,0,1,0.0
b_hybridoma_cell_line_7td1,0,1,0.0
chloramphenicol_acetyltransferase_expression_construct,0,1,0.0
cytoplasmic_complex,0,1,0.0
id3_overexpression,0,1,0.0
anti-choleretic_agent,0,1,0.0
carbimazole,0,1,0.0
il-4-induced_upregulation,0,1,0.0
double-stranded_rna-binding_protein,0,1,0.0
hsf1_overexpression,0,1,0.0
competition_experiment,0,1,0.0
cultured_human_blood_mononuclear_cell,0,1,0.0
ltr-driven_gene_expression,0,1,0.0
common_allelic_variant,0,1,0.0
glycoprotein_cd36,0,1,0.0
endocytic_pathway,0,1,0.0
pha-activated_mononuclear_cell,0,1,0.0
v-fos_protein,0,1,0.0
b3_factor,0,1,0.0
saccharomyces_cerevisiae,0,1,0.0
beta-casein_gene,0,1,0.0
sn50-mediated_apoptosis,0,1,0.0
accessory_protein,0,1,0.0
11_beta-methyl_analog,0,1,0.0
immunoglobulin_switch_region,0,1,0.0
murine_pre-b_cell_line,0,1,0.0
rickets-like_disease,0,1,0.0
rhesus_monkey,0,1,0.0
glutathione_s-transferase,0,1,0.0
housekeeping_alas_mrna,0,1,0.0
protein_ag,0,1,0.0
concatenated_linear_ebv_dna_molecule,0,1,0.0
il-8_secretion,0,1,0.0
nf-m-estrogen_receptor_expressing_progenitor,0,1,0.0
kappab,0,1,0.0
kaposi's_sarcoma,0,1,0.0
cd4_oligomerization,0,1,0.0
maximal_gene_activation,0,1,0.0
lr1-dna_complex,0,1,0.0
otf-2_expression_vector,0,1,0.0
inactive_x_chromosome,0,1,0.0
htlv-i_infected_human_t-cell_line,0,1,0.0
il-2rbeta_dna_binding_motif,0,1,0.0
ifngamma,0,1,0.0
anti-thrombin_iii,0,1,0.0
t_cell_receptor-beta,0,1,0.0
b-cell-specific_activity,0,1,0.0
eml_cell,0,1,0.0
immortalised_lymphoblastoid_cell_line,0,1,0.0
nonglucocorticoid_steroid,0,1,0.0
isolated_polyclonal_b_lymphocyte,0,1,0.0
putative_mammalian_sex-determining_gene,0,1,0.0
purified_b-lymphocyte,0,1,0.0
dephosphorylated_(activated)_prb,0,1,0.0
richter's_syndrome,0,1,0.0
myeloid_cell_feature,0,1,0.0
cell-cycle_gene_activation,0,1,0.0
rheumatoid_joint,0,1,0.0
antibody_supershift_assay,0,1,0.0
p24_ag,0,1,0.0
ntp,0,1,0.0
murine_t_cell_line_el-4,0,1,0.0
il-2_in_vitro,0,1,0.0
gm-csf_mrna,0,1,0.0
sex-determining_gene,0,1,0.0
gata-1.05_mutant_female,0,1,0.0
"wy14,643",0,1,0.0
human_gamma-herpesvirus,0,1,0.0
hgh,0,1,0.0
e-protein,0,1,0.0
terminally_differentiated_b_cell,0,1,0.0
steroid_action,0,1,0.0
phenotypic_female,0,1,0.0
monocyte-derived_macrophage,0,1,0.0
lipid_a,0,1,0.0
nonoverlapping_epitopes,0,1,0.0
last_13_amino_acid,0,1,0.0
microvascular_ec_(human_bone_marrow_ec_immortalized_by_sv40)_antigen,0,1,0.0
255_nucleotide,0,1,0.0
human_epo-dependent_cell_line,0,1,0.0
t_cell_activation_signal,0,1,0.0
skin_sample,0,1,0.0
natural_killer_cell,0,1,0.0
htlv-i_tax-mediated_trans-activation,0,1,0.0
egr1,0,1,0.0
bacterial_lipoprotein,0,1,0.0
theileria-infected_cell,0,1,0.0
oct-1,0,1,0.0
il-2+_cell,0,1,0.0
normal_hematopoietic_cell,0,1,0.0
sendai_virus_induced_extract,0,1,0.0
nf-kappa_b_protein_complex,0,1,0.0
tshr_antibody,0,1,0.0
interleukin-3,0,1,0.0
mmtv,0,1,0.0
erythropoietin_receptor_(epo-r)_gene,0,1,0.0
apo-1/cd95,0,1,0.0
coagulation_protease_cascade,0,1,0.0
atra,0,1,0.0
pcdd/pcdf-body_burden,0,1,0.0
htlv-i-transformed_cell,0,1,0.0
acute_promyelocytic_leukemia_(apl):_ii,0,1,0.0
v-atpase_b_subunit_amplification,0,1,0.0
nucleosomal_dna,0,1,0.0
c-rel-expressing_cell_monolayer,0,1,0.0
latent_gene,0,1,0.0
global_tcr/cd3-signaling_defect,0,1,0.0
injury-induced_necrosis,0,1,0.0
amino_acids_2-99,0,1,0.0
eth2,0,1,0.0
il-2-induced_tyrosine_phosphorylation,0,1,0.0
erythroid_ontogeny,0,1,0.0
vitronectin_receptor,0,1,0.0
-147/-130_nxs,0,1,0.0
rap1_protein,0,1,0.0
protooncogene_product,0,1,0.0
dq2,0,1,0.0
activating_protein-1_binding_activity,0,1,0.0
promoter_region,0,1,0.0
ifn-gamma_cytoplasmic_mrna,0,1,0.0
il-8,0,1,0.0
messenger_rna,0,1,0.0
sodium_orthovanadate,0,1,0.0
interleukin_(il)-2_promoter_activity,0,1,0.0
varicella,0,1,0.0
t_cell_receptor-cd3_complex,0,1,0.0
transcriptional_repression,0,1,0.0
mch_2,0,1,0.0
gp120,0,1,0.0
rapid_turnover_rate,0,1,0.0
cytotoxic_t-lymphocyte,0,1,0.0
eosinophil-committed_hl-60-c15_cell,0,1,0.0
antibody-encoding_gene,0,1,0.0
nfat-1-mediated_transcription,0,1,0.0
erythroid_transcription_factor_gata-1,0,1,0.0
pharmacodynamic_model,0,1,0.0
htlv-1_long_terminal_repeat-chloramphenicol_acetyltransferase_reporter_construct,0,1,0.0
transcription_factor_ap-2,0,1,0.0
"3,4-diacetoxy_derivative",0,1,0.0
mediate_differentiation,0,1,0.0
human_b-lymphocyte_cdna_library,0,1,0.0
palmitate,0,1,0.0
ylpq,0,1,0.0
2100_binding_sites/nucleus,0,1,0.0
aitl,0,1,0.0
erythroid_precursor,0,1,0.0
polymorphic_dna_marker,0,1,0.0
antigen_b27,0,1,0.0
dnase_i_mapping,0,1,0.0
spatial_alignment,0,1,0.0
xist-specific_fish,0,1,0.0
constitutively_activated_tumor_necrosis_factor_receptor,0,1,0.0
rel-related_complementary_dna,0,1,0.0
transactivating_activity,0,1,0.0
tumor_necrosis_factor-alpha_(tnf-alpha)_gene,0,1,0.0
immune_system_target,0,1,0.0
deoxyribonucleic_acid,0,1,0.0
immunologic_crossreactivity,0,1,0.0
dyad_symmetry_region,0,1,0.0
short_arm_of_chr_20,0,1,0.0
general_transcription_apparatu,0,1,0.0
t3r,0,1,0.0
dest,0,1,0.0
cytokine_cooperativity,0,1,0.0
healthy_volunteer,0,1,0.0
submandibular_gland,0,1,0.0
verprolin-homology_region,0,1,0.0
hacat_cell_line,0,1,0.0
tpa-induced_transcription,0,1,0.0
human_genomic_sterol_regulatory_element,0,1,0.0
early_productive_cycle,0,1,0.0
human_lymphoblastoid_cell,0,1,0.0
cd11b,0,1,0.0
tax-induced_turnover,0,1,0.0
growth_factor,0,1,0.0
jurkat_j6,0,1,0.0
mzf-2_mrna,0,1,0.0
pbmc_receptors,0,1,0.0
osteoclast_differentiation,0,1,0.0
b_cell_enhancer_site,0,1,0.0
carcinogenesis,0,1,0.0
glucocorticoid-sensitive_6tg1.1,0,1,0.0
astrocyte_factor-dependent_manner,0,1,0.0
stat_protein,0,1,0.0
renal_inflammation,0,1,0.0
il-1alpha,0,1,0.0
otf-2,0,1,0.0
p60_phosphorylation,0,1,0.0
transgene_expression,0,1,0.0
putative_additional_lymphoid-specific_transcription_factor,0,1,0.0
primary_infected_and_healthy_virus_carrier,0,1,0.0
eukaryotic_gene,0,1,0.0
nuclear_factor-kappab_translocation,0,1,0.0
tumor_necrosis_factor-alpha_(tnf-alpha)-induced_degradation,0,1,0.0
sperm_typing_protocol,0,1,0.0
chemokine_family,0,1,0.0
nfat-1_deletion,0,1,0.0
tpa/ca(2+)-induced_transactivation,0,1,0.0
y_chromosome_sequence,0,1,0.0
fibroblast_growth_factor-1,0,1,0.0
dominant-negative_mek,0,1,0.0
th2_clone,0,1,0.0
zii_domain,0,1,0.0
hiv-ltr_activation,0,1,0.0
neuroendocrine-immune_interaction,0,1,0.0
tcl1_protein,0,1,0.0
susceptibility_gene,0,1,0.0
oct1.2,0,1,0.0
c-myc_rna,0,1,0.0
monocyte_adherence,0,1,0.0
phenol,0,1,0.0
rhombotin-2,0,1,0.0
p50.c-rel,0,1,0.0
lp_individual,0,1,0.0
human_glucocorticoid_receptor,0,1,0.0
butyric-acid,0,1,0.0
nuclear_factor_of_activated_t_cells_(nfat)_family_protein,0,1,0.0
oral_administration,0,1,0.0
il-4-driven_germline_c_epsilon,0,1,0.0
cytoplasmic_p62c-fos,0,1,0.0
lysosomal_protein,0,1,0.0
purified_t_cell,0,1,0.0
allele_specificity,0,1,0.0
sequence_variation,0,1,0.0
fertile_adult_male,0,1,0.0
other_reactive_oxygen_species,0,1,0.0
rantes_expression,0,1,0.0
gc_receptor_(gcr)_pre-mrna,0,1,0.0
ox_ldl,0,1,0.0
immunopathology,0,1,0.0
dna_polymerase-associated_processivity_factor_pcna,0,1,0.0
gcr-beta,0,1,0.0
alternative_reading_frame,0,1,0.0
anti-cd45_antibody,0,1,0.0
atgcaaat_octamer_sequence,0,1,0.0
myd88_gene,0,1,0.0
infiltrating_t_cell,0,1,0.0
granulomonocyte-associated_lysosomal_protein,0,1,0.0
cockayne's_syndrome,0,1,0.0
17-hydroxy-progesterone,0,1,0.0
pax-5-deficient_pro-b_cell,0,1,0.0
ht-2_cell,0,1,0.0
monocyte_tf_expression,0,1,0.0
il-1_receptor-like_nf-kappab_signaling_cascade,0,1,0.0
osteocalcin_promoter,0,1,0.0
cercopithicine_herpesvirus_12,0,1,0.0
manipulating_pathological_immune_response,0,1,0.0
ifn-u937_cell,0,1,0.0
leu122,0,1,0.0
adenovirus,0,1,0.0
crel,0,1,0.0
il-13_treatment,0,1,0.0
47_kda_sterol_regulatory_element_binding_factor,0,1,0.0
cem-3r43,0,1,0.0
myh11_transcript,0,1,0.0
septic_shock,0,1,0.0
resting_b-cell_preparation,0,1,0.0
polarization,0,1,0.0
v-(d)-j_recombinase_activity,0,1,0.0
e3_regulation,0,1,0.0
captopril,0,1,0.0
pcd/dcoh,0,1,0.0
ebna_gene_transcription,0,1,0.0
deletion_mutation_analysis,0,1,0.0
pecam-1_promoter_segment,0,1,0.0
t_lymphocyte_response,0,1,0.0
vascular_adhesion_molecule-1,0,1,0.0
normal_lymphocyte,0,1,0.0
cd3-epsilon_expression,0,1,0.0
atopic_b_cell,0,1,0.0
transcription_factor_nf-kappa_b,0,1,0.0
20-methyl_derivative,0,1,0.0
tcl1_oncogene_expression,0,1,0.0
calcitonin_receptor,0,1,0.0
wild-type_rxr,0,1,0.0
vacuolar_h+-atpase_b2_subunit,0,1,0.0
e2f_transcriptional_activity,0,1,0.0
optimal_activation,0,1,0.0
primary_cell,0,1,0.0
nf-kappa_b-binding_activity,0,1,0.0
fas_upregulation,0,1,0.0
foreign_body_giant_cell,0,1,0.0
cd95l_proximal_promoter_sequence,0,1,0.0
gm-csf_template,0,1,0.0
urs,0,1,0.0
reactive_metabolite,0,1,0.0
lymphoid_enhancer_factor_and_t-cell_factor,0,1,0.0
porcine_endothelium,0,1,0.0
anti-cd28_costimulation,0,1,0.0
tax-mediated_transformation,0,1,0.0
g1/g0_cell,0,1,0.0
tcr_coengagement,0,1,0.0
micrococcal_nuclease,0,1,0.0
gcii,0,1,0.0
'perfect'_nf-kb_binding_site,0,1,0.0
cotransfection_analysis,0,1,0.0
thymidine_uptake,0,1,0.0
peroxisome_proliferator-activated_receptor_alpha_(pparalpha)_ligand,0,1,0.0
hla-dr3,0,1,0.0
colorectal_cancer,0,1,0.0
[3h]_dexamethasone_binding,0,1,0.0
tissue-specific_core_promoter_structure,0,1,0.0
hnf1,0,1,0.0
human_trx,0,1,0.0
tnfr1-mediated_death,0,1,0.0
viral_trans-activator_tax_protein,0,1,0.0
p15,0,1,0.0
in_vivo,0,1,0.0
mitogen_activation,0,1,0.0
fc_portion,0,1,0.0
glycosidase_activity,0,1,0.0
urogenital_mesoderm,0,1,0.0
tnf_receptor-associated_factor_2,0,1,0.0
transfected_jurkat_cell,0,1,0.0
cell-type-independent_lipopolysaccharide_(lps)-responsive_enhancer_element,0,1,0.0
chronic_inflammatory_disorders,0,1,0.0
fetal_blood_cell,0,1,0.0
parathyroid_gland,0,1,0.0
terminal_maturation,0,1,0.0
3h-tdr,0,1,0.0
reporter_gene_assay,0,1,0.0
stat_(signal_transducers_and_activators_of_transcription)_protein,0,1,0.0
jun-fos_heterodimer,0,1,0.0
3'_locus_control_region,0,1,0.0
subtraction_potential_difference,0,1,0.0
blood_concentration,0,1,0.0
l-n-monomethyl-arginine,0,1,0.0
rar-rxr,0,1,0.0
surface_charge,0,1,0.0
synthetic_dna-binding_ligand,0,1,0.0
human_mzf-2,0,1,0.0
double-stranded_dna_containing_consensus_c/ebp_site,0,1,0.0
thy-tax_transgenic_mice,0,1,0.0
tcr_repertoire,0,1,0.0
stimulus-induced_expression,0,1,0.0
human_immunodeficiency_virus_type-1_(hiv-1)_genome,0,1,0.0
regulatory_(b)_subunit,0,1,0.0
tg_epsilon26_thymocyte,0,1,0.0
ap1_site,0,1,0.0
g60:_aes1/2,0,1,0.0
nre_gamma,0,1,0.0
beta-amyloid_peptide,0,1,0.0
pro-myelocytic_leukaemia_gene,0,1,0.0
ferriman-gallwey_score,0,1,0.0
tg_epsilon26,0,1,0.0
lymphocyte_death,0,1,0.0
"1,25d3",0,1,0.0
rel_transcription_factor_family,0,1,0.0
pi3k/pkb-mediated_link,0,1,0.0
cell_to_cell_contact,0,1,0.0
intracellular_phosphorylated_stat-1,0,1,0.0
murine_immunoglobulin_heavy-chain_(igh)_enhancer,0,1,0.0
ga-binding_protein,0,1,0.0
severe_infection,0,1,0.0
multiple_cellular_promoter,0,1,0.0
p50_subunit,0,1,0.0
herpes_simplex_virus,0,1,0.0
nf_kappa_b,0,1,0.0
tr2_orphan_receptor,0,1,0.0
activated_platelet,0,1,0.0
chromosome_3,0,1,0.0
pma-induced_respiratory_burst,0,1,0.0
catalytic_sub-unit_of_dna-protein_kinase,0,1,0.0
inosine-5'-monophosphate_dehydrogenase,0,1,0.0
t-cell_acute_leukemia,0,1,0.0
surface_mhc_class_ii,0,1,0.0
pebp2/cbf_family,0,1,0.0
hiv-2_transcriptional_enhancer,0,1,0.0
epstein-barr_virus_(ebv)-transformed_b_cell_clone,0,1,0.0
purine-rich_il-2_promoter_element,0,1,0.0
"1,25-dihydroxycholecalciferol",0,1,0.0
nfatx2,0,1,0.0
antioxidant_pyrrolidine_dithiocarbarmate,0,1,0.0
positive_cis-acting_element,0,1,0.0
beta2_integrin,0,1,0.0
59_amino_acid,0,1,0.0
protein_synthesis-independent_appearance,0,1,0.0
primed_ctl,0,1,0.0
dimeric_complex,0,1,0.0
scl_interrupting_locus,0,1,0.0
t-cell_surface_molecule,0,1,0.0
pparalpha,0,1,0.0
continuous_t-leukemia_cell_line,0,1,0.0
bipartite_retinoic_acid_response_element,0,1,0.0
mouse_erythroleukemia_cell,0,1,0.0
nf-at_transactivation,0,1,0.0
rxr-rxr_homodimer,0,1,0.0
double-_transgenic_mouse,0,1,0.0
3h-aldosterone,0,1,0.0
n-acetyl-l-cysteine,0,1,0.0
affinity_chromatography,0,1,0.0
dual_color_confocal_microscopy,0,1,0.0
repression,1,1,0.0
human_leukemic_cell,0,1,0.0
5'_upstream_sequence,0,1,0.0
tata-less_interferon-regulated_gene,0,1,0.0
drosophila_embryo,0,1,0.0
rad,0,1,0.0
tgf-alpha,0,1,0.0
50-kda_heterodimer,0,1,0.0
pkc_isoform,0,1,0.0
nf-kappa_b-dependent_cytokine_gene_expression,0,1,0.0
bsap-binding_site,0,1,0.0
hiv-hd_phenotype,0,1,0.0
"b-cell,_iggk_phenotype",0,1,0.0
tfiib,0,1,0.0
th2_cytokine,0,1,0.0
signal-transduction_pathway,0,1,0.0
cd1+relb+dc,0,1,0.0
hiv_regulatory_region,0,1,0.0
phorbol_ester-sensitive_protein_kinase_c,0,1,0.0
constitutively_activated_receptor,0,1,0.0
cho-cd14_cell,0,1,0.0
receptor_down-regulation,0,1,0.0
50000_dalton,0,1,0.0
tnf_receptor_1,0,1,0.0
intragenic_suppressor,0,1,0.0
gc_therapy,0,1,0.0
stimulating_antigen,0,1,0.0
mutant_ap-1_element,0,1,0.0
5-bromo-2'-deoxyuridine,0,1,0.0
bl-2,0,1,0.0
novel_negative_regulator,0,1,0.0
adult_cd34+_bone_marrow_cell,0,1,0.0
purified_viral_material,0,1,0.0
nuclear_export,0,1,0.0
cytomegalovirus_immediate_early_gene,0,1,0.0
hhv-6(gs)_infection,0,1,0.0
potential_mechanism,0,1,0.0
negligible_cytotoxic_activity,0,1,0.0
distal_t_cell_element,0,1,0.0
murine_thymoma_cell,0,1,0.0
nf-kappa_b_inhibitor,0,1,0.0
subcellular_fractionation,0,1,0.0
survival_signal,0,1,0.0
granulocyte-colony_stimulating_factor,0,1,0.0
synergistic_induction,0,1,0.0
class_ii-positive_lymphoid_cell,0,1,0.0
minimal_residual_disease,0,1,0.0
major_histocompatibility_complex_(mhc)_class_ii_gene_expression,0,1,0.0
human_er,0,1,0.0
nf-y-binding_site,0,1,0.0
plasma_cortisol_concentration,0,1,0.0
ikappabalpha_phosphorylation,0,1,0.0
tax_transformed_cell,0,1,0.0
chimeric_hlf_protein,0,1,0.0
tcc,0,1,0.0
il-4/il-13-induced_gene_expression,0,1,0.0
african,0,1,0.0
c/ebpepsilon,0,1,0.0
cortisol_receptor,0,1,0.0
somatic_cell_fusion,0,1,0.0
insulin_mrna,0,1,0.0
transversion,0,1,0.0
mm-ldl,0,1,0.0
supershift_assay,0,1,0.0
granulocyte-macrophage_colony-stimulating_factor,0,1,0.0
host_defense_mechanism,0,1,0.0
hybrid_dra/dqb_reporter_construct,0,1,0.0
glutathione-s-transferase_pi,0,1,0.0
rela_overexpression,0,1,0.0
interleukin-3_(il-3)-induced_commitment,0,1,0.0
nf_kappa_b_independent_cis-acting_sequence,0,1,0.0
128_bp_of_upstream_sequence,0,1,0.0
rankl,0,1,0.0
creb/atf,0,1,0.0
phorbol-myristate-acetate,0,1,0.0
expression_pattern,0,1,0.0
cotransfection,0,1,0.0
-620_to_+34,0,1,0.0
e1a-positive_cell,0,1,0.0
macrophage_marker,0,1,0.0
characteristic_immunophenotype,0,1,0.0
nf-kappa_b_mrna,0,1,0.0
pan_protein,0,1,0.0
pb1_nuclear_protein_complex,0,1,0.0
il-4r_p140,0,1,0.0
exogenous_peptide,0,1,0.0
cytokine-induced_hiv-1_expression,0,1,0.0
hodgkin_and_reed-sternberg_cell,0,1,0.0
cd8(+)-t-cell_response,0,1,0.0
unknown_locus,0,1,0.0
differential_stimulation,0,1,0.0
t_cell_zone,0,1,0.0
direct-repeat_palindrome,0,1,0.0
t_cell_receptor_(tcr)_signaling,0,1,0.0
pml-rar_alpha,0,1,0.0
pdtc-insensitive_pathway,0,1,0.0
clinical_evaluation,0,1,0.0
dra_x2-box,0,1,0.0
lbp,0,1,0.0
multiple_effector_pathway,0,1,0.0
tgf-beta1-transcribing_macrophage,0,1,0.0
viral_lytic_cycle,0,1,0.0
tyrosine_phosphatase,0,1,0.0
erk-2,0,1,0.0
angiotensin_(ang)_ii,0,1,0.0
nf_kappa_b2_effect,0,1,0.0
c-terminal_hsp70_peptide,0,1,0.0
freshly_isolated_thymocyte,0,1,0.0
homodimer,0,1,0.0
rel-b,0,1,0.0
nh2cl,0,1,0.0
c-myb_protein,0,1,0.0
stat3_serine_kinase,0,1,0.0
nuclear_factor_(nf)-kappa_b_subunit,0,1,0.0
chromosomal_aberration,0,1,0.0
tcr-controlled_nf-at_induction,0,1,0.0
tyrosine_kinase-linked_receptor_agonist,0,1,0.0
human_cd4+_t-cell_clone,0,1,0.0
nr2,0,1,0.0
ln_t_cell,0,1,0.0
hla-dr_alpha_mrna,0,1,0.0
ikappab-alpha_proteolysis,0,1,0.0
dopamine_responsiveness,0,1,0.0
interferon-inducible_gene,0,1,0.0
plasma_il-1,0,1,0.0
human_b_cell_nuclear_extract,0,1,0.0
chinese_hamster_ovary_cell,0,1,0.0
tpl-2_kinase,0,1,0.0
cyclic_amp-dependent_protein_kinase,0,1,0.0
aml-1,0,1,0.0
whole-cell_assay,0,1,0.0
hiv-1_transmembrane_glycoprotein,0,1,0.0
alpha-herpesvirus,0,1,0.0
small_nuclear_rna_gene,0,1,0.0
sequence_requirement,0,1,0.0
al1,0,1,0.0
janus_protein_kinase_(jak)1,0,1,0.0
sds-gel_electrophoresis,0,1,0.0
fc_gamma_ric_gire,0,1,0.0
animal_study,0,1,0.0
ctl_memory,0,1,0.0
human_tumor_necrosis_factor_alpha_promoter_region,0,1,0.0
illegitimate_v-(d)-j_recombinase_activity,0,1,0.0
in-situ_labelling,0,1,0.0
tumor_tissue,0,1,0.0
interleukin_(il)-6,0,1,0.0
enhanced_estradiol_inactivation,0,1,0.0
genetic_transmission,0,1,0.0
cytomegalovirus_ie_gene_product,0,1,0.0
unidentified_proximal_position,0,1,0.0
hiv-1_ltr-driven_reporter_gene_activity,0,1,0.0
ige/allergen_immune_complex,0,1,0.0
alpha-tocopheryl_succinate,0,1,0.0
trx,0,1,0.0
tyrosine_phosphoprotein,0,1,0.0
rna_polymerase_ii_transcription_system,0,1,0.0
chronic_eosinophilic_inflammation,0,1,0.0
surface_marker_expression,0,1,0.0
t_cell_line_jurkat,0,1,0.0
plb-iiib_cell,0,1,0.0
poz-mediated_protein_interaction,0,1,0.0
adenovirus_serotype_5_(ad5)_infection,0,1,0.0
oct-1_dna_binding_activity,0,1,0.0
gel-retardation_experiment,0,1,0.0
granulocyte-colony-stimulating_factor_(g-csf)_signal_transduction_pathway,0,1,0.0
nfat_gene,0,1,0.0
1_bp_deletion,0,1,0.0
active_nf-kappa_b_transcription_factor_complex,0,1,0.0
actively_dividing_immature_single_positive_cell,0,1,0.0
dg75,0,1,0.0
viral_immediate-early_transactivator,0,1,0.0
zinc_finger_gene,0,1,0.0
chicken_nf-m_transcription_factor,0,1,0.0
tissue-specific_gene,0,1,0.0
sv40_promoter_specific_protein-1,0,1,0.0
il-4-induced_cd23_mrna,0,1,0.0
mature_hela_cell_mrna,0,1,0.0
signaling_protein,0,1,0.0
-183_and_-196,0,1,0.0
anti-hla_antibody,0,1,0.0
tnfalpha_simulation,0,1,0.0
lineage-positive_cell,0,1,0.0
105-kda_sp1_specie,0,1,0.0
anti-ar_antibody,0,1,0.0
t_lymphocyte_subset,0,1,0.0
lps-induced_ap-1,0,1,0.0
calcium-dependent_dephosphorylation,0,1,0.0
primary_erythroid_cell,0,1,0.0
primer_extension_analysis,0,1,0.0
tyrosine_phosphatase_inhibitor,0,1,0.0
pebp2_alpha/aml-1_family,0,1,0.0
glucocorticoid_receptor-ligand_binding_studies,0,1,0.0
b_cell_immortalization,0,1,0.0
viral_rna_production,0,1,0.0
htlv-infected_cell,0,1,0.0
hcd57-srei_cell,0,1,0.0
tcr_signal,0,1,0.0
two-dimensional_phosphopeptide_map,0,1,0.0
murine_g-csf_receptor,0,1,0.0
cytokine_gene_transcription,0,1,0.0
ccaat/enhancer-binding_protein_(c/ebp)_family,0,1,0.0
nf-kappab_deprivation,0,1,0.0
human_t-cell_leukemia_virus_type_1-transformed_mt-2_cell,0,1,0.0
50_kda_protein,0,1,0.0
thiamine,0,1,0.0
gata-1_dna_binding,0,1,0.0
major_histocompatibility_complex_(mhc)_class_ii_antigens,0,1,0.0
il-2_gene,1,1,0.0
cp_activity,0,1,0.0
mixed_lymphocyte_reaction,0,1,0.0
a2.01,0,1,0.0
cd11b_promoter,0,1,0.0
neuroendocrine_cell_characteristic,0,1,0.0
raralpha403,0,1,0.0
e6_motif,0,1,0.0
inhibitory_peptide,0,1,0.0
cancer_cell,0,1,0.0
th2_level,0,1,0.0
pu.1_and_ets-1_binding_site,0,1,0.0
protein_kinase_c_signaling_pathway,0,1,0.0
"chick_intestinal_1,25(oh)2d3_receptor",0,1,0.0
neutrophilia,0,1,0.0
igh_gene_regulation,0,1,0.0
proliferation-specific_transcription_factor_e2f1,0,1,0.0
bq,0,1,0.0
activated_protein_kinase_b,0,1,0.0
cdc2_mrna,0,1,0.0
healthy_elderly_subject,0,1,0.0
healthy_control_individual,0,1,0.0
hs2_sequence,0,1,0.0
provirus,0,1,0.0
gammadelta-type_t_cell,0,1,0.0
u89,0,1,0.0
dna_organization,0,1,0.0
nf-kappa_b-directed_luciferase_activity,0,1,0.0
dmdtc-treated_t_cell,0,1,0.0
monocyte_cell_line,0,1,0.0
germinal_center_follicular_b_cells,0,1,0.0
gamma_activation_site,0,1,0.0
superoxide_dismutase,0,1,0.0
src-related_proto-oncogene,0,1,0.0
ile761,0,1,0.0
age-related_immune_deficiency,0,1,0.0
ifn_regulatory_factor-1,0,1,0.0
ebv_genome_positive_lymphoid_cell_line,0,1,0.0
nk_clone,0,1,0.0
cd95_receptor,0,1,0.0
heavy-chain_locus,0,1,0.0
lupus_patient,0,1,0.0
ebv-positive_npc_cell_line,0,1,0.0
aortic_endothelial_cell,0,1,0.0
pma-stimulated_t-cell_line,0,1,0.0
tunel_assay,0,1,0.0
adenomatous_polyposis_coli_(apc)_protein,0,1,0.0
h1-antagonists,0,1,0.0
2.7_kb_fragment,0,1,0.0
ebna-1_gene,0,1,0.0
anetholdithiolthione,0,1,0.0
interleukin-2_(il-2)_nonresponsive_state,0,1,0.0
human_platelet/endothelial_cell_adhesion_molecule-1_promoter,0,1,0.0
caml_gene,0,1,0.0
poz_motif,0,1,0.0
tcr_stimulation,0,1,0.0
normal_rh(d)_positive_cell,0,1,0.0
5'-utr,0,1,0.0
rb-defective_cell,0,1,0.0
rdna_transcription,0,1,0.0
phorbol_myristic_acetate,0,1,0.0
tap-independent_fashion,0,1,0.0
alternative_apoptotic,0,1,0.0
97_kda_ca(2+)-atpase_target,0,1,0.0
cd3-induced_hsi_phosphorylation,0,1,0.0
tyrosine_kinase_oncogene,0,1,0.0
cytokine_release,0,1,0.0
t-cell_receptor_(tcr)_variable_region_beta-chain_families,0,1,0.0
tcp,0,1,0.0
il-9-induced_activation,0,1,0.0
interleukin_16,0,1,0.0
cyclosporin_a-sensitive,0,1,0.0
stp,0,1,0.0
complex_formation,0,1,0.0
hsn3_subunit,0,1,0.0
phytohemagglutinin-stimulated_t-lymphocyte,0,1,0.0
potent_peptide,0,1,0.0
dexamethasone_repression,0,1,0.0
a/r_tolerance,0,1,0.0
spi-b_gene_expression,0,1,0.0
nuclear_factor_(nf)_kappa_b,0,1,0.0
cd2_cross-linking,0,1,0.0
ltr-modified_tat_mutant,0,1,0.0
native_peptide,0,1,0.0
p-selectin-specific_monoclonal_antibody,0,1,0.0
target_cell_uptake,0,1,0.0
granulocyte-macrophage_(gm)-csf_receptor_alpha_subunit,0,1,0.0
hiv_rna,0,1,0.0
ifn-beta_transcription,0,1,0.0
enhancer_activation,0,1,0.0
wingless/wnt_signal_transduction_pathway,0,1,0.0
de_novo_transcription,0,1,0.0
alpha2_integrin_subunit,0,1,0.0
dha,0,1,0.0
"1,25(oh)2d3_production",0,1,0.0
cd8+cd18bright,0,1,0.0
v14rho_construct,0,1,0.0
autosomal_dominant_mode,0,1,0.0
il-5_promoter_activation,0,1,0.0
primary_invasive_breast_cancer,0,1,0.0
t-helper_cell_activation,0,1,0.0
cytokine_secretion,0,1,0.0
footprinting_experiment,0,1,0.0
gggactttcc,0,1,0.0
enzymatic_activity,0,1,0.0
p53_molecule,0,1,0.0
spleen_cell,0,1,0.0
t-cell_lymphotropic_virus_type_i,0,1,0.0
human_immune_deficiency_virus_type_1_(hiv-1)_tat_protein,0,1,0.0
whole_animal,0,1,0.0
leiomyoma,0,1,0.0
membrane-associated_elam-1,0,1,0.0
colony-forming_unit_monocyte,0,1,0.0
doxepin-sensitive_h1-histamine_receptor,0,1,0.0
hiv-hd,0,1,0.0
ifn-gamma-stimulated_monocyte,0,1,0.0
e2a-hlf_chimera,0,1,0.0
specific_biological_function,0,1,0.0
human_immunodeficiency_virus_promoter,0,1,0.0
kappa_3_binding_factor,0,1,0.0
fetal_erythroid_cell_line,0,1,0.0
nm23_gene_family,0,1,0.0
immunoprecipitated_kinase,0,1,0.0
alpha-helical_domain,0,1,0.0
immunoblastic_lymphoma_plasmacytoid,0,1,0.0
polycystic_ovary_syndrome,0,1,0.0
primitive_gut,0,1,0.0
dna_precursor_pathway,0,1,0.0
balb/c_3t3,0,1,0.0
biochemical_method,0,1,0.0
cd3/cd28-induced_il-2_mrna_accumulation,0,1,0.0
epstein-barr_virus_latency,0,1,0.0
hla-dra_promoter,0,1,0.0
lal_promoter,0,1,0.0
signal_transduction_event\,0,1,0.0
cytokine-mediated_inflammatory_lung_disease,0,1,0.0
circulating_t-cell,0,1,0.0
histone_acetyltransferase,0,1,0.0
gp130,0,1,0.0
g75,0,1,0.0
phosphatidylethanolamine,0,1,0.0
deoxyguanosine_residue,0,1,0.0
cp_latency-associated_promoter,0,1,0.0
120-amino-acid_n-terminal_motif,0,1,0.0
al1_virus_stock,0,1,0.0
r,0,1,17.666666666666668
annexinv,0,1,0.0
arg551,0,1,0.0
ig_synthesis,0,1,0.0
ig_heavy_chain_locus,0,1,0.0
peroxisome_proliferator-activated_receptor_activator,0,1,0.0
taci,0,1,0.0
antigen-specific_t-cell_receptor,0,1,0.0
neutrophil_anti-microbial_function,0,1,0.0
extracellular_pools,0,1,0.0
phorbol_ester-stimulated_cell,0,1,0.0
rapamycin-regulated_signal,0,1,0.0
human_myeloid_progenitor_cell,0,1,0.0
arre/nf-at_site,0,1,0.0
"ascorbate,_afr",0,1,0.0
phosphocreatine,0,1,0.0
nf-kappab_p65,0,1,0.0
er-_cell,0,1,0.0
gamma(c)_subunit,0,1,0.0
es-derived_embryoid_body,0,1,0.0
human_gm-csf_receptor_alpha_promoter,0,1,0.0
human_eotaxin_gene,0,1,0.0
hox11_null_mouse,0,1,0.0
anti-p-selectin_mab,0,1,0.0
parent_ut-7/gm_cell,0,1,0.0
ggggactttcc,0,1,0.0
nk_cell,0,1,0.0
nonmyeloid_cell,0,1,0.0
dna_binding_nf-kappa_b_dimer,0,1,0.0
ubiquitously_active_transcription_factor,0,1,0.0
320-kda_specie,0,1,0.0
hmg_box_protein,0,1,0.0
il-1_receptor_antagonist_secretion,0,1,0.0
interferon-gamma_promoter,0,1,0.0
human_t-cell_leukemia_virus_type_i_(htlv-i)_tax,0,1,0.0
rank_cytoplasmic_tail,0,1,0.0
northern_blot_experiments,0,1,0.0
carboxy_terminal,0,1,0.0
lck_gene,0,1,0.0
hiv_reverse_transcription,0,1,0.0
cell_surface_marker_expression,0,1,0.0
pathogenic_factor,0,1,0.0
anti-cd3_mab_stimulation,0,1,0.0
human_immunodeficiency_virus-type_1_(hiv-1)_infection,0,1,0.0
interleukin_2_production,0,1,0.0
nf-kappa_b-dependent,0,1,0.0
mab_j393,0,1,0.0
decreased_protection,0,1,0.0
tap-deficient_cell_line,0,1,0.0
htoll-induced_activation,0,1,0.0
pre-b-cell_stage,0,1,0.0
nk-kappa_b_activation,0,1,0.0
5_ras_peptide,0,1,0.0
normal_menstrual_history,0,1,0.0
3'_nf-kappab_binding_site,0,1,0.0
laminin,0,1,0.0
hbmp-2-induced_growth_arrest,0,1,0.0
104-bp_minimal_promoter_region,0,1,0.0
dihydropyrimidine_dehydrogenase,0,1,0.0
strong_n-terminal_trans-activation_domain,0,1,0.0
cognate_peptide,0,1,0.0
gas_exchange,0,1,0.0
b._burgdorferi,0,1,0.0
glycosphingolipid,0,1,0.0
nf-kappa_b_p65_dna_binding_activity,0,1,0.0
human_cell_line_model,0,1,0.0
enhancer_binding_protein,0,1,0.0
id2_mrna,0,1,0.0
ews/fli-1_peptide,0,1,0.0
oxidative_burst_response,0,1,0.0
interleukin-2_promoter,0,1,0.0
lps-treated_cell,0,1,0.0
oral_cavity,0,1,0.0
thiobarbituric_acid-reactive_substance,0,1,0.0
g1_phase,0,1,0.0
gtp-dependent_association,0,1,0.0
kb-enhancer_target_sequence,0,1,0.0
translation_initiation,0,1,0.0
t_cell_population,0,1,0.0
regulatory_dna_elements,0,1,0.0
pkb,0,1,0.0
dpd_activity,0,1,0.0
p-bromophenacyl-bromide,0,1,0.0
pulse/chase-experiment,0,1,0.0
tat_sfv_intrabody,0,1,0.0
bob-1,0,1,0.0
pbmo,0,1,0.0
h2_agonist,0,1,0.0
bmrf1,0,1,0.0
t_cell_differentiation,0,1,0.0
relevant_dna-binding_specie,0,1,0.0
o-tetradecanoylphorbol_13-acetate_(tpa)_response_element,0,1,0.0
iexl320g,0,1,0.0
plasma_cell_differentiation,0,1,0.0
nf-e1_expression,0,1,0.0
polymerase_chain_reaction_methodology,0,1,0.0
cd34+thy-1-cd45ra-_subset,0,1,0.0
myeloperoxidase,0,1,0.0
hla_dqa1*0201/dqb1*0201,0,1,0.0
human_lymphoid_cell_line,0,1,0.0
ddpcr,0,1,0.0
t_cell_expression,0,1,0.0
thyrotropin_receptor_gene,0,1,0.0
il-2_promoter-chloramphenicol_acetyltransferase_construct,0,1,0.0
tumor_necrosis_factor_receptor-associated_factor_3,0,1,0.0
r-pk,0,1,0.0
agonistic_activity,0,1,0.0
healthy_control_subject,0,1,0.0
nef_phosphorylation,0,1,0.0
uas1_sequence,0,1,0.0
growth_factor-beta_expression,0,1,0.0
pecam-1,0,1,0.0
mucosal_inflammation,0,1,0.0
c-jun_promoter,0,1,0.0
u2,0,1,0.0
relb_gene,0,1,0.0
vwf-mediated_adhesion,0,1,0.0
mouse_cpo_gene,0,1,0.0
human_immunodeficiency_virus_(hiv)-induced_apoptosis,0,1,0.0
early_mrna_expression,0,1,0.0
t_cell_clone,0,1,0.0
cd8+_cytotoxic_t_lymphocyte_(ctl)_response,0,1,0.0
rat_prolactin_(rprl)_promoter,0,1,0.0
phosphonoacetic_acid,0,1,0.0
epstein-barr_virus_rta_protein,0,1,0.0
early-late-class_phosphoprotein,0,1,0.0
jak/stat_inhibitory_gene,0,1,0.0
cyclic_amp_response_element_binding_protein/activating_transcription_factor_(creb/atf)_family,0,1,0.0
nf-kappa_b_related_polypeptide,0,1,0.0
chloramphenicol_acetyltransferase_(cat)_production,0,1,0.0
radioligand_binding_assay,0,1,0.0
amino-terminal_portion,0,1,0.0
aminoacid_cys22-gly22,0,1,0.0
membrane_glycoprotein,0,1,0.0
il-4stat,0,1,0.0
5q31.1,0,1,0.0
cre-mediated_transcription,0,1,0.0
mab_l243,0,1,0.0
biologically_functional_kappa_b_motif,0,1,0.0
parental_u937_cell,0,1,0.0
pkc_isotype,0,1,0.0
elderly_human,0,1,0.0
multisubunit_adhesion_receptor,0,1,0.0
transcriptional_and_developmental_regulation,0,1,0.0
pb1_element,0,1,0.0
hs_i_element,0,1,0.0
molt-4,0,1,0.0
psa,0,1,0.0
erythroid-specific_reporter_expression,0,1,0.0
cho/cd14_cell,0,1,0.0
tcl1_mrna,0,1,0.0
nfat_export,0,1,0.0
p40_induction,0,1,0.0
hiv-cat_plasmid,0,1,0.0
hiv_tat,0,1,0.0
t_cell_proliferation,0,1,0.0
acetylsalicylate,0,1,0.0
pit-1,0,1,0.0
mhc_class_i_molecule,0,1,0.0
interleukin-4_expression,0,1,0.0
fresh_blood,0,1,0.0
sbe,0,1,0.0
human_beta-globin_dominant_control_region,0,1,0.0
gr_variant,0,1,0.0
3'_g,0,1,0.0
nfat-1_mutant_ltr,0,1,0.0
basal_level,0,1,0.0
transcription_factor_consensus_sequence_oligonucleotide,0,1,0.0
fp4-3',0,1,0.0
mutant_cell_line,0,1,0.0
junb_mrna,0,1,0.0
il-2_stimulation,0,1,0.0
rho,0,1,0.0
prpneo-sl3,0,1,0.0
forskolin,0,1,0.0
l540_cell,0,1,0.0
mycobacterial_infection,0,1,0.0
mhc_class_i-restricted_peptide,0,1,0.0
evi1,0,1,0.0
insulin_gene_transcription,0,1,0.0
glucocorticoid_and_mineralocorticoid_binding_site,0,1,0.0
oct-6,0,1,0.0
hela_cell-derived_extract,0,1,0.0
cell-type-specific_fashion,0,1,0.0
multiplex_messenger_assay,0,1,0.0
tissue_damage,0,1,0.0
il-6-type_cytokine_receptor,0,1,0.0
ebna_gene_promoter,0,1,0.0
internucleosomal_dna_fragmentation,0,1,0.0
tcr_signaling_function,0,1,0.0
cd28-induced_il-2_promoter_activity,0,1,0.0
class_ii_major_histocompatibility_complex-negative_cell_line,0,1,0.0
phop-phoq_regulon,0,1,0.0
p24_antigen_level,0,1,0.0
human_t_cell_leukemia_virus_(htlv-i)_tax_gene,0,1,0.0
secosterol,0,1,0.0
kaposi's_sarcoma_(ks)-associated_herpesvirus,0,1,0.0
terminal_differentiation,0,1,0.0
sephadex_lh-20_column,0,1,0.0
p/i-inducible_fas_promoter,0,1,0.0
plasma_cell_formation,0,1,0.0
ebv-positive_b_cell,0,1,0.0
receptor_function,0,1,0.0
aids_iblp,0,1,0.0
rt-pcr_based_approach,0,1,0.0
adenovirus-transformed_cell,0,1,0.0
upstream_beta_globin_sequence,0,1,0.0
ciita_construct,0,1,0.0
elution_property,0,1,0.0
primary_human_t_lymphocyte,0,1,0.0
ik,0,1,0.0
syncytia,0,1,0.0
gp_ib_alpha,0,1,0.0
stat3_protein,0,1,0.0
class_ii_molecule,0,1,0.0
pip,0,1,0.0
downstream_interactor,0,1,0.0
nf-_(kappa)b_activity,0,1,0.0
signal_transducers_and_activators_of_transcription_(stat)_family_member,0,1,0.0
htlv-i_infected_t-cell,0,1,0.0
immunocytochemistry,0,1,0.0
immunophenotype,0,1,0.0
cellular_oncogene,0,1,0.0
mrna_induction,0,1,0.0
human_il-5_receptor,0,1,0.0
lymphoid-specific_expression,0,1,0.0
cyclic-amp,0,1,0.0
environmental_carcinogen,0,1,0.0
activated_cell,0,1,0.0
dna_binding_function,0,1,0.0
rela-overexpressing_cell,0,1,0.0
testosterone_receptor,0,1,0.0
tachycardia_crisesp,0,1,0.0
interleukin_(il)-2-receptor_expression,0,1,0.0
70z/3-mediated_induction,0,1,0.0
g0s2_mrna_level,0,1,0.0
human_immunodeficiency_virus_type_1_tat,0,1,0.0
inducible_tnf-alpha_expression,0,1,0.0
early_b_lymphopoiesis,0,1,0.0
nitroblue_tetrazolium,0,1,0.0
oxidant_scavenger,0,1,0.0
insulin_tolerance_test,0,1,0.0
bipolar_disorder,0,1,0.0
gliotoxin-inhibitable_activation,0,1,0.0
high-density_lipoprotein,0,1,0.0
fat/lean_body_mass_ratio,0,1,0.0
non-pregnant_endometrium,0,1,0.0
genotoxic_stimuli,0,1,0.0
tnf-alpha-dependent_induction,0,1,0.0
human_androgen_receptor_gene,0,1,0.0
rna_polymerase_ii_transcription,0,1,0.0
respiratory_epithelium,0,1,0.0
b_cell_nfat_complex,0,1,0.0
ebna2_expression_vector,0,1,0.0
cytokine_synthesis,0,1,0.0
stat_protein_heterocomplex,0,1,0.0
hiv-1_pathogenesis,0,1,0.0
cortisol_depletion,0,1,0.0
p50/p65,0,1,0.0
cav,0,1,0.0
bronchiolitis_obliterans,0,1,0.0
nuclear_factor_kappa-b,0,1,0.0
cd40-dependent_signal,0,1,0.0
egr-1_binding_site,0,1,0.0
negative_factor,0,1,0.0
human_immunodeficiency_virus_type_1_(hiv-1)_enhancer,0,1,0.0
chemiluminescent_(cl)_response,0,1,0.0
gene_inactivation_study,0,1,0.0
transcriptional_activity,1,1,0.0
murine_transcription_factor,0,1,0.0
ligation-mediated_polymerase_chain_reaction_(lm-pcr)_technique,0,1,0.0
dexamethasone_group,0,1,0.0
gata-1-_red_cell,0,1,0.0
t_cell_deficit,0,1,0.0
gel_shift,0,1,0.0
jak2_signaling_pathway,0,1,0.0
stat1_alpha,0,1,0.0
pkc-dependent_fas_expression,0,1,0.0
mc1288,0,1,0.0
serine-rich_region,0,1,0.0
luciferase_(luc)_reporter_gene,0,1,0.0
antibody_d07,0,1,0.0
"19-chloro-4,21-dihydroxypregna-4,9(11)-diene-3,20-dione",0,1,0.0
hil-5_receptor_alpha-subunit,0,1,0.0
stat1,0,1,0.0
four_nucleotide,0,1,0.0
ctl_precursor_frequencie,0,1,0.0
activated_stat-3_protein,0,1,0.0
ouabain,0,1,0.0
antigen-stimulated_b-cell-mediated_immune_response,0,1,0.0
cyclosporin_a_(csa)/fk506-sensitive_nuclear_factor_of_activated_t_cells,0,1,0.0
nucleotides_-135_to_-176,0,1,0.0
lymphoid-specific_oct-2a,0,1,0.0
early_lytic_transcript,0,1,0.0
1-(5-isoquinolinyl_sulfonyl)-2-methylpiperazine,0,1,0.0
antihypertensive_therapy,0,1,0.0
allosteric_effect,0,1,0.0
neutrophil-endothelial_cell_adhesion,0,1,0.0
anti-stat_ab,0,1,0.0
female_patient,0,1,0.0
cellular_protein,0,1,0.0
human_peripheral_t_cell,0,1,0.0
pp-2a,0,1,0.0
chloramphenicol_acetyltransferase_construct,0,1,0.0
bfl-1,0,1,0.0
combined_vaccine,0,1,0.0
major_histocompatibility_complex_class_ii_transactivator_construct,0,1,0.0
nutritional_component,0,1,0.0
phytohemagglutinin-stimulated_normal_human_lymphocyte,0,1,0.0
signal_transducers_and_activators_of_transcription,0,1,0.0
histamine_receptor,0,1,0.0
gata-dependent_hiv-1_trans-activation,0,1,0.0
il-5_synthesis,0,1,0.0
lectin,0,1,0.0
htr_beta_1_mrna,0,1,0.0
cox-2,0,1,0.0
upstream_signaling_molecule,0,1,0.0
lymphoma_model,0,1,0.0
fat,0,1,0.0
human_myeloid_leukemic_cell,0,1,0.0
gsh_depletion,0,1,0.0
epstein-barr_virus-specific_t-cell_memory,0,1,0.0
lck,0,1,0.0
e2f_response,0,1,0.0
human_t_cell_leukemia_virus_type_i_(htlv-i)_trans-activator_(tax1)_antigen,0,1,0.0
tissue-specific_alternative_splicing,0,1,0.0
pu.1_mrna,0,1,0.0
phorbol_ester/ionomycin-induced_activation,0,1,0.0
non-a-t_individual,0,1,0.0
synthetic_e6_motif,0,1,0.0
neutral_ph,0,1,0.0
autoantibody,0,1,0.0
monocytic_lineage,0,1,0.0
mapkk-1,0,1,0.0
elastase_inhibitor,0,1,0.0
cd8_antigen,0,1,0.0
hiv-1_ltr-driven_gene_expression,0,1,0.0
okadaic_acid,0,1,0.0
clinical_glucocorticoid_resistance,0,1,0.0
human_er_mrna,0,1,0.0
diferuoylmethane,0,1,0.0
4_kilobase,0,1,0.0
il-4-producing_th2_cell,0,1,0.0
class_ii-negative_lymphoid_cell,0,1,0.0
recombinant_b-cell,0,1,0.0
human_erythroleukemic_cell,0,1,0.0
ccaat-binding_factor,0,1,0.0
healthy_human_leukocyte_antigen-b8_(hla-b8)-positive_virus_carrier,0,1,0.0
ic50s,0,1,0.0
balb/cbyj_[h-2d],0,1,0.0
posttraumatic_stress_disorder,0,1,0.0
cd2-based_signaling_pathway,0,1,0.0
acute_myocardial_infarction,0,1,0.0
murine_genomic_dna,0,1,0.0
calcium_dependent_activation,0,1,0.0
anterior_pituitary,0,1,0.0
human_immunoglobulin_gene,0,1,0.0
murine_lymphocyte,0,1,0.0
p47(phox),0,1,0.0
novel_human_myeloid-selective_ccaat/enhancer_binding_protein_gene,0,1,0.0
single_tumor_cell,0,1,0.0
tumor_necrosis_factor,0,1,0.0
intracellular_signalling_agents,0,1,0.0
ca(2+)-dependent_transcriptional_event,0,1,0.0
gh3_ne,0,1,0.0
macrophage-specific_cdna,0,1,0.0
clonogenic_assay,0,1,0.0
tissue-specific_activity,0,1,0.0
non-t_cell,0,1,0.0
traf_protein,0,1,0.0
myeloid_(u937)_cell,0,1,0.0
glucocorticosteroid_receptor_density,0,1,0.0
cellular_binding_protein,0,1,0.0
butyrate,0,1,0.0
41_small_exon,0,1,0.0
mature_cell_type,0,1,0.0
ft4,0,1,0.0
m._tuberculosis,0,1,0.0
human_immunodeficiency_virus_infection,0,1,0.0
ne,0,1,0.0
human_serum,0,1,0.0
wild-type,0,1,0.0
exogenous_cytokine,0,1,0.0
low_molecular_weight_transmembrane_adaptor_protein,0,1,0.0
cosmid,0,1,0.0
alpha-lipoic_acid,0,1,0.0
synthetic_steroid,0,1,0.0
constitutively_expressed_nuclear_factor,0,1,0.0
construct,0,1,0.0
cyclic_adenosine_monophosphate_signaling,0,1,0.0
htlv-1-transformed_cell,0,1,0.0
cd20_e_box_binding_protein,0,1,0.0
gene_silencing_activity,0,1,0.0
"extrarenal,_non-epithelial_cell",0,1,0.0
eklf_alleles,0,1,0.0
nf-kappa_b_protein_level,0,1,0.0
transcription_activation,0,1,0.0
3-carboranyl-substituted_compound,0,1,0.0
dna-associated_protein,0,1,0.0
adverse_environmental_condition,0,1,0.0
ca(2+)-transport,0,1,0.0
hemopoietic_lineage_commitment,0,1,0.0
human_multiple_myeloma_cell_line,0,1,0.0
ras-like_gtpase,0,1,0.0
activated_neutrophil,0,1,0.0
c3/5_clone,0,1,0.0
cyclosporin_a-sensitive_mechanism,0,1,0.0
endogenous_tnf-alpha,0,1,0.0
h7-inhibitable_pathway,0,1,0.0
gr_chimeric_receptor,0,1,0.0
hormonal_metabolic_status,0,1,0.0
idbp,0,1,0.0
t-cell_receptor_(tcr)-cd3_complex,0,1,0.0
e_box_enhancer_element,0,1,0.0
ikappabepsilon,0,1,0.0
acute_myeloid_leukemic_blast,0,1,0.0
20_amino_acid,0,1,0.0
transcriptional_transactivation,0,1,0.0
cloned_kv_channel,0,1,0.0
normal_cell_type,0,1,0.0
islet_b_cell,0,1,0.0
latently_infected_t_lymphocytic_cell_line_ach-2,0,1,0.0
membrane_receptor,0,1,0.0
il-2_receptor_component,0,1,0.0
promoter_deletion,0,1,0.0
consensus_ckii_site,0,1,0.0
nonstimulated_cell,0,1,0.0
peptide_presentation,0,1,0.0
between_8.3_and_5.9_kilobases,0,1,0.0
ap-1_plasmid,0,1,0.0
ap2,0,1,0.0
dr-nm23_mrna,0,1,0.0
morphology,0,1,0.0
i_kappa_b_gamma_isoform,0,1,0.0
nk_cell_activity,0,1,0.0
constitutive_virus_expression,0,1,0.0
m1-cat,0,1,0.0
zinc-finger_primer,0,1,0.0
cell_differentiation,0,1,0.0
cyclin_e,0,1,0.0
blood_estrogen_level,0,1,0.0
lps-induced_endothelial_cell_adhesiveness,0,1,0.0
hypermutation,0,1,0.0
regulation,0,1,0.0
dp,0,1,0.0
ga-binding_protein_factor,0,1,0.0
c5b-9,0,1,0.0
superoxide_release,0,1,0.0
interleukin-2-gene,0,1,0.0
x-inactivation_pattern,0,1,0.0
vp16-mediated_transcription,0,1,0.0
cd28_costimulatory_pathway,1,1,0.0
itk_mutant,0,1,0.0
dominant-negative_mutant_approach,0,1,0.0
dominant_inhibitory_ras_mutant,0,1,0.0
ra,0,1,0.0
aged_runner,0,1,0.0
gm5,0,1,0.0
healthy_blood_donor,0,1,0.0
human_cd4+_lymphocyte,0,1,0.0
otf_interaction,0,1,0.0
"l-659,989",0,1,0.0
anti-c/ebpbeta,0,1,0.0
vivo_gc_receptor,0,1,0.0
northern_(rna)_blot,0,1,0.0
anoxia/reoxygenation-induced_neutrophil_adherence,0,1,0.0
nfat1/nfatp,0,1,0.0
endogenous_no,0,1,0.0
k+_channel_blockade,0,1,0.0
antiglucocorticoid_ru486,0,1,0.0
flt-3,0,1,0.0
dbp,0,1,0.0
recombinant_n-terminal_fragment,0,1,0.0
heparin-binding_protein,0,1,0.0
raw264,0,1,0.0
wild-type_mouse_epor,0,1,0.0
human_primary_cd34(+)_cell,0,1,0.0
intranuclear_environment,0,1,0.0
immunodominant_epitope,0,1,0.0
proil-1_beta_promoter-proximal_requirement,0,1,0.0
nf_kappa_b_family,0,1,0.0
nef_expressing_cell,0,1,0.0
ebna2_protein,0,1,0.0
hl-60_cell,0,1,0.0
p70s6k,0,1,0.0
complement_receptor-1_cell-surface_protein,0,1,0.0
adenoviral_gene_expression,0,1,0.0
tcrzeta_level,0,1,0.0
protein_extract,0,1,0.0
receptor-dependent_mechanism,0,1,0.0
hematopoetic_cell_line,0,1,0.0
dissociation_constant,0,1,0.0
gh4c1_pituitary_cell,0,1,0.0
tumor_necrosis_factor_(tnf)-alpha-induced_hiv-1_replication,0,1,0.0
enhanson_domain,0,1,0.0
immunocytochemical_experiment,0,1,0.0
medullary_thymocyte,0,1,0.0
primary_adult_t-cell_leukemia_cell,0,1,0.0
gp55-modified_epor,0,1,0.0
ra_treatment,0,1,0.0
nf_kappa_b_element,0,1,0.0
il-4-specific_signal,0,1,0.0
hsf1,0,1,0.0
nf-y,0,1,0.0
novel_signaling_molecule,0,1,0.0
post-nuclear_extract,0,1,0.0
sap-1,0,1,0.0
tfiie_beta,0,1,0.0
maeca-treated_ec,0,1,0.0
sucrose,0,1,0.0
nf-kappab_dna_binding,0,1,0.0
t_cell_line_ctll2,0,1,0.0
cellular_glucocorticoid_receptor_level,0,1,0.0
immune_status,0,1,0.0
egr-3,0,1,0.0
early_b_cell_factor,0,1,0.0
tetanus_toxoid,0,1,0.0
nh2-terminal_transactivation_domain,0,1,0.0
nfat-1_dependent,0,1,0.0
type_ii_corticosteroid_receptor,0,1,0.0
scm-1_gene,0,1,0.0
killer_(nk)_cell_activity,0,1,0.0
fk506_action,0,1,0.0
vzv_ie62-hsv,0,1,0.0
igh_locus,0,1,0.0
b-cell-specific_factor,0,1,0.0
t_cell_clone_ar-5,0,1,0.0
oct_protein,0,1,0.0
cd40,0,1,0.0
downstream_gene,0,1,0.0
therapeutic_target,0,1,0.0
phospholipase_a2,1,1,0.0
chaperone_hsp90,0,1,0.0
stem_secondary_structure,0,1,0.0
cystine,0,1,0.0
anti-ro(ssa)-positive_patient,0,1,0.0
prdii,0,1,0.0
c/ebpalpha-deficient_mouse,0,1,0.0
tissue_factor_(tf)_gene,0,1,0.0
anionic_phospholipid_surface,0,1,0.0
troglitazone,0,1,0.0
tacrolimus,0,1,0.0
cd68+_cell,0,1,0.0
erythrocyte_phenotype,0,1,0.0
cbf,0,1,0.0
cytoplasmic_inhibitory_ikbalpha_protein_degradation,0,1,0.0
nf_kappa_b2_nucleoprotein_complex,0,1,0.0
htoll,0,1,0.0
ifna,0,1,0.0
up-regulate,0,1,0.0
hiv-1_transactivation,0,1,0.0
pu.1_consensus_site,0,1,0.0
b29_conserved_sequenc,0,1,0.0
fc3,0,1,0.0
sib-pair_analysis,0,1,0.0
human_bcl6,0,1,0.0
perihepatic_lymph_node,0,1,0.0
"21-acetoxy-11_beta,19-epoxy-4-hydroxypregnane-3,20-dione",0,1,0.0
interleukin_8,0,1,0.0
consanguinous_parent,0,1,0.0
cat_reporter_gene,0,1,0.0
b-cell_maturation,0,1,0.0
stat3_activation,0,1,0.0
radiolabeled_hormone/receptor_complex,0,1,0.0
rnf-il6,0,1,0.0
chronic_lymphocytic_leukaemia,0,1,0.0
tuberculin,0,1,0.0
cat_protein,0,1,0.0
phenotypic_abnormality,0,1,0.0
rna_synthesis,0,1,0.0
human_genital_herpes_lesion,0,1,0.0
il-2r_alpha_kappa_b_site,0,1,0.0
protein_kinase_c_stimulation,0,1,0.0
p85,0,1,0.0
huvec_nuclei,0,1,0.0
rna_sample,0,1,0.0
p65/p50,0,1,0.0
ebna2_dependent_transactivation,0,1,0.0
alpha_4_expression,0,1,0.0
systemic_hgr_level,0,1,0.0
activated_endothelial_cell,0,1,0.0
il2_regulatory_region,0,1,0.0
alanine_113,0,1,0.0
immunosuppressant,0,1,0.0
receptor_partner,0,1,0.0
gata_repeat,0,1,0.0
tam,0,1,0.0
e1c3,0,1,0.0
ptt,0,1,0.0
phorbol_ester/ionomycin-induced_nf-at_activation,0,1,0.0
alpha-thrombin,0,1,0.0
paf,0,1,0.0
iron_salt,0,1,0.0
wild-type_par_protein,0,1,0.0
oct-1/oaf,0,1,0.0
gel-mobility_shift_assay,0,1,0.0
receptor_signaling_pathway,0,1,0.0
cd14_promoter,0,1,0.0
type_1_receptor,0,1,0.0
limiting-component_transcription_assay,0,1,0.0
undifferentiated_cell,0,1,0.0
hiv-infected_monocytic_cell,0,1,0.0
guamerin-derived_peptide,0,1,0.0
cell-permeable_proteasome_inhibitor,0,1,0.0
hiv-1_multiplication,0,1,0.0
src_family_tyrosine_kinase,0,1,0.0
tat_function,0,1,0.0
chromosome_1_alterations,0,1,0.0
human_beta-globin_locus_control_region,0,1,0.0
negative_regulatory_region,0,1,0.0
p7,0,1,0.0
ifn-gamma-induced_tyrosine_phosphorylation,0,1,0.0
zxda,0,1,0.0
symmetric_nf-kappa_b_site,0,1,0.0
il-6_luciferase_activity,0,1,0.0
"dex-resistant,_glucocorticoid_receptor(gr)-defective_clone",0,1,0.0
epor_promoter,0,1,0.0
160_n-terminal_amino_acid,0,1,0.0
c-fes_promoter,0,1,0.0
shp-1,0,1,0.0
genetic_element,0,1,0.0
human_blood-derived_mo,0,1,0.0
chromatin-assembled_dna,0,1,0.0
granulocyte_colony-stimulating_factor_(g-csf)_receptor_mrna,0,1,0.0
igh_gene_expression,0,1,0.0
ovarian_cancer_patient,0,1,0.0
interleukin-1beta_mrna,0,1,0.0
c-erba/t3_receptor,0,1,0.0
nfat_family,0,1,0.0
sc170,0,1,0.0
radiolabeled_chemical_probe,0,1,0.0
mutant,0,1,0.0
rpon_mutant,0,1,0.0
pd195599,0,1,0.0
tnf-alpha_mrna,0,1,0.0
non_major_histocompatibility_complex_(mhc)_restricted_way,0,1,0.0
-148_to_+60_region,0,1,0.0
lipopolysaccharide-induced_interleukin-1_beta_protein_production,0,1,0.0
il-12-inducible_gene,0,1,0.0
positive_regulatory_domain_i-binding_factor-1,0,1,0.0
stem_cell_factor,0,1,0.0
p24_gag_protein,0,1,0.0
mouse_raw264.7,0,1,0.0
dq3.3_asp-57-positive_mhc_molecule,0,1,0.0
peripheral_t_lymphocyte,0,1,0.0
ab_secretion,0,1,0.0
bisdioxopiperazine,0,1,0.0
interleukin-2_(il-2)_gene_activation,0,1,0.0
pituitary_cell_system,0,1,0.0
steel_factor-induced_erythroid_proliferation,0,1,0.0
cyclic_amp_response_element-binding_protein_nuclear_complex,0,1,0.0
mycoplasma_product,0,1,0.0
tcf-1_alpha,0,1,0.0
lmp-1_protein,0,1,0.0
c-myb_expression,0,1,0.0
human_t-cell_lymphotropic_virus_type_1_(htlv-1)_transcription,0,1,0.0
dsm-iii-r_criteria,0,1,0.0
ebv-encoded_latent_membrane_protein_1,0,1,0.0
hiv_ltr_activation,0,1,0.0
aml-m2,0,1,0.0
anti-diabetic_action,0,1,0.0
ebna2-ebna6,0,1,0.0
hematopoietic_control_mechanism,0,1,0.0
extinction,0,1,0.0
otf1,0,1,0.0
ra_nuclear_receptor,0,1,0.0
ht-29,0,1,0.0
cysteine_protease,0,1,0.0
pokeweed_mitogen_(pwm)-stimulated_lymphocyte_culture,0,1,0.0
organogenesis,0,1,0.0
primary_culture,0,1,0.0
electrophoretic_mobility_shift_analysis,0,1,0.0
t(3;21)(q26;q22),0,1,0.0
pretranslational_control_mechanism,0,1,0.0
oct-2a_expression_vector,0,1,0.0
aml1a,0,1,0.0
"46,x,-y,t(y;15)(q12;p13)/45,x_cell_line",0,1,0.0
anthracycline,0,1,0.0
mammalian_development,0,1,0.0
il-2mrna_synthesis,0,1,0.0
endothelial_leukocyte_adhesion_molecule_(elam)_mrna_synthesis,0,1,0.0
il-1_beta-induced_mrna,0,1,0.0
putative_ikappabalpha_kinase,0,1,0.0
z_protein,0,1,0.0
nf-kappa_b_p65_subunit,0,1,0.0
ecori,0,1,0.0
tetracycline-regulatable_system,0,1,0.0
transgenic_t_cell,0,1,0.0
rho-induced_ap-1_activity,0,1,0.0
irs-1,0,1,0.0
thromboxane_receptor_gene,0,1,0.0
pha-p,0,1,0.0
human_ifn-gamma_promoter,0,1,0.0
hyperdemarcation,0,1,0.0
novel_specific_binding_activity,0,1,0.0
receptor-interacting_protein,0,1,0.0
ctf/cbp,0,1,0.0
b-cll_proliferation,0,1,0.0
monocyte_chemoattractant_protein-1_secretion,0,1,0.0
myeloid-promyelocytic_lineage,0,1,0.0
nfkappab/inhibitor-kappab_(ikappab)_system,0,1,0.0
ovarian_carcinoma_patient,0,1,0.0
cytokine_il-2,0,1,0.0
c/ebp_motif,0,1,0.0
unprimed_cell,0,1,0.0
tnf_alpha_mrna,0,1,0.0
mip-1alpha,0,1,0.0
specific_antibody,0,1,0.0
translocated_pax-5_gene,0,1,0.0
calcineurin_activation,0,1,0.0
progenitor-specific_surface_marker,0,1,0.0
normal_t-cell_activation,0,1,0.0
a6h_mab,0,1,0.0
beta-globin_gene,0,1,0.0
icsbp,0,1,0.0
e-selectin_expression,0,1,0.0
tumor_characteristic,0,1,0.0
hiv_type_1_proviral_latency,0,1,0.0
animal_model,0,1,0.0
six-base-pair_consensus_sequence,0,1,0.0
estrogen_replacement_therapy,0,1,0.0
il4_transcription_initiation_site,0,1,0.0
ikappabalpha_overexpression,0,1,0.0
testosterone-bsa-induced_ca2+_import,0,1,0.0
up-regulation,0,1,0.0
htlv-1_pathogenesis,0,1,0.0
y-box_element,0,1,0.0
mnda_mrna,0,1,0.0
liver,0,1,0.0
il-8_transcription,0,1,0.0
lymphoproliferation,0,1,0.0
nf_kappa_b/rel_binding_site,0,1,0.0
lt_promoter_activity,0,1,0.0
double-stranded_(ds)_phosphorothioate_oligonucleotide,0,1,0.0
placebo-treated_subject,0,1,0.0
human_granulocyte_apoptosis,0,1,0.0
host_natural_killer_(nk)_cell_response,0,1,0.0
early_lymphoid_precursor,0,1,0.0
transiently_transfected_jurkat_t-leukemia_cell,0,1,0.0
uncultured_leukemic_cell,0,1,0.0
antimouse_alpha_a1_antibody,0,1,0.0
lymphotoxin_alpha,0,1,0.0
cellular_system,0,1,0.0
memory_cell,0,1,0.0
mononuclear_phagocyte/neutrophil_series,0,1,0.0
defective_transcription_factor,0,1,0.0
heterozygous_germline_brca1_mutation,0,1,0.0
transcriptional_initiation_site,0,1,0.0
syncytia_formation,0,1,0.0
overt_leukemia,0,1,0.0
gal4-binding_dna_element,0,1,0.0
missense_mutation,0,1,0.0
daudi_b-cell,0,1,0.0
thp-1_monocytic_cell,0,1,0.0
elf-1-dependent_transcription,0,1,0.0
csa-sensitive_manner,0,1,0.0
"normal_cd56+,_cd33+,_cd16-_counterpart_cell",0,1,0.0
wild-type_syk,0,1,0.0
cd48_gene,0,1,0.0
blood_transfusion_recipient,0,1,0.0
ifn-gamma-induced_stat_activation,0,1,0.0
tcr-cd3/cd28-mediated_signaling,0,1,0.0
vitro-differentiated_embryonic_stem_cell,0,1,0.0
usf/c-myc,0,1,0.0
human_myeloproliferative_disorder,0,1,0.0
cofactor,0,1,0.0
hereditary_hypercholesteremia,0,1,0.0
radioimmunoassay,0,1,0.0
human_il-9ralpha,0,1,0.0
t_cell_activation-induced_apoptosis,0,1,0.0
counter-anion_thioglucose,0,1,0.0
nf-kappa_b_p50,0,1,0.0
adhesion_property,0,1,0.0
immunoglobulin_alpha-locus,0,1,0.0
ig_expression,0,1,0.0
c-myc_protein,0,1,0.0
biotin_peroxidase,0,1,0.0
pecam-1_gene,0,1,0.0
fas/fas_ligand_(fasl)_interaction,0,1,0.0
cd18_antigen,0,1,0.0
cellular_regulation,0,1,0.0
tsh-r_transcript_level,0,1,0.0
nwp_cell,0,1,0.0
a10,0,1,0.0
huvec_monolayer,0,1,0.0
upstream_c/ebp-beta_site,0,1,0.0
gamma-globin_promoter,0,1,0.0
"1,9-dideoxy_forskolin",0,1,0.0
cd14+_monocyte,0,1,0.0
epithelial_cell_malignancy,0,1,0.0
interleukin_2_(il-2)_gene,0,1,0.0
neutrophil_biology,0,1,0.0
creb/atf_family,0,1,0.0
start_codon,0,1,0.0
human_cd4_lymphocyte,0,1,0.0
gr_binding_capacity,0,1,0.0
signal_cascade,0,1,0.0
human_interleukin-1beta_gene,0,1,0.0
cis_inactivation,0,1,0.0
vdr_messenger_rna,0,1,0.0
synovial_tissue,0,1,0.0
extracellular_signal,0,1,0.0
zeta-globin,0,1,0.0
basal_ltr_function,0,1,0.0
transcription-enhancer_region,0,1,0.0
new_cell_line,0,1,0.0
stat,0,1,0.0
fab_aml-m3v,0,1,0.0
p65_complex,0,1,0.0
vla-5_fibronectin_receptor,0,1,0.0
octa_site,0,1,0.0
mitogenesis,0,1,0.0
helix-loop-helix_(hlh)_transcription_factor,0,1,0.0
igh_3'lcr,0,1,0.0
kappa_b-specific_binding_factor,0,1,0.0
gamma_interferon-induced_class_ii_transactivator_expression,0,1,0.0
p80c-rel,0,1,0.0
chronic_inflammatory_autoimmune_disease,0,1,0.0
regulatory_promoter_element,0,1,0.0
maxillary_sinus,0,1,0.0
nonhuman_primate_siv,0,1,0.0
stat1alpha-dna_complex,0,1,0.0
hormonal_dysregulation,0,1,0.0
lung_damage,0,1,0.0
fcr,0,1,0.0
lymphoid_lineage_commitment,0,1,0.0
monochloramine_derivative,0,1,0.0
a1/bfl-1,0,1,0.0
type_i_ifn_receptor,0,1,0.0
early_replication,0,1,0.0
constitutive_nf-kappa_b_activity,0,1,0.0
c-fos_sense_mrna_expression,0,1,0.0
cd-associated_hla_class_ii_molecule,0,1,0.0
tr:tre_complex,0,1,0.0
autocrine_loop,0,1,0.0
mip-1_alpha,0,1,0.0
murine_ba/f3_cell,0,1,0.0
trx-expressing_plasmid,0,1,0.0
t_cell_activating_signal,0,1,0.0
human_erythrocyte,0,1,0.0
high-affinity_binding_site,0,1,0.0
nf-kappa_b/rel_homodimer,0,1,0.0
hck_expression,0,1,0.0
plaque_formation,0,1,0.0
mthc,0,1,0.0
fc_receptor,0,1,0.0
cell_nuclei,0,1,0.0
philadelphia_chromosome-positive_chronic_myelogenous_leukemia_cell_line,0,1,0.0
mm_patient,0,1,0.0
adenoviruses,0,1,0.0
death_effector,0,1,0.0
cd27_ligand_(cd70)_transfectant,0,1,0.0
hiv-2,0,1,0.0
il-3_gene_5'_and_3'_flanking_sequence,0,1,0.0
postmenopausal_patient,0,1,0.0
glucocorticoid_receptor_(gr)_n-terminal_domain,0,1,0.0
endogenous_thyroid_hormone,0,1,0.0
blood,0,1,0.0
hnf-6,0,1,0.0
ucsd-aml1,0,1,0.0
granulocyte_colony-stimulating_factor,0,1,0.0
intact_human_platelet,0,1,0.0
nuclear_transcription_factor_c/ebp_beta_(nf-il-6),0,1,0.0
3h-triamcinolone_acetonide,0,1,0.0
u937_monocytic_line,0,1,0.0
retinoid_analog,0,1,0.0
elderly_woman,0,1,0.0
monoblast,0,1,0.0
mammary_reduction,0,1,0.0
interstitial_deletion,0,1,0.0
nef_protein,0,1,0.0
anti-tag_antibody,0,1,0.0
regulatory_event,0,1,0.0
il-4-induced_activatio,0,1,0.0
cytokine_induction,0,1,0.0
centroblast,0,1,0.0
-173_and_-60,0,1,0.0
nuclear_factor_kappa_b,1,1,0.0
ascorbate_free_radical,0,1,0.0
ut-7,0,1,0.0
73_kda_protein,0,1,0.0
mhc-peptide_complex,0,1,0.0
r-_inducible_enhancer,0,1,0.0
cellular_nf-kappa_b_activity,0,1,0.0
virus_dutpase,0,1,0.0
151_bp,0,1,0.0
dextran_sulfate,0,1,0.0
globin_gene_transcription,0,1,0.0
protein-tyrosine_kinase,0,1,0.0
certain_developmental_process,0,1,0.0
oct-2_mrna_level,0,1,0.0
stp-a11,0,1,0.0
tandem_enhancer_repeat,0,1,0.0
gtp,0,1,0.0
extensive_intraductal_component,0,1,0.0
normal_healthy_subject,0,1,0.0
ah_receptor,0,1,0.0
pml/rar_alpha_expression,0,1,0.0
nf-kappa(b),0,1,0.0
thrombin-induced_activation,0,1,0.0
15-lox_gene,0,1,0.0
kappa_immunoglobulin_light_chain_gene,0,1,0.0
hl60_promyelocytic_leukemia_cell,0,1,0.0
proenkephalin_mrna,0,1,0.0
variable_region,0,1,0.0
t-helper_lymphocyte,0,1,0.0
tissue_destruction,0,1,0.0
nontreated_platelet,0,1,0.0
class_ii_mhc_antigen_expression,0,1,0.0
il-4-binding_il-4ralpha_chain,0,1,0.0
rho-family_gtpase,0,1,0.0
human_leukemic_cell_line_k562,0,1,0.0
wurzburg_cell,0,1,0.0
tcr_beta_analysis,0,1,0.0
p50_dna_binding_subunit,0,1,0.0
p105_promoter_upregulation,0,1,0.0
il-4_expression,0,1,0.0
hematopoietic-specific_gene,0,1,0.0
reverse_transcription-polymerase_chain_reaction_(rt)_assay,0,1,0.0
bone_marrow-derived_stromal_cell_line,0,1,0.0
sequence_analysis,0,1,0.0
taqi,0,1,0.0
ebv_transactivator,0,1,0.0
ifn-gamma_receptor_beta-chain,0,1,0.0
murine_sequence,0,1,0.0
t-cell_tumorigenesis,0,1,0.0
several_signaling_molecule,0,1,0.0
lytic_cycle_epitope,0,1,0.0
15-hete,0,1,0.0
peripheral_lymphocyte,0,1,0.0
ebf,0,1,0.0
lal,0,1,0.0
transcriptional_activator_sequence,0,1,0.0
25-kda_lipocalin,0,1,0.0
cytoskeletal_structure,0,1,0.0
nf-kappab-dependent_reporter_gene_expression,0,1,0.0
cr_asthmatic_individual,0,1,0.0
class_ii_major_histocompatibility_complex_gene_transcription,0,1,0.0
hiv_long_terminal_repeat,0,1,0.0
pai-1,0,1,0.0
abnormal_b_cell_development,0,1,0.0
zp_activity,0,1,0.0
paired_t-test,0,1,0.0
all-trans_ra,0,1,0.0
in_vitro_transfection_assay,0,1,0.0
tonsil_b_cell,0,1,0.0
ap1_binding_site,0,1,0.0
immediate_promoter,0,1,0.0
prenatal_immune_challenge,0,1,0.0
red_cell_viability,0,1,0.0
clinical_recovery,0,1,0.0
cellular_substrate,0,1,0.0
frameshift,0,1,0.0
stimulated_t_lymphocyte,0,1,0.0
precursor_b_lymphocyte,0,1,0.0
mechanism-based_toxicity,0,1,0.0
24-hydroxylase_mrna_level,0,1,0.0
precursor_b_cell,0,1,0.0
proinflammatory_cytokine_release,0,1,0.0
murine_tnf_promoter,0,1,0.0
hypokalemia,0,1,0.0
hemoglobin_switching,0,1,0.0
human_tsp_1-chloramphenicol_acetyltransferase_construct,0,1,0.0
myeloid-specific_zinc_finger_protein,0,1,0.0
blood_plasma_cortisol,0,1,0.0
autologous_peripheral_blood_stem_cell_transplantation,0,1,0.0
alu_repeat,0,1,0.0
hc11_mammary_epithelial_cells,0,1,0.0
isolated_human_lymphocyte,0,1,0.0
coimmunoprecipitated,0,1,0.0
provirus_establishment,0,1,0.0
hyperkalemia,0,1,0.0
hcd57_cell,0,1,0.0
tetrahydropapaveroline,0,1,0.0
leukemia-specific_t(15;17)_chromosomal_translocation,0,1,0.0
b-cell_growth_and_differentiation_factor,0,1,0.0
fosb_mrna,0,1,0.0
csf-1_receptor,0,1,0.0
calcitriol,0,1,0.0
viral_lytic_cascade,0,1,0.0
gtp-bound_ras,0,1,0.0
adenosine_triphosphate,0,1,0.0
culture_protein_filtrate,0,1,0.0
core_sp1_consensus_element,0,1,0.0
positive_regulation,0,1,0.0
signal_transducer_and_activator_of_transcription,0,1,0.0
dna_fragmentation_factor-45,0,1,0.0
herpes_simplex_virus_oct-1_coregulator,0,1,0.0
calcineurin-dependent_activation,0,1,0.0
cell_cycle-dependent_initiation,0,1,0.0
granulocyte/macrophage_colony_stimulating_factor,0,1,0.0
promyelocytic_leukemia_gene,0,1,0.0
ca2+-chelating_agent,0,1,0.0
node-positive_patient,0,1,0.0
structural_protein_sequence,0,1,0.0
t-cell-mediated_autoimmune_disease,0,1,0.0
htlv-i-infected_cell_line,0,1,0.0
aeca,0,1,0.0
muscle,0,1,0.0
erythroid-specific_gata-1_transcription_factor_gene,0,1,0.0
hematopoietic-specific_ets_family_transcription_factor,0,1,0.0
bovine_serum_albumin,0,1,0.0
reticulocyte,0,1,0.0
interleukin_16_promoter,0,1,0.0
hl60_cell_line,0,1,0.0
immunologic_machinery,0,1,0.0
shp-1_phosphatase,0,1,0.0
229-bp_region,0,1,0.0
thymic_population,0,1,0.0
csa-sensitive_transcription_factor,0,1,0.0
nf-kappab-responsive_reporter_gene,0,1,0.0
converting_extracellular_signal,0,1,0.0
anti-cd3_mab,0,1,0.0
hgr,0,1,0.0
heterozygote,0,1,0.0
igh_gene,0,1,0.0
mutant_subclone,0,1,0.0
rodent_central_nervous_system,0,1,0.0
probucol,0,1,0.0
sh2_domain-binding_phosphotyrosine-based_motif,0,1,0.0
rhil-2,0,1,0.0
surface_il-4r,0,1,0.0
multi-protein_hematopoietic-specific_transcription_factor_complex,0,1,0.0
nf-kappa_b/rel_binding_sites,0,1,0.0
epstein-barr_virus_(ebv)-encoded_nuclear_protein,0,1,0.0
red_cell_gene,0,1,0.0
okadaic_acid_exposure,0,1,0.0
stat1_protein,0,1,0.0
lif-induced_hiv_replication,0,1,0.0
c_delta,0,1,0.0
csa-sensitive_stage,0,1,0.0
anti-cd3_mab-stimulated_t_cell,0,1,0.0
inactive_x-chromosome,0,1,0.0
proliferating_erythroid_cell,0,1,0.0
immunoglobulin_heavy-chain_(igh)_enhancer,0,1,0.0
inflammatory_tissue,0,1,0.0
vasculopathy,0,1,0.0
nf-kb2,0,1,0.0
lupus,0,1,0.0
mitogen,0,1,0.0
b_cell_extract,0,1,0.0
mutant_collagenase-1_promoter,0,1,0.0
ig_gene_extinction,0,1,0.0
lipopolysaccharide_(lps)_stimulation,0,1,0.0
immunoadsorbed,0,1,0.0
membrane_g(s)alpha_expressio,0,1,0.0
progesterone-treated_pregnancy_lymphocyte,0,1,0.0
b_cell_receptor_coengagement,0,1,0.0
normal,0,1,0.0
clinical_sign,0,1,0.0
decreased_cell_proliferation,0,1,0.0
severe_fura_toxicity,0,1,0.0
nfkb2_synthesis,0,1,0.0
d20s41,0,1,0.0
il-6_mrn,0,1,0.0
rat_fibroblast,0,1,0.0
signalling_complex,0,1,0.0
tissue_factor_expression,0,1,0.0
cd40-ligand+_t_cell,0,1,0.0
high-density_pbmc_culture,0,1,0.0
pol_gene,0,1,0.0
tzd,0,1,0.0
myc-associated_zinc_finger_protein,0,1,0.0
cya,0,1,0.0
hamster,0,1,0.0
cell-specific_transcription_factor,0,1,0.0
t_cell_factor_1,0,1,0.0
pertussis-toxin-sensitive,0,1,0.0
proviral_construct,0,1,0.0
infectious_mononucleosis,0,1,0.0
pyrrolidinedithiocarbamate,0,1,0.0
surface_ig,0,1,0.0
activation-dependent_cell_surface_marker,0,1,0.0
67-bp_mnli-alui_fragment,0,1,0.0
cd14+_adherent_human_monocyte,0,1,0.0
cd95l_expression,0,1,0.0
transcriptional_co-activator,0,1,0.0
oct2ab,0,1,0.0
ig-mediated_b-cell_activation,0,1,0.0
"p21rex,",0,1,0.0
e1,0,1,0.0
dehydration,0,1,0.0
abnormal_cytokine,0,1,0.0
transferrin,0,1,0.0
octa_sites,0,1,0.0
caenorhabditis_elegans_cell_death_gene,0,1,0.0
cell-type-specific_trans-acting_factor,0,1,0.0
isoform_a,0,1,0.0
dhl-9,0,1,0.0
dq3.3,0,1,0.0
-141_base_pairs,0,1,0.0
structural_motif,0,1,0.0
cyclosporin_a,0,1,0.0
human_monocyte_nuclear_factor-kappab,0,1,0.0
62_kda_subunit,0,1,0.0
committed_progenitors_cell,0,1,0.0
dominant-negative_mutant_tumor_necrosis_factor_receptor_i_(tnfri)_expression_vector,0,1,0.0
cultured_human_ec,0,1,0.0
c/ebpdelta,0,1,0.0
pma-stimulated_u1_cell,0,1,0.0
mzf-1_binding_site,0,1,0.0
erythroid_kruppel-like_factor_(eklf)_binding_site,0,1,0.0
icam-3,0,1,0.0
dna-binding_fragment,0,1,0.0
induced_expression,0,1,0.0
anti-fas_antibody,0,1,0.0
sooty_mangabey,0,1,0.0
phytohemagglutinin_(pha)_blast,0,1,0.0
drosophila_cell,0,1,0.0
u937_histiocytic_lymphoma_cell,0,1,0.0
3bp2_sh2_domain,0,1,0.0
novel_mutation,0,1,0.0
e(2),0,1,0.0
steroid-regulated_apoptosi,0,1,0.0
il-1alpha_promoter,0,1,0.0
olr1,0,1,0.0
brca2_mutation,0,1,0.0
bimodal_expression_pattern,0,1,0.0
renal_carcinoma,0,1,0.0
complex,0,1,0.0
intracellular_vitamin_d_binding_protein,0,1,0.0
nf-at2,0,1,0.0
inflammatory_syndrome,0,1,0.0
n_alpha-tosylphenylalanyl_chloromethyl_ketone,0,1,0.0
complement-opsonized_particle,0,1,0.0
membrane_phospholipid_metabolism,0,1,0.0
hypothalamic-pituitary-adrenocortical_axis,0,1,0.0
anti-inflammatory_effect,0,1,0.0
native_rfx_activity,0,1,0.0
"1,25(oh)2d2",0,1,0.0
mmp-9_secretion,0,1,0.0
mouse_interleukin_2_receptor_beta_chain,0,1,0.0
il-3-dependent_murine_pro-b_cell,0,1,0.0
type_2_response,0,1,0.0
immature_myelomonocytic_cell,0,1,0.0
human_beta-globin_gene_locus,0,1,0.0
il-10_regulation,0,1,0.0
nf-kappa_b_binding_activity,0,1,0.0
spd,0,1,0.0
glia,0,1,0.0
immunologically_relevant_gene,0,1,0.0
profound_conformational_change,0,1,0.0
nf-kappab-controlled_gene,0,1,0.0
functional_ras,0,1,0.0
control_cell,0,1,0.0
hox,0,1,0.0
chronic_phase_cml_patient,0,1,0.0
transgenic_mice,0,1,0.0
g-protein,0,1,0.0
therapeutic_chemical,0,1,0.0
signal_transducers_and_activators_of_transcription_(stat)_2_protein,0,1,0.0
single_mutation_site,0,1,0.0
"human_b_lymphoma_cell_line,_b104",0,1,0.0
s-phase_fraction,0,1,0.0
phosphatase,0,1,0.0
hpc_differentiation_program,0,1,0.0
mhc_class_ii_gene,0,1,0.0
sodium,0,1,0.0
generalized_dna_damage,0,1,0.0
enhancer_function,0,1,0.0
gpix_promoter,0,1,0.0
non-depressed_control_subject,0,1,0.0
human_umbilical_vein_endothelial_cell,0,1,0.0
epstein-barr_virus-immortalized_human_b_cell,0,1,0.0
97_receptors/cell,0,1,0.0
b-cell,0,1,0.0
il-1_alpha,0,1,0.0
hematopoietic_cell_specific_molecule,0,1,0.0
hypercortisolism,0,1,0.0
adaptor_protein,0,1,0.0
kbf1/p50_homodimer,0,1,0.0
c/ebp-epsilon_expression_plasmid,0,1,0.0
upstream_and_downstream_sequence,0,1,0.0
epstein-barr_virus_mutant,0,1,0.0
t_cell-specific_negative_regulation,0,1,0.0
poz/zinc-finger_protein,0,1,0.0
lps_responsiveness,0,1,0.0
prodigiosin_family,0,1,0.0
interleukin-2_(il-2)_expression,0,1,0.0
rhabdomyosarcoma,0,1,0.0
human_stat_protein,0,1,0.0
cd11b/cd18_expression,0,1,0.0
cyclophilin_b-binding_protein,0,1,0.0
unstimulated_u1_cell,0,1,0.0
tissue_specificity,0,1,0.0
c-jun_inhibitory_response,0,1,0.0
th2_type_cytokine,0,1,0.0
nuclear_dot,0,1,0.0
ifna_gene,0,1,0.0
aggc,0,1,0.0
il-1beta-converting_enzyme_family,0,1,0.0
single_point_mutation,0,1,0.0
a-myb_gene,0,1,0.0
ebv-associated_disease,0,1,0.0
reporter_gene_analysis,0,1,0.0
hiv_glycoprotein_120,0,1,0.0
postgerminal_center,0,1,0.0
ctll-2,0,1,0.0
sos2,0,1,0.0
jak_kinase_family,0,1,0.0
nf-kappa_b_dna_binding_activit,0,1,0.0
hepor_promoter,0,1,0.0
amino_acid_sequence_information,0,1,0.0
phka1_loci,0,1,0.0
human_th1_clone,0,1,0.0
a/r-induced_pmn_adhesion,0,1,0.0
chimeric_oncoprotein,0,1,0.0
mab_g10-2,0,1,0.0
buffy_coat_preparation,0,1,0.0
teratogenic_effect,0,1,0.0
adaptive_change,0,1,0.0
retinobenzoic_derivative,0,1,0.0
full-length_alg-4,0,1,0.0
cell_line_ht93a,0,1,0.0
serine-specific_protein_kinase,0,1,0.0
osteoclast,0,1,0.0
ilt-mat,0,1,0.0
steroid-resistant_asthmatic_patient,0,1,0.0
intrafollicular_cd3+_t_cell,0,1,0.0
t3-_group,0,1,0.0
icp4,0,1,0.0
elderly_donor,0,1,0.0
cd2_t_lymphocyte_glycoprotein_surface_molecule,0,1,0.0
cd45r0_t_cell,0,1,0.0
delayed-type_hypersensitivity_response,0,1,0.0
maturation_process,0,1,0.0
elam-1,0,1,0.0
adult_testis,0,1,0.0
bcl-6_mrna,0,1,0.0
anti-tnf-alpha_antibody,0,1,0.0
plasma_ria_value,0,1,0.0
target_bhlh_specificity,0,1,0.0
hla-dra_gene_expression,0,1,0.0
cis-encoded_dq_molecule,0,1,0.0
luciferase_gene,0,1,0.0
nf-kappa_b/rel_binding_site,0,1,0.0
nf-kappa_b/rel_family,0,1,0.0
prolactin-inducible_interferon_regulatory_factor-1_gene,0,1,0.0
bamhi_a_rightward_transcript,0,1,0.0
calmodulin,0,1,0.0
cytosolic_inhibitor,0,1,0.0
il-2_nf-chi_b_probe,0,1,0.0
tcr-inducible_gene_expression,0,1,0.0
human_interleukin_4_gene,0,1,0.0
il-2-stimulated_cell,0,1,0.0
3-o-mg_transport,0,1,0.0
laz3/bcl6_expression,0,1,0.0
high_proliferation,0,1,0.0
naturally_immune_donor,0,1,0.0
ifn_regulatory_factor_(irf)_family,0,1,0.0
primary_human_cd34+_hemopoietic_progenitor_cell,0,1,0.0
repressor_element,0,1,0.0
receptor_alpha,0,1,0.0
cd4_cell,0,1,0.0
transcription_factor_oct-2a,0,1,0.0
human_gammac_promoter,0,1,0.0
hormone_condition,0,1,0.0
reactive_twisted_disulfide,0,1,0.0
cd4_promoter_mutant,0,1,0.0
atra-induced_cd38+_cell,0,1,0.0
adenovirus_2_(ad2)_infection,0,1,0.0
super-shift_analysis,0,1,0.0
sexual_dimorphism,0,1,0.0
fibre,0,1,0.0
intracellular_response,0,1,0.0
anti-cd3-induced_tyrosine_phosphorylation,0,1,0.0
monocyte/macrophage_system,0,1,0.0
viral_infection,0,1,0.0
paf_receptor_antagonist,0,1,0.0
cd40_receptor,0,1,0.0
vzv_ge,0,1,0.0
dna-protein_binding_analysis,0,1,0.0
signal_transducer_and_activator_of_transcription-6,0,1,0.0
long_enhancer_transcript,0,1,0.0
intracellular_signal-transducing_protein_stat6,0,1,0.0
band-shift_assay,0,1,0.0
hiv-1_nef,0,1,0.0
oct2_transcription_factor,0,1,0.0
d20s56,0,1,0.0
5'_purine-rich_part,0,1,0.0
i-kappa_b_mrna,0,1,0.0
open_reading_frame,0,1,0.0
sp1_binding_element,0,1,0.0
32dcl3_cell,0,1,0.0
cxcr4,0,1,0.0
human_peripheral_granurocyte,0,1,0.0
transcriptional_regulatory_function,0,1,0.0
human_t-cell_lymphotropic_virus_type_1_tax_transactivator,0,1,0.0
t-cell-receptor-mediated_t-cell_activation,0,1,0.0
cd95/apo-1,0,1,0.0
patients,0,1,0.0
e1a_sensitization,0,1,0.0
lymphoid_leukemia_cell_line,0,1,0.0
intervening_(i)_region,0,1,0.0
dominant_negative_allele,0,1,0.0
immunosuppressant_drug_cyclosporin_a,0,1,0.0
"1_alpha,25_dihydroxyvitamin_d3",0,1,0.0
hiv-1_long_terminal_repeat-driven_transcription,0,1,0.0
sivmac,0,1,0.0
cleo_element,0,1,0.0
anti-tat_single-chain_intracellular_antibody,0,1,0.0
i_kappa-beta_protein,0,1,0.0
time-_and_concentration-dependent_manner,0,1,0.0
signal_transducer_and_activator_of_transcription-1alpha,0,1,0.0
bb-94,0,1,0.0
phosphorylation_status,0,1,0.0
v-abl_kinase_activity,0,1,0.0
social_support,0,1,0.0
"hydrophobic,_potentially_phosphorylated_polypeptide",0,1,0.0
cell_surface_maturation-specific_antigen,0,1,0.0
24-hydroxylase_message,0,1,0.0
cd3.tcr_complex,0,1,0.0
t-lymphocyte_activation_mechanisms,0,1,0.0
ets-related_transcription_factor,0,1,0.0
t-cell_clone,0,1,0.0
transient_nf-kappa_b-dna_interaction,0,1,0.0
abnormal_thymopoiesis,0,1,0.0
vcam-1_promotor,0,1,0.0
ebv_infection,0,1,0.0
adenovirus_(ad)_infection,0,1,0.0
anti-tumour_activity,0,1,0.0
cholecystokinin_(cck(b))_receptor,0,1,0.0
familial_tuberous_sclerosis,0,1,0.0
75_kd,0,1,0.0
ds_lymphocyte,0,1,0.0
ebs,0,1,0.0
arachidonic_acid,0,1,0.0
dnd39_cell,0,1,0.0
gata-binding_site,1,1,0.0
monocyte/macrophage_tumor_necrosis_factor,0,1,0.0
herpes_simplex_tegument_protein,0,1,0.0
t_cell_control,0,1,0.0
multiple_vzv_peptide,0,1,0.0
cytokine_production_profile,0,1,0.0
tcl1,0,1,0.0
proximal_c-jun_tre-like_promoter_element,0,1,0.0
wild-type_plasmid,0,1,0.0
nhl,0,1,0.0
luciferase_reporter_gene,0,1,0.0
il-1_beta_convertase,0,1,0.0
raldh2_gene,0,1,0.0
par,0,1,0.0
mrna_species,0,1,0.0
bcr1_type-pml/rar_alpha_fusion_protein,0,1,0.0
sh2-deleted_grf40_mutant,0,1,0.0
smad3,0,1,0.0
human_immunodeficiency_virus-type_1,0,1,0.0
eukaryotic_transcription,0,1,0.0
antiestrogen,0,1,0.0
i_kappa_b-alpha_degradation,0,1,0.0
pb1,0,1,0.0
basic_dbd,0,1,0.0
transfected_recombinant_chloramphenicol_acetyltransferase_(cat)_plasmids,0,1,0.0
nitric_oxide-stimulated_guanine_nucleotide_exchange,0,1,0.0
mitochondrial_respiration,0,1,0.0
vdre,0,1,0.0
nf(kappa)b,0,1,0.0
bz1,0,1,0.0
cellular_transcriptional_nuclear_factor-kb,0,1,0.0
stati,0,1,0.0
2-acetoxy-4-trifluoromethyl-benzoic_acid,0,1,0.0
zinc_finger_motif,0,1,0.0
active_signaling_pathway,0,1,0.0
putative_binding_site,0,1,0.0
n-terminal_sequence_homology,0,1,0.0
expansion,0,1,0.0
balanced_x;17_translocation,0,1,0.0
cell_surface_glycoprotein,0,1,0.0
gp_160-induced_nuclear_extract,0,1,0.0
i_kappa_b-like_protein,0,1,0.0
oral_glucocorticoid_treatment,0,1,0.0
b_cell_proliferation,0,1,0.0
keratin,0,1,0.0
cellular_fraction,0,1,0.0
ankyrin_motif,0,1,0.0
p56_src_family_non-receptor_tyrosine_kinase,0,1,0.0
constitutive_nf-kappa_b_activation,0,1,0.0
functional_rbp_binding_site,0,1,0.0
ltr_promoter,0,1,0.0
bursa_of_fabricius,0,1,0.0
parp,0,1,0.0
allergen-specific_t_cell_clone,0,1,0.0
type_i_il-1r,0,1,0.0
myod,0,1,0.0
prolactin,0,1,0.0
transcription_(stat)_signaling_pathway,0,1,0.0
gata-1_motif,0,1,0.0
nf-kappa_b/rel_site,0,1,0.0
"1beta,25-dihydroxyvitamin_d3",0,1,0.0
t_cell_antigen_receptor/cd3_complex,0,1,0.0
inheritance,0,1,0.0
ifn-gamma_and_gm-csf_mrna,0,1,0.0
phorbol_ester_response_element,0,1,0.0
mitogenic_signalling_response,0,1,0.0
cd49f,0,1,0.0
ifn-gamma-independent_component,0,1,0.0
neuropeptide_enkephalin,0,1,0.0
cyclic_amp-responsive_member,0,1,0.0
diesel_exhaust_emission,0,1,0.0
alcoholic_extract,0,1,0.0
interleukin-beta,0,1,0.0
er-negative_phenotype_of_some_tumors,0,1,0.0
atp-dependent_26_s_multicatalytic_protease,0,1,0.0
vzv_peptide,0,1,0.0
pp52_leukocyte_protein,0,1,0.0
electro_mobility_shift_assay,0,1,0.0
amino_acid_210,0,1,0.0
immunoglobulin_heavy-chain_enhancer_mu_e1_site,0,1,0.0
beta-actin_mrna,0,1,0.0
latent_proviru,0,1,0.0
interferon-gamma_receptor,0,1,0.0
anti-hgh_mab,0,1,0.0
bsap-stimulated_cd19_gene_transcription,0,1,0.0
nucleoside_diphosphate_(ndp)_kinase_activity,0,1,0.0
coreceptor,0,1,0.0
p100,0,1,0.0
repair/transcription_factor,0,1,0.0
gralpha_expression_vector,0,1,0.0
pkr_expression,0,1,0.0
activator_protein_1_(ap-1)_dna-binding_activity,0,1,0.0
cord_blood,0,1,0.0
substspl2,0,1,0.0
serial_5'-deletion_mutation,0,1,0.0
mutated_octamer_site,0,1,0.0
interleukin_2_(il2)_promoter,0,1,0.0
reactive_tonsil,0,1,0.0
interferon_(ifn)-inducible_protein_10,0,1,0.0
target_plasmid,0,1,0.0
interleukin_2_alpha-chain_receptor,0,1,0.0
gm-csf_element,0,1,0.0
lampf,0,1,0.0
murine_macrophage-like_cell_line,0,1,0.0
tnf-_and_lps-stimulated_increase,0,1,0.0
tumor_necrosis_factor_alpha_gene,0,1,0.0
cd14_receptor_system,0,1,0.0
socs-3,0,1,0.0
egr1_protein,0,1,0.0
pp52_promoter,0,1,0.0
cellular_infiltration,0,1,0.0
vascular_response,0,1,0.0
cd28_expression,0,1,0.0
janus_tyrosine_kinase,0,1,0.0
common_human_malignancy,0,1,0.0
hemoglobinization,0,1,0.0
ap-1_regulatory_element,0,1,0.0
superoxide_anion_radical,0,1,0.0
hypoxia-evoked_decrease,0,1,0.0
5'_flanking_genomic_clone,0,1,0.0
pma-induced_cd4_down-modulation,0,1,0.0
stromal_cell-mediated_tcell_rescue,0,1,0.0
polyomavirus_enhancer_binding-protein_2_(pebp2)_transcription_factor,0,1,0.0
tumor_cell,0,1,0.0
v-abl-mediated_differentiation_arrest,0,1,0.0
ikappab-alpha_phosphorylation,0,1,0.0
icam-1_mrna,0,1,0.0
t3_administration,0,1,0.0
activator_protein-1_(ap-1)_activation,0,1,0.0
transducing_pathway,0,1,0.0
model_monocytic_cell_line,0,1,0.0
murine_interleukin_(il)-2_receptor_alpha_chain/cd25,0,1,0.0
in_vitro_footprinting_analysis,0,1,0.0
tnf_stimulated_expression,0,1,0.0
post-alphacd3_stimulation,0,1,0.0
hsp70b,0,1,0.0
cellular_protein_tyrosine_kinase,0,1,0.0
gasd/ebsd,0,1,0.0
non-ashkenazi_jewish_group,0,1,0.0
il-12r_beta_2,0,1,0.0
octamer_site,0,1,0.0
healthy_neonate,0,1,0.0
tnf-alpha-stimulated_cell,0,1,0.0
transcriptional_inhibition,0,1,0.0
varicella_vaccination,0,1,0.0
spi-b_expression,0,1,0.0
grf40,0,1,0.0
mycoplasma_fermentans,0,1,0.0
long-range_cis-inactivating_effect,0,1,0.0
dna_damage-induced_apoptosis,0,1,0.0
t-cell-mediated_recognition,0,1,0.0
ctcf_activity,0,1,0.0
hil-5r_alpha,0,1,0.0
activators_of_transcription,0,1,0.0
heterodimer,0,1,0.0
breast_tumor_sample,0,1,0.0
substsp23,0,1,0.0
ligand-binding_activity,0,1,0.0
gata_transcription_factor,0,1,0.0
carboxy-terminus,0,1,0.0
ms-like_disease,0,1,0.0
human_immunodeficiency_virus_(hiv)_replication,0,1,0.0
ap-1_consensus_site,0,1,0.0
ah_receptor_gene,0,1,0.0
pkc-depleted_t_cell,0,1,0.0
icrf-193,0,1,0.0
p60,0,1,0.0
cooh_terminus,0,1,0.0
3/4_b-cell_line,0,1,0.0
retinoblastoma_control_element,0,1,0.0
monocyte_chemotactic_protein-1,0,1,0.0
granule_exocytosis_pathway,0,1,0.0
atll,0,1,0.0
population_genetics,0,1,0.0
hla_dr11,0,1,0.0
ifn-inducible_gene_product,0,1,0.0
b5a,0,1,0.0
rapid_transcriptional_activation,0,1,0.0
pma-stimulated_activation,0,1,0.0
beta_5'_flanking_region,0,1,0.0
cytosolic_nf-kappa_b_inhibitor,0,1,0.0
oct-dna_interaction,0,1,0.0
cortisol-resistant_aids,0,1,0.0
tissue_section,0,1,0.0
glucocorticoid-repressible_gene,0,1,0.0
lipopolysaccharide-induced_transcriptional_activation,0,1,0.0
nmi,0,1,0.0
c_motif-1/lymphotactin_promoter,0,1,0.0
resting_human_t-cell,0,1,0.0
epithelium,0,1,0.0
early_viral_rna_splicing_pattern,0,1,0.0
macrophage_lineage,0,1,0.0
steroid-treated_control_group,0,1,0.0
human_t-lymphocyte,0,1,0.0
glucocorticoid_resistance,0,1,0.0
nfatx,0,1,0.0
receptor_complex_binding,0,1,0.0
ubiquitin-proteasome_pathway,0,1,0.0
subnuclear_structure,0,1,0.0
gch,0,1,0.0
pim-1_gene,0,1,0.0
iddm_subject,0,1,0.0
il-4_promoter,0,1,0.0
map_erk_kinase_kinase-1,0,1,0.0
camp_response_element-binding_protein,0,1,0.0
human_burkitt's_lymphoma_b_cell_line,0,1,0.0
electrophoresis_mobility_shift_assays,0,1,0.0
antigen-presenting_cell,0,1,0.0
human_proteasome,0,1,0.0
non-cytotoxic_lmp-1_signaling,0,1,0.0
bacterial_lipopolysaccharide,0,1,0.0
t_cell_receptor_(tcr)_cross-linking,0,1,0.0
map_kinase_extracellular_signal-regulated_kinase_(erk)_2,0,1,0.0
sek/jnk/c-jun/ap-1_pathway,0,1,0.0
"non-lymphoid,_non-il-5-producing_cell_line",0,1,0.0
p65_(rel_a),0,1,0.0
phorbol_ester-dependent_differentiation,0,1,0.0
sequence-specific_dna-binding_protein,0,1,0.0
biochemical_consequence,0,1,0.0
bcr1/25,0,1,0.0
primary_human_monocyte,0,1,0.0
hl-60_monocytic_differentiation,0,1,0.0
air-1_locus_defect,0,1,0.0
bob1/obf-1/oca-b,0,1,0.0
tetracycline_trans-activator_protein,0,1,0.0
immunomodulatory_role,1,1,0.0
human_differentiated_cell,0,1,0.0
acidic_nh2_terminus,0,1,0.0
fkbp_mrna,0,1,0.0
severe_thrombocytopenia,0,1,0.0
cdna_hybridization,0,1,0.0
pit-1b,0,1,0.0
srf/ets_element,0,1,0.0
kappa_b_motif,0,1,0.0
oxidative_process,0,1,0.0
transcriptionally_active_human_tata_binding_factor,0,1,0.0
fetal_and_adult_beta-globin_(hbb)-like_gene,0,1,0.0
ifn-alpha_responsiveness,0,1,0.0
r217a,0,1,0.0
tpa/ca(2+)-inducible_nuclear_facto,0,1,0.0
fourth_c_delta_exon,0,1,0.0
rb-related_protein,0,1,0.0
nfatp/ap-1_complex_formation,0,1,0.0
monochloramine,0,1,0.0
intranuclear_icn,0,1,0.0
developmental_regulation,0,1,0.0
bhlh,0,1,0.0
epstein-barr_virus_(ebv)_bmrf1_promoter,0,1,0.0
lymphotropic_herpesvirus,0,1,0.0
n-terminal_pou-specific_domain,0,1,0.0
dna-binding_trimer,0,1,0.0
c5b-9-induced_dna_synthesis,0,1,0.0
"cd4+,_cd13-,_cd33+,_cd65s+",0,1,0.0
fetal_nucleated_blood_cell,0,1,0.0
chinese_hamster_ovary_(cho)-k1_cell,0,1,0.0
receptor_activation,0,1,0.0
il-2r_alpha_kappa_b-specific_oligonucleotide_probe,0,1,0.0
mechanical_stress,0,1,0.0
apoptotic_cell_death,0,1,0.0
cox_analysis,0,1,0.0
notch_receptor,0,1,0.0
cytogenetic_study,0,1,0.0
heat_shock_protein_90_complex,0,1,0.0
plasma_membrane_phospholipid,0,1,0.0
adipocyte_differentiation,0,1,0.0
t(17;19)_chromosomal_translocation,0,1,0.0
uncommitted_t_helper_(th)_cell,0,1,0.0
yt-n17,0,1,0.0
lbr,0,1,0.0
interferon_gamma,0,1,0.0
human_interleukin-13,0,1,0.0
nuclear_expression,0,1,0.0
tcf/lef_function,0,1,0.0
ltb4,0,1,0.0
prriii,0,1,0.0
xenopus_hepatocyte,0,1,0.0
major_histocompatibility_complex_(mhc)_class_ii,0,1,0.0
integrin-dependent_adhesive_function,0,1,0.0
polyclonal_signal,0,1,0.0
erba-binding_site,0,1,0.0
pml/rar_alpha_transcript,0,1,0.0
peripheral_blood-derived_human_monocyte,0,1,0.0
chromosome_(chr)_20,0,1,0.0
severe_combined_immunodeficiency,0,1,0.0
v3_region,0,1,0.0
iarc_301.5,0,1,0.0
herpesvirus_saimiri_cis-acting_dna_fragment,0,1,0.0
diterpene_triepoxide,0,1,0.0
proliferating_t_lymphocyte,0,1,0.0
short-term_cellular_response,0,1,0.0
human_bcl-2_gene,0,1,0.0
prostate_cell,0,1,0.0
gata-1_autoregulatory_enhancer,0,1,0.0
hypoactivity,0,1,0.0
in_situ_hybridisation,0,1,0.0
raf_301,0,1,0.0
phosphatidylinositol_turnover,0,1,0.0
sp1/egr-1_site,0,1,0.0
methylation-sensitive_hpaii_site,0,1,0.0
acid_sphingomyelinase,0,1,0.0
enhancer/promoter_combination,0,1,0.0
hmg_box_transcription_factor,0,1,0.0
tat_gene,0,1,0.0
myelomonocytic_lineage-specific_expression,0,1,0.0
nk:ec_co-culture,0,1,0.0
log10mbc,0,1,0.0
nfil-2b_nuclear_protein_complex,0,1,0.0
brainstem_nuclei,0,1,0.0
ap-2_dna_element,0,1,0.0
leukocyte_recruitment,0,1,0.0
oligomerizing_receptor_chain,0,1,0.0
heterodimer_complex_formation,0,1,0.0
125-135_of_the_aminoenhancer_of_split_(aes)_protein,0,1,0.0
membrane-proximal_portion,0,1,0.0
ubp,0,1,0.0
tcr_alpha/delta,0,1,0.0
ag,0,1,0.0
rank-mediated_nf-kappab_signaling,0,1,0.0
cell_shape_change,0,1,0.0
lps/zymosan_inducibility,0,1,0.0
pma-induced_ikb_alpha_phosphorylation/degradation,0,1,0.0
tcr-mediated_signaling_event,0,1,0.0
lipopolysaccharide_plus_phorbol-di-butyrate-treated_cell,0,1,0.0
aids-gr_group,0,1,0.0
eutopic_endometrium,0,1,0.0
phospholipid,0,1,0.0
nuclear_factor_(nf)-kappa_b_binding_activity,0,1,0.0
il-1_beta_convertase_mrna_accumulation,0,1,0.0
human_immunodeficiency_virus-1_(hiv-1)_enhancer,0,1,0.0
nf-kappab_binding_element,0,1,0.0
impdh_type_ii_gene_expression,0,1,0.0
barrier_function,0,1,0.0
5'-cggagtttcc-3',0,1,0.0
nf-kappab_component,0,1,0.0
estrogen_receptor_concentration,0,1,0.0
primary_defect,0,1,0.0
hiv-infected_myelomonocytic_cell_line,0,1,0.0
interacting_surface,0,1,0.0
mature_organ,0,1,0.0
nf-kappab/rel_protein,0,1,0.0
airway,0,1,0.0
paired_box_1,0,1,0.0
phorbol_ester-responsive_protein_kinase_c,0,1,0.0
serine_kinase,0,1,0.0
density-gradient_centrifugation,0,1,0.0
nuclear_hormone_receptor_coactivator_activity,0,1,0.0
extravascular_inflammation,0,1,0.0
electrophoretic_mobility_shift_analyses,0,1,0.0
human_colon_carcinoma_cell_line,0,1,0.0
jak1_expression,0,1,0.0
lytic_cycle-induced_cell,0,1,0.0
polymorphic_allele,0,1,0.0
human_hepatitis_b_virus,0,1,0.0
apoptotic_human_vsmc,0,1,0.0
cell_phenotype,0,1,0.0
bfu-e-derived_colony,0,1,0.0
eosinophil_response,0,1,0.0
human_scl_locus,0,1,0.0
human_a_gamma-globin_gene,0,1,0.0
polymorphic_nucleotide,0,1,0.0
prl-induced_dna-binding_protein,0,1,0.0
dominant_ikappab_molecule,0,1,0.0
stat-5,0,1,0.0
ggaa,0,1,0.0
delta-globin_gene,0,1,0.0
binding_activity,0,1,0.0
nucleoli,0,1,0.0
thyroidectomy,0,1,0.0
ciita_mrna,0,1,0.0
creb_isoform,0,1,0.0
creb/activating_transcription_factor_(atf)_family,0,1,0.0
125i-labeled_tgf-beta_1,0,1,0.0
putative_nf-kappab_binding_site,0,1,0.0
isopropylidine_group,0,1,0.0
murine_t_cell_line_el4_6.1,0,1,0.0
er-eia,0,1,0.0
virus-negative_t_cell,0,1,0.0
non-leukaemic_t_cell,0,1,0.0
trans-activating_protein,0,1,0.0
ad5-induced_inhibition,0,1,0.0
il-2_receptor_beta-chain,0,1,0.0
death_domain-containing_receptor,0,1,0.0
fetal_thymocyte_development,0,1,0.0
mrna_specie,0,1,0.0
cd40-induced_nf-kappa_b_activation,0,1,0.0
vitd3,0,1,0.0
redox_sensitive_cytosolic_transcription_factor,0,1,0.0
oxldl-induced_nf-kappa_b_activation,0,1,0.0
fkbp12,0,1,0.0
parental_cell_line,0,1,0.0
bja-b_cell,0,1,0.0
integrin-mediated_tyrosine_phosphorylation,0,1,0.0
leukemic_t_lymphoblast,0,1,0.0
hiv-1_viral_particle,0,1,0.0
p53_protein,0,1,0.0
specific_mab,0,1,0.0
platelet_thromboxane_receptor,0,1,0.0
in_vitro_stimulation,0,1,0.0
aged_human,0,1,0.0
human_major_histocompatibility_complex,0,1,0.0
94-kd_stat5a,0,1,0.0
ap-1_transcriptional_factor,0,1,0.0
nucleotides_-67_to_-60_upstream,0,1,0.0
gene_disruption,0,1,0.0
glucocorticoid-mediated_autoregulation,0,1,0.0
human_sle,0,1,0.0
pam,0,1,0.0
lymphoid_aggregate_formation,0,1,0.0
hyperosmotic_shock,0,1,0.0
phorbol_12-myristate_13-acetate_(pma)-mediated_differentiation,0,1,0.0
nf-kappa_b1_gene,0,1,0.0
p24rex_production,0,1,0.0
uncultured_leukemic_t_cell,0,1,0.0
ie-1_peptide-specific_induction,0,1,0.0
nfat_induction,0,1,0.0
proviruse,0,1,0.0
infant_brother,0,1,0.0
"1,_25-dihydroxyvitamin_d3",0,1,0.0
nf-kappab-mediated_up-regulation,0,1,0.0
human_ets-1_protein,0,1,0.0
"(+)-skf_10,_047",0,1,0.0
hsp70_production,0,1,0.0
il-2r(alpha)_chain,0,1,0.0
nf-kappab2,0,1,0.0
x-ray-treated_cell,0,1,0.0
mammalian_histone_deacetylase,0,1,0.0
ebv_type_1_ebna-2,0,1,0.0
distal_ccaat_box,0,1,0.0
248-263,0,1,0.0
domain-helix-loop-helix_protein,0,1,0.0
pregnancy_lymphocyte,0,1,0.0
dose-dependent,0,1,0.0
cpp32/yama/apopain,0,1,0.0
pzvb70,0,1,0.0
atl_patient,0,1,0.0
leukaemic_cell,0,1,0.0
nf-kappa_b_p65_dna_binding,0,1,0.0
human_tonsil,0,1,0.0
glucocorticoid-induced_cell_death,0,1,0.0
human_cd3-cd16+_natural_killer_cell,0,1,0.0
replication-incompetent_molecular_clone_of_human_immunodeficiency_virus_type_1,0,1,0.0
vcam-1_mediated,0,1,0.0
pma_responsive_element,0,1,0.0
hematopoietic_gene_expression,0,1,0.0
human_raji_b_lymphoblastoid_cell,0,1,0.0
differentiation_potential,0,1,0.0
emcv_mrna,0,1,0.0
pkc-epsilon,0,1,0.0
nuclear_factor-il-6beta,0,1,0.0
bt2camp,0,1,0.0
type_ii_diabetes,0,1,0.0
cck(b)_receptor_antagonist,0,1,0.0
chronic_myeloproliferative_disease,0,1,0.0
nuclear_factor_of_activated_t_cells_(nfat)-dependent_gene,0,1,0.0
trident_expression,0,1,0.0
t(17;19),0,1,0.0
glucose_oxidase,0,1,0.0
germline_c_gamma_gene_transcription,0,1,0.0
gel_renaturation_experiment,0,1,0.0
calcineurin-mediated_expression,0,1,0.0
carboxy-terminal_half,0,1,0.0
pdn,0,1,0.0
estrogen_receptor-negative_tumor_status,0,1,0.0
beta-globin_minimal_promoter,0,1,0.0
aids-related_cancer,0,1,0.0
gamma_3_ecs-dependent_luciferase_reporter_gene_activation,0,1,0.0
southern_hybridization_analysis,0,1,0.0
recombinant_otf-2_protein,0,1,0.0
tumor_necrosis_factor_(tnf)-alpha_gene,0,1,0.0
notch-1_expression,0,1,0.0
ikappab-alphas32/36a,0,1,0.0
gc-sensitive_group,0,1,0.0
human_cd34+_hematopoietic_stem_cell,0,1,0.0
gpa,0,1,0.0
igh_3'_enhancer,0,1,0.0
antitumour_dna_topoisomerase_ii_inhibitor,0,1,0.0
cd8+_t-cell,0,1,0.0
phytohemagglutinin_(pha)-induced_proliferation,0,1,0.0
ifn-gamma_stimulation,0,1,0.0
situ_hybridization_pattern,0,1,0.0
c1-c3,0,1,0.0
tnf_gene_induction,0,1,0.0
27-amino_acid_regulatory_motif,0,1,0.0
il-4_response_element,0,1,0.0
ifngamma-driven_enhanceosome_formation,0,1,0.0
fork_head_gene_subfamily,0,1,0.0
backbone_vector_alone,0,1,0.0
nur77_gamma,0,1,0.0
minimally_oxidized_ldl_(mm-ldl)_activated_endothelial_cell,0,1,0.0
human_monocytic_cell_line_u_937,0,1,0.0
anti-stat_6,0,1,0.0
ectopic_id1,0,1,0.0
nfkappab-mediated_cytokine_production,0,1,0.0
fetal_hemoglobin_(hbf)_production,0,1,0.0
ebv_virus,0,1,0.0
ethanol_treated_control,0,1,0.0
biotin-_and_fluorescein-labeled_amplicon,0,1,0.0
tissue_homeostasis,0,1,0.0
30_nucleotide,0,1,0.0
beta-estradiol,0,1,0.0
promoter-proximal_region,0,1,0.0
pea3,0,1,0.0
nuclear_c/ebp_beta,0,1,0.0
calcium-mobilizing_receptor,0,1,0.0
muscle_cdna_library,0,1,0.0
major_envelope_glycoprotein,0,1,0.0
camp/pka_pathway,0,1,0.0
constitutive_transcription_factor,0,1,0.0
blast_crisis,0,1,0.0
tcr_vbeta_8.1_promoter,0,1,0.0
gag_protein,0,1,0.0
tal1_rearrangement,0,1,0.0
ie1,0,1,0.0
p37,0,1,0.0
nf-kappab_inhibitory_molecule,0,1,0.0
normal_human_subject,0,1,0.0
regulated_host_factors,0,1,0.0
heterotetramer,0,1,0.0
lethally_irradiated_mouse,0,1,0.0
developmental_control,0,1,0.0
dr3_signal_transduction,0,1,0.0
pp-2a-opposing_kinase,0,1,0.0
human_il-7r_alpha,0,1,0.0
mammalian_cell_susceptibility,0,1,0.0
methylation_pattern,0,1,0.0
steroid-induced_monokine_gene_expression,0,1,0.0
radiotherapy,0,1,0.0
human_icam-1_promoter,0,1,0.0
host_cell_gene,0,1,0.0
45_kda,0,1,0.0
human_breast_cancer_mcf-7_cell,0,1,0.0
mpri,0,1,0.0
normal_control,0,1,0.0
cardiac_transplant_medicine,0,1,0.0
bcl6,0,1,0.0
viral_growth_rate,0,1,0.0
flutamide,0,1,0.0
suboptimal_activation,0,1,0.0
myeloid_leukemia_cell,0,1,0.0
dna-binding_homeodomain,0,1,0.0
breast_cancer_target_susceptibility,0,1,0.0
constitutive_mrna_levels,0,1,0.0
ethanol,0,1,0.0
megakaryocyte_differentiation_and_proliferation_factor,0,1,0.0
ap-1_response,0,1,0.0
t_cell_costimulation,0,1,0.0
ii_estrogen_binding_site,0,1,0.0
unsuppressed_t_cell,0,1,0.0
ferritin_h-chain_gene,0,1,0.0
hgata-3_binding_site,0,1,0.0
reactive_nitrogen_intermediate,0,1,0.0
nf-y_binding_activity,0,1,0.0
gata-binding_protein,0,1,0.0
janus_kinase_3_(jak3)_activity,0,1,0.0
"1_alpha,25(oh)2d3",0,1,0.0
initiation_binding_repressor,0,1,0.0
c-terminal_cytoplasmic_domain,0,1,0.0
10.4s_sedimenting_complex,0,1,0.0
cultured_mouse_astrocyte,0,1,0.0
sedentary_group,0,1,0.0
plus_clone,0,1,0.0
dna-binding_form,0,1,0.0
lymphocyte_activation,0,1,0.0
thrombin_receptor_mrna_expression,0,1,0.0
vdr-rxr,0,1,0.0
prolonged_protein_kinase_c_activation,0,1,0.0
extrathymic_t-cell_differentiation,0,1,0.0
human_class_i-restricted_cytotoxic_t_lymphocyte_clonotype,0,1,0.0
platelet_ca(2+)-atpase,0,1,0.0
lymphoid-specific_nuclear_factor,0,1,0.0
47_kda_protein,0,1,0.0
haec,0,1,0.0
stat-3_isoform,0,1,0.0
tsc2_gene_expression,0,1,0.0
kappa_b_cis-acting_element,0,1,0.0
-165_to_-148,0,1,0.0
rev_protein,0,1,0.0
cognate_antigen,0,1,0.0
t,0,1,17.666666666666668
xi,0,1,0.0
chromatin-integrated_construct,0,1,0.0
455-bp_u3_region,0,1,0.0
ligand-dependent,1,0,0.0
kappa_b_enhancer_element,0,1,0.0
control_mechanism,0,1,0.0
chromosomal_translocations,0,1,0.0
il-2_immunotherapy,0,1,0.0
mineralization,0,1,0.0
nitrofurantoin,0,1,0.0
human_myeloid_leukemia_cell,0,1,0.0
kappa_b_dna_motif,0,1,0.0
perforin-expressing_lymphocyte,0,1,0.0
conserved_lymphokine_element,0,1,0.0
2a,0,1,0.0
igg_immune_complex_model,0,1,0.0
adhesion_protein_mac-1,0,1,0.0
oct-2a_effector_region,0,1,0.0
cytosolic_tyrosine_motif,0,1,0.0
e1_region,0,1,0.0
positive_transcriptional_element,0,1,0.0
anti-c/ebpdelta,0,1,0.0
glutathione-depleting_agent,0,1,0.0
palindromic_nf-kappa_b_probe,0,1,0.0
bamhi_zlf-1_gene_product,0,1,0.0
glut1,0,1,0.0
embryonic_globin_gene,0,1,0.0
nuclear_nf-kappab,0,1,0.0
cd4+cd45r0+cd45ra-cd29highcd11a+,0,1,0.0
mouse_transgenic_line,0,1,0.0
physiological_cell_death_pathway,0,1,0.0
tissue-specific_element,0,1,0.0
rat_prolactin_(rprl)_promoter_activity,0,1,0.0
caspase-dependent,0,1,0.0
a-myb_genome,0,1,0.0
fasl_up-regulation,0,1,0.0
12.5-kb_upstream,0,1,0.0
legionella_pneumophila,0,1,0.0
box1_consensus_sequence,0,1,0.0
p3a2,0,1,0.0
(tcr)/cd3,0,1,0.0
chlorinated_dibenzo-p-dioxin,0,1,0.0
human_expressed_sequence_tag,0,1,0.0
curcumin,0,1,0.0
ra_autoimmune_inflammation,0,1,0.0
protein_trans-factor,0,1,0.0
human_immunodeficiency_virus_1_(hiv-1)_replication,0,1,0.0
anti-human_immunodeficiency_virus_type_1_(hiv-1)_therapy,0,1,0.0
in_vivo_function,0,1,0.0
rna_polymerase_ii_promoter,0,1,0.0
nuclear_factor_of_activated_t_lymphocytes,0,1,0.0
intracellular_redox_status,0,1,0.0
nm23-h1,0,1,0.0
at_box,0,1,0.0
immunity_impairment,0,1,0.0
morphologic_features,0,1,0.0
lipid_soluble_antioxidant,0,1,0.0
t-cell_stimulation,0,1,0.0
b_lymphoid_development,0,1,0.0
hpa_system,0,1,0.0
major_histocompatibility_complex_(mhc)_class_ii_genes,0,1,0.0
serine_186,0,1,0.0
il-4-dependent_regulation,0,1,0.0
phosphoserine_mimetic,0,1,0.0
wp,0,1,0.0
il-4-triggered_activation,0,1,0.0
aids_pathogenesis,0,1,0.0
purified_fl_hpc,0,1,0.0
ltr-directed_gene,0,1,0.0
trophoblast_invasion,0,1,0.0
beta-adrenergic_receptor,0,1,0.0
high-affinity_cell_surface_receptor,0,1,0.0
examined_histochemically,0,1,0.0
triamcinolone_acetonide,0,1,0.0
sugar_moiety,0,1,0.0
intracellular_roi,0,1,0.0
human_endothelial_cell_activation,0,1,0.0
x_inactivation_analysis,0,1,0.0
cd18_promoter,0,1,0.0
stat5a-_stat5b_heterodimer,0,1,0.0
plasmacytoid_differentiation,0,1,0.0
type_1_interferon,0,1,0.0
4e-bp1,0,1,0.0
th2_cytokine_pattern,0,1,0.0
pma+ionomycin,0,1,0.0
polymorphonuclear_leukocyte_chemotaxis,0,1,0.0
class_ii_mhc_x1_box_dna-binding_protein,0,1,0.0
transmembrane_mechanism,0,1,0.0
camp_accumulation,0,1,0.0
dp65,0,1,0.0
human_cd34(+)_bone_marrow_cell,0,1,0.0
interleukin-6_kappa_b-related_motif,0,1,0.0
nk/t_cell_progenitor,0,1,0.0
phorbol_ester-induced_mononuclear_cell_differentiation,0,1,0.0
humoral_immune_response,0,1,0.0
cam,0,1,0.0
polymorphic_trinucleotide_repeat,0,1,0.0
toremifene_therapy,0,1,0.0
gc-box,0,1,0.0
conserved_sequence_element,0,1,0.0
pebp-2alpha,0,1,0.0
b7-1,0,1,0.0
differentiating_myeloid_cell,0,1,0.0
nfat3,0,1,0.0
65_kd_transcriptional_activator,0,1,0.0
epipodophyllotoxin,0,1,0.0
fas-induced_cell_death,0,1,0.0
proto-oncogene_c-fos,0,1,0.0
phorbol_12_myristate_13-acetate,0,1,0.0
kappa_b_probe,0,1,0.0
ser23-ala49,0,1,0.0
bl_cell_line,0,1,0.0
phyto-_hemagglutinin_(pha)-stimulated_normal_human_peripheral_blood_lymphocyte,0,1,0.0
anemic_severity,0,1,0.0
hiv-1_enhancer,0,1,0.0
lymphocyte_dna,0,1,0.0
cellular_gene_activation,0,1,0.0
cytokine_interleukin_(il)-1_beta,0,1,0.0
silent_mutation,0,1,0.0
serum-free_culture_system,0,1,0.0
non-toxic_concentration,0,1,0.0
polyamide,0,1,0.0
il-2r_beta_mrna_level,0,1,0.0
eklf-/-_colony,0,1,0.0
malignant_lymphocytic_cell_line,0,1,0.0
stat3-independent_bcl2_downregulation,0,1,0.0
cytochrome_b558,0,1,0.0
lavage_cell,0,1,0.0
bound_kinase,0,1,0.0
obligatory_intracellular_bacterium,0,1,0.0
hepor_expression,0,1,0.0
non-t-lymphocyte,0,1,0.0
hsf2-beta,0,1,0.0
pi_3-kinase)-induced_signaling_pathway,0,1,0.0
isolation,0,1,0.0
nfkappab_induction,0,1,0.0
tr75_expression,0,1,0.0
th1_phenotype,0,1,0.0
jnk_map_kinase,0,1,0.0
human_p75tnf-r,0,1,0.0
cleavage_stimulation_factor,0,1,0.0
g10-2/cd43,0,1,0.0
tnf-alpha_production,0,1,0.0
azelastine_hydrochloride,0,1,0.0
cellular_tyrosine_hydroxylase_gene,0,1,0.0
il-2r_beta-chain,0,1,0.0
pp65_phosphoprotein,0,1,0.0
kappab_motif,0,1,0.0
long-term_treatment,0,1,0.0
ciita-mediated_transactivation,0,1,0.0
hmg_boxe,0,1,0.0
c1,0,1,0.0
t-cell_growth,0,1,0.0
signal_1,0,1,0.0
sp3,0,1,0.0
tar-independent_transactivation,0,1,0.0
ds_subject,0,1,0.0
monocytic_ikappab_kinase,0,1,0.0
il-10_primed_leukocyte,0,1,0.0
cbl,0,1,0.0
alpha_interferon,0,1,0.0
interleukin-2_(il-2),0,1,0.0
pkc-zeta,0,1,0.0
human_interferon_regulatory_factor_1_gene,0,1,0.0
hiv-1_ltr_reporter_construct,0,1,0.0
interleukin-6_(il-6),0,1,0.0
culture_media,0,1,0.0
ap-1-binding_site,0,1,0.0
human_cd36,0,1,0.0
proviral_induction,0,1,0.0
bacterial_motility_assay,0,1,0.0
glucocorticoid_hormone_(gch),0,1,0.0
reconstitution_condition,0,1,0.0
white_blood_cell_count,0,1,0.0
timp-2,0,1,0.0
cd3+_intrafollicular_t_cell,0,1,0.0
epicardium,0,1,0.0
oct2-positive_clone,0,1,0.0
placebo_administration,0,1,0.0
pma-treated_fibroblast,0,1,0.0
oct-1-binding_phenotype,0,1,0.0
activator_protein-1_[ap-1]_site,0,1,0.0
ptf-oct-1-dna_complex,0,1,0.0
cd40_pathway,0,1,0.0
p3hr1_cell,0,1,0.0
intracellular_signal_transduction,0,1,0.0
g(anh)mtetra-induced_il-1_beta_and_il-6_mrna_expression,0,1,0.0
position_234,0,1,0.0
characterization,0,1,0.0
allergen-specific_cd4+_t_cell_clone,0,1,0.0
chromatin-integrated_yeast_cell,0,1,0.0
gram-negative_bacteria,0,1,0.0
ras_signaling_pathway,0,1,0.0
triflusal-treated_animal,0,1,0.0
lps-induced_tnf_mrna_accumulation,0,1,0.0
lipopolysaccharide_signaling,0,1,0.0
peptide_ligand,0,1,0.0
classical_mineralocorticoid_antagonist,0,1,0.0
roi-forming_mechanism,0,1,0.0
hgata-3-specific_mrna,0,1,0.0
l2_domain,0,1,0.0
retinoic_acid_(ra)-induced_differentiation,0,1,0.0
chromosome_loss,0,1,0.0
situ_hybridization_study,0,1,0.0
htlv-i_tax_mutants,0,1,0.0
b-cell_chronic_lymphocytic_leukemia_(b-cll)_cell,0,1,0.0
hiv-tf1-binding_site,0,1,0.0
ebv_lytic_origin,0,1,0.0
raf-mediated_enhancement,0,1,0.0
v_beta,0,1,0.0
peptide_g76,0,1,0.0
male_patient,0,1,0.0
genomic_rearrangement,0,1,0.0
shp1,0,1,0.0
c-jun-specific_antisense_(as)_phosphorothioate_oligonucleotide,0,1,0.0
kv1.3,0,1,0.0
t-cell_type,0,1,0.0
wild-type_id3,0,1,0.0
receptor_transcript,0,1,0.0
mitogen-activated_protein_kinase_pathway,0,1,0.0
mouse_strain,0,1,0.0
radical,0,1,0.0
lymphocyte_gr,0,1,0.0
p130_form_3,0,1,0.0
hcmv,0,1,0.0
reciprocally_mutant_myc_protein,0,1,0.0
gh-n_gene_transcript,0,1,0.0
il-3_ck-1/ck-2_element,0,1,0.0
thromboxane_receptor_gene_expression,0,1,0.0
af-2,0,1,0.0
mmp-1,0,1,0.0
interleukin-2_(il-2)_receptor_alpha_chain,0,1,0.0
hla_molecule,0,1,0.0
t-cell_receptor_stimulation,0,1,0.0
-182_to_-37_base_pairs,0,1,0.0
transient_assay,0,1,0.0
b104_cell,0,1,0.0
fgf_receptor-bearing_jurkat_t_cell,0,1,0.0
amino_terminal_151_amino_acid,0,1,0.0
il-1beta,0,1,0.0
cis-active_sequence,0,1,0.0
cd3-tcr-mediated_signal_transduction,0,1,0.0
mitochondria,0,1,0.0
murine_t_cell_hybridoma_model,0,1,0.0
tf_gene_expression,0,1,0.0
eukaryote,0,1,0.0
anti-inflammatory_corticosteroid,0,1,0.0
guinea_pig,0,1,0.0
ctla-4,0,1,0.0
sr_31747a-binding_protein,0,1,0.0
secretion,0,1,0.0
tyrosine_protein_kinase,0,1,0.0
v-fos,0,1,0.0
human_myeloid_cell,0,1,0.0
pkc_delta,0,1,0.0
2-me,0,1,0.0
beta_isoform,0,1,0.0
thymidine_incorporation,0,1,0.0
interleukin-2_(il-2)-dependent_growth,0,1,0.0
pma-activated_promoter_activity,0,1,0.0
tumor_necrosis_factor_alpha,0,1,0.0
adjacent_binding_site,0,1,0.0
mt-2,0,1,0.0
physiological_oxidant,0,1,0.0
antibody_titre,0,1,0.0
interleukin_(il)-8_production,0,1,0.0
intense_physical_exercise,0,1,0.0
phytohemagglutinin_(pha)-induced_supernatant,0,1,0.0
tat_effect,0,1,0.0
novel_transcription_factor,0,1,0.0
retinoic_acid_receptor,0,1,0.0
pld-derived_lipid,0,1,0.0
positive_regulatory_domain_(prd)_ii_binding_protein,0,1,0.0
"3,21-diacetoxy-5_beta,19-cyclopregna-2,9(11)-diene-4,20-dione",0,1,0.0
primed_cell,0,1,0.0
tyrosine_phosphorylated,0,1,0.0
fos_content,0,1,0.0
flow_cytometry_analysis,0,1,0.0
proil-1beta_gene_transcription,0,1,0.0
tnfrp55-/-mutant_mice,0,1,0.0
sporadic_androgen_insensitivity_syndrome,0,1,0.0
human_rar_alpha,0,1,0.0
anti-immunoglobulin_m,0,1,0.0
b_cell_receptor_stimulation,0,1,0.0
ckii,0,1,0.0
monocyte-specific_expression,0,1,0.0
amino_acid_57_substitution,0,1,0.0
jnk_enzymatic_activity,0,1,0.0
statistical_significance,0,1,0.0
interleukin_(il)_6,0,1,0.0
free_cytosolic_calcium,0,1,0.0
in_vivo_footprinted_dna_motif,0,1,0.0
heteromeric_complex_formation,0,1,0.0
j_element,0,1,0.0
granzyme_b_promoter,0,1,0.0
low_density_lipoprotein_(ldl)-receptor,0,1,0.0
yac_contig,0,1,0.0
leukocyte,0,1,0.0
kappa_b_site-dependent_transcription,0,1,0.0
monocytic_cell_line,0,1,0.0
major_transcriptional_initiation_site,0,1,0.0
forskolin_plus_mix,0,1,0.0
zinc_containing_trace_element_preparation,0,1,0.0
ganglioside,0,1,0.0
amplified_product,0,1,0.0
wild-type_level,0,1,0.0
mhc_class_ii_gene_activation,0,1,0.0
higher_eukaryotic_gene,0,1,0.0
ifn-alpha,0,1,0.0
sig-crosslinking-induced_egr-1_mrna_expression,0,1,0.0
osm_gene_expression,0,1,0.0
kh1060,0,1,0.0
quieiescent_patient,0,1,0.0
primary_pbmc,0,1,0.0
activation_dependent,0,1,0.0
bcl-2,0,1,0.0
b2_factor,0,1,0.0
vivo_transactivation_activity,0,1,0.0
lipopolysaccharide-induced_transcription,0,1,0.0
cytosolic_compartment,0,1,0.0
human_t-cell_lymphotropic_virus_type_1_tax1_protein,0,1,0.0
ctla-4_ligation,0,1,0.0
atrophy,0,1,0.0
5'_upstream_region,0,1,0.0
stat_signaling_pathway,0,1,0.0
epstein-barr_virus_(ebv)_transforming_protein,0,1,0.0
c-sis/pdgf-b,0,1,0.0
anti-tat_sfv_intrabody,0,1,0.0
cd28-mediated_costimulation,0,1,0.0
e-selectin,0,1,0.0
pfp5a,0,1,0.0
physiological_level,0,1,0.0
sh2/sh3_adapter_protein,0,1,0.0
immature_hematopoietic_cell,0,1,0.0
gata1_induction,0,1,0.0
basal_brain,0,1,0.0
selectin_family,0,1,0.0
ebna2_mediated_transactivation,0,1,0.0
rabbit_15-lipoxygenase_gene,0,1,0.0
arginine_mutation,0,1,0.0
early_g1_protein,0,1,0.0
tcl1_locus,0,1,0.0
cd34,0,1,0.0
ige_immune_complex,0,1,0.0
sendai_virus_induced_hela_extract,0,1,0.0
il-1beta_mrna,0,1,0.0
pu.1_mrna_expression,0,1,0.0
monocyte_number,0,1,0.0
lytic_ebv_replication,0,1,0.0
serum_cortisol,0,1,0.0
adult_mouse,0,1,0.0
consensus_nf_kappa_b_site,0,1,0.0
rat_air_pouch_model,0,1,0.0
p65:p50_heterodimer,0,1,0.0
human_immunodeficiency_virus_type-2,0,1,0.0
tcl1_oncogene,0,1,0.0
m-csf,0,1,0.0
th2-type_lymphokine,0,1,0.0
vacuolar_h+-atpase,0,1,0.0
intracellular_signaling_protein,0,1,0.0
lp_mononuclear_cell_(lpmc),0,1,0.0
cd3_receptor,0,1,0.0
transducing_membrane-associated_signal,0,1,0.0
ro(ssa),0,1,0.0
map_kinase_cascade,0,1,0.0
arachidonate,0,1,0.0
cd8+_t_cell_clone,0,1,0.0
sch._pombe,0,1,0.0
b_cell-specific_activating_protein_(bsap/pax5),0,1,0.0
resting_cd4+_memory_t_cell,0,1,0.0
human_interleukin_2_(il-2)_gene,0,1,0.0
senescent_cell,0,1,0.0
active_treatment_period,0,1,0.0
early_erythroid_progenitor_cell,0,1,0.0
htlv-1_tax,0,1,0.0
mammalian_tissues,0,1,0.0
ap1,0,1,0.0
cytokine-induced_human_immunodeficiency_virus_type_1_(hiv-1)_replication,0,1,0.0
chromosome_20q,0,1,0.0
abnormal_apoptosis,0,1,0.0
receptor_dimerization_process,0,1,0.0
gamma_delta_lineage,0,1,0.0
endogenous_gc_production,0,1,0.0
2_kilobase,0,1,0.0
restricted_tissue_distribution,0,1,0.0
long_terminal_repeat-driven_secreted_alkaline_phosphatase_activity,0,1,0.0
dc_lineage_commitment,0,1,0.0
adhering_pmn,0,1,0.0
vdr-rxr_heterodimer_binding,0,1,0.0
1e8_cell,0,1,0.0
t_lymphoblast,0,1,0.0
il-2r_enhancer,0,1,0.0
zinc_finger/homeodomain_protein,0,1,0.0
erk1,0,1,0.0
serum-activated_cell_line,0,1,0.0
primary_hypothyroidism,0,1,0.0
hsp60_expression,0,1,0.0
mature_b_lymphocyte,0,1,0.0
human_delta-globin_gene_promoter,0,1,0.0
activated_tumorigenic_t_cell_line,0,1,0.0
traf_binding_motif,0,1,0.0
non-syntenic_trans-active_locus,0,1,0.0
plap,0,1,0.0
transcriptional_transrepressive_activity,0,1,0.0
wild-type_kinetics,0,1,0.0
anti-fos,0,1,0.0
gc_gene,0,1,0.0
normal_epidermis,0,1,0.0
seven-transmembrane-domain_containing_receptor,0,1,0.0
gabp_expression,0,1,0.0
55_kd,0,1,0.0
breast_cancer_development,0,1,0.0
il-10-induced_modulation,0,1,0.0
nf-il6_mrna_level,0,1,0.0
exon_10,0,1,0.0
genetic_defect,0,1,0.0
vitro_protein-dna_binding_study,0,1,0.0
mds1-evi1,0,1,0.0
growth-factor-dependent_myeloid_cell_line,0,1,0.0
cancer_patient,0,1,0.0
enhancer-binding_protein,0,1,0.0
anti-tr55_antibody_cross-linking,0,1,0.0
retinoblastoma_gene,0,1,0.0
nuclear_factor_(nf)-kappa_b_activation,0,1,0.0
photoactivatable_crosslinker,0,1,0.0
nfil3/e4bp4_transcription_factor,0,1,0.0
con_a,0,1,0.0
il-2-induced_growth,0,1,0.0
smooth_muscle_actin,0,1,0.0
malignant_disease,0,1,0.0
neoplastic_b_cell,0,1,0.0
egr_family_binding_element,0,1,0.0
major_histocompatibility_complex_(mhc)_class_ii_antigen,0,1,0.0
transcriptional_regulatory_element,0,1,0.0
amino_acid_286-551,0,1,0.0
b-cell-specific_enhancer_element,0,1,0.0
timp-1-positive_bl_line,0,1,0.0
e-cm,0,1,0.0
tumor_control,0,1,0.0
mhc_class_ii_protein,0,1,0.0
cyclic_amp,0,1,0.0
camp-response-element-binding_protein,0,1,0.0
bacterium,0,1,0.0
human_population,0,1,0.0
cellular/molecular_event,0,1,0.0
calm_region,0,1,0.0
poxvirus,0,1,0.0
hox11,0,1,0.0
nf-kappa_b_(p50/p65)_heterodimer,0,1,0.0
cd8_contribution,0,1,0.0
androgen_receptor,0,1,0.0
homeodomain-containing_protein,0,1,0.0
lumen,0,1,0.0
g_protein-coupled_receptor_agonist,0,1,0.0
id,0,1,0.0
anti-cd3_monoclonal_antibody,0,1,0.0
interferon-y,0,1,0.0
human_t_cell_activation,0,1,0.0
nuclease_s1_protection_analysis,0,1,0.0
nf-kappa_b-inducing_agent,0,1,0.0
her-2/neu_expression,0,1,0.0
plasma_sialyltransferase_activity,0,1,0.0
win_61058,0,1,0.0
guanine_nucleotide_exchange_factor,0,1,0.0
cd28rc,0,1,0.0
tfiihwt,0,1,0.0
virus-infected_and_cancer_cell,0,1,0.0
zinc_finger,0,1,0.0
e2a-pbx1,0,1,0.0
ligand_binding_avidity,0,1,0.0
il2r_alpha_expression,0,1,0.0
retinoid_receptor_x_protein,0,1,0.0
cd4+_infected_t-lymphoid_cell,0,1,0.0
caat/enhancer_binding_protein,0,1,0.0
aldh1_expression,0,1,0.0
pka_transduction_pathway,0,1,0.0
peptide-pulsed_lymphoblastic_cell_line,0,1,0.0
cd2_receptor_activation,0,1,0.0
terminally_differentiated_cell,0,1,0.0
oxidant-induced_nf-kappab_activation,0,1,0.0
chemotactic_cytokine,0,1,0.0
hl_60_cell,0,1,0.0
i_kappa_b-alpha,0,1,0.0
heterologous_dna_binding_domain,0,1,0.0
continuously_growing_myeloid_leukemic_cell_line,0,1,0.0
v-abl_mutant,0,1,0.0
genital_tract,0,1,0.0
x1,0,1,0.0
immunoglobulin_(ig)_m,0,1,0.0
early_viral_protein,0,1,0.0
vcam-1_and_intercellular_adhesion_molecule-1_(icam-1)_promoter,0,1,0.0
hormone_binding_domain,0,1,0.0
ebv-b_cell_clone,0,1,0.0
pkc-independent_stimulus,0,1,0.0
b_lymphocyte_line,0,1,0.0
histamine,0,1,0.0
serine_phosphorylation_response,0,1,0.0
cytokine_receptor_activation,0,1,0.0
hl,0,1,0.0
nf-kappa_b-mediated_gene_transcription,0,1,0.0
aneuploidy,0,1,0.0
janus_family_tyrosine_kinase,0,1,0.0
transcriptional_regulation,0,1,0.0
protein_degradation,0,1,0.0
nfil2_a,0,1,0.0
blr2_gene,0,1,0.0
nuclear_factor-kappa_b_subunit_p65,0,1,0.0
inducible_activation_of_transcription,0,1,0.0
human_x_box_binding_protein,0,1,0.0
-352_to_-264,0,1,0.0
cotton_top_tamarin,0,1,0.0
pkc/ras,0,1,0.0
calcineurin_docking_motif,0,1,0.0
vanadate_peroxide,0,1,0.0
luciferase_reporter_plasmid,0,1,0.0
catalase,0,1,0.0
phosphatidylinositol_3-kinase_inhibitor,0,1,0.0
htlv-1_gene_regulation,0,1,0.0
toll,0,1,0.0
z29_strain,0,1,0.0
activated_activator_protein-1,0,1,0.0
anti-cd70_mab.,0,1,0.0
human_tuberculosis,0,1,0.0
early_antigen,0,1,0.0
abnormal_hematopoiesis,0,1,0.0
tcr_delta_mrna,0,1,0.0
tcr-cd3,0,1,0.0
cd23_transcript,0,1,0.0
phosphorylated_tyrosine_residue,0,1,0.0
tumor_necrosis_factor-alpha_(tnf-alpha)_messenger_rna,0,1,0.0
lipoxygenase_metabolite,1,1,0.0
nucleotide_excision_repair,0,1,0.0
myeloid_cell_nuclear_differentiation_antigen,0,1,0.0
'master_regulator,0,1,0.0
monocytic_ikappab_kinase_signalsome_activation,0,1,0.0
corticosteroid-treated_ibd_patient,0,1,0.0
erythropoietin-induced_signal_transduction,0,1,0.0
site_selection_analysis,0,1,0.0
glucocorticoid_receptor_messenger_ribonucleic_acid,0,1,0.0
wild-type_ifngr1_allele,0,1,0.0
ets_site,0,1,0.0
hiv_type_1_replication,0,1,0.0
control_cell_line,0,1,0.0
genotypic_variation,0,1,0.0
e2f-1_promoter,0,1,0.0
carboxy-terminal_negative_regulatory_domain,0,1,0.0
nm23-h2,0,1,0.0
ctcf_down-regulation,0,1,0.0
glucocorticoid_response_element_binding,0,1,0.0
t-lymphocyte-depleted_spleen_cell,0,1,0.0
myeloid_cell-derived_cytokine,0,1,0.0
nf-kappa_b_(p50/p65)_translocation,0,1,0.0
-76_nucleotide,0,1,0.0
creb/atf-1_family,0,1,0.0
il-2_promoter_cd28_response_element/ap-1_sequence,0,1,0.0
cdna_microarray_technology,0,1,0.0
t-cell-specific_elf-1_factor,0,1,0.0
cd3-stimulated_human_peripheral_t_lymphocyte,0,1,0.0
detectable_level,0,1,0.0
l753f,0,1,0.0
wild_type_er,0,1,0.0
tissue_homogenate,0,1,0.0
nuclear_factor-kappab_induction,0,1,0.0
phorbol_ester-inducible_transcription_factor_ap1,0,1,0.0
t_cell_signal,0,1,0.0
primary_t_lymphocyte,1,1,0.0
e1c3_cell,0,1,0.0
phosphohydrolase,0,1,0.0
hck,0,1,0.0
rb_expression_vector,0,1,0.0
hiv-1_strain_iiib,0,1,0.0
myeloid_precursor_32dc13_cell_line,0,1,0.0
analogous_cell-cycle-regulated_phosphorylation,0,1,0.0
thyroid_system,0,1,0.0
hepor_gene,0,1,0.0
nfatc.beta,0,1,0.0
repeat_motif,0,1,0.0
human_granulocyte-macrophage_csf_(gm-csf)_gene,0,1,0.0
dq,0,1,0.0
resting_g0/g1_state,0,1,0.0
posttranslational_modification,0,1,0.0
oh,0,1,0.0
jun/fos_family,0,1,0.0
i_kappa_b-like_activity,0,1,0.0
parasite_survival_strategy,0,1,0.0
"24,25-dihydroxyvitamin_d3",0,1,0.0
calcineurin_catalytic_(a)_subunit,0,1,0.0
-3134_and_-3059,0,1,0.0
simian_t_cell_leukemia_virus_type_i,0,1,0.0
cyclin_d-associated_kinase,0,1,0.0
lbp_group,0,1,0.0
atf/cre_motif,0,1,0.0
interleukin_1_receptor,0,1,0.0
homodimeric_rel-related_protein,0,1,0.0
n-acetylcysteine,0,1,0.0
lymphokine-activated_killer_cell,0,1,0.0
monocytic_cell,0,1,0.0
ctf/nf-1,0,1,0.0
ebna2-dependent_enhancer,0,1,0.0
nf-at4,0,1,0.0
nf-y_protein,0,1,0.0
chronic_hiv-1_replication,0,1,0.0
rumor_necrosis_factor,0,1,0.0
tar_region,0,1,0.0
tcr_activation,0,1,0.0
hb9,0,1,0.0
amino-terminal_cysteine-rich_dna-binding_domain,0,1,0.0
cholera_toxin,0,1,0.0
human_androgen_receptor_assay,0,1,0.0
jak/stat_pathway,0,1,0.0
nm23.h1_gene,0,1,0.0
ino,0,1,0.0
cytogenetic_examination,0,1,0.0
bhlh_protein,0,1,0.0
5'_upstream_promoter,0,1,0.0
mutant_ach_clone,0,1,0.0
fkhrl1,0,1,0.0
ebna-2_response,0,1,0.0
oxidant,0,1,0.0
k+,0,1,0.0
germline_promoter,0,1,0.0
mg132,0,1,0.0
functional_promoter_activity,0,1,0.0
5'hs,0,1,0.0
activation_requirement,0,1,0.0
human_immunodeficiency_virus_type_1_(hiv-1)_progeny,0,1,0.0
protein_stabilization,0,1,0.0
u937_monocytic_cell,0,1,0.0
ikappab-alpha,0,1,0.0
mink_cell_focus-forming_murine_leukemia_virus,0,1,0.0
e1a-_ad_vectors,0,1,0.0
environmental_lighting,0,1,0.0
lesion,0,1,0.0
igkappa_expression,0,1,0.0
mutant_motif,0,1,0.0
lncap_cell_line,0,1,0.0
rac_gtp-binding_protein,0,1,0.0
il-2_action,0,1,0.0
interferon-alpha_/beta-induced_tyrosine_phosphorylation,0,1,0.0
c-jun/c-fos,0,1,0.0
kit225_cell,0,1,0.0
constitutive_nuclear_expression,0,1,0.0
bronchial_hyperresponsiveness,0,1,0.0
mnp-2,0,1,0.0
steel,0,1,0.0
er_antagonist,0,1,0.0
somatic_deletion,0,1,0.0
thiazolidinedione,0,1,0.0
"alpha,alpha'-dipyridyl",0,1,0.0
u-937_promonocytic_cell,0,1,0.0
mycobacterial_cell_wall_component,0,1,0.0
zidovudine,0,1,0.0
hgata-4,0,1,0.0
immune_glomerulopathy,0,1,0.0
g._vaginalis,0,1,0.0
-150_proximal_ap-1_site,0,1,0.0
murine_m_phi,0,1,0.0
platelet_peroxidase_activity,0,1,0.0
southern_blotting,0,1,0.0
human_myeloid_leukemia_cell_line,0,1,0.0
sry-related_protein,0,1,0.0
polyoma_enhancer_a-binding_protein-3_site,0,1,0.0
novel_cdna_clone,0,1,0.0
recombinant_gp41,0,1,0.0
-220,0,1,0.0
calcineurin-nuclear_factors_of_activated_t_cell-dependent_pathway,0,1,0.0
cytokine_profiles,0,1,0.0
ribosomal_protein_sequence,0,1,0.0
heterologous_promoter,0,1,0.0
primary_b_lymphocyte,0,1,0.0
early_response_gene,0,1,0.0
cytosolic_protein,0,1,0.0
5'_end,0,1,0.0
control_culture,0,1,0.0
pan-1,0,1,0.0
phorbol_12-myristate_13_acetate,0,1,0.0
sra1,0,1,0.0
28_kda,0,1,0.0
cytokine,0,1,0.0
142_residue,0,1,0.0
nf-at_accumulation,0,1,0.0
jurkat_t_leukemia_cell,0,1,0.0
hil-5-responsive_cell_line,0,1,0.0
mucosa,0,1,0.0
basic_domain-leucine_zipper_region,0,1,0.0
pge2-dependent_up-regulating_effect,0,1,0.0
transmembrane_electrolyte_movement,0,1,0.0
sb203580,0,1,0.0
incubation_medium,0,1,0.0
immunophilin_fkbp51,0,1,0.0
es_cell-derived_erythrocyte,0,1,0.0
cyclooxygenase/5-lipoxygenase_anti-inflammatory_compound,0,1,0.0
tnf-alpha_treatment,0,1,0.0
erythroid-specific_cis-acting_element,0,1,0.0
immunodominant_kd-restricted_epitope,0,1,0.0
lymphokine_deficiency,0,1,0.0
pkc-zeta_mut,0,1,0.0
human_macrophage,0,1,0.0
act-1,0,1,0.0
gamma_3_ecs_responsiveness,0,1,0.0
[ca2+]i,0,1,0.0
mek1,0,1,0.0
il-1beta_promoter,0,1,0.0
glucocorticoid-mediated_repression,0,1,0.0
epstein-barr_virus-encoded_dutpase,0,1,0.0
shp2_interacting_transmembrane_adaptor_protein,0,1,0.0
infected_animal,0,1,0.0
nf-chi_b,0,1,0.0
t-cell-specific_activation,0,1,0.0
ikbalpha_protein,0,1,0.0
scc_cell_line,0,1,0.0
murine_haemopoietic_cell,0,1,0.0
bone_growth,0,1,0.0
beta-globin_locus_control_region,0,1,0.0
gata-1_mrna,0,1,0.0
immediate-early_manner,0,1,0.0
32p-probe,0,1,0.0
human_brain,0,1,0.0
heterodimeric_binding_complex,0,1,0.0
nf-kappa_b/rel_complex,0,1,0.0
il-1_receptor_complex,0,1,0.0
camp_response,0,1,0.0
mutant_p85,0,1,0.0
cellular_hemoglobin_concentration,0,1,0.0
signaling_receptor,0,1,0.0
post-receptor_mechanism,0,1,0.0
human_beta-globin_gene_expression,0,1,0.0
il-4r,0,1,0.0
vdr_gene,0,1,0.0
chronically_infected_u937_cells,0,1,0.0
transcription-polymerase_chain_reaction,0,1,0.0
fetal_calf_serum,0,1,0.0
interfollicular_bcl-6+_cell,0,1,0.0
ml-1_human_myeloblastic_leukemia_cell,0,1,0.0
protein-dna_complex,0,1,0.0
ileum,0,1,0.0
g-csfr,0,1,0.0
ssb_t_cell,0,1,0.0
gm-csfralpha,0,1,0.0
cellular_pathway,0,1,0.0
pre-i_enhancer_element,0,1,0.0
u-937_cell,0,1,0.0
endothelial_gene_product,0,1,0.0
host_immunologic_destruction,0,1,0.0
creb,0,1,0.0
lcd_motif,0,1,0.0
physiologic_oxidative_condition,0,1,0.0
perforin,0,1,0.0
infectious_hiv-1_molecular_clone,0,1,0.0
general_transcription_factor,0,1,0.0
human_cd14,0,1,0.0
mycobacterial_component,0,1,0.0
pulmonary_granulomatous_disease,0,1,0.0
cd11b+_population,0,1,0.0
early_growth_response-1_gene,0,1,0.0
il-4-producing_th0-like_human_jurkat,0,1,0.0
indirect_immunofluorescence,0,1,0.0
cognate_dna_sequence,0,1,0.0
gm-csf_receptor,0,1,0.0
myocyte-enhancer_factor_2_(mef2)_group,0,1,0.0
endogenous_ap-1_regulated_gene,0,1,0.0
t(9;22)(q34;q11)_translocation,0,1,0.0
amide-containing_amino_acid,0,1,0.0
normal_tonsil-_derived_b_cell,0,1,0.0
interferon_stimulated_response_element,0,1,0.0
lac-z_reporter_gene,0,1,0.0
lmp1_signaling,0,1,0.0
mutated_human_ciita_construct,0,1,0.0
n-terminal_myristylation,0,1,0.0
many_cell_type,0,1,0.0
orf2,0,1,0.0
erythroid_transcription_factor,1,1,0.0
il-2r_beta_gene,0,1,0.0
dysfunction,0,1,0.0
pre-i,0,1,0.0
squamous_cell_carcinoma,0,1,0.0
radioreceptor_assay,0,1,0.0
gm-csf_promoter,0,1,0.0
anergic_cd4+_t_cell,0,1,0.0
recombinant_inbred_mouse_strain,0,1,0.0
p/i,0,1,0.0
ifn_beta_promoter_deletion,0,1,0.0
sp-1,0,1,0.0
prednisolone_therapy,0,1,0.0
t-helper-cell_epitope,0,1,0.0
l2,0,1,0.0
nuclear_factor-il6_motif,0,1,0.0
integrin-dependent_cell_adhesion,0,1,0.0
chi_b_complexes,0,1,0.0
rap1gtp,0,1,0.0
rel_protein,0,1,0.0
erythroid_delta-aminolevulinate_synthase_mrna,0,1,0.0
intracellular_tyrosine_phosphatase,0,1,0.0
inflammatory_process,0,1,0.0
21.4-kb_dna_clone,0,1,0.0
cellular_camp_level,0,1,0.0
p3hr1_virus_genome,0,1,0.0
transcription_factor_activation_protein_1,0,1,0.0
cd4+_t_cell_proliferative_response,0,1,0.0
ab,0,1,0.0
p50-_p65_heterodimer,0,1,0.0
ospa,0,1,0.0
benzene-contaminated_water_concentration,0,1,0.0
hiv-1_nef_protein,0,1,0.0
24-hydroxylase_mrna,0,1,0.0
hematological_malignancy,0,1,0.0
heterogeneous_hiv-1_pool,0,1,0.0
"11_beta,19-epoxy-4,21-dihydroxypregn-4-ene-3,20-dione",0,1,0.0
tropical_spastic_paraparesis,0,1,0.0
perforin_locus,0,1,0.0
allergic_asthma,0,1,0.0
mkk,0,1,0.0
proliferative_response,0,1,0.0
cbfalpha2,0,1,0.0
gsh-to-gssg_ratio,0,1,0.0
double-labeling_immunogold_electron_microscopy,0,1,0.0
cyclosporin-sensitive_dna-binding_protein,0,1,0.0
k562_cancer_cell,0,1,0.0
human_myelomonocytic_cell_line_u-937,0,1,0.0
nuclear_factor_(nk)-_kappa_b,0,1,0.0
stat3beta,0,1,0.0
rhom-3,0,1,0.0
signal-induced_activation,0,1,0.0
phosphatidylinositide,0,1,0.0
pml/rar_alpha_fusion_transcript,0,1,0.0
protein-tyrosine_kinase_regulatory_pathway,0,1,0.0
cyclosporin_a-insensitive_pathway,0,1,0.0
dual-function_protein,0,1,0.0
nf_kappab-regulated_gene,0,1,0.0
qp_function,0,1,0.0
jpx-9,0,1,0.0
arg,0,1,0.0
rfx_complex,0,1,0.0
gst-tax,0,1,0.0
multiple_kinase_pathway,0,1,0.0
interferon_regulatory_factor_2,0,1,0.0
immune_response_in_vivo,0,1,0.0
mcp-1_expression,0,1,0.0
friend_erythroleukemia,0,1,0.0
dihydroxyvitamin_d3,0,1,0.0
new_recognition_structure,0,1,0.0
resistant_asthmatic_patient,0,1,0.0
trans-activator_protein-responsive_promoter,0,1,0.0
-183/-166_nxs,0,1,0.0
gal4_site,0,1,0.0
raf-1_protein,0,1,0.0
20-bp_region,0,1,0.0
trapoxin,0,1,0.0
tes2_interacting_protein,0,1,0.0
mip-1_alpha_nuclear_protein_(mnp)_site,0,1,0.0
interleukin-4-induced_cd23b_mrna,0,1,0.0
tcralpha_beta_cell,0,1,0.0
688_amino_acid_residue,0,1,0.0
antigen_recognition,0,1,0.0
dna-binding_nuclear_factor,0,1,0.0
camp-dependent_protein_kinase_specific_inhibitor,0,1,0.0
c2,0,1,0.0
vdr-retinoid_x_receptor,0,1,0.0
primary_b_cell,0,1,0.0
transformed_fibroblast_b_line,0,1,0.0
il-18,0,1,0.0
lef-1-beta-catenin_complex,0,1,0.0
gh_synthesis,0,1,0.0
lectin-type_oxidized_ldl_receptor,0,1,0.0
9cisra,0,1,0.0
band_1pk_activity,0,1,0.0
long-term_expression,0,1,0.0
pertussis_toxin-insensitive_pathway,0,1,0.0
cd30_ligation,0,1,0.0
degradation,0,1,0.0
transient_transfection_analysis,0,1,0.0
1.3-kb_transcript,0,1,0.0
pre-b_lymphocyte,0,1,0.0
chicken_gata-1,0,1,0.0
classical_pkc-alpha,0,1,0.0
rapamycin-resistant_p70(s6k),0,1,0.0
opsonized_erythrocyte,0,1,0.0
rb_antisense_oligonucleotide,0,1,0.0
mutant_mrna,0,1,0.0
ra_(ligand)-binding_domain,0,1,0.0
pro-myelocytic_leukaemia,0,1,0.0
xenoreactive_natural_antibody,0,1,0.0
cre_pathway,0,1,0.0
cellular_collaboration,0,1,0.0
nf_kappa_b_like_heterodimeric_complex,0,1,0.0
apoptosis-mediating_receptor,0,1,0.0
il-4-induced_dna_synthesis,0,1,0.0
"1alpha,25(oh)2-d5-previtamin_d3",0,1,0.0
albumin,0,1,0.0
contransfection,0,1,0.0
mhc_molecule,0,1,0.0
mip-2,0,1,0.0
il-8_expression,0,1,0.0
differentiation-associated_pattern,0,1,0.0
cytosolic_preparation,0,1,0.0
nfat2,0,1,0.0
nf-kappa_b-regulated_gene,0,1,0.0
th1_clone_29,0,1,0.0
early_invasive_disease,0,1,0.0
estrogen_receptor_(er)_gene,0,1,0.0
cdc-2,0,1,0.0
il-2-inducible_enhancer,0,1,0.0
scmv_sne_site,0,1,0.0
1.9_kb_fragment,0,1,0.0
allergic_rhinitis,0,1,0.0
human_immunodeficiency_virus_type_1-long_terminal_repeat,0,1,0.0
internal_peptide,0,1,0.0
unspliced_mrna,0,1,0.0
autoinhibitory_domain,0,1,0.0
constitutive_hiv_production,0,1,0.0
oct-1_proximal_(oct-1p)-binding_site,0,1,0.0
ccatatatgg,0,1,0.0
human_interleukin_(il)-1_receptor,0,1,0.0
alveolar_macrophages,0,1,0.0
morphological_change,0,1,0.0
integrin-containing_focal_adhesion,0,1,0.0
pml_nb,0,1,0.0
rxr-beta,0,1,0.0
osteoblast_nuclear_extract-dna_complex,0,1,0.0
systemic_glucose,0,1,0.0
lymphocyte_nuclear_t3_receptor,0,1,0.0
viral_transcription_factor,0,1,0.0
interferon-gamma_inducible,0,1,0.0
bcl-x_promoter,0,1,0.0
mrd-positive,0,1,0.0
latent_ebv_genome,0,1,0.0
cd3+_t_cell,0,1,0.0
transduction_pathway,0,1,0.0
epo-induced_phosphorylation,0,1,0.0
socs-1,0,1,0.0
c-terminal_serine/threonine/proline-rich_region,0,1,0.0
growth_hormone,0,1,0.0
macrophage-like_lineage,0,1,0.0
microenvironmental_homing,0,1,0.0
immunorecessive_epitope,0,1,0.0
rxr_alpha,0,1,0.0
nonsteroidal_anti-inflammatory_drug,0,1,0.0
granulocyte-macrophage_colony-stimulating_factor_(gm-csf)_receptor_alpha_gene,0,1,0.0
fkbp,0,1,0.0
hpv_type_16,0,1,0.0
antiandrogen-bound_receptor_complex,0,1,0.0
cell_cycle_regulating_proteins,0,1,0.0
g(anh)mtetra,0,1,0.0
scl_expression,0,1,0.0
sequestration_process,0,1,0.0
serine_protease_inhibitor,0,1,0.0
adult_nucleated_erythroblast,0,1,0.0
early_growth_response_1_(egr-1)_gene_expression,0,1,0.0
mpo,0,1,0.0
cdna_probe,0,1,0.0
nuclear_factor_kappab_activity,0,1,0.0
stat3-independent_signal,0,1,0.0
monocytic_differentiation_pathway,0,1,0.0
nfat_dna_binding_activity,0,1,0.0
hiv-1_proviral_latency,0,1,0.0
uterine_cavity,0,1,0.0
cmv_ie_gene_product,0,1,0.0
red_cell_progenitor,0,1,0.0
t-cell_nuclear_extract-dna_complex,0,1,0.0
footprint_analysis,0,1,0.0
raji_b_cell_line,0,1,0.0
granulocytic_maturation,0,1,0.0
enzyme_inhibitor,0,1,0.0
neoplastic_progression,0,1,0.0
bovine_fkbp,0,1,0.0
sequence-specific_transcription_factor,0,1,0.0
transcription_and_transformation_activity,0,1,0.0
syk_tyrosine_kinase,0,1,0.0
cathepsin_g-initiated_platelet_aggregation,0,1,0.0
h&e-stained_section,0,1,0.0
cd36_gene,0,1,0.0
centrocyte,0,1,0.0
t-cell_development,0,1,0.0
bcl-3_protein,0,1,0.0
b7-independent_t_cell_costimulatory_molecule,0,1,0.0
megakaryocytic_differentiation,0,1,0.0
tpa-dependent_activation,0,1,0.0
p50/rela,0,1,0.0
germinal_center_cell,0,1,0.0
cem-c7,0,1,0.0
macrophagelike_cell,0,1,0.0
regulatory_network,0,1,0.0
nf-kappa_b_signalling_pathway,0,1,0.0
sp1-like_binding_protein,0,1,0.0
adherence-associated_early_gene,0,1,0.0
rex_function,0,1,0.0
ltr-cat_reporter_construct,0,1,0.0
vdr_overexpression_vector,0,1,0.0
cell_cycle_control,0,1,0.0
high-dose_estrogen_administration,1,1,0.0
gc_receptor_(r)_pre-messenger_rna,0,1,0.0
ad_2/5_e1a_sequence,0,1,0.0
anaerobic_threshold,0,1,0.0
hypoxic_endothelia,0,1,0.0
il-2_receptor_alpha_chain_(il-2r_alpha)_gene,0,1,0.0
c-jun_phosphorylation,0,1,0.0
acute_hiv-1_infection,0,1,0.0
m10-expressing_cell_line,0,1,0.0
il-2_production,0,1,0.0
olfactory_neuronal_cell,0,1,0.0
growth_factor_deprivation,0,1,0.0
paf_activated_map_kinase_kinase-3,0,1,0.0
leucocyte,0,1,0.0
normal_child-bearing-age_women,0,1,0.0
macrophage-differentiation,0,1,0.0
nf-kappa_b_binding_sites,0,1,0.0
ym-268,0,1,0.0
bapta-am,0,1,0.0
membrane-proximal_determinant,0,1,0.0
human_neonate,0,1,0.0
p53_tumor_suppressor_gene,0,1,0.0
b_cell_lineage-specific_activator_protein,0,1,0.0
whole_brain,0,1,0.0
activation,0,1,0.0
laser_scanning_confocal_microscopy,0,1,0.0
erbb,0,1,0.0
activator_protein-1_(ap-1)_dna_binding_capacity,0,1,0.0
danazol,0,1,0.0
secondary_factor,0,1,0.0
multiple_myeloma_cell_line,0,1,0.0
i_kappa_b-alpha_levels,0,1,0.0
hs-40_enhancer,0,1,0.0
gg,0,1,0.0
phorbol-12-myristate_acetate,0,1,0.0
e2f4,0,1,0.0
80-kd_stat5a_isoform,0,1,0.0
promoter_site,0,1,0.0
b-cell_lymphoma,0,1,0.0
inhibition,0,1,0.0
b_cell_growth_regulation,0,1,0.0
promoter,0,1,0.0
cell_surface_mu/kappa,0,1,0.0
class_ii-negative_t-cell_line,0,1,0.0
b-cell_lineage-specific_transcription_factor,0,1,0.0
leu,0,1,0.0
hypothalamic-pituitary-adrenal_axis,0,1,0.0
rap1,0,1,0.0
exosurf,0,1,0.0
b_cell-restricted_cofactor,0,1,0.0
t_helper_(th)_cell_subset,0,1,0.0
older_sedentary_subject,0,1,0.0
uas2,0,1,0.0
mef2c_activation,0,1,0.0
eosinophilic_differentiation,0,1,0.0
autoradiography,0,1,0.0
clinical_side_effect,0,1,0.0
combined_pituitary_hormone_deficiency,0,1,0.0
vitamin_d3-mediated_repression,0,1,0.0
lactosylceramide,0,1,0.0
nkl,0,1,0.0
cavity,0,1,0.0
normal_volunteer,0,1,0.0
ik_protein,0,1,0.0
nf-at/_ap-1_element,0,1,0.0
human_housekeeping_alas_precursor,0,1,0.0
hla-a3/peptide_complex,0,1,0.0
domain_b,0,1,0.0
freshly_isolated_monocyte,0,1,0.0
m-csf_gene,0,1,0.0
kappa_b_dna_element,0,1,0.0
pkb/pi3-kinase_activity,0,1,0.0
mrna_study,0,1,0.0
hpb-all,0,1,0.0
sig,0,1,0.0
i_kappa_b/mad3,0,1,0.0
orf_50_transactivator,0,1,0.0
anti-stat3_ab,0,1,0.0
human_granzyme_b_expression,0,1,0.0
nf-munr,0,1,0.0
il-2_response,0,1,0.0
clustering_algorithm,0,1,0.0
mutant-activated_ras,0,1,0.0
mononuclear_leucocyte_recruitment,0,1,0.0
lr1,0,1,0.0
t-cell_tumour,0,1,0.0
grb2-like_adaptor_molecule,0,1,0.0
gpiib_gene,0,1,0.0
monocyte_il-1ra_secretion,0,1,0.0
p21ha-ras,0,1,0.0
half-life,0,1,0.0
il-4_gene,0,1,0.0
intrinsic_kinase_domain,0,1,0.0
red_cell_development,0,1,0.0
gamma-globin-expressing_k562_cell,0,1,0.0
non-polymorphic_region,0,1,0.0
84_kda_protein,0,1,0.0
u-373_mg_cell,0,1,0.0
picornavirus_mrna,0,1,0.0
low_fat_level,0,1,0.0
nuclear_and_nucleolar_staining,0,1,0.0
immune-mediated_lysis,0,1,0.0
phytohemagglutinin-stimulated_lymphocyte,0,1,0.0
5'_promoter_region,0,1,0.0
circulating_cortisol_concentration,0,1,0.0
growth_factor-dependent_cell_line,0,1,0.0
red_cell_antibody,0,1,0.0
nfat-1_transcriptional_complex,0,1,0.0
gro-alpha,0,1,0.0
cos-7_cell,0,1,0.0
cellular_event,0,1,0.0
c-jun,0,1,0.0
rearrangement,0,1,0.0
multiple_sclerosis,0,1,0.0
ca(2+)-activated_k+_channel,0,1,0.0
autokinase_activity,0,1,0.0
dose_responsiveness,0,1,0.0
ets1_transactivation,0,1,0.0
t-lineage_cell,0,1,0.0
tumour_suppressor_gene,0,1,0.0
hsf-1,0,1,0.0
mature_monocytic_leukemia_cell_line,0,1,0.0
sf,0,1,0.0
igg_response,0,1,0.0
cd_peptide,0,1,0.0
adult_tonsil,0,1,0.0
peripheral-blood_mononuclear_cell,0,1,0.0
dc_stimulation,0,1,0.0
tumor_necrosis_factor-alpha_(tnf-alpha)-treated_endothelial_cell,0,1,0.0
i_kappa_b_alpha-deficient_mice,0,1,0.0
bipartite_nuclear_localization_signal,0,1,0.0
ra_primed_cell,0,1,0.0
pi_3-kinase-induced_pathway,0,1,0.0
human_rxr_alpha,0,1,0.0
blood_hormone_concentration,0,1,0.0
cfp,0,1,0.0
hd6_cell,0,1,0.0
nuclear_factor_(nf-kappa_b)_target_sequence,0,1,0.0
pma-inducible_factor,0,1,0.0
histone_h5_gene,0,1,0.0
dqb_x2-box,0,1,0.0
bhlh_heterodimer-dependent_gene_expression,0,1,0.0
iga1,0,1,0.0
ttcc,0,1,0.0
cytokine-induced_t_cell_response,0,1,0.0
"1,_25(oh)2d3-induced_g1_arrest",0,1,0.0
benign_clinical_course,0,1,0.0
subtractive_hybridisation_method,0,1,0.0
interferon_regulatory_factor-1,0,1,0.0
activating_transcription_factor/camp_response_element_binding_(atf/creb)_binding_site,0,1,0.0
nf-at-like_response_element,0,1,0.0
ra-inducible_mpro_promyelocyte_cell_line,0,1,0.0
il-4_gene_expression,0,1,0.0
aldehyde_dehydrogenase_1,0,1,0.0
poly(a)_rna,0,1,0.0
alpha_tcr_gene,0,1,0.0
defensin_resistance_phenotypes,0,1,0.0
ap-1_type_heterodimeric_complex,0,1,0.0
epstein-barr_virus_(ebv)_infection,0,1,0.0
duffy_blood_group_antigen,0,1,0.0
"phosphatidylinositol-3,4,5-trisphosphate",0,1,0.0
calcium_mobilization,0,1,0.0
g1_phase_arrest,0,1,0.0
il-4_binding_site,0,1,0.0
ick-1_family,0,1,0.0
zileuton,0,1,0.0
ig_receptor,0,1,0.0
asymptomatic_infected_(mf)_individual,0,1,0.0
ifn-gamma_responsiveness,0,1,0.0
interleukin_2_(il-2)_gene_promoter,0,1,0.0
class_ii_gene_transactivator,0,1,0.0
myb:maf,0,1,0.0
class_a_macrophage_scavenger_receptor,0,1,0.0
gm1,0,1,0.0
intimate_other,0,1,0.0
nuclear_oncogene_c-fos,0,1,0.0
acidic_ph,0,1,0.0
smu/sepsilon_switch_fragment,0,1,0.0
lysosomal_acid_lipase,0,1,0.0
anionic_phospholipid,0,1,0.0
epitopes,0,1,0.0
a/r-tolerant_huvec,0,1,0.0
camp-dependent_second-messenger_pathway,0,1,0.0
recurrent_malignant_astrocytoma,0,1,0.0
selected_dna_sequence,0,1,0.0
silent_dra_reporter_construct,0,1,0.0
gs,0,1,0.0
epstein-barr_virus_oncoprotein_latent_membrane_protein_1,0,1,0.0
il-2-induced_monocyte-derived_nuclear_protein,0,1,0.0
lyn,0,1,0.0
triptolide-induced_degradation,0,1,0.0
major_histocompatibility_complex_class_ii_gene_promoter,0,1,0.0
homodimeric_p49,0,1,0.0
estrogen_receptor-positive,0,1,0.0
ikappabalpha_kinase_(ikk)_complex,0,1,0.0
nuclear_nf_kappab,0,1,0.0
affected_patient,0,1,0.0
takayasu_arteritis,0,1,0.0
down_syndrome,0,1,0.0
cys2-xaa12-his2,0,1,0.0
germ_line_c_transcript,0,1,0.0
mn_sod,0,1,0.0
charcot-leyden_crystal_(clc)_protein,0,1,0.0
human_carboxylesterase_gene,0,1,0.0
fp,0,1,0.0
metabolic_stimuli,0,1,0.0
human_t-cell_receptor,0,1,0.0
human_interleukin-3_(il-3)_gene,0,1,0.0
gsk-3beta_activity,0,1,0.0
il-12-induced_activation,0,1,0.0
interleukin_3_(il3)_gene_expression,0,1,0.0
migration,0,1,0.0
cd3-epsilon_enhancer,0,1,0.0
fatty_acid_metabolite,0,1,0.0
osteoprotegerin_ligand,0,1,0.0
ep4_receptor_subtype,0,1,0.0
nf-kappa_b/rel,0,1,0.0
ketoconazole_therapy,0,1,0.0
mutant_erythropoietin_receptor,0,1,0.0
gene_nuclear_topography,0,1,0.0
human_monocytic_cell_line_thp-1,0,1,0.0
steroid-thyroid_hormone_receptor_superfamily,0,1,0.0
p56,0,1,0.0
promoter_elements,0,1,0.0
"2,250_nucleotide",0,1,0.0
ccaat_binding_protein,0,1,0.0
xist_dna,0,1,0.0
progesterone_receptor_status,0,1,0.0
menopausal_status,0,1,0.0
mature_t-cell_proliferation,0,1,0.0
translation_efficiency,0,1,0.0
primary_human_cd4+_t_lymphocyte,0,1,0.0
renin_value,0,1,0.0
lipopolysaccharide-_(lps)_induced_il-1beta_promoter-driven_cat_activity,0,1,0.0
thrombotic_event,0,1,0.0
p21/cip1,0,1,0.0
standard_immunofluorescence_method,0,1,0.0
tes2,0,1,0.0
transcriptionally_active_factor,0,1,0.0
np-5,0,1,0.0
primary_lymphocyte_culture,0,1,0.0
c-terminal_92_amino_acid_residue,0,1,0.0
hepatic_htc_cell,0,1,0.0
isogenic_control_ltr,0,1,0.0
interleukin-2_(il-2)_secretion,0,1,0.0
psychiatric_disorder,0,1,0.0
basal_serum_cortisol_concentration,0,1,0.0
polymorphonuclear_neutrophil_transendothelial_migration,0,1,0.0
78-nucleotide_segment,0,1,0.0
dnase_i_footprint_assay,0,1,0.0
patients'_cell_line,0,1,0.0
hematopoietic_precursor_cell_line,0,1,0.0
anti-cd28_moab_costimulation,0,1,0.0
il-2_regulation,0,1,0.0
receptor_overexpression,0,1,0.0
cytoplasmic_ikappab-alpha,0,1,0.0
tcr_gamma_loci,0,1,0.0
transcription_factor_effect,0,1,0.0
ifnalpha_production,0,1,0.0
kappa_intron_enhancer,0,1,0.0
viral_structural_protein_expression,0,1,0.0
t_cell_protein,0,1,0.0
leukemic_atll_cell,0,1,0.0
g-protein_coupling,0,1,0.0
tnf-mediated_apoptosis,0,1,0.0
pp70s6k_activation,0,1,0.0
fas_ligand_induction,0,1,0.0
gag/pol,0,1,0.0
gata-1-mediated_transcriptional_activation,0,1,0.0
c._neoformans,0,1,0.0
il15,0,1,0.0
cns-derived_cell,0,1,0.0
hl-60_granulocyte,0,1,0.0
prip,0,1,0.0
squirrel_monkey_gr,0,1,0.0
e4bp4,0,1,0.0
mnda_positive_cell,0,1,0.0
steroid_sensitive,0,1,0.0
inflammatory_state,0,1,0.0
pma-stimulated_u937_cell,0,1,0.0
interleukin-2_receptor_alpha_chain,0,1,0.0
inf-gamma,0,1,0.0
bufalin-induced_apoptosis,0,1,0.0
turner_syndrome,0,1,0.0
p105_transcript,0,1,0.0
statl,0,1,0.0
binding_site_for_nf-y,0,1,0.0
fy*b_promoter,0,1,0.0
pat_225/egr1,0,1,0.0
steady-state_fluorescence_anisotropy,0,1,0.0
tnf_alpha_induced_activation,0,1,0.0
nuclear_inhibitory_protein_repressor_element,0,1,0.0
in_vitro_transcription_activity,0,1,0.0
nf-kappab1_p105/p50,0,1,0.0
crisp-3,0,1,0.0
interferon-regulated_gene,0,1,0.0
anti-atherogenic_effect,0,1,0.0
surfactant_protein_a,0,1,0.0
nf-kappa_b_translocation,0,1,0.0
tax-mediated_apoptosis,0,1,0.0
eosinophilic_tissue_infiltration,0,1,0.0
cd7,0,1,0.0
human_burkitt_lymphoma_b_cell_line,0,1,0.0
stat_induction,0,1,0.0
host_cell_gene_expression,0,1,0.0
limbic_brain_structure,0,1,0.0
acute_myeloid_patient,0,1,0.0
anti-p65_antibody,0,1,0.0
pervanadate_activated_nf-kappa_b,0,1,0.0
nad(p)h:quinone_reductase,0,1,0.0
il-1-induced_production,0,1,0.0
developmental_expression,0,1,0.0
immunological_memory,0,1,0.0
tal1_gene_rearrangement,0,1,0.0
jak_3,0,1,0.0
dna-binding_domain,0,1,0.0
disulfide_bridge,0,1,0.0
b_clone,0,1,0.0
es,0,1,0.0
intact_element,0,1,0.0
zeta-globin_promoter,0,1,0.0
tg,0,1,0.0
ikaros_gene_family,0,1,0.0
nuclear_c-rel,0,1,0.0
interleukin-10-stimulated_stat_molecule,0,1,0.0
trans-activator,0,1,0.0
position-dependent_manner,0,1,0.0
primary_human_adult_erythroid_cell_(haec)_system,0,1,0.0
bacterial_flagellum,0,1,0.0
alternative_splicing_site,0,1,0.0
cd28-mediated_stabilization,0,1,0.0
mature_human_t_lymphocyte,0,1,0.0
novel_hiv-1_isolate,0,1,0.0
conserved_element,0,1,0.0
cellular_membrane,0,1,0.0
plasmid,0,1,0.0
cd28-dependent_induction,0,1,0.0
zebra_protein,0,1,0.0
temporal_artery,0,1,0.0
cell_surface_molecule,0,1,0.0
paf-induced_change,0,1,0.0
130-kd_member,0,1,0.0
flagella,0,1,0.0
transcription_factor_family,0,1,0.0
widr,0,1,0.0
myelogenous_leukemia,0,1,0.0
human_epsilon_germline_transcription,0,1,0.0
e._coli_rpos_mutation,0,1,0.0
cellular_defect,0,1,0.0
endocrine_beta-cell,0,1,0.0
p65_antisense_oligomerp,0,1,0.0
putative_steroid_binding_domain,0,1,0.0
65-kda_plus_50-kda_nf-kappa_b_heterodimer,0,1,0.0
amino_acids_286-551,0,1,0.0
icr27_lymphoblast,0,1,0.0
hla-dra_gene_promoter,0,1,0.0
c26_subfragment,0,1,0.0
virus-transformed_cell,0,1,0.0
cord_blood-derived_cd34(+)_stem/progenitor_cell,0,1,0.0
aberrant_cd4(-)cd8(-)_t_cell,0,1,0.0
fas,0,1,0.0
glutathione_peroxidase,0,1,0.0
extracellular_signal-related_kinase,0,1,0.0
sp1_binding_motif,0,1,0.0
polyclonal_pattern,0,1,0.0
human_t-cell_leukemia_virus_type_1-infected_human_t_lymphocyte,0,1,0.0
rh-vdr,0,1,0.0
ncl,0,1,0.0
primary_lymphocyte,0,1,0.0
human_mhc_hla-dra_class_ii_gene,0,1,0.0
conserved_motif,0,1,0.0
carboxyl_portion,0,1,0.0
hla-dra_mrna_synthesis,0,1,0.0
ap-1_consensus_tre_motif,0,1,0.0
heterologous_promoter_(herpes_thymidine_kinase)_construct,0,1,0.0
human_hl-60_myeloid_leukemia_cell,0,1,0.0
olfactory_neuron,0,1,0.0
atopic_patient,0,1,0.0
cd11c_promoter,0,1,0.0
t-cell_receptor_complex,0,1,0.0
fas_ligand,0,1,0.0
interleukin-1beta_(il-1beta)_gene,0,1,0.0
atra-induced_cytodifferentiation,0,1,0.0
deletion/substitution_mutant,0,1,0.0
protooncogene_p21ras,0,1,0.0
i_kappa_b_alpha-/-_embryonic_fibroblast,0,1,0.0
menopause,0,1,0.0
human_cd4(+)_t_cell,0,1,0.0
specific_dna_sequence,0,1,0.0
herpes_virus_transactivator,0,1,0.0
inhibitor-kappab_alpha,0,1,0.0
urinary_free_cortisol,0,1,0.0
patient_sample,0,1,0.0
ach-2_cell,0,1,0.0
tbp7,0,1,0.0
promyelocytic_leukemia_hl-60_cell,0,1,0.0
lysine,0,1,0.0
insulin_gene_transcription_factor,0,1,0.0
human_immunodeficiency_virus_type_2_enhancer_activation,0,1,0.0
rxr-alpha,0,1,0.0
anti-cd28-stimulated_t_cell,0,1,0.0
helix-loop-helix_protein,0,1,0.0
single_strand_conformation_polymorphism_analysis,0,1,0.0
class_ii-like_molecule,0,1,0.0
differential_effect,0,1,0.0
hiv_evolution,0,1,0.0
proximal_promoter,0,1,0.0
collagenase_transcription,0,1,0.0
novel_elastase_inhibitor,0,1,0.0
cis-acting_regulatory_sequence,0,1,0.0
10-50_kilobase,0,1,0.0
t-cell_activation_response_element,0,1,0.0
rel/nf-kappab,0,1,0.0
allograft,0,1,0.0
gc_action,0,1,0.0
premature_termination,0,1,0.0
intracellular_store,0,1,0.0
cocl2-induced_nf-kappab_activation,0,1,0.0
b_lymphocyte_differentiation,0,1,0.0
dna-swap_experiments,0,1,0.0
pkc_depletion,0,1,0.0
nf-m-dependent_promoter_construct,0,1,0.0
myogenic_transcription_factor,0,1,0.0
protein_kinase_c_(pkc)_isoenzyme,0,1,0.0
epstein-barr_virus_(ebv)_latent_membrane_protein_1_(lmp-1)_oncogene,0,1,0.0
chromatinized_viral_episome,0,1,0.0
endothelial_cell,0,1,0.0
pre-i_binding_factor,0,1,0.0
p24_ag_assay,0,1,0.0
cdna_sequence,0,1,0.0
oct-2a_binding,0,1,0.0
human_genome,0,1,0.0
tumor_necrosis_factor_(tnf)_receptor_family,0,1,0.0
southern_blot,0,1,0.0
synthetic_lipid_a,0,1,0.0
novel_gene,0,1,0.0
run-on_analysis,0,1,0.0
n-acetyl_cysteine,0,1,0.0
mononucleosis,0,1,0.0
mek1/mek2_inhibitor,0,1,0.0
scd,0,1,0.0
blast_cell,0,1,0.0
fluorescence_in_situ_hybridization,0,1,0.0
human_myeloid_u-937_cell,0,1,0.0
ikappab_kinase_complex,0,1,0.0
homogeneous_manner,0,1,0.0
dimethyl_sulfoxide,0,1,0.0
protooncogene,0,1,0.0
transcriptional_regulatory_factor,0,1,0.0
hb24_transfectant,0,1,0.0
hoci,0,1,0.0
lmp-1,0,1,0.0
anti-inflammatory_therapy,0,1,0.0
rkgsssnepssd,0,1,0.0
rap74,0,1,0.0
tradd_protein,0,1,0.0
heterozygous_woman,0,1,0.0
il-2_induction,0,1,0.0
vascular_smooth_muscle_cell,0,1,0.0
hiv-1_promoter_transcription,0,1,0.0
all,0,1,0.0
hd1,0,1,0.0
promoter_construct,0,1,0.0
y731eam,0,1,0.0
adolescent,0,1,0.0
delta_psi(m)_collapse,0,1,0.0
dex_inhibition,0,1,0.0
21_bp,0,1,0.0
generalized_gc_resistance,0,1,0.0
20-epi_analogue,0,1,0.0
human_rbc,0,1,0.0
human_monocytic_cell,0,1,0.0
rheumatic_diseases,0,1,0.0
nucleoside_diphosphate_(ndp)_kinase,0,1,0.0
major_histocompatibility_complex_class_ii_promoter,0,1,0.0
gata-1_gene,0,1,0.0
receptor_antagonist_ru-38486,0,1,0.0
tal-15'_gc-rich_region,0,1,0.0
mineralocorticoid_effector_mechanism,0,1,0.0
human_interleukin-2_(il-2)_receptor_alpha_chain_gene,0,1,0.0
non-expressing_cell,0,1,0.0
renal_deterioration,0,1,0.0
acute_process,0,1,0.0
dna-binding_and_protein_dimerization_domain,0,1,0.0
phorbolmyristate-acetate-stimulated_il-1_receptor_antagonist_secretion,0,1,0.0
cercopithicine_herpesvirus_15,0,1,0.0
positive_selection,0,1,0.0
core_binding_factor,0,1,0.0
primed_t_cell,0,1,0.0
cell-type_specific_expression,0,1,0.0
hbsag,0,1,0.0
phorbol-12-myristate-13-acetate,0,1,0.0
northern_analysis,0,1,0.0
interleukin_(il)-2_gene_expression,0,1,0.0
octamer_factor,0,1,0.0
cytokine_receptor_signaling,0,1,0.0
prdii_nf-kappa_b-binding_domain,0,1,0.0
radioligand_method,0,1,0.0
"1,25-dihydroxy-vitamin_d3",0,1,0.0
chimeric_tcr,0,1,0.0
primary_rodent_cell,0,1,0.0
egr-1_expression_vector,0,1,0.0
s727_stat1,0,1,0.0
1753-bp_fragment,0,1,0.0
protein_phosphorylation_pattern,0,1,0.0
stably_infected_cd4+_cell,0,1,0.0
il-10_gene,0,1,0.0
receptor-positive,0,1,0.0
novel_protein_motif,0,1,0.0
5'-rapid_amplification,0,1,0.0
four-subunit_ptf,0,1,0.0
hyperimmunoglobulin_e,0,1,0.0
dna-binding_activity,0,1,0.0
myeloid-specific_gene,0,1,0.0
tal-1_promoter_1b,0,1,0.0
egr_family_protein,0,1,0.0
scmv_mie,0,1,0.0
labile_inhibitory_factor,0,1,0.0
guanine_nucleotide_binding_factor,0,1,0.0
c-fos_serum_response_element,0,1,0.0
ig_class_switching,0,1,0.0
tnfalpha,0,1,0.0
cd+8_t-cell,0,1,0.0
cobalt_chloride,0,1,0.0
death_domain-containing_member,0,1,0.0
immature_class_ii_heterodimers,0,1,0.0
control_oligonucleotide,0,1,0.0
il-1alpha_gene,0,1,0.0
primary_monocyte,0,1,0.0
ebv_immediate-early_gene_transcript,0,1,0.0
nf-kappab-binding_sequence,0,1,0.0
normal_b_cell_population,0,1,0.0
gene_knock-out,0,1,0.0
rbp-jkappa_binding_site,0,1,0.0
toremifene,0,1,0.0
group_ii,0,1,0.0
fgf_receptor,0,1,0.0
t-all_cell_line,0,1,0.0
tal1_mrna,0,1,0.0
u_alpha_a,0,1,0.0
kappa_b-binding_activity,0,1,0.0
immuno-cytochemistry,0,1,0.0
novel_sp-1_site,0,1,0.0
lysosomal_enzyme,0,1,0.0
pha_blast,0,1,0.0
novel_proto-oncogene,0,1,0.0
bfu-e_response,0,1,0.0
pouhd,0,1,0.0
host_immunity,0,1,0.0
interferon_gamma_stimulation,0,1,0.0
lt_biologic_activity,0,1,0.0
glucocorticoid-receptor,0,1,0.0
natural_killer_cell_activity,0,1,0.0
signal-transmitting_receptor,0,1,0.0
arachidonic_acid_liberation,0,1,0.0
rar-selective_antagonist,0,1,0.0
complex_system,0,1,0.0
nfkappab_binding_activity,0,1,0.0
metal-ion_chelating_activity,0,1,0.0
40-kda_transforming_protein,0,1,0.0
25(oh)d3_transport,0,1,0.0
t-cell_antigen_receptor_engagement,0,1,0.0
dna_binding_sequence,0,1,0.0
nfkb2,0,1,0.0
ru38486,0,1,0.0
52-year-old_male,0,1,0.0
monocyte_counter-receptor,0,1,0.0
p50-p65,0,1,0.0
yy1-mediated_inhibition,0,1,0.0
microvascular_ec,0,1,0.0
c-terminal_end,0,1,0.0
-ggaa-_to_-ggat-,0,1,0.0
t_lymphocyte-specific_transcription_factor,0,1,0.0
-96_to_-66-bp_octamer_motif,0,1,0.0
ikk1,0,1,0.0
apoplexy_patient,0,1,0.0
estrogen_receptor_negativity,0,1,0.0
hiv-infected_human_monocytic_cell,0,1,0.0
"functional_1,25(oh)2d3_receptor",0,1,0.0
p65_delta,0,1,0.0
hla-c_allele,0,1,0.0
nf-yb,0,1,0.0
maternally_derived_x_chromosome,0,1,0.0
nf-kappa_b-regulated_promoters,0,1,0.0
human_immunodeficiency_virus_(hiv)_promoter,0,1,0.0
3h-dex,0,1,0.0
cytokine-stimulated_transcription_factor,0,1,0.0
bladder_carcinoma,0,1,0.0
i_kappa_b_alpha/mad-3_mrna_level,0,1,0.0
ikk,0,1,0.0
vpr,0,1,0.0
epithelia,0,1,0.0
"o,o'-bismyristoyl_esterification",0,1,0.0
t-cell-directed_tal-1_expression,0,1,0.0
ctf,0,1,0.0
"20-epi-22-oxa-24a,26a,27a-trihomo-1alpha,2_5-dihydroxyvitamin_d3",0,1,0.0
tpa-activated_cell,0,1,0.0
trh,0,1,0.0
polyamine_concentration,0,1,0.0
tk_inhibitor,0,1,0.0
35s-tr_alpha_1,0,1,0.0
human_renal_cell_carcinoma,0,1,0.0
retrodifferentiation,0,1,0.0
nuclear_transcription_factor,0,1,0.0
neuraminidase,0,1,0.0
xy_female,0,1,0.0
ligand-binding_domain,0,1,0.0
peripheral_blood_monocyte,1,1,0.0
hypercalciuria,0,1,0.0
fibroblast_activation,0,1,0.0
htlv-ii-bearing_cell_line,0,1,0.0
early_b_cell_development,0,1,0.0
free_radical,0,1,0.0
g_protein_dependent,0,1,0.0
human_ada_lcr-directed_transgene_expression,0,1,0.0
interferon-gamma-induced_intercellular_adhesion_molecule-1_gene_transcription,0,1,0.0
subtoxic_concentration,0,1,0.0
tbg,0,1,0.0
gr-dependent_transcription,0,1,0.0
hypersensitive_site,0,1,0.0
sodium_phenylacetate,0,1,0.0
nf-kappa_b-independent_mechanism,0,1,0.0
heterozygous_mutant_mouse,0,1,0.0
gm-csf_gene_activation,0,1,0.0
bronchoalveolar_lavage_(bal)_fluid,0,1,0.0
cd40-stimulated_human_b_lymphocyte,0,1,0.0
tpa-induced_increase,0,1,0.0
b_cell-specific_otf-2,0,1,0.0
metastatic_ability,0,1,0.0
type_ii_bare_lymphocyte_syndrome-associated_factor,0,1,0.0
dd_product,0,1,0.0
exogenous_tnf-alpha,0,1,0.0
peripheral_lymphoid_organ,0,1,0.0
13_zinc_finger,0,1,0.0
14_kda_id-3,0,1,0.0
83-kda_carboxyl-terminal_truncated_stat3beta,0,1,0.0
nongenomic_signaling_pathway,0,1,0.0
leukocyte-specific_pp52_promoter,0,1,0.0
bcl-2_expression,0,1,0.0
hxbp-1,0,1,0.0
cd34+_cb_subset,0,1,0.0
peripheral_blood_t_cell,0,1,0.0
okt3,0,1,0.0
th2-selective_expression,0,1,0.0
th1-to-th2_shift,0,1,0.0
cell-permeable_sn50_peptide,0,1,0.0
diesel_organic_extract,0,1,0.0
human_nrf-1/alpha-pal_factor,0,1,0.0
methylprednisolone,0,1,0.0
84_kda,0,1,0.0
overlapping_binding_site,0,1,0.0
cd4+_t-lymphocyte,0,1,0.0
cachexia,0,1,0.0
bone-sparing_effect,0,1,0.0
early-stage_breast_cancer_patient,0,1,0.0
classical_t_cell_stimuli,0,1,0.0
female_population,0,1,0.0
transfection_study,0,1,0.0
primary_physiological_regulator,0,1,0.0
gamma_3_ecs,0,1,0.0
vascular_cell_adhesion_molecule-1,0,1,0.0
cellular_transformation,0,1,0.0
sry-related_gene,0,1,0.0
cdr2-loop,0,1,0.0
non-ig_gene,0,1,0.0
s_phase_prl_response,0,1,0.0
gata-factor,0,1,0.0
effective_concentration,0,1,0.0
endothelial_leukocyte_adhesion_molecule_(elam)_mrna,0,1,0.0
constitutively_active_pkc,0,1,0.0
cell_type-specificity_of_immunoglobulin_gene_expression,0,1,0.0
ifn-induced_assembly,0,1,0.0
p53_transcript,0,1,0.0
transactivating_ability,0,1,0.0
smoker,0,1,0.0
disulfide,0,1,0.0
promonocytic_thp-1_cell,0,1,0.0
human_aging,0,1,0.0
nf-kappa_b_transactivator,0,1,0.0
40s_ribosomal_protein_s6_serine/threonine_kinase,0,1,0.0
normal_binding_activity,0,1,0.0
in_vitro_activation,0,1,0.0
pharmacokinetic_behavior,0,1,0.0
sodium_butyrate,0,1,0.0
u373_mg_astrocytoma_cell,0,1,0.0
cyclic_amp_inhibition,0,1,0.0
o-tetradecanoylphorbol_13-acetate,0,1,0.0
albuminuria,0,1,0.0
gene_therapy_vector,0,1,0.0
12-o-tetradecanoyl_12-phorbol_13-acetate,0,1,0.0
e2f-binding_sites,0,1,0.0
vitamin_d-resistant_cell_nuclear_extract,0,1,0.0
tumor-draining_ln,0,1,0.0
[3h]-dexamethasone,0,1,0.0
nfat-p0_complex_formation,0,1,0.0
p40_gene,0,1,0.0
worker,0,1,0.0
5'hs3,0,1,0.0
brca1_mrna,0,1,0.0
hiv-1_accessory_gene_product,0,1,0.0
vitamin_d_receptor-retinoid_x_receptor-vitamin_d_response_element_complex,0,1,0.0
her_+_il-1beta-cat+,0,1,0.0
unactivated_platelet,0,1,0.0
il-12_expression,0,1,0.0
cd106,0,1,0.0
nk_cell_mediated_cytolysis,0,1,0.0
tgf_beta_2,0,1,0.0
three-dimensional_positioning,0,1,0.0
viral_replication,0,1,0.0
red_cell-specific_transcriptional_activator,0,1,0.0
parenteral_corticosteroid,0,1,0.0
colostrum,0,1,0.0
atherosclerosis-promoting_effect,0,1,0.0
ikappab_expression,0,1,0.0
lps-induced_adhesion,0,1,0.0
phosphatidyl_inositol_turnover,0,1,0.0
relb_mrna,0,1,0.0
glucocorticoid-receptor_antagonist,0,1,0.0
-180_site,0,1,0.0
cd11b+_bone_marrow_cell,0,1,0.0
herpes_simplex_virus_vp16_protein,0,1,0.0
enhancer/promoter_region,0,1,0.0
bacterial_peptide_ligand,0,1,0.0
group_c,0,1,0.0
leukemogenesis,0,1,0.0
5'-gttaaggttcgtaggtcatgga-3',0,1,0.0
c-terminal_splice_variant,0,1,0.0
acetylated_ldl,0,1,0.0
nf-kappab/rel_pathway,0,1,0.0
nf-kappa_b2_p100_gene,0,1,0.0
endogenous_ifn,0,1,0.0
c-myc-like_functional_characteristics,0,1,0.0
cells_of_hematopoietic_lineage,0,1,0.0
androgen_receptor_mrna,0,1,0.0
b_cell-specific_activation,0,1,0.0
nf-at-regulated_gene,0,1,0.0
hormone_receptor_status,0,1,0.0
5'_guanine_residue,0,1,0.0
protein_kinase_c_activity,0,1,0.0
nuclear_binding_protein,0,1,0.0
overlapping_expression_pattern,0,1,0.0
human_monoblastic_cell_line,0,1,0.0
-285/-254,0,1,0.0
tcr/cd3_ligation,0,1,0.0
vertebrates,0,1,0.0
autostimulatory_loop,0,1,0.0
untransformed_glucocorticoid_receptor_complex,0,1,0.0
anti-fas-mediated_apoptosis,0,1,0.0
cycloheximide_resistan,0,1,0.0
cyclophilin_b-binding-protein,0,1,0.0
1-oleoyl-2-acetyl-sn-glycerol,0,1,0.0
jak/stat_activation,0,1,0.0
synergistic_suppression,0,1,0.0
il-6_secretion,0,1,0.0
cr2_complement_receptor,0,1,0.0
t-cell_receptor_gene,0,1,0.0
ets_consensus_sequence,0,1,0.0
erythroid_delta-aminolevulinate_synthase,0,1,0.0
long-term_lymphoblastoid_cell_proliferation,0,1,0.0
ig,0,1,0.0
cd4_t_cell,0,1,0.0
papilloma,0,1,0.0
pituitary-specific_transcription_factor,0,1,0.0
heterologous_thymidine_kinase_promoter,0,1,0.0
monitor_disease_progression,0,1,0.0
jnk_phosphorylation_site,0,1,0.0
jak-stat1_pathway,0,1,0.0
rel-deficient_t_cell,0,1,0.0
monocyte_surface_marker,0,1,0.0
jurkat_cell_model,0,1,0.0
elastatinal,0,1,0.0
interleukin-4-mediated_ige_production,0,1,0.0
ap-2-like_nuclear_factor_binding,0,1,0.0
polymorphic_dinucleotide_repeat,0,1,0.0
jurkat_t_lymphocyte,0,1,0.0
immunodeficiency_virus_replication,0,1,0.0
glycine,0,1,0.0
immunosuppressive,0,1,0.0
mammalian_homeodomain_protein,0,1,0.0
phosphorylated_substrate,0,1,0.0
semiquantitative_rt-pcr_analysis,0,1,0.0
secondary_lymphoid_tissue,0,1,0.0
lt-producing_c81-66-45_cell_line,0,1,0.0
hiv-1_ltr_promoter,0,1,0.0
cho/cd14,0,1,0.0
multiple_e2f_site,0,1,0.0
intracellular_il-2_signaling,0,1,0.0
v-erb_a_protein,0,1,0.0
oap,0,1,0.0
t_cell_specific-transcription,0,1,0.0
il-2_mrna_induction,0,1,0.0
octamer_transcription_factor,0,1,0.0
cis-trans_prolyl_isomerase,0,1,0.0
human_skin_cancer,0,1,0.0
pharmacological_concentration,0,1,0.0
tpa-gr_synergism,0,1,0.0
cell_receptor,0,1,0.0
dominant-negative_form_of_stat3,0,1,0.0
enzyme-linked_immunosorbent_assay,0,1,0.0
human_immunodeficiency_virus_1_enhancer-dependent_transcription,0,1,0.0
consensus_ap1_motif,0,1,0.0
novel_regulatory_element,0,1,0.0
promoter_specificity,0,1,0.0
altruistic_suicide,0,1,0.0
oncogene_expression,0,1,0.0
composite_octamer_motif,0,1,0.0
tsc2-linked_mother_and_daughter_pair,0,1,0.0
cushing's_syndrome,0,1,0.0
lymphoid_specific_gene,0,1,0.0
erythropoietin_(epo)_receptor,0,1,0.0
raji_pattern,0,1,0.0
ebv_trans-activator,0,1,0.0
pkb/pi3-kinase,0,1,0.0
retinoidal_antagonist,0,1,0.0
ligand-activated_c-erba/tr_accelerated_differentiation,0,1,0.0
tumor_necrosis_factor/nerve_growth_factor_receptor_superfamily,0,1,0.0
granulocytic_clone,0,1,0.0
epstein-barr_virus_latent_infection,0,1,0.0
hmg-88,0,1,0.0
sh2_domain-containing_protein_76,0,1,0.0
enhancer_a,0,1,0.0
il-4_receptor,0,1,0.0
proinflammatory_cytokine,0,1,0.0
ra_addition,0,1,0.0
daudi_x_hela_heterokaryon,0,1,0.0
elisa_test,0,1,0.0
granulocyte-monocyte_colony_stimulating_activity,0,1,0.0
phorbol_12-myristate-13_acetate,0,1,0.0
g0s24,0,1,0.0
e1a_protein,0,1,0.0
in_vitro,0,1,0.0
cd28re,0,1,0.0
j393/cd43,0,1,0.0
socs_protein,0,1,0.0
plasmodium_vivax_malaria_parasite,0,1,0.0
androgen-bound_receptor_complex,0,1,0.0
membrane-associated_lymphotoxin,0,1,0.0
tetracycline-regulated_lmp-1_allele,0,1,0.0
human_bone_marrow_ec_immortalized_by_sv40,0,1,0.0
cell-type-specific_transactivation,0,1,0.0
epsilon-globin_gene,0,1,0.0
cpg_dinucleotide,0,1,0.0
signaling_event,0,1,0.0
tr75,0,1,0.0
uncontrolled_cell_proliferation,0,1,0.0
high-affinity_site,0,1,0.0
human_intestinal_receptor,0,1,0.0
b4-2,0,1,0.0
inserting_sequence,0,1,0.0
u937_cell,0,1,0.0
coimmunoprecipitation_assay,0,1,0.0
pmn-mediated_lung_injury,0,1,0.0
basal_lesion,0,1,0.0
cyclic-amp-responsive_element_binding_protein/activation_transcription_factor_family,0,1,0.0
hematopoietic_progenitors/precursor,0,1,0.0
nucleated_erythroblast,0,1,0.0
n-terminal_portion,0,1,0.0
tx,0,1,0.0
arg91,0,1,0.0
il-2_receptor_expression,0,1,0.0
aml_m5,0,1,0.0
interleukin_1_production,0,1,0.0
t_cell-tropic_hiv-1_entry,0,1,0.0
active_protein-tyrosine_kinase_regulatory_pathway,0,1,0.0
causal_relationship,0,1,0.0
histone_h5,0,1,0.0
biochemical_event,0,1,0.0
human_monocytic_differentiation,0,1,0.0
endogenous_c-fos_mrna_expression,0,1,0.0
different_transduction_pathway,0,1,0.0
human_histiocytic_u937_cells_mrna,0,1,0.0
transendothelial_migration,0,1,0.0
human_abf-1,0,1,0.0
ciita,0,1,0.0
il-4_gene_transcription,0,1,0.0
serum-free_media,0,1,0.0
jun/jun,0,1,0.0
sterol_regulatory_element,0,1,0.0
parental_hl-60_cell,0,1,0.0
potassium,0,1,0.0
mcf-fas_cell,0,1,0.0
non-abortive_maternal_infection,0,1,0.0
rcc_explant,0,1,0.0
rar(alpha),0,1,0.0
cpg_island,0,1,0.0
ebna2_responsive_cis-element,0,1,0.0
ap-1_-binding_activity,0,1,0.0
human_t-cell_leukemia_virus,0,1,0.0
pnu156804,0,1,0.0
sk&f_86002,0,1,0.0
beta-casein,0,1,0.0
il-1_beta_convertase_mrna,0,1,0.0
cell_death,0,1,0.0
preosteoclast_phenotype,0,1,0.0
traditional_chinese_medicine,0,1,0.0
evi-1,0,1,0.0
lps-induced_response,0,1,0.0
c-jun_rna,0,1,0.0
lt,0,1,0.0
il-4_signal_transduction,0,1,0.0
nf-ya_subunit,0,1,0.0
wt-19,0,1,0.0
zinc-binding_potential_transcription_factor,0,1,0.0
distal_octamer,0,1,0.0
npc,0,1,0.0
55_kd_tnfr,0,1,0.0
tumor_necrosis_factor-alphaproduction,0,1,0.0
human_t-cell_leukemia_virus_type_i-infected_cell,0,1,0.0
cfp_extract,0,1,0.0
t-cell_tolerance_induction,0,1,0.0
polymyxin_b,0,1,0.0
herpetic_lesion,0,1,0.0
immune-mediated_disease,0,1,0.0
tcr_response,0,1,0.0
mouse_chromosome_3,0,1,0.0
c-rel/p65,0,1,0.0
gm-csfralpha_cytoplasmic_domain,0,1,0.0
bacterial_lps,0,1,0.0
c-jun_transactivating_function,0,1,0.0
cis-acting_region,0,1,0.0
activation-deficient_glucocorticoid_receptor_mutant,0,1,0.0
aml1-related_transcription_factor,0,1,0.0
hrar_alpha-lbd,0,1,0.0
profilin,0,1,0.0
cell_lineage-independent_manner,0,1,0.0
endothelial_production,0,1,0.0
alpha-globin,0,1,0.0
ap-1_expression,0,1,0.0
n-myc_gene,0,1,0.0
human_ebv,0,1,0.0
il-2r_alpha_promoter,0,1,0.0
cytosolic_calcium,0,1,0.0
il-1ri,0,1,0.0
human_b_lymphoblast,0,1,0.0
class_ii-negative_bare_lymphocyte_syndrome,0,1,0.0
10_bp,0,1,0.0
sigd-crosslinking,0,1,0.0
cre-containing_promoter,0,1,0.0
hematopoietic_tumor,0,1,0.0
tandem_cre_motif,0,1,0.0
human_jurkat_t_cell_library,0,1,0.0
fibre_exposure,0,1,0.0
anti-ig_inducibility,0,1,0.0
969-base_pair_(bp)_fragment,0,1,0.0
class_ii_transactivator-encoding_air-1_locus,0,1,0.0
peripheral_eosinophil,0,1,0.0
new_world_primate_cell_extract,0,1,0.0
tnf-alpha-stimulated_jurkat_cell,0,1,0.0
activator_protein-2_(ap-2)_binding_consensus_site,0,1,0.0
severe_preeclampsia,0,1,0.0
recombinant_siv,0,1,0.0
e1_element,0,1,0.0
c3a,0,1,0.0
chemokine_production,0,1,0.0
substituted_peptide,0,1,0.0
subunit_6,0,1,0.0
bzlf1_transcript,0,1,0.0
infected_lung,0,1,0.0
leishmania-infected_cel,0,1,0.0
primary_granulocyte,0,1,0.0
pig,0,1,0.0
rb,0,1,0.0
th2_phenotype,0,1,0.0
usf,0,1,0.0
host_defence_response,0,1,0.0
nfat_nuclear_translocation,0,1,0.0
small_lymphocytic_lymphoma,0,1,0.0
lfa-3,0,1,0.0
lt-alpha1beta2,0,1,0.0
interfollicular_zone,0,1,0.0
u937,0,1,0.0
pg-b6,0,1,0.0
mitogen-activated_protein_kinase_(mapk)_pathway,0,1,0.0
ru43044,0,1,0.0
her-2/neu_oncogene,0,1,0.0
p65_mrna,0,1,0.0
human_anti-e.,0,1,0.0
pma/pha-mediated_induction,0,1,0.0
downstream_signaling_event,0,1,0.0
polypeptide,0,1,0.0
transgenic_evil,0,1,0.0
glucocorticoid_(gc)-mediated_inhibition,0,1,0.0
tax1-nf-y_interaction,0,1,0.0
htlv-i_tax_transactivator,0,1,0.0
human_k562_cell,0,1,0.0
t-helper-cell_determinant,0,1,0.0
zebra_gene_transcription,0,1,0.0
glycophorin_a_antigen,0,1,0.0
putative_transcription_factor,0,1,0.0
healthy_individual,0,1,0.0
lymphocyte_glucocorticoid_receptor_number,0,1,0.0
50-kda_nf-kappa_b,0,1,0.0
b7_costimulatory_molecule,0,1,0.0
hiv-1_reactivation,0,1,0.0
negative_responding_element,0,1,0.0
target_gene_il-8,0,1,0.0
ca2+_redistribution,0,1,0.0
single-chain_protein,0,1,0.0
gata1_erythroid_transcription_factor,0,1,0.0
azt,0,1,0.0
vd3_treatment,0,1,0.0
germline_taqi_restriction_fragment_length_polymorphism,0,1,0.0
i_alpha1_germ-line_promoter,0,1,0.0
mature_double-positive,0,1,0.0
pma-induced_hiv-1_p24_antigen_production,0,1,0.0
stimulated_cell,0,1,0.0
receptor_affinity,0,1,0.0
adult_level,0,1,0.0
blast_crisis_phase,0,1,0.0
tgf-beta_receptor_profile,0,1,0.0
pre-existing_nf-at-binding_factor,0,1,0.0
mouse_embryonic_globin_gene,0,1,0.0
differentiation-inducing_activity,0,1,0.0
ku_autoantigen_p70_subunit,0,1,0.0
tax-expressing_cell_line,0,1,0.0
chronically_infected_t_cell_line,0,1,0.0
positive-negative_regulation,0,1,0.0
prb_hyperphosphorylation,0,1,0.0
granulocyte_antibody,0,1,0.0
fkhrl1p2,0,1,0.0
translocation_case,0,1,0.0
abl,0,1,0.0
nf-kappab_family_member,0,1,0.0
splice/polyadenylation_event,0,1,0.0
atgcaaat,0,1,0.0
upstream_kinase,0,1,0.0
293_cell,0,1,0.0
tgf-beta1,0,1,0.0
rac-1_function,0,1,0.0
ficoll_gradient,0,1,0.0
caspase_7,0,1,0.0
glucocorticoid-responsive_element_(gre)-driven_reporter_gene,0,1,0.0
nucleocytoplasmic_translocation,0,1,0.0
il-13_mrna,0,1,0.0
cd23b_mrna,0,1,0.0
cell_type_specificity,0,1,0.0
n-terminal_sh2_domain,0,1,0.0
committed_erythroid_precursor,0,1,0.0
jun,0,1,0.0
glycolipid,0,1,0.0
basal_cell_carcinoma,0,1,0.0
in_vitro_t_cell_differentiation,0,1,0.0
residues_359-370,0,1,0.0
approximate_map_region_0.30_to_0.46,0,1,0.0
stimulated_t-cell_nuclear_extract,0,1,0.0
mutated_lt-kappa_b_construct,0,1,0.0
cell-cycle_control,0,1,0.0
15-lo_promoter_dna,0,1,0.0
normal_lymphoid_development,0,1,0.0
lymphocyte-specific_protein_tyrosine_kinase,0,1,0.0
neuropeptide,0,1,0.0
repressive_state,0,1,0.0
cancer_patients'_lymphocytes,0,1,0.0
sensitization,0,1,0.0
intraarterial_measurement,0,1,0.0
cd3_cross-linking,0,1,0.0
acute_megakaryoblastic_leukaemia,0,1,0.0
hla_b8+_homozygous_lcl_lysed_t_cell_blast,0,1,0.0
body_temperature,0,1,0.0
il-15,0,1,0.0
chimeric_gene,0,1,0.0
cttgg_...,0,1,0.0
signal_integration,0,1,0.0
il-2r_alpha_gene_transcription,0,1,0.0
mouse_il-4_promoter,0,1,0.0
5-fluorouracil_toxicity,0,1,0.0
rp1_gene,0,1,0.0
granulocyte-macrophage_colony-stimulating_factor_(gm-csf)_gene_regulatory_element,0,1,0.0
younger_subject,0,1,0.0
inducible_gene_expression,0,1,0.0
blood_monocyte,0,1,0.0
acutely_infected_patient,0,1,0.0
plasmid_pnf-kappa_bluc,0,1,0.0
calcineurin_a_chain,0,1,0.0
human_t_leukemia_cell_line_jurkat,0,1,0.0
gp120-mediated_enhancement,0,1,0.0
nuclear_proto-oncogene,0,1,0.0
human_mm_cell_line,0,1,0.0
replicative_gene,0,1,0.0
cre,0,1,0.0
xenopus_laevis,0,1,0.0
a_series_4c_cell,0,1,0.0
hypersensitivity_site_2,0,1,0.0
heb,0,1,0.0
cmv_immediate_early_1_gene_product,0,1,0.0
cytosolic_extract,0,1,0.0
ca2+_transport,0,1,0.0
p47phox,0,1,0.0
nf-kappab_regulation,0,1,0.0
general_coactivator,0,1,0.0
nonerythroid_cell,0,1,0.0
il-4re,0,1,0.0
cd2_+_cd28_activation,0,1,0.0
plasma_bicarbonate,0,1,0.0
gm-csf_proximal_promoter,0,1,0.0
chromosomal_breakpoint,0,1,0.0
ter_119_positive_cell_population,0,1,0.0
uninfected_jurkat_cell_line,0,1,0.0
seven_transmembrane_receptor,0,1,0.0
irish/german_population,0,1,0.0
interleukin-2_promoter_activity,0,1,0.0
regulatory_gene_bzlf_1,0,1,0.0
ca2+,0,1,0.0
specific_inhibitor,0,1,0.0
ccgccc_binding_protein,0,1,0.0
positive/negative_regulation,0,1,0.0
bivalent_cations,0,1,0.0
cyclin_d-associated_kinase_activity,0,1,0.0
endogenous_gene,0,1,0.0
dexamethasone_(dxm),0,1,0.0
oct-2_dna_binding_activity,0,1,0.0
12/15-lipoxygenase_activity,0,1,0.0
serine_proteinase,0,1,0.0
human_interleukin-6_(il-6)_gene,0,1,0.0
proximal_region,0,1,0.0
latent_membrane_protein_(lmp)_2a_mrna,0,1,0.0
il4,0,1,0.0
human_monocytic_cell_line,0,1,0.0
proinflammatory_cytokine_cascade,0,1,0.0
human_prostatic_cancer_lncap_cell,0,1,0.0
human_hematopoietic_cell_line,0,1,0.0
mass-to-charge_ratio,0,1,0.0
reoxygenation,0,1,0.0
zebra/ebv_biological_system,0,1,0.0
il-1-_and_lps-specific_induction,0,1,0.0
human_peripheral_blood_t_cell,0,1,0.0
nonfunctional_sequence_motif,0,1,0.0
immune_reaction,0,1,0.0
stat_6,0,1,0.0
cd4_receptor,0,1,0.0
suppressing_activation,0,1,0.0
cycling_t_cell_blast,0,1,0.0
bun,0,1,0.0
21-bp_elements,0,1,0.0
zebra_gene,0,1,0.0
nf-kappab_transcriptional_activity,0,1,0.0
localization,0,1,0.0
gd3+_t_cell_proliferation,0,1,0.0
ca(2+)-dependent_k+_channel,0,1,0.0
dominant_negative_gsk-3beta,0,1,0.0
nested_pcr,0,1,0.0
pindolol,0,1,0.0
constitutive_complex,0,1,0.0
hematopoietic_growth_factor_release,0,1,0.0
octamer-binding_site,0,1,0.0
stat_induction_pattern,0,1,0.0
steady_state_mrna_level,0,1,0.0
autopsy_tissue,0,1,0.0
b_cell_repertoire,0,1,0.0
tcf-1_knock-out_mice,0,1,0.0
il-2_signaling,0,1,0.0
irf-1_gene_promoter,0,1,0.0
functional_diversification,0,1,0.0
polyclonal_reactive_process,0,1,0.0
pcd41_clone,0,1,0.0
grb2_sh3-binding_protein,0,1,0.0
ap-1_transcription_complex,0,1,0.0
stimulated_jurkat_cell,0,1,0.0
ca(2+)-atpase,0,1,0.0
high-affinity_il-2r,0,1,0.0
phosphorylated_i_kappa_b_alpha,0,1,0.0
human_t-cell_leukemia_virus_type_1_tax_induction,0,1,0.0
interferon_beta_gene_transcription,0,1,0.0
p50-p65_complex,0,1,0.0
mobility_shift_assay,0,1,0.0
hemin,0,1,0.0
gata,0,1,0.0
poly(i)-poly(c)-induced_ifn_alpha,0,1,0.0
acutely_infected_cd4+_lymphocyte,0,1,0.0
nonoptimal_binding_site,0,1,0.0
non-ashkenazi_jew,0,1,0.0
plb-985,0,1,0.0
nfeb_p65,0,1,0.0
membrane_localization,0,1,0.0
cytosolic_activation,0,1,0.0
specificity-conferring_mechanism,0,1,0.0
clinicopathological_aspect,0,1,0.0
granulocyte-macrophage_colony-stimulating_factor_gene,0,1,0.0
il-1-induced_response,0,1,0.0
eosinophil_granule_major_basic_protein,0,1,0.0
[125i]-aldosterone_derivative,0,1,0.0
human_intestine,0,1,0.0
3q27,0,1,0.0
tyrosine_auto/transphosphorylation,0,1,0.0
ctla4ig,0,1,0.0
heterodimeric_nfkb2(p49)/rela(p65),0,1,0.0
ltr_transcriptional_activity,0,1,0.0
calcium-signaling_dependence,0,1,0.0
cell_activation_signal,0,1,0.0
peripheral_blood_resting_cell,0,1,0.0
f-actin,0,1,0.0
thrombin_response,0,1,0.0
dna_binding_nor_protein_dimerization,0,1,0.0
gcrbeta-positive,0,1,0.0
anti-inflammatory_activity,0,1,0.0
ro47-5944,0,1,0.0
cre_and_the_kappab3_site,0,1,0.0
purified_protein,0,1,0.0
phop_virulence_regulon,0,1,0.0
radical-generating_system,0,1,0.0
positive_prediction,0,1,0.0
bcl-2_expression_vector,0,1,0.0
chotsh1-1,0,1,0.0
hla-dq_isotype-specific_trans-acting_factor,0,1,0.0
17-bp_gas_homology,0,1,0.0
p450ia1,0,1,0.0
pbsc,0,1,0.0
targeted_gene_disruption,0,1,0.0
mouse_embryonic_ectoderm_development_gene,0,1,0.0
c-fms,0,1,0.0
viruse,0,1,0.0
"soluble_beta-(1,6)-branched_beta-(1,3)-linked_glucose_homopolymer",0,1,0.0
amino_terminus,0,1,0.0
p56lck,0,1,0.0
transgenic_bone_marrow_cell,0,1,0.0
bpi,0,1,0.0
human_dr_alpha_gene,0,1,0.0
early_immune_response,0,1,0.0
"glycosphingolipid_beta-(1,3)-glucan",0,1,0.0
lps-induced_tf,0,1,0.0
membrane_extract,0,1,0.0
il-2_response_element,0,1,0.0
nfat-family_protein,0,1,0.0
b_cell-specific_regulation,0,1,0.0
inducible_metallothionein_promoter,0,1,0.0
interleukin-4_(il-4)-mediated_b-cell_activation,0,1,0.0
leukemic_u937_cell,0,1,0.0
sequence-specific_transcriptional_repressor,0,1,0.0
cd4(+)_t_cell,0,1,0.0
severe_ner_defect,0,1,0.0
intracellular_peroxide_level,0,1,0.0
follicular_border,0,1,0.0
t_cell_function,0,1,0.0
human_t_lymphocyte_cell_line,0,1,0.0
heat_shock_(hs)/stress_protein,0,1,0.0
granulocyte_macrophage-colony_stimulating_factor,0,1,0.0
promoter_context,0,1,0.0
"sn-1,2_dioctanoyl_glycerol",0,1,0.0
natural_killer_cell_(nk)_activation,0,1,0.0
transcription_factor_activator_protein-1,0,1,0.0
c/ebpalpha_mrna,0,1,0.0
hsv_vp16_peptide,0,1,0.0
in_vitro_assay,0,1,0.0
il-4_naf,0,1,0.0
gram-negative_bacterial_endotoxin,0,1,0.0
il-4-dependent_activation,0,1,0.0
pma-activated_human_pbl,0,1,0.0
hematopoietic-specific_transcription_factor,0,1,0.0
kappa_enhancer,0,1,0.0
b_cell_nhl,0,1,0.0
erythroid_maturation,0,1,0.0
immediate-early_viral_gene,0,1,0.0
cell-specific_manner,0,1,0.0
human_helper_t_cell,0,1,0.0
ubiquitous_oct-1_and_b_cell_type_oct-2_protein,0,1,0.0
"alpha_2,6_sialyltransferase_isozyme",0,1,0.0
tissue-damaging_granulocyte,0,1,0.0
porcine_serum,0,1,0.0
intestinal_vitamin_d_receptor,0,1,0.0
lox_promoter,0,1,0.0
interleukin-10_inhibition,0,1,0.0
multiple_docking_sites,0,1,0.0
dnase_i_footprinting,0,1,0.0
tcr_signaling,0,1,0.0
microb_site,0,1,0.0
cellular_dna-binding_transcription_factor,0,1,0.0
fungal_metabolite_gliotoxin,0,1,0.0
stat1_homodimer,0,1,0.0
ap-1_transcriptional_activity,0,1,0.0
glycophorin_a,0,1,0.0
dr_alpha_promoter,0,1,0.0
short_truncated_analog,0,1,0.0
disulfide-linked_dimer,0,1,0.0
protein-protein_level,0,1,0.0
140-kda_surface_antigen,0,1,0.0
cd40-stimulated_b_cell,0,1,0.0
acth_stimulation_test,0,1,0.0
oligoclonal_expansion,0,1,0.0
g1-to-s_phase_transition,0,1,0.0
human_monocyte_pdgf(b)_mrna,0,1,0.0
stat_complex,0,1,0.0
myelomonocytic_lineage,0,1,0.0
gpx_activity,0,1,0.0
effector_domain,0,1,0.0
acidic_activation_domain,0,1,0.0
il13,0,1,0.0
multiple_biologic_activity,0,1,0.0
myeloid_leukemia_cell_line,0,1,0.0
buthionine_sulfoximine,0,1,0.0
ad5e1a-expressing_tumor,0,1,0.0
tax1-mediated_activation,0,1,0.0
carboxyl-terminal_cytoplasmic_tail,0,1,0.0
gc_b-cell_phenotype,0,1,0.0
malignant_lymphoproliferative_disorders,0,1,0.0
chloramphenicol,0,1,0.0
fas_promoter_activity,0,1,0.0
class_ii_mhc_molecule,0,1,0.0
mature_p50,0,1,0.0
4_kb_downstream,0,1,0.0
vascular_invasion,0,1,0.0
pharmacogenetic_syndrome,0,1,0.0
exon_13,0,1,0.0
peroxisome_proliferator,0,1,0.0
monolayer,0,1,0.0
tinur,0,1,0.0
hla-dr4,0,1,0.0
metabolic_activity,0,1,0.0
alpha_b-encoded_isomer,0,1,0.0
mhc_ii,0,1,0.0
all-trans-retinoic_acid-induced_monocytic_differentiation,0,1,0.0
estrogen_target_organ,0,1,0.0
[3h]dexamethasone,0,1,0.0
dr1,0,1,0.0
rwleu-4_cell,0,1,0.0
inflammatory_effector_gene_product,0,1,0.0
lp,0,1,0.0
human_nf-kappa_b,0,1,0.0
brl_49653,0,1,0.0
pyrimidine_(and_fura)_catabolism,0,1,0.0
intrapulmonary_instillation,0,1,0.0
dna_mobility_shift_assay,0,1,0.0
nonmacrophage_cell,0,1,0.0
acetyl_salicylic_acid-mediated_inhibition,0,1,0.0
control,0,1,0.0
activation-induced_p65/p50,0,1,0.0
chemokine_superfamily,0,1,0.0
ang_ii_effect,0,1,0.0
oncogenic_herpesvirus,0,1,0.0
tcr-regulated_ptk,0,1,0.0
purine-rich_element,0,1,0.0
fibrin,0,1,0.0
alpha2beta1_integrin,0,1,0.0
nuclear_factor_kappab_activation,0,1,0.0
glucocorticoid-insensitive_asthma,0,1,0.0
il-4r_alpha_cytoplasmic_domain,0,1,0.0
sac,0,1,0.0
primary_(partial)_cortisol_receptor_resistance,0,1,0.0
human_peripheral_leucocyte,0,1,0.0
immunomodulatory_agent,0,1,0.0
e1a_gene,0,1,0.0
retinoic_acid_receptor_alpha_(raralpha)_locus,0,1,0.0
therapeutic_benefit,0,1,0.0
lipopolysaccharide-stimulated_peripheral_blood_mononuclear_leukocyte,0,1,0.0
c-erbb,0,1,0.0
aberrant_retinoic_acid_metabolism,0,1,0.0
transcription_factor_binding_site,0,1,0.0
normal_murine_t_cell,0,1,0.0
transcription_factor_gata-3,0,1,0.0
delayed-early_il-3-responsive_gene,0,1,0.0
gr_mrna_expression,0,1,0.0
t-cell-specific_transcription,0,1,0.0
mpro_promyelocyte,0,1,0.0
ec-mn_adhesion,0,1,0.0
normocalcemic_patient,0,1,0.0
protein_tyrosine_phosphatase,0,1,0.0
megakaryocytic_pathway,0,1,0.0
interferon_consensus_sequence,0,1,0.0
lymphoproliferative_disease,0,1,0.0
"1,2-bis(o-aminophenoxy)-ethane-n,n,n',n'-tetraacetic_acid",0,1,0.0
apoptotic_cascade,0,1,0.0
monoblast_lineage,0,1,0.0
cell-permeable_diacylglycerol,0,1,0.0
dntp,0,1,0.0
pgd41,0,1,0.0
hsc/_primitive_hpc,0,1,0.0
alphaiibh,0,1,0.0
consolidation_chemotherapy,0,1,0.0
human_autosomal_recessive_disease,0,1,0.0
exogenous_purified_ttg,0,1,0.0
12-o-tetradecanoylphorbol-13-acetate_(tpa)-induced_hl-60_cell_differentiation,0,1,0.0
nfat-dependent_transactivation,0,1,0.0
mononuclear_cell,0,1,0.0
gst-construct,0,1,0.0
p38alpha,0,1,0.0
inflammatory_activity,0,1,0.0
asparagine_bond_rearrangement,0,1,0.0
androgen-regulated_gene,0,1,0.0
tef,0,1,0.0
placebo_treatment_period,0,1,0.0
pre-talpha_mrna,0,1,0.0
crf,0,1,0.0
pre-b_and_b-cell_line,0,1,0.0
ifn-regulated_signal_transduction_pathway,0,1,0.0
antiinflammatory_activity,0,1,0.0
redox-sensitive_transcription_factor,0,1,0.0
nf-kappab_expression,0,1,0.0
transforming_growth_factor_(tgf)-beta1,0,1,0.0
fetal_brain,0,1,0.0
lymphoid-specific_otf-2_factor,0,1,0.0
hgr_cdna,0,1,0.0
47_kda_factor,0,1,0.0
hiv-1_transcription,0,1,0.0
nf-kappa_b1_precursor,0,1,0.0
apoptosis,0,1,0.0
nk_function,0,1,0.0
hocl-mediated_lung_injury,0,1,0.0
hybrid_promoter,0,1,0.0
lbf2,0,1,0.0
tnf-alpha_secretion,0,1,0.0
mu_enhancer_dna,0,1,0.0
human_immunodeficiency_virus_type_1_transcription,0,1,0.0
c5a-induced_calcium_mobilization,0,1,0.0
rp1_mrna,0,1,0.0
igg_fc_receptor,0,1,0.0
neutrophil_elastase,0,1,0.0
hepatitis_b_virus_genome,0,1,0.0
cd49d/cd29,0,1,0.0
adipogenesis,0,1,0.0
lps_inducibility,0,1,0.0
fibronectin_receptor_mrna,0,1,0.0
t-derived_lymphoid_cell,0,1,0.0
adhesive_molecule,0,1,0.0
ie2,0,1,0.0
cellular_protein_synthesis,0,1,0.0
tyrosine_phosphoryl_group,0,1,0.0
dutp,0,1,0.0
early_erythroid_progenitor,0,1,0.0
prostaglandin_pge2,0,1,0.0
nodular_lymphocyte_predominance_subtype,0,1,0.0
second-messenger_ca2+_ion,0,1,0.0
5'-truncation,0,1,0.0
htlv-i_tax_expression,0,1,0.0
nf-kappa_b-regulated_inflammatory_cytokine_gene,0,1,0.0
immunoglobulin_promoter_activity,0,1,0.0
nih-3t3_fibroblast,0,1,0.0
in_vitro_labeled_receptor,0,1,0.0
asymptomatic_carrier,0,1,0.0
ap1-binding_site,0,1,0.0
asthma_bronchiale,0,1,0.0
human_cd34(+)_bone_marrow_cell_survival,0,1,0.0
consensus_gre,0,1,0.0
basophilic_granulocyte,0,1,0.0
"1,25-(oh)2d3",0,1,0.0
lambda_gene,0,1,0.0
cellular_component,0,1,0.0
dna_virus,0,1,0.0
class_ii-positive_nonlymphoid_glioblastoma_cell_line,0,1,0.0
inversion,0,1,0.0
cellular_gene,0,1,0.0
northern_blotting,0,1,0.0
chemotactic_activity,0,1,0.0
intracellular_signaling_cascade,0,1,0.0
fcs-_clonogenic_culture,0,1,0.0
cd19_gene,0,1,0.0
cd15,0,1,0.0
autoregulatory_control,0,1,0.0
genistein,0,1,0.0
il-2r-alpha_expression,0,1,0.0
ru24858,0,1,0.0
oncoproteins,0,1,0.0
lps_signaling,0,1,0.0
differentiating_agent,0,1,0.0
il-7r_signaling,0,1,0.0
multiple_signal_transduction_pathway,0,1,0.0
pure_differentiating_hematopoietic_progenitor,0,1,0.0
bacteriophage_lambda_cdna,0,1,0.0
a6h_ligation,0,1,0.0
rel/nf-kappab_protein,0,1,0.0
plant,0,1,0.0
vdj_recombination,0,1,0.0
two-hybrid_system,0,1,0.0
human_tfiid_protein,0,1,0.0
eosinophil_abnormality,0,1,0.0
cathepsin_k_protein,0,1,0.0
class_ii_non-inducible_rb-defective_tumor_line,0,1,0.0
nonsense_mutation,0,1,0.0
activate_gene,0,1,0.0
arre-2_binding_activity,0,1,0.0
double_repeat-kb_enhancer_sequence,0,1,0.0
gggatttcacc,0,1,0.0
il-1-induced_synthesis,0,1,0.0
warm_hcl,0,1,0.0
eklf-/-_erythrocyte,0,1,0.0
3_kb_upstream,0,1,0.0
crp1,0,1,0.0
cd40-cd40_ligand,0,1,0.0
olf-1,0,1,0.0
natural_ligand,0,1,0.0
msr_mrna,0,1,0.0
bronchoalveolar_lavage_(bal)_cell,0,1,0.0
endothelial_leukocyte_adhesion_molecule_(elam)-1,0,1,0.0
bat_box,0,1,0.0
divalent_gold_ion,0,1,0.0
distal_marker,0,1,0.0
aml1/pebp2_alpha_b,0,1,0.0
abelson_virus,0,1,0.0
ligand_activated_transcription_factor,0,1,0.0
hemodynamic_instability,0,1,0.0
interleukin_(il)-1beta,0,1,0.0
globin_gene_expression,0,1,0.0
scid-hu-int_mouse,0,1,0.0
immunosuppressive_reagent,0,1,0.0
fli-1_transcript,0,1,0.0
rel/nf-kappa_b_activity,0,1,0.0
u1_cell,0,1,0.0
hexameric_receptor_binding_site,0,1,0.0
tnf_promoter_activity,0,1,0.0
breast,0,1,0.0
human_il-4_promoter,0,1,0.0
hybrid_cell,0,1,0.0
fractionated_b_cell_nuclear_protein,0,1,0.0
endogenous_wild-type_itk,0,1,0.0
vitro-differentiated_bcl-xl-/-_embryonic_stem_cell,0,1,0.0
inhibitor_protein_i-kb,0,1,0.0
cellular_iron_availability,0,1,0.0
alpha_4_beta_1_ligation,0,1,0.0
globin_locus_control_region,0,1,0.0
adenomyosis,0,1,0.0
potential_ttg_substrate,0,1,0.0
cytometric_analysis,0,1,0.0
climacteric_syndrome,0,1,0.0
human_leukemic_cell_clone_cem_c7,0,1,0.0
hormone_level,0,1,0.0
proil-1_beta_cap_site,0,1,0.0
hypertension,0,1,0.0
nrl,0,1,0.0
malignancy,0,1,0.0
47_kda_protein_factor,0,1,0.0
activated_kinase,0,1,0.0
sex-and_age-matched_healthy_subject,0,1,0.0
vkc,0,1,0.0
oestrogen_target_organ,0,1,0.0
rip,0,1,0.0
dna_strand_break,0,1,0.0
fresh_peripheral_blood_mononuclear_cell,0,1,0.0
disease,0,1,0.0
"phorbol_ester,_12-o-tetradecanoylphorbol-13-acetate",0,1,0.0
acidic_sphingomyelinase_signal,0,1,0.0
ca2+-induced_activation,0,1,0.0
b-cell-specific_b29_gene,0,1,0.0
ttcaaag_motif,0,1,0.0
transactivating_protein,0,1,0.0
triptolide-induced_parp_degradation,0,1,0.0
effector,0,1,0.0
zymosan-treated_cell,0,1,0.0
gpx,0,1,0.0
ltr_mutation,0,1,0.0
subunit,0,1,0.0
tnf_stimulation,0,1,0.0
cle0_binding_protein,0,1,0.0
e1b_19k_mutant_virus,0,1,0.0
tpa_response_element,0,1,0.0
qr_gene,0,1,0.0
observation_suggest,0,1,0.0
unlabeled_compound,0,1,0.0
atl_sample,0,1,0.0
lps-induced_mrna_level,0,1,0.0
promyelocytic_leukemia_patient,0,1,0.0
nitric_oxide,0,1,0.0
ii_kappa_b-2,0,1,0.0
nh2-terminal_kinase,0,1,0.0
nls_receptor_complex,0,1,0.0
transiently_transfected_b_cell_line,0,1,0.0
g-rich_motif,0,1,0.0
double_nf-kappab_site,0,1,0.0
short-term_systemic_effect,0,1,0.0
codon-10-variant_type,0,1,0.0
reverse_transcriptase-polymerase_chain_reaction,0,1,0.0
mouse_pro-b_cell_line,0,1,0.0
peak_value,0,1,0.0
pathway,0,1,0.0
cytokine_gene_expression,0,1,0.0
marcks-related_protein,0,1,0.0
hiv-mediated_mechanism,0,1,0.0
lps-stimulated_il-1ra_secretion,0,1,0.0
lineage-_and_stage-specific_expression,0,1,0.0
class_ii-restricted_antigen_processing,0,1,0.0
signal_transduction_event,0,1,0.0
human_c_gamma_3_gene,0,1,0.0
lmp-1_ebna-2_response_element,0,1,0.0
total_serum_ige,0,1,0.0
c26_element,0,1,0.0
molt_4,0,1,0.0
vivo_migration,0,1,0.0
thrombomodulin_plasma_concentration,0,1,0.0
phosphocreatine_administration,0,1,0.0
truncated_protein,0,1,0.0
locus-activating_region,0,1,0.0
dnase_i_hypersensitivity,0,1,0.0
ig_heavy_chain,0,1,0.0
direct_dna_sequencing,0,1,0.0
human_mammary_epithelial_cell,0,1,0.0
protein_tyrosine_kinase,1,1,0.0
molecular_biology_study,0,1,0.0
adrenocorticotropic_hormone,0,1,0.0
transforming_growth_factor-beta_1,0,1,0.0
tnf-alpha-inducible_promoter_activity,0,1,0.0
sp1_function,0,1,0.0
dnase-i-hypersensitive_(hs)_regions,0,1,0.0
ca2+/calmodulin_kinase_type_iv/gr,0,1,0.0
t_ag,0,1,0.0
intracellular-free_calcium_ion,0,1,0.0
hb-egf,0,1,0.0
t_cell_receptor_signal_transduction_cascade,0,1,0.0
phosphonate-containing_liposome,0,1,0.0
dhcc,0,1,0.0
140-kda_protein,0,1,0.0
purified_recombinant_ssb,0,1,0.0
monocytic/macrophage_pathway,0,1,0.0
neutrophil_commitment,0,1,0.0
cd40_activation,0,1,0.0
myelomonocytic_cell_specific_gene,0,1,0.0
cag_repeat_length_variation,0,1,0.0
jy,0,1,0.0
nf-atc/p,0,1,0.0
n-terminal_125_amino_acid,0,1,0.0
notch_complex,0,1,0.0
"1,25(oh)2d3_intracellular_receptor",0,1,0.0
germinal_center_(gc)_b_cell,0,1,0.0
c-terminal_ta1_transactivation_domain,0,1,0.0
general_factor,0,1,0.0
blk_promoter_transcription,0,1,0.0
naive_cell,0,1,0.0
a-t,0,1,0.0
kappa_b-dependent_il-6_promoter_activity,0,1,0.0
t_cell_receptor(tcr)_delta_transcript,0,1,0.0
gamma_c_expression,0,1,0.0
nrds,0,1,0.0
secondary_granule_protein,0,1,0.0
propidium_iodide_staining,0,1,0.0
ebv-transformed_cell_line,0,1,0.0
trance,0,1,0.0
murine_bone_marrow_cell,0,1,0.0
gammac_chain_gene,0,1,0.0
hiv-1_transactivator,0,1,0.0
immune-endocrine_interplay,0,1,0.0
fetal/adult_alpha_globin_gene,0,1,0.0
ngal_expression,0,1,0.0
p50/nf-kappa_b-mediated_inhibition,0,1,0.0
major_histocompatibility_complex_class_ii_molecule,0,1,0.0
hmg-i,0,1,0.0
j_kappa,0,1,0.0
normal_pregnant_women,0,1,0.0
oxidative_signalling,0,1,0.0
interleukin-5,0,1,0.0
5'-most_ets_site,0,1,0.0
cytokine_signalling,0,1,0.0
janus_protein-tyrosine_kinase_3,0,1,0.0
low-density_lipoprotein,0,1,0.0
hmg_domain,0,1,0.0
luciferase_expression,0,1,0.0
human_prl_(hprl)_gene,0,1,0.0
endothelial_cell_surface,0,1,0.0
nonresponsiveness,0,1,0.0
basic_amino_acid,0,1,0.0
gal4-k_protein,0,1,0.0
transduced_stem_cell,0,1,0.0
ion_793,0,1,0.0
immunoregulatory_protein,0,1,0.0
bob1,0,1,0.0
c-terminal_region,0,1,0.0
ra_response,0,1,0.0
aids-gr,0,1,0.0
12-o-tetradecanoylphorbol_13-acetate,0,1,0.0
physiologically_relevant_promoter,0,1,0.0
viral_latent_gene_promoter,0,1,0.0
electrophoresis_mobility_shift_assay,0,1,0.0
pituitary-specific_start_site,0,1,0.0
kb_cell,0,1,0.0
ebv-bhrf1,0,1,0.0
recombinant_human_tshr_extracellular_domain,0,1,0.0
slap-130,0,1,0.0
il-2-dependent_proliferation,0,1,0.0
pp90rsk_activity,0,1,0.0
cho-dr/b7/lfa-3,0,1,0.0
dihydrolipoic_acid,0,1,0.0
fc_gamma_r,0,1,0.0
activated_t-cell,0,1,0.0
avian_sarcoma/leukemia_virus_ltr,0,1,0.0
a-t_patient,0,1,0.0
shp1-deltash2,0,1,0.0
cd14_ag,0,1,0.0
dna_probe,0,1,0.0
uninduced_myelomonocytic_cell_line,0,1,0.0
cd68,0,1,0.0
p38,0,1,0.0
calcineurin_mutation,0,1,0.0
asthmatic_patient,0,1,0.0
humara,0,1,0.0
competitive_polymerase_chain_reaction,0,1,0.0
gm-csf_transcription_initiation_site,0,1,0.0
il-1_receptor-associated_kinase,0,1,0.0
neutral_sphingomyelinase,0,1,0.0
human_epithelial_cell,0,1,0.0
nuclear_nf_kappa_b,0,1,0.0
naov,0,1,0.0
internal_methionine_codon,0,1,0.0
extrauterine_site,0,1,0.0
"immunodominant,_cd8(+)_cytotoxic_t_lymphocyte_(ctl)_response",0,1,0.0
vdr_genotype,0,1,0.0
downstream_beta-like_globin_gene,0,1,0.0
zta,0,1,0.0
severe_gut_inflammation,0,1,0.0
immunodeficiency_syndrome,0,1,0.0
g1_cyclin,0,1,0.0
lymphoid-restricted_gene,0,1,0.0
t(8;21)_aml,0,1,0.0
distal_nuclear_factor_(nf)-at,0,1,0.0
transfected_clone,0,1,0.0
cd2-mediated_interleukin-2_production,0,1,0.0
x-ray_irradiation,0,1,0.0
membrane-bound_deltae,0,1,0.0
group_a,0,1,0.0
il-13_receptor_complex,0,1,0.0
ebv-negative_b-cell_line,0,1,0.0
transmembrane_activator_and_caml-interactor,0,1,0.0
aminoterminal_region,0,1,0.0
dra_reporter_plasmid,0,1,0.0
lmp_gene,0,1,0.0
malignant_breast_tumor,0,1,0.0
naive_cd4_t_cell,0,1,0.0
50_kd_factor,0,1,0.0
s49_cell,0,1,0.0
sds-page,0,1,0.0
ap3-like_motif,0,1,0.0
cd4_gene_transcription_start_site,0,1,0.0
rat_mammary_carcinoma,0,1,0.0
ggggaatctccc,0,1,0.0
androgen_receptors,0,1,0.0
hpv-18,0,1,0.0
mrl-ipr/ipr_(ipr)_peripheral_cd4-cd8-_(cd4-8-)_t_cell,0,1,0.0
casein_kinase_ii,0,1,0.0
primary_cultured_human_erythroid_precursor,0,1,0.0
basal_factor,0,1,0.0
"cd4+,_dqa1*0501/dqb1*0201_(dq2.1)-restricted,_hsv-2-specific_t_cell_clone",0,1,0.0
hela_nonpituitary_cell,0,1,0.0
sarco(endo)plasmic_reticulum,0,1,0.0
otf2,0,1,0.0
membrane_fraction,0,1,0.0
p95vav_activity,0,1,0.0
normal_human,0,1,0.0
21-base_pair_sequence,0,1,0.0
cd2,0,1,0.0
spleen,0,1,0.0
anlage,0,1,0.0
multiple_gene_reporter,0,1,0.0
electrophoretic_mobility_shift,0,1,0.0
"total_1,25(oh)2d3_uptake",0,1,0.0
media-stimulated_t-cell,0,1,0.0
gal4_dna_binding_site,0,1,0.0
healthy_untrained_male_volunteer,0,1,0.0
ito,0,1,0.0
equimolar_heterodimerization,0,1,0.0
rel_a,0,1,0.0
g76,0,1,0.0
ing-1,0,1,0.0
steroid-resistant_group,0,1,0.0
purified_protein_derivative,0,1,0.0
autofluoresence,0,1,0.0
spleen_primordia,0,1,0.0
latency_type_ii_pattern,0,1,0.0
sh3_domains,0,1,0.0
ifn-gammar,0,1,0.0
c-jun_nh2-terminal_mapk,0,1,0.0
noncanonical_octamer_motif,0,1,0.0
gene_transcriptional_activity,0,1,0.0
ig_production,0,1,0.0
ccaat_sequence,0,1,0.0
roi-mediated_signal,0,1,0.0
hiv_protein,0,1,0.0
m-crf,0,1,0.0
human_ige_germline_gene,0,1,0.0
inhibitor_protein,0,1,0.0
mcd14-mediated_lps_uptake,0,1,0.0
synthetic_oligonucleotides,0,1,0.0
oct2-isoform,0,1,0.0
map_kinase_signal_transduction_pathway,0,1,0.0
shigella_flexneri_icsa_protein,0,1,0.0
biochemical_intervention,0,1,0.0
rar-rxr_response_pathway,0,1,0.0
transfection_experiment,0,1,0.0
prolonged_corticosteroid_treatment,0,1,0.0
ferritin_expression,0,1,0.0
nf-at_oligonucleotide,0,1,0.0
chloram-phenicol_acetyltransferase,0,1,0.0
complex_upstream_element,0,1,0.0
arnicae_flos,0,1,0.0
ap-1_family,0,1,0.0
jr-st_cell,0,1,0.0
rat_thymus,0,1,0.0
cytokine_gene_induction,0,1,0.0
nm23,0,1,0.0
cytoplasmic_extract,0,1,0.0
1206_nucleotide,0,1,0.0
nfkappab,0,1,0.0
proximal_lck_promoter,0,1,0.0
nfat_docking_site_peptide,0,1,0.0
human_il-2_activated_nk_cell,0,1,0.0
t(17;19)_(q22;p13)_chromosomal_translocation,0,1,0.0
immunosuppression,0,1,0.0
cell_cycle_analysis,0,1,0.0
fibrin_deposition,0,1,0.0
human_tafii_105,0,1,0.0
sm_protein,0,1,0.0
52_kd,0,1,0.0
b_cell-encoded_gene,0,1,0.0
cfms_mrna,0,1,0.0
interleukin-4-responsive_element,0,1,0.0
composite_pu.1_and_pip_site,0,1,0.0
familial_ovarian_cancer_case,0,1,0.0
15b-7,0,1,0.0
cis-acting_dominant_negative_regulatory_effect,0,1,0.0
early_human_adult_hematopoiesis,0,1,0.0
human_ramos_b_cell,0,1,0.0
ca(2+)-dependent_membrane_potential_change,0,1,0.0
p49(100)_dna_binding_subunit,0,1,0.0
fluorogenic_peptide,0,1,0.0
major_immediate-early_gene,0,1,0.0
105_kd,0,1,0.0
usa-derived_component,0,1,0.0
protein_kinase_a_site,0,1,0.0
membrane_tyrosine_phosphatase,0,1,0.0
vddr-ii,0,1,0.0
alagille_syndrome,0,1,0.0
ifn_alpha-containing_regimen,0,1,0.0
93_and_150_nucleotides_upstream,0,1,0.0
wild-type_tlr2,0,1,0.0
epithelial_icam-1,0,1,0.0
opioid_level,0,1,0.0
pulmonary_surfactant,0,1,0.0
receptor_clustering,0,1,0.0
septic_patient,0,1,0.0
mtcp1_putative_oncogene,0,1,0.0
e14_t_lymphoma_cel,0,1,0.0
hiv-infected_t_cell,0,1,0.0
ics,0,1,0.0
tumor_necrosis_factor_receptor-associated_factor_3_binding_site,0,1,0.0
classical_vitamin_d_receptor,0,1,0.0
tcr-like_signal,0,1,0.0
junb_protein,0,1,0.0
rxr-rxr_pathway,0,1,0.0
intracellular_binding_protein,0,1,0.0
proline-_and_glutamine-rich_region,0,1,0.0
culture_medium,0,1,0.0
growth-affecting_gene,0,1,0.0
anti-inflammatory_agent,0,1,0.0
fmet-leu-phe,0,1,0.0
rela(p65)_mrna,0,1,0.0
sulfhydryl_agent_dithiothreitol,0,1,0.0
c-fes_5'-flanking_sequence,0,1,0.0
cellular_signal,0,1,0.0
threonine,0,1,0.0
acute_myeloid_leukemia_m2-type_cell_line,0,1,0.0
full_length_cdna,0,1,0.0
mhc_class_ii_density,0,1,0.0
human_thrombospondin_1_gene,0,1,0.0
class_ii_negative_t_cell_line,0,1,0.0
mature_platelet_function,0,1,0.0
mll,0,1,0.0
parathyroid_hormone-related_protein_gene_promoter,0,1,0.0
atypical_presentation,0,1,0.0
between_-3134_and_-2987,0,1,0.0
p45_nf-e2_expression,0,1,0.0
il-12p40_mrna,0,1,0.0
spi-1_oncogene,0,1,0.0
anti-cd3_antibody,0,1,0.0
x-_chromosome,0,1,0.0
ad-transformed_human_cell,0,1,0.0
cytoplasmic_signaling_molecule,0,1,0.0
tcr_rearrangement,0,1,0.0
hvs,0,1,0.0
h-7-sensitive_kinase_pathway,0,1,0.0
cyclic_undecapeptide,0,1,0.0
virions,0,1,0.0
map_kinase,0,1,0.0
immunoglobulin_light-chain_gene,0,1,0.0
ngal-expressing_tumor,0,1,0.0
p50/65,0,1,0.0
human_or_rat_tissue,0,1,0.0
hiv_tat_protein,0,1,0.0
65-kd_protein,0,1,0.0
endothelial_mcp-1_secretion,0,1,0.0
monensine,0,1,0.0
mrna_differential_display,0,1,0.0
kappa_b-directed_transcription,0,1,0.0
cell_culture,0,1,0.0
loss-of-function,0,1,0.0
tf-specific_kappab_site,0,1,0.0
enlarging_vulvar_mass,0,1,0.0
stat3_signaling,0,1,0.0
b_cell-derived_cdna,0,1,0.0
mitogen-activated_protein_kinase_activation,0,1,0.0
68_kda,0,1,0.0
igm-secreting_plasma_cell,0,1,0.0
oxidoreductive_regulatory_pathway,0,1,0.0
erythropoietin-mediated_signal,0,1,0.0
specific_promoter_motif,0,1,0.0
long-term_clinical_effect,0,1,0.0
humara_assay,0,1,0.0
sibling,0,1,0.0
promoter_dna,0,1,0.0
pge2-mediated_activation_effect,0,1,0.0
quiescence,0,1,0.0
human_leukocyte,0,1,0.0
u-937_cell_adhesion,0,1,0.0
angiotensin,0,1,0.0
serine_kinase_target,0,1,0.0
interleukin-12,0,1,0.0
mhc_class_ii_immunodeficiency,0,1,0.0
mek1s218/222a,0,1,0.0
cytosolic_receptor,0,1,0.0
class_a_msr,0,1,0.0
fetal_antigen,0,1,0.0
pharmacogenetic,0,1,0.0
mie,0,1,0.0
temporal_control,0,1,0.0
hypothalamic-hypophyseal-adrenocortical_system,0,1,0.0
lmp_promoter-binding_protein,0,1,0.0
eklf_heterozygote,0,1,0.0
long_terminal_repeat_(ltr)_sequence_diversity,0,1,0.0
stress-activated_kinase_pathway,0,1,0.0
allele-specific_expression,0,1,0.0
monocyte_to_macrophage_maturation,0,1,0.0
genomic_sequence,0,1,0.0
hsp70-mediated_inhibition,0,1,0.0
circulating_lymphocyte,0,1,0.0
e3_transcript,0,1,0.0
growth_factor-stimulated_cell_proliferation,0,1,0.0
positive_regulator,0,1,0.0
heparin-binding_epidermal_growth_factor-like_growth_factor,0,1,0.0
ca2+_flux,0,1,0.0
complex_enhancer,0,1,0.0
astrocytoma_cell_line,0,1,0.0
6tg1.1_cell,0,1,0.0
transfected_tissue_culture_cells,0,1,0.0
bzlf1_transcription,0,1,0.0
finely_granular_sudan_black_b_and_myeloperoxidase_cytochemical_reactivity,0,1,0.0
threonine_78,0,1,0.0
hiv_production,0,1,0.0
mammary_cancer_patient,0,1,0.0
poly_(i).poly_(c),0,1,0.0
human_mzf-1,0,1,0.0
tal1_expression,0,1,0.0
specific_gene,0,1,0.0
chromosome_9,0,1,0.0
transgenic_mouse,0,1,0.0
uterine_decidua,0,1,0.0
nov1,0,1,0.0
high_affinity_fc_gammari_receptor,0,1,0.0
anti-cd3/anti-cd28_mab,0,1,0.0
r-pk_promoter,0,1,0.0
htlv-i_p40tax,0,1,0.0
glucocorticosteroid_receptor,0,1,0.0
nfat-1_element,0,1,0.0
microtubule_disruption,0,1,0.0
steroid-resistant_patient,0,1,0.0
caspase,0,1,0.0
specific_binding,0,1,0.0
inhibitory_sequence,0,1,0.0
cell_surface_expression,0,1,0.0
ebna-lp,0,1,0.0
gc_box_binding_protein,0,1,0.0
prl-inducible_beta-casein_expression,0,1,0.0
von_willebrand_receptor,0,1,0.0
t-cell_proliferation,0,1,0.0
e2f_heterodimer,0,1,0.0
cd69_promoter-based_reporter_gene_construct,0,1,0.0
hel,0,1,0.0
acid_phosphatase,0,1,0.0
csa-resistant_cd28-signaling_pathway,0,1,0.0
cd19_gc_box,0,1,0.0
rat_lymphocyte,0,1,0.0
erythrocyte_receptor,0,1,0.0
sri,0,1,0.0
human_monoblastic_leukemia_cell_line_u937,0,1,0.0
native_peptide_ligand,0,1,0.0
tata_sequence,0,1,0.0
64.1,0,1,0.0
cd36-ox_ldl_interaction,0,1,0.0
peptide-based_vaccine,0,1,0.0
immediate-early_(ie)_response_gene,0,1,0.0
nuclear_body,0,1,0.0
nuclear_grade,0,1,0.0
ser-36,0,1,0.0
o-phenanthroline,0,1,0.0
smad7,0,1,0.0
e2a_moiety,0,1,0.0
malignant_fibrous_histiocytoma,0,1,0.0
alpha_globin,0,1,0.0
pma/ionomycin_treatment,0,1,0.0
cd11b_expression,0,1,0.0
bcl-2_deficient,0,1,0.0
ie62_peptide,0,1,0.0
granulocyte_lineage,0,1,0.0
lymphoid-specific_transcription_factor_oct2,0,1,0.0
alpha-naphthyl_acetate_esterase,0,1,0.0
"1alpha,25(oh)2-lumisterol3",0,1,0.0
position_1,0,1,0.0
single_mhc/peptide_complex,0,1,0.0
terminal_granulocyte,0,1,0.0
pgg-glucan,0,1,0.0
amino_acid_57,0,1,0.0
chronic_treatment,0,1,0.0
human_myelomonocytic_lineage,0,1,0.0
tcc-inducible_mitotic_signaling,0,1,0.0
murine_fosb_gene,0,1,0.0
hiv_expression,0,1,0.0
granulocyte-macrophage_colony-stimulating_factor_promoter,0,1,0.0
mast_cell,0,1,0.0
consensus_nf-kappa_b_oligonucleotide,0,1,0.0
gamma_interferon-induced_tyrosine_phosphorylation,0,1,0.0
chimeric_receptor,0,1,0.0
apocynin,0,1,0.0
infected_monocyte,0,1,0.0
nonhuman_primate_model,0,1,0.0
amino_acid_279,0,1,0.0
il-10-treated_cell,0,1,0.0
pdx-1/ipf1/stf-1,0,1,0.0
activation_program,0,1,0.0
glucocorticoid_(gc)_insensitivity,0,1,0.0
restriction_enzyme-generated_restriction_fragment_length_polymorphism,0,1,0.0
interferon_(ifn)_gene_transfer,0,1,0.0
cytokine_mrna_accumulation,0,1,0.0
porcine_vascular_endothelial_cell_line,0,1,0.0
cyclosporin_a-sensitive_tumor_necrosis_factor-alpha_gene_transcription,0,1,0.0
human_tumor,0,1,0.0
lung_nf-kappab,0,1,0.0
dominant_ikappab,0,1,0.0
2'-deoxy-3'-adenosine_monophosphate,0,1,0.0
ck-1,0,1,0.0
cloned_voltage-gated_na+_channel,0,1,0.0
c-erba-dependent_activation,0,1,0.0
1-(5-isoquinolinyl-sulfonyl)-2-methylpiperazine,0,1,0.0
human_gata-4,0,1,0.0
cd8+_ctl_line,0,1,0.0
adenovirus-specific_pcr,0,1,0.0
phorbol_12-myristate_13-acetate-induced_activation,0,1,0.0
oligo_sequence_i_stimulated_proliferation,0,1,0.0
sre_dna,0,1,0.0
u1,0,1,0.0
25(oh)d3-24-hydroxylase,0,1,0.0
monocyte_tf_induction,0,1,0.0
human_t_cell_lymphotropic_virus_i,0,1,0.0
mhc-diverse_human_population,0,1,0.0
ebv-positive_b-cell,0,1,0.0
tnf-alpha-mediated_degradation,0,1,0.0
44_bp,0,1,0.0
traf_aggregation,0,1,0.0
mouse_macrophage_inflammatory_protein-1alpha_(mip-1alpha)_receptor_gene,0,1,0.0
pro-b_cell,0,1,0.0
monocytic_gene,0,1,0.0
healthy_thyroid_gland,0,1,0.0
cell_to_cell_communication,0,1,0.0
lps-induced_expression,0,1,0.0
antigen_receptor,0,1,0.0
oct2ba,0,1,0.0
murine_baf3_cell,0,1,0.0
human_lymphoblastic_jurkat_t_cell,0,1,0.0
human_monocyte-derived_macrophage,0,1,0.0
pmlrar_alpha_cdna,0,1,0.0
nucleoside_analog,0,1,0.0
human_nm23-h2_gene_product,0,1,0.0
mechanism_of_activation,0,1,0.0
cytokine_imbalance,0,1,0.0
macrophage_cell,0,1,0.0
stat_(signal_transducers_and_activators_of_transcription)_6,0,1,0.0
gel_retardation,0,1,0.0
tnf_alpha_concentration,0,1,0.0
ebv_gene,0,1,0.0
hypothalamic-pituitary-adrenocortical_(hpa)_axis,0,1,0.0
ciita_mutant,0,1,0.0
bruton's_agammaglobulinemia_tyrosine_kinase,0,1,0.0
cv-1_cell,0,1,0.0
nfkappab-mediated_gene_expression,0,1,0.0
blood_lactate_concentration,0,1,0.0
vitd3-_and_ra-induced_monocytic_differentiation,0,1,0.0
activated_b_lymphocyte,0,1,0.0
human_type_i_il-1r,0,1,0.0
anti-calla-fitc,0,1,0.0
dqb_x-box,0,1,0.0
immunodeficiency_virus,0,1,0.0
differentiation_inhibitory_activity,0,1,0.0
complement_receptor,0,1,0.0
human_gamma_3_ecs,0,1,0.0
proximal_cd19_promoter,0,1,0.0
multiple_organ_dysfunction,0,1,0.0
5'_noncoding_region,0,1,0.0
xpb_gene,0,1,0.0
endogenous_intracellular_receptor,0,1,0.0
hstat5,0,1,0.0
igg,0,1,0.0
endogenous_c/ebp_protein,0,1,0.0
human_lymphoblastoid_cell_line,0,1,0.0
zdevd-fmk,0,1,0.0
cdc42-like_fashion,0,1,0.0
cell-mediated_immunity,0,1,0.0
4_beta-phorbol_12-myristate_13-acetate,0,1,0.0
adult_t_cell_leukemia-derived_factor,0,1,0.0
n-acetyl-cysteine,0,1,0.0
bh2,0,1,0.0
immediate-early_major_tegument_protein,0,1,0.0
murine_il-2_mrna,0,1,0.0
ciita_gene,0,1,0.0
multiple_dna_binding,0,1,0.0
chromosome_constitution,0,1,0.0
20q,0,1,0.0
v-erb_a_oncoprotein,0,1,0.0
transcription_factor_expression_vector,0,1,0.0
shared_receptor_motif,0,1,0.0
unprimed_eosinophil_phenotype,0,1,0.0
hela_cell,0,1,0.0
electrophoretic_mobility_supershift_assay,0,1,0.0
gata-1_activity,1,1,0.0
ifn_alpha-based_therapy,0,1,0.0
jurkat_t_cell_line,0,1,0.0
putative_new_retrovirus,0,1,0.0
ba92,0,1,0.0
tax-mediated_breakdown,0,1,0.0
polycythemia_vera,0,1,0.0
slide_assay,0,1,0.0
oncogenic_virus,0,1,0.0
ap-1_family_member,0,1,0.0
major_susceptibility_gene,0,1,0.0
n-terminal_phosphorylation,0,1,0.0
human_primary_t-lymphocyte,0,1,0.0
chronic_glomerulonephritis,0,1,0.0
gp_ib_alpha_promoter_activity,0,1,0.0
human_8e51_t-cells,0,1,0.0
cho-cd86,0,1,0.0
naive_human_helper_t_cell,0,1,0.0
ets-like_motifs,0,1,0.0
immunotherapy,0,1,0.0
mcp-1_rna_level,0,1,0.0
ifn_receptor_family,0,1,0.0
p2,0,1,0.0
hmg_protein_family,0,1,0.0
insulin_gene_promoter,0,1,0.0
lytic_ebv_expression,0,1,0.0
ras_activation,0,1,0.0
complement_receptor-1,0,1,0.0
monocytic_cell_line_u1,0,1,0.0
host_cell,0,1,0.0
cytotoxic_t_lymphocyte_response,0,1,0.0
hmg-i(y)_protein,0,1,0.0
gp41-induced_il-10_up-regulation,0,1,0.0
5'_enhancer,0,1,0.0
tl-mor,0,1,0.0
high-affinity_calcineurin-binding_peptide,0,1,0.0
alpha-tocopherol_treatment,0,1,0.0
h4_promoter,0,1,0.0
tumor-specific_immune_response,0,1,0.0
hepatocyte_damage,0,1,0.0
camp-regulated_gene,0,1,0.0
extracellular_cysteine_supply,0,1,0.0
targeted_expression,0,1,0.0
daidzein,0,1,0.0
acetylated_histone_h4,0,1,0.0
24r-hydroxylase_activity,0,1,0.0
morphologic_change,0,1,0.0
phorbol_ester-treated_u937_cell,0,1,0.0
tat-_human_immunodeficiency_virus,0,1,0.0
317_base_pair_region,0,1,0.0
nonstructured_basal_promoter,0,1,0.0
nf-kappa_b-independent_activity,0,1,0.0
rxr-specific_ligand,0,1,0.0
therapeutic_drug,0,1,0.0
signal_transduction_abnormality,0,1,0.0
chromatin_fragmentation,0,1,0.0
vitamin_d-responsive_element_(vdre)-reactive_nuclear_protein_complex,0,1,0.0
isoquinoline_derivative_h7,0,1,0.0
il-5_production,0,1,0.0
ubiquitinylation,0,1,0.0
lysp100_nuclear_dot,0,1,0.0
nonpeptidyl_small_molecule,0,1,0.0
saf,0,1,0.0
-24,0,1,0.0
long_arm,0,1,0.0
spontaneous_abortion,0,1,0.0
1p36,0,1,0.0
cd45-negative_variant,0,1,0.0
placenta,0,1,0.0
vdr/rxr_dna-binding_complex,0,1,0.0
plasma_ifn_alpha,0,1,0.0
gata-1_expression,0,1,0.0
aa2_cell,0,1,0.0
single_point_estimation,0,1,0.0
antigen_handling_cell,0,1,0.0
dimethylpimelimidate,0,1,0.0
mc38_colon_adenocarcinoma,0,1,0.0
pre-b_cell_lin,0,1,0.0
homeobox_(hox)_dna-binding_domain,0,1,0.0
beta-lipoprotein,0,1,0.0
cxc_subfamily,0,1,0.0
in_vivo_activation,0,1,0.0
p75,0,1,0.0
bp_-90_to_-82,0,1,0.0
c/ebp_activator,0,1,0.0
transcriptionally_active_p65(rela)/p50_heterodimer,0,1,0.0
flap,0,1,0.0
mdhm-induced_increase,0,1,0.0
atopic_patients,0,1,0.0
angiotensin_ii,0,1,0.0
upstream_regulatory_sequence,0,1,0.0
ciita-expressing_cell,0,1,0.0
t_cell_cytoskeleton,0,1,0.0
terminal_granulocyte_differentiation,0,1,0.0
pkc-dependent_pathway,0,1,0.0
acute_promyelocytic_cell,0,1,0.0
elk-1,0,1,0.0
synthetic_lipopeptide,0,1,0.0
novel_inhibitor,0,1,0.0
sp1_element,0,1,0.0
interferon-gamma_treatment,0,1,0.0
cd23,0,1,0.0
lef-1,0,1,0.0
fibroblast_line,0,1,0.0
anti-hcmv_immunoglobulin_g-seropositive_donor,0,1,0.0
non-sequence-specific,0,1,0.0
guanine,0,1,0.0
viral_dna_polymerase,0,1,0.0
ccaat/enhancer_binding_protein,0,1,0.0
leukocyte_adherence,0,1,0.0
immunomodulatory_cytokine,0,1,0.0
lysozyme_release,0,1,0.0
transient_pseudohypoaldosteronism,0,1,0.0
type_i_corticosteroid_receptor,0,1,0.0
interleukin-1beta_protein,0,1,0.0
t_helper_cell_cytokine_gene_expression,0,1,0.0
co-cultured_bronchial_epithelial_cell,0,1,0.0
cis-acting_dna_element,0,1,0.0
affinity_property,0,1,0.0
phosphatidylinositol-3-kinase,0,1,0.0
mature_t-cell_leukemia,0,1,0.0
dna-protein_complex_formation,0,1,0.0
elf-2,0,1,0.0
interleukin-2_production,0,1,0.0
n-acetylcysteine_inhibition,0,1,0.0
single_mutation,0,1,0.0
t_helper_cell_cytokine_gene,0,1,0.0
androgen_receptor_(ar)_gene,0,1,0.0
zebra,0,1,0.0
glucocorticoid_(gc)-insensitive_asthma,0,1,0.0
-70_bp,0,1,0.0
allergic_inflammatory_response,0,1,0.0
transcription_mechanism,0,1,0.0
vitro_footprinting,0,1,0.0
x_inactivation_status,0,1,0.0
il-1beta-converting_enzyme_family_protease_inhibitor,0,1,0.0
retinoid_x_receptor,0,1,0.0
caspase-3/cpp32,0,1,0.0
nonspecific_esterase_activity,0,1,0.0
mitogen-activated_protein_kinase_family,0,1,0.0
polymorphonuclear_neutrophil,0,1,0.0
t3-response,0,1,0.0
ec_activation,0,1,0.0
interleukin_1-beta,0,1,0.0
intracellular_adhesion_molecule-1,0,1,0.0
major_myeloid_lineage,0,1,0.0
human_c-c_chemokine_receptor,0,1,0.0
macrophage_inflammatory_protein_(mip)-1alpha,0,1,0.0
transient_expression_assay,0,1,0.0
t_cell_reactivity,0,1,0.0
pkc_inhibitor,0,1,0.0
immature_bone_marrow_cell,0,1,0.0
transcriptional_suppressor_protein,0,1,0.0
hiv_ltr,0,1,0.0
interacting_protein,0,1,0.0
agonist-dependent_phosphorylation,0,1,0.0
cd8+_cytotoxic_t_lymphocyte,0,1,0.0
gel_mobility_shift,0,1,0.0
anti-rabbit_hsp90_monoclonal_antibody,0,1,0.0
human_retinoblastoma_gene,0,1,0.0
human_peripheral_blood,0,1,0.0
chemokine,0,1,0.0
vector,0,1,0.0
729-6_b_cell_line,0,1,0.0
inhibitory_ikappab_mutant,0,1,0.0
defensin_sensitivity,0,1,0.0
lps-induced_bioactive_il-12_production,0,1,0.0
c/ebp_transcriptional_activator,0,1,0.0
b_cell_hyperreactivity,0,1,0.0
nkl_cell,0,1,0.0
t_leukemic_cell_line_jurkat,0,1,0.0
-2010_and_-1954,0,1,0.0
sivmac251,0,1,0.0
acute_lung_injury,0,1,0.0
dominant_negative_inhibitor,0,1,0.0
bcl-x(l)_expression,0,1,0.0
myf6,0,1,0.0
dna_region,0,1,0.0
monocytic_differentiation,0,1,0.0
hla_dqb1*0201,0,1,0.0
heart_failure,0,1,0.0
dermis,0,1,0.0
"h9,_cem",0,1,0.0
cd20,0,1,0.0
dq3.2-peptide_complex,0,1,0.0
peripheral_mononuclear_cell,0,1,0.0
cyclin-dependent_kinase,0,1,0.0
htlv-1_transactivator_protein,0,1,0.0
suppressive_effect,0,1,0.0
t_cell_receptor_transgenic_mouse,0,1,0.0
glucocorticoid-induced_reduction,0,1,0.0
gp91phox_promoter_construct,0,1,0.0
pc4-depleted_usa_fraction,0,1,0.0
c-c_chemokine,0,1,0.0
br4,0,1,0.0
mouse_70z/3_cell,0,1,0.0
ala-x-ala,0,1,0.0
nucleus,0,1,0.0
mature_t_cell,0,1,0.0
type_ii_receptor,0,1,0.0
tal1_transcription,0,1,0.0
co-transfection_experiment,0,1,0.0
wild_type_cem,0,1,0.0
cd14_expression,0,1,0.0
pebp2_alpha_b,0,1,0.0
core_histone,0,1,0.0
cross-linking_antibody,0,1,0.0
octamer_independent_activation,0,1,0.0
transcription_factor_sp1,0,1,0.0
b_cell_specific_transcription_factor,0,1,0.0
tggaaattcc,0,1,0.0
staurosporin,0,1,0.0
stress-responsive_hsp70_protein,0,1,0.0
mouse,0,1,0.0
nf-kappa_b/rel/nfat_transcription_factor,0,1,0.0
antigenic_stimulation,0,1,0.0
consensus_site,0,1,0.0
basc_6c2,0,1,0.0
alpha-galactosidase,0,1,0.0
cro-ap/3_and_hhv-8+/ebv+_pel,0,1,0.0
nested_primer,0,1,0.0
serine_residue,0,1,0.0
ap-2_expression_construct,0,1,0.0
transcript_initiation,0,1,0.0
maximal_inhibition,0,1,0.0
polymerase_chain_reaction_assay,0,1,0.0
leukocyte-type_12-lipoxygenase,0,1,0.0
acute_inflammatory_injury,0,1,0.0
jurkat_expression_library,0,1,0.0
dnasel_hypersensitive_site,0,1,0.0
mmp-9_activity,0,1,0.0
bisindolylmaleimide,0,1,0.0
lymphocyte-specific_negative_regulation,0,1,0.0
hodgkin's_disease_marker,0,1,0.0
v-erba_oncogene_action,0,1,0.0
immune_complex,0,1,0.0
chloramphenicol_acetyltransferase_(cat)_gene,0,1,0.0
enhancer_activity,0,1,0.0
mrp14,0,1,0.0
ikappab_kinase_alpha,0,1,0.0
hil-5,0,1,0.0
x-chromosome_methylation_pattern,0,1,0.0
kappab_site,0,1,0.0
mitogen-inducible_transcription_factor,0,1,0.0
mla_144_t_cell_line,0,1,0.0
erythroid_cell_growth,0,1,0.0
major_histocompatibility_complex-restricted_fashion,0,1,0.0
hl60_cell_differentiation,0,1,0.0
inducible_factor_nf-gm2,0,1,0.0
glycation_reaction,0,1,0.0
tnfrp55,0,1,0.0
b_cell_function,0,1,0.0
alpha_a-gene_product,0,1,0.0
kappa_b_binding_protein,0,1,0.0
tnfalpha_signalling,0,1,0.0
high-level_il-4_production,0,1,0.0
tcf-1_protein,0,1,0.0
alveolar_macrophage,0,1,0.0
human_cd86,0,1,0.0
human_mononuclear_phagocyte,0,1,0.0
il-2_teceptor,0,1,0.0
upstream_delta-globin_region,0,1,0.0
env_gene,0,1,0.0
growth_signaling_pathway,0,1,0.0
human_ifngr1_small_deletion_hotspot,0,1,0.0
genomic_organisation,0,1,0.0
psa_level,0,1,0.0
breast_cancer_reactive_antibody-dependent_cellular_cytotoxicity,0,1,0.0
megakaryocytic_cell,0,1,0.0
obligatory_heterodimerization,0,1,0.0
calcium_signaling,0,1,0.0
t_cell-specific_gene,0,1,0.0
caspase-1,0,1,0.0
intraluminal_administration,0,1,0.0
transmembrane_protein,0,1,0.0
prl_stimulation,0,1,0.0
pharmacodynamic,0,1,0.0
"wy_14,643",0,1,0.0
t_cell_immunity,0,1,0.0
p50_dimer,0,1,0.0
n-tosylphenylalanine_chloromethyl_ketone,0,1,0.0
bmt,0,1,0.0
reporter_gene_strategy,0,1,0.0
human_t-cell_leukemia_virus-encoded_tax_protein,0,1,0.0
soluble_tumor_necrosis_factor_receptor,0,1,0.0
il-8_promoter,0,1,0.0
tbp-associated_factor,0,1,0.0
fetal_bovine_serum,0,1,0.0
chronically_hiv_infected_u937_cell_line,0,1,0.0
nk_cytotoxicity,0,1,0.0
cdk_inhibitor,0,1,0.0
rapid_accumulation,0,1,0.0
5-bromo-2'-deoxyuridine_incorporation,0,1,0.0
receptor-ligand_pair,0,1,0.0
cytokine_receptor_gamma_chain_(gamma_c)_gene,0,1,0.0
transient_transfection,0,1,0.0
fcgammari,0,1,0.0
cp,0,1,0.0
threonine_residue,0,1,0.0
e6-ap,0,1,0.0
activated_t_cell,0,1,0.0
protein_synthesis,0,1,0.0
c-myb_gene,0,1,0.0
anti-cd3_ab,0,1,0.0
tnf_(tumor_necrosis_factor)_gene,0,1,0.0
r59z_activator_cell,0,1,0.0
leukemic_hl60_cell,0,1,0.0
chimeric_type_ii/type_i_interleukin-1_receptor,0,1,0.0
cd19_promoter,0,1,0.0
tax1-inducible_transcription_factor,0,1,0.0
oncogenesis,0,1,0.0
murine_p105_nf-kappa_b_gene,0,1,0.0
fetal/adult_gene,0,1,0.0
elisa_procedure,0,1,0.0
endothelial_nos,0,1,0.0
hypoxic_exposure,0,1,0.0
lymphocyte_glucocorticoid_receptor_binding,0,1,0.0
cyclosporin,0,1,0.0
eed,0,1,0.0
oct-2_mrna,0,1,0.0
professional_antigen_presenting_cell,0,1,0.0
eed-mediated_transcriptional_effects,0,1,0.0
proximal_octamer,0,1,0.0
q13,0,1,0.0
chi_b_complex_formation,0,1,0.0
regulatory_role,0,1,0.0
er,1,1,0.0
drosophila_morphogen_dorsal,0,1,0.0
sjogren's_syndrome,0,1,0.0
human_il4_promoter-mediated_transcription,0,1,0.0
hbmp-2-induced_smad1/smad5_phosphorylation,0,1,0.0
thrombin_receptor_activation_peptide,0,1,0.0
sn50,0,1,0.0
vcam-1_gene_expression,0,1,0.0
class_ii_trans-activator,0,1,0.0
m-tat,0,1,0.0
"src_homology_2,_src_homology_3,_and_pleckstrin_homology_domain",0,1,0.0
class_il_transactivator,0,1,0.0
ibf,0,1,0.0
chemokine_pathway,0,1,0.0
ras-related_protein_(rap)_1,0,1,0.0
vdr_message,0,1,0.0
dna_binding_protein_complex,0,1,0.0
apoptotic_death,0,1,0.0
8e51_cell,0,1,0.0
glucocorticoid_receptor_isoform,0,1,0.0
sh,0,1,0.0
novel_gene_pml,0,1,0.0
distal_nf-kappa_b_motif,0,1,0.0
rutin,0,1,0.0
embryonic_skeletal_muscle,0,1,0.0
rotamase_activity,0,1,0.0
intron_enhancer,0,1,0.0
p21ras_effector_pathway,0,1,0.0
128-135,0,1,0.0
kbf1,0,1,0.0
coactivator,0,1,0.0
alpha2_integrin_gene_expression,0,1,0.0
tissue_differentiation,0,1,0.0
ets_family_member,0,1,0.0
il-1_receptor,0,1,0.0
human_ada_lcr,0,1,0.0
nk-kappa_b,0,1,0.0
v_region_promoter,0,1,0.0
enhancer,0,1,0.0
cd3/cd4+_intrafollicular_t_cell,0,1,0.0
residue_402,0,1,0.0
eosinophil-depleted_leukocyte,0,1,0.0
t-cell_receptor_c_alpha_gene_enhancer,0,1,0.0
non-il-2-secreting_cell,0,1,0.0
rodent_fibroblast,0,1,0.0
gene_therapy_strategy,0,1,0.0
ap-1-dependent_transcription,0,1,0.0
transplanted_cell,0,1,0.0
aiolos,0,1,0.0
trancriptional_activity,0,1,0.0
peroxidase-antiperoxidase_technique,0,1,0.0
human_mineralocorticoid_receptor_hormone-binding_domain,0,1,0.0
protein_kinase_inhibitor,0,1,0.0
b-cell_line_bl41-p3hr1,0,1,0.0
proinflammatory_cytokine_signaling_cascade,0,1,0.0
hiv_promoter,0,1,0.0
cell-type-specific_interleukin-2_receptor_alpha-chain_gene_expression,0,1,0.0
cancer_development,0,1,0.0
lipid_kinase_activity,0,1,0.0
psi,0,1,0.0
t2,0,1,0.0
high_molecular_weight_complex,0,1,0.0
positive_regulatory_role,0,1,0.0
granulocyte_macrophage_colony-stimulating_factor,0,1,0.0
calcitropic_effect,0,1,0.0
cbp/p300-mediated_increase,0,1,0.0
erythropoiesis,1,1,0.0
ebv-transformed_b_lymphocyte,0,1,0.0
malaria_research,0,1,0.0
regulatory_immediate-early_gene,0,1,0.0
affected_mutant_mouse,0,1,0.0
3'_end,0,1,0.0
c3/5_cell,0,1,0.0
candida_albicans,0,1,0.0
b-cell_neoplasias,0,1,0.0
(nf)-kb,0,1,0.0
e1a_reiteration,0,1,0.0
ach-2_cell_line,0,1,0.0
transformed_mr_state,0,1,0.0
il-2rbeta,0,1,0.0
type_1_tumor_necrosis_factor_receptor,0,1,0.0
turn_affect_neutrophil-to-tumor_cell_binding,0,1,0.0
positive_regulatory_domain_(prd)_ii,0,1,0.0
anti-topoisomerase_drug,0,1,0.0
antigen-specific_t_cell_recognition,0,1,0.0
calpain,0,1,0.0
activation_marker,0,1,0.0
elisa_assay_system,0,1,0.0
nfat-1,0,1,0.0
platelet_cytoadhesin_gpiib-iiia,0,1,0.0
growth_inhibitory_response,0,1,0.0
r-responsive_element,0,1,0.0
breast-conserving_therapy,0,1,0.0
anti-lps_mab,0,1,0.0
oligomerized_nfat-1_binding_motif,0,1,0.0
overnight_dst,0,1,0.0
r-dependent_enhancer_activity,0,1,0.0
helix-loop-helix_transcription_factor,0,1,0.0
ap-1_dna-binding_activity,0,1,0.0
t-cell_cdna_library,0,1,0.0
ikappabalpha_mrna,0,1,0.0
adenovirus_antigen,0,1,0.0
nuclear_factor-kappa_b_(nf-kappa_b)_activation,0,1,0.0
bcl-6+_cell,0,1,0.0
physiological_marke,0,1,0.0
recognition_site,0,1,0.0
gca,0,1,0.0
beta1,0,1,0.0
nf-kappa_b_dna_binding_activity,0,1,0.0
tap,0,1,0.0
nf-munr_enhancer_repressor,0,1,0.0
hla_class_ii_gene,0,1,0.0
il-12_signaling_pathway,0,1,0.0
n-terminal_peptide,0,1,0.0
pak_activation,0,1,0.0
gata1_mrna,0,1,0.0
factor-regulated_signaling_pathway,0,1,0.0
b29_gene_expression,0,1,0.0
transcriptional_event,0,1,0.0
immunomodulatory_activity,0,1,0.0
pml/rar_alpha_fusion_gene,0,1,0.0
human_chromosome_5,0,1,0.0
anti-p-selectin_antibody,0,1,0.0
pml/raralpha_fusion_protein,0,1,0.0
il-6-type_cytokine,0,1,0.0
cellular_redox_status,0,1,0.0
human_disease,0,1,0.0
immunoglobulin_v_region_promoter,0,1,0.0
nf-kappa_b_subunit,0,1,0.0
otf-1-enriched_protein_fraction,0,1,0.0
scl_protein_synthesis,0,1,0.0
r24_treatment,0,1,0.0
adenocarcinoma_reactive_human-mouse_chimeric_monoclonal_antibody,0,1,0.0
p91/84,0,1,0.0
t-cell-specifically_expressed_gene,0,1,0.0
tissue-specific_transcriptional_activator,0,1,0.0
allelic_family,0,1,0.0
interleukin_2_cd28-responsive_complex,0,1,0.0
namalwa_cell,0,1,0.0
active_dna_replication,0,1,0.0
normal_maturing_granulocyte,0,1,0.0
gata-binding_family_protein,0,1,0.0
rfx-b,0,1,0.0
vaccination,0,1,0.0
cd62l,0,1,0.0
ifn-gamma_activity,0,1,0.0
region_i,0,1,0.0
cortical_thymocyte,0,1,0.0
non-hodgkin_lymphoma,0,1,0.0
human_il-13_gene,0,1,0.0
intracellular_signal,0,1,0.0
electrostatic_interaction,0,1,0.0
c-fos_antibody,0,1,0.0
ap1_formation,0,1,0.0
namalwa,0,1,0.0
minimal_element,0,1,0.0
plasma_b_cell-specific,0,1,0.0
nuclear_matrix_attachment_region,0,1,0.0
hu_treated_cell,0,1,0.0
12/15-lipoxygenase_mrna,0,1,0.0
elf-2a,0,1,0.0
14-amino_acid_serine-rich_insertion,0,1,0.0
m7_blast,0,1,0.0
functional_study,0,1,0.0
t_cell_development,0,1,0.0
rar_alpha_mrna,0,1,0.0
octamer_probe,0,1,0.0
t_cell_activation,1,1,0.0
cd28_activation,0,1,0.0
tat-mediated_effect,0,1,0.0
band_a,0,1,0.0
late_stage_cell,0,1,0.0
hl-60_cell_differentiation,0,1,0.0
human_fibronectin_receptor,0,1,0.0
promoter_activity,0,1,0.0
fertile_women,0,1,0.0
protein_kinase_c-zeta,0,1,0.0
caenorhabditis_elegans_ces-2,0,1,0.0
chronic_hepatitis_b,0,1,0.0
nf-kappa_b/c-rel,0,1,0.0
erythroid_alas_precursor_protein,0,1,0.0
tumeric,0,1,0.0
potential_regulatory_sequence,0,1,0.0
il-1_beta_gene_expression,0,1,0.0
translation_lysate,0,1,0.0
pma-ionomycin-induced_synthesis,0,1,0.0
mono_mac_6_cell,0,1,0.0
systemic_symptom,0,1,0.0
extracellular_egta,0,1,0.0
phagocyte,0,1,0.0
corticosteroid_suppression,0,1,0.0
il-7r_complex,0,1,0.0
cysteine-rich_antigen_segment,0,1,0.0
monocytic_differentiation_marker,0,1,0.0
"2,3,7,8-tetrachlorodibenzo-p-dioxin",0,1,0.0
24r-hydroxylase,0,1,0.0
differentiation/maturation_process,0,1,0.0
aml1_expression_level,0,1,0.0
tumor_vaccine,0,1,0.0
il-1ri_and_il-1rii_mrna_level,0,1,0.0
npc_cell_line_hk666,0,1,0.0
posttransplant_lymphoproliferative_disorder,0,1,0.0
positive-_and_negative-acting_element,0,1,0.0
nonerythroid_hl-60_cell,0,1,0.0
taf,0,1,0.0
protein_kinase_c_(pkc)_dependent,0,1,0.0
scya3r2,0,1,0.0
cbp/p300_coactivator_protein,0,1,0.0
interleukin-7_receptor_alpha_chain,0,1,0.0
3'-utr,0,1,0.0
fluorescence_chromosomal_in_situ_hybridization,0,1,0.0
atopy_gene,0,1,0.0
pos-1,0,1,0.0
pybf,0,1,0.0
microbial_broth,0,1,0.0
nh2-terminal_amino_acid_sequence_analysis,0,1,0.0
cardiomyocyte,0,1,0.0
monocyte,0,1,0.0
human_immune_deficiency_virus_type_1,0,1,0.0
polymorphic_site,0,1,0.0
hil-5_promoter,0,1,0.0
degranulation,0,1,0.0
human_t_cell_response,0,1,0.0
human_umbilical_cord_t_lymphocyte,0,1,0.0
interleukin_1_signaling_pathway,0,1,0.0
endogenous_il-1,0,1,0.0
normal_immature_human_myeloid_cell,0,1,0.0
oestrogen_concentration,0,1,0.0
human_umbilical_arterial_endothelial_cell,0,1,0.0
blr1_expression,0,1,0.0
human_c-jun_protein,0,1,0.0
erythroid-specific_activity,0,1,0.0
differential_induction,0,1,0.0
protein_-_rna_complex,0,1,0.0
hiv-1_long_terminal_repeat_(ltr)-ifna2,0,1,0.0
ionomycin/cyclosporin_a-responsive_element,0,1,0.0
selenium,0,1,0.0
splenocyte_proliferation,0,1,0.0
pdgf(b),0,1,0.0
nf-kappa_b_transcription_factor_complex,0,1,0.0
circulating_neutrophil,0,1,0.0
polyamines_level,0,1,0.0
drug_resistant_marker,0,1,0.0
glutamine-rich_activation_domain,0,1,0.0
diagnosis,0,1,0.0
retinoid_signaling,0,1,0.0
cytokine_mrna_level,0,1,0.0
ifn-gamma-activated_stat1,0,1,0.0
appropriate_hydrophobic_group,0,1,0.0
bzlf1_trans-activator_protein,0,1,0.0
dimethyl_sulfate,0,1,0.0
anti-atherosclerotic_agent,0,1,0.0
putative_zinc_finger_protein,0,1,0.0
gata-3_expression,0,1,0.0
active_transcriptional_complex,0,1,0.0
activator_protein_1-mediated_transcription,0,1,0.0
severe_combined_immunodeficient_(scid-hu-int)_mouse,0,1,0.0
nonlymphoid_tumor,0,1,0.0
g(anh)mtetra-induced_il-1_beta_mrna_accumulation,0,1,0.0
chamissonolid,0,1,0.0
precursor_protein,0,1,0.0
phenylarsine_oxide,0,1,0.0
cell_nucleus,0,1,0.0
erythropoietin-stimulated_erythroid_cell,0,1,0.0
hlh-2_expression,0,1,0.0
macromolecular_synthesis,0,1,0.0
situ_hybridization_technique,0,1,0.0
stat6_independent,0,1,0.0
daudi_cell_line,0,1,0.0
cd80,0,1,0.0
hbb,0,1,0.0
porcine_aortic_endothelial_cell,0,1,0.0
adenovirus_2,0,1,0.0
usf_protein,0,1,0.0
gm-csf_reporter_construct,0,1,0.0
activated_peripheral_blood_t_lymphocyte,0,1,0.0
metastatic_tumor,0,1,0.0
ie,0,1,0.0
human_megakaryocyte,0,1,0.0
bronchial_mucosa,0,1,0.0
circulating_t_lymphocyte,0,1,0.0
tyrosyl_phosphorylation,0,1,0.0
nuclear_nf-kappa_b_protein,0,1,0.0
surfactant_lipid,0,1,0.0
irs,0,1,0.0
embryonic_stem_cell,0,1,0.0
proto-oncogene_product,0,1,0.0
early_stage,0,1,0.0
high-resolution_mapping,0,1,0.0
monocyte_cytotoxicity,0,1,0.0
human_g-csfr,0,1,0.0
hydrophobic_c-terminal_tail,0,1,0.0
host_cell_activation,0,1,0.0
tpen,0,1,0.0
monocyte-like_u-937_cell_culture,0,1,0.0
ap3-l,0,1,0.0
tissue_macrophage,0,1,0.0
intrathymic_maturation,0,1,0.0
human_t-cell_line_jurkat,0,1,0.0
in_vitro_erythroid_differentiation,0,1,0.0
type_ii_major_histocompatibility_complex_combined_immune_deficiency,0,1,0.0
c-jun_n-terminal_kinase_cascade,0,1,0.0
dna-binding/dimerization_domain,0,1,0.0
cloned_t_cell,0,1,0.0
kappa_b_element,0,1,0.0
intracellular_adhesion_molecule_(icam)-1,0,1,0.0
tnf-alpha_transcription,0,1,0.0
epstein_barr_virus,0,1,0.0
bronchial_epithelial_(h292)_cell-line,0,1,0.0
sp100_homology_region,0,1,0.0
hiv_ltr_deletion_mutant,0,1,0.0
vertebrate_gene,0,1,0.0
promoter_occupation,0,1,0.0
receptor_mutant,0,1,0.0
lymphocytic_infiltrate,0,1,0.0
human_immunodeficiency_virus_(hiv)_expression,0,1,0.0
apl_cell,0,1,0.0
fork_head_cdna,0,1,0.0
ikappab_kinase,0,1,0.0
cd8+_cell-derived_supernatant,0,1,0.0
immortalized_cell,0,1,0.0
thrombin_activation,0,1,0.0
phenylpyrazol,0,1,0.0
bzlf1_mrna,0,1,0.0
purified_eosinophil,0,1,0.0
clomiphene,0,1,0.0
primary_b-lymphocyte,0,1,0.0
human_b-cell_activation,0,1,0.0
yj_cell_line,0,1,0.0
sigm-crosslinking,0,1,0.0
nf-kappa_b/sp1_enhancer,0,1,0.0
g0s2_mrna,0,1,0.0
costimulatory_signal,0,1,0.0
b_lymphocyte-specific_gene,0,1,0.0
zeta-luciferase_construct,0,1,0.0
epithelial_cell_line,0,1,0.0
chemoattractant_cytokine,0,1,0.0
interleukin-11,0,1,0.0
lps_response,0,1,0.0
hpa_axis_function,0,1,0.0
eryf-1,0,1,0.0
primitive_progenitor_proliferation,0,1,0.0
platelet_low-affinity_igg_receptor,0,1,0.0
viral_reverse_transcriptase,0,1,0.0
alpha_cd3/il-2,0,1,0.0
isomerization,0,1,0.0
nik,0,1,0.0
systemic_disease,0,1,0.0
human_baf170,0,1,0.0
nf-il6_enhancer,0,1,0.0
non-dna-binding_dimer,0,1,0.0
glucocorticoid_receptor_density,0,1,0.0
rbpi21,0,1,0.0
50_kd,0,1,0.0
p105_processing,0,1,0.0
peptide_library,0,1,0.0
pro-x-pro,0,1,0.0
p97,0,1,0.0
ifn-stimulated_response_element,0,1,0.0
context-dependent_activation_domain,0,1,0.0
rela/nfkappab1,0,1,0.0
nfkb1(p50),0,1,0.0
multimerized_kappab_site,0,1,0.0
sb_247464,0,1,0.0
rel,0,1,0.0
3'nf-e2/ap1_motif,0,1,0.0
acidic_domain,0,1,0.0
t-cell_antigen_receptor_element,0,1,0.0
specific_dna_binding_protein,0,1,0.0
tpa-mediated_translocation,0,1,0.0
yy-1,0,1,0.0
nucleosome,0,1,0.0
purified_hematopoietic_progenitor_cell,0,1,0.0
irf-1_promoter,0,1,0.0
darc,0,1,0.0
biological_response,0,1,0.0
ifn-induced_resistance,0,1,0.0
eosinophil_biology,0,1,0.0
peripheral_blood_eosinophil,0,1,0.0
htlv-1-transformed_t-cell_line,0,1,0.0
3-o-methyl-d-glucose_uptake,0,1,0.0
hyperparathyroidism_secondary_to_chronic_renal_failure,0,1,0.0
murine_interleukin_(il)-2_receptor_alpha_chain,0,1,0.0
ceanorhabditis_elegans,0,1,0.0
loci_occur,0,1,0.0
differential_responsiveness,0,1,0.0
tg_epsilon26_mouse,0,1,0.0
novel_protein,0,1,0.0
t-cell-specific_ets_protein,0,1,0.0
mitochondrial_transmembrane_potential,0,1,0.0
e-box-dependent_reporter_gene_function,0,1,0.0
myeloid-associated_growth_factor_receptor_transcript,0,1,0.0
protein-1,0,1,0.0
collagenase-1_promoter,0,1,0.0
non-classic_target_tissue,0,1,0.0
tumor_necrosis_factor_alpha_(tnf-alpha)_mrna,0,1,0.0
transmission,0,1,0.0
gel_mobility_shift_analysis,0,1,0.0
tax_gene_product,0,1,0.0
lipopolysaccharide-stimulated_b_lymphocyte,0,1,0.0
hepatocyte_nuclear_factor-1_alpha,0,1,0.0
macrovascular_ec,0,1,0.0
inv(3)(q21q26),0,1,0.0
c-fos_transcript_level,0,1,0.0
natural_killer_(nk)_cell_lineage,0,1,0.0
aml-m0,0,1,0.0
erythroid_delta-aminolevulinate_synthase_mrna_level,0,1,0.0
mds,0,1,0.0
t_cell_hybridoma,0,1,0.0
inducible_phosphorylation,0,1,0.0
lal_expression,0,1,0.0
mice,0,1,0.0
nfkappab_site,0,1,0.0
il-4-dependent_induction,0,1,0.0
human_t_cell_leukemia_virus_type_i-transformed_human_t_cell_line,0,1,0.0
in_situ_dna_binding_assay,0,1,0.0
chloramphenicol_acetyltransferase_reporter_gene,0,1,0.0
serum_transaminase,0,1,0.0
autoimmune_reaction,0,1,0.0
dpa,0,1,0.0
activated_monocytes/macrophages,0,1,0.0
nf-at_motif,0,1,0.0
ikappab_alpha_regulation,0,1,0.0
t47d_mammary_tumor_cell,0,1,0.0
palindromic_target_sequence,0,1,0.0
hormonal_parameter,0,1,0.0
rat_vascular_smooth_muscle_cell,0,1,0.0
in_vivo_footprint,0,1,0.0
dominant_negative_mutant,0,1,0.0
cultured_skin_fibroblast,0,1,0.0
t-cell_antigen_receptor,0,1,0.0
steroid_mediated_lysis,0,1,0.0
conserved_cis-acting_sequence,0,1,0.0
constitutively_active_shp1-deltash2,0,1,0.0
resting_human_peripheral_blood_monocyte,0,1,0.0
heme,0,1,0.0
transfection,0,1,0.0
viral_transactivator_activity,0,1,0.0
malignant_effusion,0,1,0.0
pathophysiological_relevance,0,1,0.0
translation_analysis,0,1,0.0
hpv-transformed_cell,0,1,0.0
basal_transcription_machinery,0,1,0.0
c-akt,0,1,0.0
multiple_myeloma_(mm)_cell,0,1,0.0
tyk2_activity,0,1,0.0
immunologic_mediator,0,1,0.0
3'_untranslated_region,0,1,0.0
phe774,0,1,0.0
helper_t_cell,0,1,0.0
phorbol_ester_stimulation,0,1,0.0
human_crh_gene_promoter,0,1,0.0
pleiotropic_cytokine,0,1,0.0
human_gamma_delta_t_cell_line,0,1,0.0
fcrfgamma,0,1,0.0
ptdins_3-kinase_activity,0,1,0.0
t-tropic_primary_isolate_hiv-1,0,1,0.0
specific_nuclear_binding_site,0,1,0.0
alpha-hydroxyprogesterone,0,1,0.0
c-terminal_peptide,0,1,0.0
carboxyl_termini,0,1,0.0
rxr,0,1,0.0
caspase-3_inhibitor,0,1,0.0
ras-related_gtp-binding_protein,0,1,0.0
cd30-cd30l_interactions,0,1,0.0
murine_b-cell_specific_transcriptional_coactivator,0,1,0.0
type_2_effector_function,0,1,0.0
9-cis_retinoic_acid,0,1,0.0
cell_cycle_regulated_histone_h4_gene,0,1,0.0
"ionomycin-stimulated,_70z/3-mediated_nfat_activation",0,1,0.0
rara,0,1,0.0
memory_cd4_t_cell,0,1,0.0
pluripotent_hemopoietic_progenitor,0,1,0.0
b-cell-derived_nf-kappa_b,0,1,0.0
caii_reporter_construct,0,1,0.0
gammac_mutation,0,1,0.0
fk506-sensitive,0,1,0.0
anti-nf-atp,0,1,0.0
adrenal_cortisol_suppression,0,1,0.0
unidentified_cellular_factor,0,1,0.0
human_immunodeficiency_virus_type-1_transcription,0,1,0.0
human_cd3epsilon_gene,0,1,0.0
raw264.7,0,1,0.0
bacterial_cell_wall_breakdown_product,0,1,0.0
t_cell_receptor_beta_gene,0,1,0.0
stat5-regulated_gene,0,1,0.0
y_box,0,1,0.0
inhibitory_subunit,0,1,0.0
hemopoietic_lineage,0,1,0.0
rabbit_59-kda_protein,0,1,0.0
nuclear_t_cell_protein,0,1,0.0
nested_pcr_assay,0,1,0.0
e1b,0,1,0.0
dhs,0,1,0.0
ri-i,0,1,0.0
cytotoxic_granule,0,1,0.0
-500_to_+50bp,0,1,0.0
multiple_intracellular_protein,0,1,0.0
nephrotic_syndrome,0,1,0.0
ctg-motif,0,1,0.0
slb-i,0,1,0.0
cd4_cell_activation,0,1,0.0
basophil_cell_distribution,0,1,0.0
hiv-1_genome_expression,0,1,0.0
class_ii_gene_regulation,0,1,0.0
malignant_lymphocyte,0,1,0.0
oligo_stimulation,0,1,0.0
lps-inducible_nuclear_factor-kappa_b/rel_complex,0,1,0.0
avian_erythroblast,0,1,0.0
p27kip1,0,1,0.0
interleukin-1_gene,0,1,0.0
normal_heterozygous_lymphocyte,0,1,0.0
major_cell_wall_component,0,1,0.0
bacteria,0,1,0.0
erg2_gene_product,0,1,0.0
proinflammatory_cytokine_gene,0,1,0.0
gata-1_binding_transcription_factor,0,1,0.0
mouse_tissue,0,1,0.0
gst_pull-down_experiments,0,1,0.0
lps_antibody,0,1,0.0
ifn_inducible,0,1,0.0
inducible_enhancer,0,1,0.0
resting_human_umbilical_vein_endothelial_cell,0,1,0.0
neu_oncogene-initiated_rat_mammary_carcinoma,0,1,0.0
purine-box_regulator,0,1,0.0
semi-purified_ap1_protein,0,1,0.0
up,0,1,0.0
type_2_t_lymphocyte,0,1,0.0
tcr-mediated_stimulation,0,1,0.0
e1a-transfected_epithelial_cell_line,0,1,0.0
antituberculous_immune_response,0,1,0.0
ltr_size_variant,0,1,0.0
ecto-5'-nt_core_promoter,0,1,0.0
il-1ri-associated_kinase,0,1,0.0
major_coat_protein,0,1,0.0
cm,0,1,0.0
southwestern_screening,0,1,0.0
ifn-gamma-primed_lung_fibroblast,0,1,0.0
negative-acting_sequence,0,1,0.0
salicylate_treatment,0,1,0.0
hypercortisolemic_patient,0,1,0.0
type_i_interleukin-1_receptor,0,1,0.0
lai_replication,0,1,0.0
pml-rar_alpha_fusion_oncoprotein,0,1,0.0
acute_myeloid_leukemia,0,1,0.0
virus_expression,0,1,0.0
primary_hiv-1_isolate,0,1,0.0
egr1_binding_motif,0,1,0.0
th-dependent_positive_effect,0,1,0.0
wbjun,0,1,0.0
camp_inhibition,0,1,0.0
quiescent_non-proliferative_state,0,1,0.0
5'_regulatory_enhancer_region,0,1,0.0
p-like_element-binding_complex,0,1,0.0
dehydroepiandrosterone,0,1,0.0
cell_clone,0,1,0.0
viral_regulatory_protein,0,1,0.0
anti-cd28_monoclonal_antibody,0,1,0.0
human_myelomonocytic_cell_line,0,1,0.0
chromosome_band_14q32.1,0,1,0.0
b-cell_proliferation,0,1,0.0
siv,0,1,0.0
adjacent_16_residues,0,1,0.0
cd4+_t-cell_subset,0,1,0.0
minimal_immunoreactive_ppargamma,0,1,0.0
mek1-interfering_mutant,0,1,0.0
stat-related_protein,0,1,0.0
core_promoter_region,0,1,0.0
protein_kinase_a_pathway,0,1,0.0
anti-il-1beta_antibody,0,1,0.0
key_macrophage_growth_factor,0,1,0.0
renal_complication,0,1,0.0
il-3_promoter-linked_reporter_construct,0,1,0.0
ring_sideroblast,0,1,0.0
healthy_control,0,1,0.0
lymphoid_neoplasm,0,1,0.0
hsp60,0,1,0.0
aml-m5,0,1,0.0
kappa_b_regulatory_element,0,1,0.0
glucocorticoid_receptor_expression,0,1,0.0
adenovirus-mediated_gene_transfer,0,1,0.0
antigen-_or_camp-activated_th2_cell,0,1,0.0
positive-acting_factor,0,1,0.0
glutamic_acid_decarboxylase,0,1,0.0
transcriptional_repressor_activity,0,1,0.0
nf-at_binding_impair,0,1,0.0
m2_blast_cell,0,1,0.0
rhom-2_mrna,0,1,0.0
cytokine-induced_endothelial_activation,0,1,0.0
yeast_sterol_isomerase,0,1,0.0
strong_negative_regulator,0,1,0.0
mouse_interleukin-2_receptor_alpha_gene,0,1,0.0
human_il2_upstream_enhancer,0,1,0.0
human_t_cell_receptor_gamma_(tcrg)_enhancer,0,1,0.0
htlv-i_tax_expression_vector,0,1,0.0
bzlf_1-containing_cell_lysate,0,1,0.0
metalloproteinase_inhibition,0,1,0.0
cell_surface_cd4(-)cd8(-)cd3(-)_cell,0,1,0.0
amino_acid_425_to_444,0,1,0.0
dominant_negative_ras,0,1,0.0
hla-dq_molecule,0,1,0.0
proil-1beta,0,1,0.0
tata-like_motif,0,1,0.0
"(+)-skf_10,047",0,1,0.0
3t3-l1_cell,0,1,0.0
human_monoblast_cell_line_u-937,0,1,0.0
ebv-infected_epithelial_cell,0,1,0.0
"21-acetoxy-11_beta,19-epoxypregn-5-ene-4,20-dione",0,1,0.0
type-ii_ebs,0,1,0.0
proteolytic_activity,0,1,0.0
i_kappa_b_alpha-dependent_mechanism,0,1,0.0
stat_familiy,0,1,0.0
p40-kappab,0,1,0.0
low_the/thf,0,1,0.0
neutrophil-mediated_tumor_cell_cytostasis,0,1,0.0
non-irradiated_cell,0,1,0.0
transiently_transfected_erythroid_cell,0,1,0.0
gata-1-_mutant_embryonic_stem_cell,0,1,0.0
haematological_remission,0,1,0.0
mutant_protein,0,1,0.0
catalase_activity,0,1,0.0
microarchitecture,0,1,0.0
ig_heavy_chain_enhancer_components,0,1,0.0
tp2,0,1,0.0
prog,0,1,0.0
mouse_t-cell_line,0,1,0.0
germinal_center_b_cell,0,1,0.0
uninfected_cell_extract,0,1,0.0
enzyme_linked_immunosorbent_assay,0,1,0.0
c5b6,0,1,0.0
monocytoid_cell,0,1,0.0
thapsigargin_stimulation,0,1,0.0
systemic_lupus_erythematosus,0,1,0.0
platelet_fibrinogen_receptor,0,1,0.0
human_t-cell_lymphotrophic_virus-1_tax,0,1,0.0
hormone-dependent_trans-activator,0,1,0.0
serum_deprivation,0,1,0.0
hlh,0,1,0.0
wild-type_zap-70,0,1,0.0
dq2_and_dq8-binding_hsv_vp16_peptide,0,1,0.0
male_breast_cancer,0,1,0.0
tf_promoter_activity,0,1,0.0
mapk_activity,0,1,0.0
human_il-2re,0,1,0.0
hla_class_ii_constitutive_expression,0,1,0.0
nh(2)-terminal_domain,0,1,0.0
latency_ii,0,1,0.0
ebv-positive_b_cell_line,0,1,0.0
anergized_t_cell,0,1,0.0
t-cell_proliferative_activity,0,1,0.0
receptor-mediated_ap-1_induction,0,1,0.0
immunogenic_protein,0,1,0.0
megakaryocyte/platelet-specific_enhancer,0,1,0.0
genotype_tt,0,1,0.0
human_papillomavirus,0,1,0.0
mcl-1,0,1,0.0
endothelial_icam-1,0,1,0.0
rxr_mutant,0,1,0.0
interleukin_2_receptor,0,1,0.0
mouse_ccr-4,0,1,0.0
pre-existing_complex,0,1,0.0
kinase_domain,0,1,0.0
freshly_isolated_granulocyte,0,1,0.0
essential_hypertensives,0,1,0.0
p93fes_catalytic_activity,0,1,0.0
neonatal_cell,0,1,0.0
hybridization_assay,0,1,0.0
monokine_induction,0,1,0.0
renal_cell_carcinoma_patient,0,1,0.0
ala618,0,1,0.0
malarial_parasite,0,1,0.0
metal-ion_chelator,0,1,0.0
rctla4ig,0,1,0.0
p38_mapk_inhibitor,0,1,0.0
heterocomplex,0,1,0.0
mrna_stabilization,0,1,0.0
il-8_family,0,1,0.0
b_or_t_cell_extract,0,1,0.0
reporter-gene_assay,0,1,0.0
cellularly_encoded_transcription_factor,0,1,0.0
slvmac239,0,1,0.0
toll-like_receptor-2,0,1,0.0
virus_particle,0,1,0.0
rar_beta_mrna,0,1,0.0
92_kda,0,1,0.0
p40_mrna_expression,0,1,0.0
transgenic_mice_spleen,0,1,0.0
rbc,0,1,0.0
ml-9,0,1,0.0
nf-kappa_b_level,0,1,0.0
plasmodium_vivax_malaria,0,1,0.0
senescent_t_cell,0,1,0.0
radiation_therapy,0,1,0.0
stat_protein_phosphorylation,0,1,0.0
erk1_activity,0,1,0.0
rar-specific_agonist,0,1,0.0
gralpha,0,1,0.0
immunoglobulin_(ig)-secreting_cell,0,1,0.0
hl-60egr-1,0,1,0.0
gf_109203x,0,1,0.0
cellular_mrna,0,1,0.0
optimal_transactivation,0,1,0.0
t_cell_tropic_strain,0,1,0.0
activation-dependent_scm-1,0,1,0.0
kappab-dependent_transcriptional_activity,0,1,0.0
protein_kinase_c-activating_phorbol_ester,0,1,0.0
deltae,0,1,0.0
p55/c-rel,0,1,0.0
tgf-beta_1-mediated_growth_inhibition,0,1,0.0
hiv-1-infected_asymptomatic_subject,0,1,0.0
nonlymphoid_cell_line,0,1,0.0
potential_therapeutic_measure,0,1,0.0
platelet-endothelial_cell_adhesion_molecule-1,0,1,0.0
cax_repeat,0,1,0.0
c/ebp-binding_site,0,1,0.0
nuclear_cell_extract,0,1,0.0
human_eosinophil,0,1,0.0
cell_pigmentation,0,1,0.0
rar_agonist,0,1,0.0
cd40_triggering,0,1,0.0
jak3_messenger_rna,0,1,0.0
il-4_inducibility,0,1,0.0
band_q34,0,1,0.0
phoq_protein,0,1,0.0
tal-1_expression,0,1,0.0
efficient_phosphorylation,0,1,0.0
vitamin_d,0,1,0.0
xpb,0,1,0.0
cytotoxic_function,0,1,0.0
unspliced_viral_mrna,0,1,0.0
nf-_(kappa)b,0,1,0.0
differentiation-dependent_transcription,0,1,0.0
erythroid_isozyme,0,1,0.0
jak_kinase,0,1,0.0
hsp27,0,1,0.0
c-site,0,1,0.0
hpp-_47.10_cell,0,1,0.0
stimuli-specific_pathway,0,1,0.0
leukocyte_integrin,0,1,0.0
hepatitis_b_virus,0,1,0.0
immature_testis,0,1,0.0
nuclear_factor_of_activated_t_cells_(nfat)_family,0,1,0.0
mononuclear_cell_culture,0,1,0.0
cellular_gene_regulatory_molecule,0,1,0.0
hiv-1_promoter-enhancer,0,1,0.0
ubiquitous_bioinactivation_mechanism,0,1,0.0
enhancer_sequence,0,1,0.0
dex-resistant_clone,0,1,0.0
mouse_perforin_gene,0,1,0.0
mycobacterium_tuberculosis_cell_wall_component,0,1,0.0
megakaryocytic_gene,0,1,0.0
b-cell_lymphoma/leukemia-2_gene_product,0,1,0.0
exon_37,0,1,0.0
erythroid_kruppel-like_factor_(eklf)_activity,0,1,0.0
physical_activity,0,1,0.0
epithelial_cell_fusion_partner,0,1,0.0
k46_transfectant,0,1,0.0
n-acetyl-leu-leu-norleucinal,0,1,0.0
c-myb_in_activated_t_cell,0,1,0.0
interleukin_6_gene,0,1,0.0
suppressive_activity,0,1,0.0
tced_dna,0,1,0.0
il-2r-associated_(jak/stat)_pathway,0,1,0.0
hiv_type_1_protease_activation,0,1,0.0
cd16_(fc_gamma_riiia)-induced_expression,0,1,0.0
hela_nuclear_extract,0,1,0.0
infectious_progeny,0,1,0.0
i_kappa_b_alpha_synthesis,0,1,0.0
phagocyte_system,0,1,0.0
anti-inflammatory_sesquiterpene_lactone,0,1,0.0
cd102,0,1,0.0
single_tal1_allele,0,1,0.0
enhancers,0,1,0.0
vzv_ie62,0,1,0.0
astrocyte-derived_kappa_b-binding_factor,0,1,0.0
atra-dependent_growth_inhibition,0,1,0.0
lithium,0,1,0.0
progesterone_receptor_gene,0,1,0.0
oligodeoxyribonucleotide,0,1,0.0
resting_tonsillar_b_cell,0,1,0.0
bax,0,1,0.0
fibronectin_receptor,0,1,0.0
gata-responsive_element,0,1,0.0
nfat_gene_family_member,0,1,0.0
tcr_delta_transcript,0,1,0.0
nalm-6,0,1,0.0
anti-inflammatory_property,0,1,0.0
radiation-induced_signal,0,1,0.0
p24_antigen_release,0,1,0.0
ifn-activated_nk_cell,0,1,0.0
nh2-terminal_126_amino_acid,0,1,0.0
human_naive_neonatal_t_lymphocyte,0,1,0.0
gp_160,0,1,0.0
vzv_ie62_protein_coding_sequence,0,1,0.0
i_gamma_2,0,1,0.0
chronic_ebv_infection,0,1,0.0
monocyte_line,0,1,0.0
kox_1-32,0,1,0.0
nf-atp,0,1,0.0
gardnerella_vaginalis,0,1,0.0
bhlh_target,0,1,0.0
eotaxin,0,1,0.0
ag_exposure,0,1,0.0
12-o-tetradecanoylphorbol-13-acetate_(tpa)_response_element,0,1,0.0
ec_expression,0,1,0.0
hiv_infected_patient,0,1,0.0
murine_cdna_encoding_transcription_factor,0,1,0.0
e-box_consensus_motif,0,1,0.0
poxvirus_protein,0,1,0.0
450_kb,0,1,0.0
histopathological_entity,0,1,0.0
t_cell_receptor_(tcr)/cd3_complex,0,1,0.0
nfat-sensitive_gene,0,1,0.0
b-cell_epitope,0,1,0.0
branch_site,0,1,0.0
n-terminal_acidic_domain,0,1,0.0
protein_complex,0,1,0.0
iron-sulfur_center,0,1,0.0
human_alpha-like_globin_promoter,0,1,0.0
epithelial_hela,0,1,0.0
granulocyte-colony_stimulating_factor_treatment,0,1,0.0
g2/m,0,1,0.0
pha-activated_pbl,0,1,0.0
cho-dr/b7/lfa-3_triple_transfectant,0,1,0.0
-643_to_+33,0,1,0.0
long_terminal_repeat_region,0,1,0.0
mhc_class_ii_gene_expression,0,1,0.0
terminal_protein_1_gene_promoter,0,1,0.0
bzlf_1-expressing_r59z_activator_cell,0,1,0.0
il-1r-associated_kinase_(irak),0,1,0.0
mcm_gene_product,0,1,0.0
human_immunodeficiency_virus_vpr_product,0,1,0.0
kappa_b_site,0,1,0.0
gr_binding,0,1,0.0
e2f-like_sequence,0,1,0.0
lysp100-associated_nuclear_domain,0,1,0.0
differentiation_capacity,0,1,0.0
immunoregulatory_function,0,1,0.0
95-bp_fragment,0,1,0.0
hla-dq_haplotype,0,1,0.0
intermediate_filament_protein,0,1,0.0
lysopc,0,1,0.0
bp1_binding_site,0,1,0.0
microb_element,0,1,0.0
lat,0,1,0.0
humara_gene,0,1,0.0
gt_box,0,1,0.0
progenitor,0,1,0.0
cyclic_amp_production,0,1,0.0
specific_responsive_element_il-4re,0,1,0.0
mitogen-activated_mature_t_lymphocyte,0,1,0.0
proximal_short_arm,0,1,0.0
jnk,0,1,0.0
human_epsilon-globin_gene,0,1,0.0
myelomonoblastic_cell,0,1,0.0
hs,0,1,0.0
mammalian_genome,0,1,0.0
hl-60/vinc/r,0,1,0.0
apo-1,0,1,0.0
isozyme,0,1,0.0
cell_growth-related_gene,0,1,0.0
peptide-specific_t-cell_line,0,1,0.0
400-base_pair_meta_region,0,1,0.0
-46_and_-80,0,1,0.0
i_kappa_b-alpha_mrna,0,1,0.0
tissue-specific_component,0,1,0.0
double_transfectant,0,1,0.0
c-jun_nh2-terminal_kinase,0,1,0.0
kappay_element_reporter_gene,0,1,0.0
cytoplasm,0,1,0.0
-76_site,0,1,0.0
42_amino_acids,0,1,0.0
taxol,0,1,0.0
inducible_transcription,0,1,0.0
ifn-alpha_treatment,0,1,0.0
disease_expression,0,1,0.0
mature_immunocompetent_cell,0,1,0.0
ap-1_translocation,0,1,0.0
acquired_immunodeficiency_syndrome_patient,0,1,0.0
tre-dna,0,1,0.0
long-term_outgrowth,0,1,0.0
ebv_receptor,0,1,0.0
cd4+_t-cell_deletion,0,1,0.0
"cd33+,_cd56+,_cd16-_acute_leukemia",0,1,0.0
human_granzyme_b_gene_promoter,0,1,0.0
kinases,0,1,0.0
pml_gene,0,1,0.0
erythroid_cell_differentiation,0,1,0.0
latent_antigen,0,1,0.0
acute_adrenal_failure,0,1,0.0
resistant_segment,0,1,0.0
gelatinase,0,1,0.0
chicken_homolog,0,1,0.0
transient_expression,0,1,0.0
"c-myc,_and_pim-1_gene",0,1,0.0
thymocyte_ontogeny,0,1,0.0
low_density_lipoprotein,0,1,0.0
non-hodgkin's_lymphoma_cell,0,1,0.0
pou(h)_domain,0,1,0.0
arre-2,0,1,0.0
216_amino_acid,0,1,0.0
isg15_mrna_accumulation,0,1,0.0
acetylsalicylic_acid,0,1,0.0
kidney,0,1,0.0
extrathymic_t-cell_population,0,1,0.0
ras(g12v),0,1,0.0
cd14_positive_monocytic_cell_line,0,1,0.0
c2h2_type,0,1,0.0
nf-at-directed_transcription,0,1,0.0
trap,0,1,0.0
aml1a-transfected_k562_cell,0,1,0.0
acquired_immunodeficiency_syndrome,0,1,0.0
dq3.2,0,1,0.0
b_cell_nuclear_extract,0,1,0.0
5'_flank,0,1,0.0
ssb,0,1,0.0
beta-globin_promoter,0,1,0.0
exocrine_gland,0,1,0.0
octamer-dependent_enhancer_activity,0,1,0.0
vdr/drip_interaction,0,1,0.0
cd4_t-cell,0,1,0.0
activator_protein_1_binding,0,1,0.0
gene_expression_pattern,0,1,0.0
salt,0,1,0.0
t-cell_enhancer,0,1,0.0
binding_site,0,1,0.0
proximal_il-2_promoter-enhancer,0,1,0.0
jurkat_cell_extract,0,1,0.0
anti-cd3-induced_interleukin-2_secretion,0,1,0.0
kappa_e3'_enhancer,0,1,0.0
b-cll,0,1,0.0
monocyte/macrophage_lineage,0,1,0.0
cck-8-induced_luciferase_activity,0,1,0.0
rar_beta,0,1,0.0
th2-specific_complex,0,1,0.0
gamma(c)_receptor_subunit,0,1,0.0
ahr_mrna,0,1,0.0
bone_marrow_cell,0,1,0.0
nf-kappa_b_dimer,0,1,0.0
fra-1,0,1,0.0
21-bp_repeat,0,1,0.0
immature_cell,0,1,0.0
dna-binding_specificity,0,1,0.0
anti-igm_ab,0,1,0.0
granulopoietic_pathway,0,1,0.0
cd4+_cd8int/-_cell,0,1,0.0
gh_production,0,1,0.0
avp,0,1,0.0
nh2cl-treated_neutrophil,0,1,0.0
endothelial_icam-1_expression,0,1,0.0
nf-kappa_b_elevation,0,1,0.0
surgery,0,1,0.0
negative_feedback_loop,0,1,0.0
stat1_activity,0,1,0.0
t_lymphotropic_virus,0,1,0.0
tumor_progression,0,1,0.0
mip-1alpha-r_mrna,0,1,0.0
diploid_state,0,1,0.0
i_kappa_b/mad-3,0,1,0.0
consensus_sequence,0,1,0.0
hepatic_leukemia_factor,0,1,0.0
nf-kappab_p50,0,1,0.0
fc_gamma_receptor,0,1,0.0
mhc_class_ii_molecule,0,1,0.0
bead-1,0,1,0.0
specific_band,0,1,0.0
mrna-encoding_member,0,1,0.0
grb2-associated_tyrosine-phosphorylated_protein,0,1,0.0
tumor_necrosis_factor_alpha_release,0,1,0.0
30-90_ppt_i-te,0,1,0.0
chromatin_structure_level,0,1,0.0
ecdysone-inducible_drosophila_transcription_factor,0,1,0.0
b7-negative_(endothelial)_accessory_cell,0,1,0.0
mek1_kinase_activity,0,1,0.0
lymphoblastoid_t-cell_line,0,1,0.0
lymphocyte,0,1,0.0
intravenous_injection,0,1,0.0
pterin_carbinolamine_dehydratase/dimerization_cofactor,0,1,0.0
cystine_concentration,0,1,0.0
cell_lysate,0,1,0.0
cd4+_macrophage,0,1,0.0
tcr_beta,0,1,0.0
hla_allele,0,1,0.0
nfatx_isoform,0,1,0.0
htlv-1_tax_gene,0,1,0.0
nfat_protein,0,1,0.0
autophosphorylation,0,1,0.0
vitamin_e_derivative,0,1,0.0
major_histocompatibility_complex_class_ii_gene_expression,0,1,0.0
t-cell-receptor-mediated_trans_activation,0,1,0.0
beta-catenin,0,1,0.0
downstream_signaling_pathway,0,1,0.0
dna-binding_eukaryotic_transcription_factor,0,1,0.0
ebna2-oestrogen_receptor_fusion_protein,0,1,0.0
interleukin-2_gene_expression,0,1,0.0
hnf-1_alpha,0,1,0.0
mutant_ciita_construct,0,1,0.0
nf-kb_binding_protein,0,1,0.0
chemoattractant,0,1,0.0
c-jun/c-fos_heterodimers,0,1,0.0
phorbol_12-myristate_13-acetate_(pma),0,1,0.0
embryonic_development_abnormality,0,1,0.0
cd4+_t_cell,0,1,0.0
recloning_capacity,0,1,0.0
major_histocompatibility_complex_(mhc)_class_i_dd_allele,0,1,0.0
putative_tissue-_and_individual-specific_modifier,0,1,0.0
t_cell_receptor_(tcr)_stimulation,0,1,0.0
extracellular_domain_1,0,1,0.0
calcium_ionophore,0,1,0.0
costimulation-induced_mitogen-activated_protein_kinase_(mapk)_activation,0,1,0.0
"ca2+/calmodulin-regulated,_serine/threonine-specific_protein_phosphatase",0,1,0.0
membrane_permeable_ca2+_chelator,0,1,0.0
b_cell_ag_receptor,0,1,0.0
lyl-1,0,1,0.0
human_nk-like_cell_line,0,1,0.0
mouse_t_lymphocyte,0,1,0.0
cd34_mrna,0,1,0.0
mutant_thymocyte,0,1,0.0
b-subunit_knock-out_(bko)_construct,0,1,0.0
cs_group,0,1,0.0
sequences_from_-417_to_-207_5',0,1,0.0
vitamin_d_receptor_(vdr)_gene,0,1,0.0
mhc_class_ii_deficient_b-cell_line,0,1,0.0
leukaemia,0,1,0.0
human_t_lymphoid_cell_line,0,1,0.0
ig_superfamily,0,1,0.0
du-145_cell_line,0,1,0.0
nip_region,0,1,0.0
ser5,0,1,0.0
down-regulation_of_inflammation,0,1,0.0
cd3/tcr_pathway,0,1,0.0
in_vitro_monocyte-derived_macrophage,0,1,0.0
pcd41_trans-activation,0,1,0.0
subsequent_cellular_response,0,1,0.0
yeast_transcriptional_activator,0,1,0.0
granzyme_b_mrna_transcript,0,1,0.0
ile,0,1,0.0
viral_gene_replication,0,1,0.0
hiv-1_steady-state_mrna_level,0,1,0.0
v-jun,0,1,0.0
ciita_b-cell-specific_promoter_suppression,0,1,0.0
nuclear_factor_kb,0,1,0.0
purified_t_lymphocyte,0,1,0.0
4x_nf-at-oct,0,1,0.0
murine_homolog,0,1,0.0
kox_zinc_finger_gene,0,1,0.0
normal_cell,0,1,0.0
avian_defective_retrovirus,0,1,0.0
tnf_signaling,0,1,0.0
haemolytic_disease_of_the_newborn,0,1,0.0
cd40_response,0,1,0.0
er_expression,0,1,0.0
antibody-mr_complex,0,1,0.0
cloned_human_t_lymphocyte,0,1,0.0
nf-kappab-dependent_promoter,0,1,0.0
alpha-globin_gene,0,1,0.0
chromosome_17_breakpoint,0,1,0.0
iono,0,1,0.0
active_promoter_region,0,1,0.0
dna-binding_protein,0,1,0.0
tataaa_box,0,1,0.0
pa-derived_diacylglycerol_formation,0,1,0.0
viral_latency,0,1,0.0
untreated_cell,0,1,0.0
parent_promoter,0,1,0.0
pparalpha_activator,0,1,0.0
1.17_gy/min,0,1,0.0
il-1_receptor_antagonist_(il1-ra)_gene,0,1,0.0
g0/g1_switch_gene_2,0,1,0.0
general_cofactor,0,1,0.0
-107_and_-59,0,1,0.0
il-5_promoter,0,1,0.0
p65_activation_domain,0,1,0.0
il-2-induced_mrna_expression,0,1,0.0
endothelial-leukocyte_adhesion_molecule_1,0,1,0.0
proline,0,1,0.0
mouse_thymoma_line_el-4_cell,0,1,0.0
plasma_cysteine_level,0,1,0.0
lncap,0,1,0.0
autocrine_regulatory_mechanism,0,1,0.0
k+_channel,0,1,0.0
inactive_sle,0,1,0.0
il-2-induced_expression,0,1,0.0
b-cell_transcription_factor,0,1,0.0
hematopoietic_development,0,1,0.0
26s_proteasome,0,1,0.0
sequence-specific_dna_binding,0,1,0.0
carboxyl-terminal_180_amino_acid,0,1,0.0
surface_plasmon_resonance,0,1,0.0
normal_erythroid_differentiation,0,1,0.0
cre_site,0,1,0.0
pebp2,0,1,0.0
anti-jun,0,1,0.0
nf-kappab_protein_activity,0,1,0.0
alpha-tocopherol,0,1,0.0
endogenous_long_terminal_repeat,0,1,0.0
alf1_transactivated_transcription,0,1,0.0
proximal_jun1_tumor_promoter-responsive_element_(tre)-like_promoter_element,0,1,0.0
28-bp_core_region,0,1,0.0
human_immunodeficiency_virus_long_terminal_repeat,0,1,0.0
bone_marrow_progenitor_cell_compartment,0,1,0.0
see,0,1,0.0
holo_drug,0,1,0.0
oestrogen_receptor_(er)_analysis,0,1,0.0
s._aureus,0,1,0.0
ser184,0,1,0.0
gc-sensitive_asthmatic,0,1,0.0
antirheumatic,0,1,0.0
mammalian_sex-determining_gene_sry,0,1,0.0
hs_iv-vii,0,1,0.0
dnasel,0,1,0.0
distal_enhancer,0,1,0.0
kt-3,0,1,0.0
b7,0,1,0.0
in-vitro-translated_20-kda_protein,0,1,0.0
map_kinase_pathway,0,1,0.0
modified_natural_surfactant,0,1,0.0
t_cell_activation_pathway,0,1,0.0
ebv-positive_b-lymphoblastoid_cell_line,0,1,0.0
aids_therapeutic,0,1,0.0
igh_promoter,0,1,0.0
gata3_zinc-finger_protein,0,1,0.0
tcf/lef,0,1,0.0
ifn_regulatory_factor-1_(irf-1),0,1,0.0
t_cell_line_hsb-2,0,1,0.0
gr_expression,0,1,0.0
tumor_promoter_pma,0,1,0.0
elk-1_protein,0,1,0.0
negative_control_region,0,1,0.0
nuclear_hormone_receptor,0,1,0.0
100_nm_dexamethasone,0,1,0.0
nf-kappa_b_component,0,1,0.0
leukaemia/lymphoma,0,1,0.0
ca(2+)-dependent_mechanism,0,1,0.0
human_cytomegalovirus_ie2_protein,0,1,0.0
phytohemagglutinin-induced_peripheral_blood_mononuclear_cell_proliferation,0,1,0.0
blood-glucose,0,1,0.0
mutagenesis_result,0,1,0.0
rapamycin,0,1,0.0
constitutively_expressed_receptor,0,1,0.0
heart,0,1,0.0
l-selectin_promoter,0,1,0.0
nf-kappa_b_dna_binding_site,0,1,0.0
delta_promoter,0,1,0.0
natural_thiol_antioxidant,0,1,0.0
antioxidant-mediated_inhibition,0,1,0.0
heat_shock_protein,0,1,0.0
sex_determining_gene_sry,0,1,0.0
kappa_immunoglobulin_intron_enhancer,0,1,0.0
nf-kappa_b_region,0,1,0.0
ifn-gamma_promoter,0,1,0.0
acquired_immunodeficiency_syndrome_(aids)_vaccine,0,1,0.0
hybrid_cd8-nef_protein,0,1,0.0
neoplastic_cell,0,1,0.0
t_cell_receptor_(tcr)_repertoire,0,1,0.0
p57,0,1,0.0
cox-2_expression,0,1,0.0
hiv-1_ltr-dependent_gene,0,1,0.0
b-cell_chronic_lymphocytic_leukemia,0,1,0.0
skw6.4,0,1,0.0
obese_patient,0,1,0.0
y292,0,1,0.0
hugata-3_transcription,0,1,0.0
anti-inflammatory_potency,0,1,0.0
inducible_gene,0,1,0.0
site-directed_mutation,0,1,0.0
tumor_er_concentration,0,1,0.0
trans-activation_region,0,1,0.0
unphosphorylated_protein,0,1,0.0
cyclic_amp_response_element_(cre)_site,0,1,0.0
radiation_damage,0,1,0.0
reporter_vector,0,1,0.0
il-5-producing_t_cell_clone,0,1,0.0
tumour_progression,0,1,0.0
oct2b's_carboxy_terminal_insert,0,1,0.0
human_interleukin-3_promoter,0,1,0.0
immunotherapeutic_protocol,0,1,0.0
pleiotropic_immunomodulatory_molecule,0,1,0.0
filaria-induced_lymphatic_pathology,0,1,0.0
fetal_thymus,0,1,0.0
angiotensin_at1_receptor_antagonist,0,1,0.0
proto-enhancer_element,0,1,0.0
"3,5-dichloro-2-hydroxy-4-methoxy-6-n-propylbenzoic_acid",0,1,0.0
synovial_compartment,0,1,0.0
unilineage_erythroid_culture,0,1,0.0
fas_(cd95/apo-1)_expression,0,1,0.0
stop_codon_mutant,0,1,0.0
soluble_protein_ag,0,1,0.0
mhc_class_ii_gene-specific_transcription_activator,0,1,0.0
neuroblastoma_differentiation,0,1,0.0
adult_globin_expressing_cell,0,1,0.0
jun_nh(2)-terminal_kinase,0,1,0.0
cd8+_t_cell,0,1,0.0
dna-protein_binding_study,0,1,0.0
dr,0,1,0.0
group_sequence,0,1,0.0
icam-1_molecule,0,1,0.0
stat1_alpha_protein,0,1,0.0
cd40_cytoplasmic_domain,0,1,0.0
tgf_beta_1,0,1,0.0
decreased_growth_rate,0,1,0.0
p0,0,1,0.0
47-kda_protein,0,1,0.0
single-chain_fv,0,1,0.0
cytokine_regulation,0,1,0.0
hla_class_i_ag,0,1,0.0
c-rel_gene,0,1,0.0
monocyte_colony-stimulating_factor,0,1,0.0
5'-serially_truncated_pecam-1_promoter_segment,0,1,0.0
c-myc_transcript,0,1,0.0
truncated_gp130_receptor,0,1,0.0
endothelial_protein,0,1,0.0
tmd_blast,0,1,0.0
flavonoid,0,1,0.0
jnk_mapk,0,1,0.0
dhea,0,1,0.0
nre_gamma_site,0,1,0.0
50_kda_nf-kappa_b_protein,0,1,0.0
p70,0,1,0.0
fetal_thymocyte,0,1,0.0
oral_prednisolone,0,1,0.0
normal_individual,0,1,0.0
il-1beta_promoter_activity,0,1,0.0
transcriptional_activation_property,0,1,0.0
human_monocytic_m-csf_receptor_promoter,0,1,0.0
anti-ro(ssa)_antibody,0,1,0.0
developmental_control_gene,0,1,0.0
p19,0,1,0.0
protein_kinase_c-dependent,0,1,0.0
[125i]-labeled_aldosterone_derivative,0,1,0.0
-158_to_-49,0,1,0.0
-76_to_-65,0,1,0.0
enhancer_of_split_[e(spl)]_gene,0,1,0.0
il-1_gene,0,1,0.0
bamhi-a_region,0,1,0.0
26-kda_membrane_form,0,1,0.0
camp_response_element_in_vitro,0,1,0.0
upstream_promoter_region,0,1,0.0
rna_protection_assay,0,1,0.0
activated_ht-2_cell,0,1,0.0
mn-sod,0,1,0.0
new_monoclonal_antibody,0,1,0.0
il-5,0,1,0.0
il-9-induced_cell_proliferation,0,1,0.0
internal_ribosomal_entry_site,0,1,0.0
t-cell_anergy,0,1,0.0
hydroxyurea,0,1,0.0
nuclear_factor_of_activated_t_cells_(nfat)_transcriptional_complex,0,1,0.0
ca2+/calmodulin-dependent_kinase,0,1,0.0
vd_response_element,0,1,0.0
hiv-2_transcription,0,1,0.0
avidin-biotin_peroxidase_detection_system,0,1,0.0
cd20(b1)_gene,0,1,0.0
tf_expression,0,1,0.0
antigen-specific_t_cell,0,1,0.0
nfkb,0,1,0.0
ab_cross-linking,0,1,0.0
lymphocyte_differentiation,0,1,0.0
ascorbic_acid,0,1,0.0
cmpd1_translocation_case,0,1,0.0
charybdotoxin,0,1,0.0
pa6-neo,0,1,0.0
cytoskeletal_rearrangement,0,1,0.0
v3-bh10,0,1,0.0
human_cell_line,0,1,0.0
in_vitro_binding_activity,0,1,0.0
traf_binding_site,0,1,0.0
beta_e2,0,1,0.0
blast_tcell,0,1,0.0
phosphatidylcholine,0,1,0.0
gi_protein,0,1,0.0
nf-kappab_heterodimer,0,1,0.0
e2a,0,1,0.0
germ-line_epsilon_transcript,0,1,0.0
rh:33_cell,0,1,0.0
virus-induced_cellular_transformation,0,1,0.0
human_th2_clone,0,1,0.0
intranasal_glucocorticoid,0,1,0.0
adhesion,0,1,0.0
apoptosisprone_cell,0,1,0.0
human_interferon_regulatory_factor_1,0,1,0.0
ecotropic_viral_insertion_site_i,0,1,0.0
p-selectin,0,1,0.0
lytic_cycle_infectious_progeny_virus_expression,0,1,0.0
receptor_coupling,0,1,0.0
colony-forming_unit_granulocyte-macrophage_(cfu-gm)_myeloid_progenitor,0,1,0.0
(nf)-il6,0,1,0.0
es_cell_system,0,1,0.0
immunodeficiency,0,1,0.0
5'-end,0,1,0.0
volunteer,0,1,0.0
hematopoietic_differentiation,0,1,0.0
bcl6+/cd3+/cd20-/cd57-_t_cell,0,1,0.0
jun_activation_domain,0,1,0.0
12-o-tetradecanoyl-phorbol-13-acetate_(tpa)/ca(2+)-induced_signal,0,1,0.0
nf-kappab-mediated_transcription,0,1,0.0
gm-csf_transcription,0,1,0.0
tnf-alpha-inuced_apoptosis,0,1,0.0
chronically_infected_survivor_cell_line,0,1,0.0
cd19_cross-linked_blin-1_cell,0,1,0.0
dna_ladder_formation,0,1,0.0
stat-1_phosphorylation,0,1,0.0
mouse_el-4_cell,0,1,0.0
chronic_inflammatory_condition,0,1,0.0
chronically_inflamed_intestine,0,1,0.0
ire_transcript,0,1,0.0
oxygen_radical_scavenger_enzyme,0,1,0.0
transactivating_capacity,0,1,0.0
mrna_isoforms,0,1,0.0
src_gene_family,0,1,0.0
transactivation,0,1,0.0
gata_site,0,1,0.0
tumor_necrosis_factor-a,0,1,0.0
m1,0,1,0.0
general_transcription_complex,0,1,0.0
_tuberculosis,1,0,0.0
functional_motif,0,1,0.0
dr+2,0,1,0.0
dna-binding_factor,0,1,0.0
il-1alpha_kappab-like_site,0,1,0.0
mthc_line,0,1,0.0
s_phase-specific_dna_binding_activity,0,1,0.0
uninduced_hela_extract,0,1,0.0
g1,0,1,0.0
dna-binding_phosphoprotein,0,1,0.0
nucleotides_-404/-220,0,1,0.0
steroid,0,1,0.0
ec_epitope_binding_specificity,0,1,0.0
megakaryocyte_growth_and_development_factor,0,1,0.0
benign_uterus,0,1,0.0
rxr-rxr,0,1,0.0
class_ii-negative_hela_cell,0,1,0.0
il-2_deprivation,0,1,0.0
baseline_condition,0,1,0.0
bacterial_endotoxin,0,1,0.0
karyotype,0,1,0.0
tmd,0,1,0.0
collagenase,0,1,0.0
jak-1,0,1,0.0
t-cell_leukemia_line_jurkat_cell,0,1,0.0
rb_protein_expression,0,1,0.0
virus_transcription,0,1,0.0
gm-csf_promoter_activity,0,1,0.0
autosomal_dominant_inheritance,0,1,0.0
resting_fibroblast,0,1,0.0
myeloid-specific_expression,0,1,0.0
fos-related_gene,0,1,0.0
ea/s-directed_mlv_transcription,0,1,0.0
factor_of_activated_t_cell,0,1,0.0
il-13r_alpha1,0,1,0.0
chromosome_8,0,1,0.0
cortisol-resistant_patient,0,1,0.0
caat_consensus_site,0,1,0.0
hla-dq_evolution,0,1,0.0
cd79b,0,1,0.0
erythropoietic_development,0,1,0.0
simian_virus_40_early_promoter,0,1,0.0
t-cell_antigen_receptor_signal_transduction,0,1,0.0
germline_transcription,0,1,0.0
naive'_neonatal_t_cell_response,0,1,0.0
nf-kappa_b-dependent_activation,0,1,0.0
3h-thymidine,0,1,0.0
jurkat-t_cell,0,1,0.0
exon_1,0,1,0.0
pas_domain,0,1,0.0
"pi-3,4,5-p3",0,1,0.0
kappab-dependent_reporter_activity,0,1,0.0
i_kappa_b_alpha_protein,0,1,0.0
gammac_gene,0,1,0.0
extracellular-regulated_kinase_1/2,0,1,0.0
cyclic-amp_responsive_element_binding_factor,0,1,0.0
hormone_binding,0,1,0.0
okadaic_acid-sensitive_serine/threonine_phosphatase,0,1,0.0
pou-specific_domain,0,1,0.0
alkylaryl_polyether_alcohol_polymer_detergent,0,1,0.0
adult_t_cell_leukemia,0,1,0.0
repression_domain,0,1,0.0
ppe,0,1,0.0
class_i_mhc_antigen_expression,0,1,0.0
resting_t_cell,0,1,0.0
stable_transfectant_variant,0,1,0.0
e1a_gene_expression,0,1,0.0
il-2r_alpha_regulation,0,1,0.0
human_ciita,0,1,0.0
c5a-induced_il-8_expression,0,1,0.0
activated_human_t_lymphocyte,0,1,0.0
nm23_gene_product,0,1,0.0
site_i,0,1,0.0
pdbu-treated_hl-60_cell,0,1,0.0
p21ras_oncoprotein,0,1,0.0
major_proinflammatory_cytokine,0,1,0.0
tnf-induced_nf-kappa_b_activation,0,1,0.0
class_iii_gene_transcription_factor,0,1,0.0
core-specific_mab,0,1,0.0
il-7r_signaling_event,0,1,0.0
erythroid_factor-1,0,1,0.0
international_working_formulation,0,1,0.0
c-sis/platelet-derived_growth_factor-b_promoter,0,1,0.0
stat1_binding_activity,0,1,0.0
intrafollicular_cd57+_cell,0,1,0.0
beta-sheet_conformation,0,1,0.0
gcs-untreated_patient,0,1,0.0
phosphatase_activity,0,1,0.0
yeast_cell_wall_derivative,0,1,0.0
o-side_chain-specific_mab,0,1,0.0
pharmacokinetic_mechanism,0,1,0.0
virus_latency,0,1,0.0
southwestern_blot_analysis,0,1,0.0
anti-cd3_activated_hut-78_t_cell,0,1,0.0
human_inos_promoter,0,1,0.0
vitamin_d_receptor_3'-untranslated_region_polymorphism,0,1,0.0
peripheral_leucocyte,0,1,0.0
ct,0,1,0.0
beta-globin_reporter_gene,0,1,0.0
mitogen-induced_t_cell_proliferation,0,1,0.0
immune_system,0,1,0.0
pou-dependent_conformational_change,0,1,0.0
bacterial_derived_formylpeptide,0,1,0.0
open_binding_site,0,1,0.0
i-factor,0,1,0.0
nonpregnancy,0,1,0.0
ets_proto-oncogene_family,0,1,0.0
dna_binding_studies,0,1,0.0
-70_to_-65_region,0,1,0.0
monocyte-_macrophage,0,1,0.0
myf5,0,1,0.0
mature_cd4(+)_cd8(-)_cd3(+)_thymocyte,0,1,0.0
human_atherosclerotic_lesion,0,1,0.0
midbrain,0,1,0.0
thyroid_cell,0,1,0.0
ap-1_complex,0,1,0.0
splenic_t-lymphocyte_culture,0,1,0.0
dhea_binding_site,0,1,0.0
amino_acid_1_to_115,0,1,0.0
ad12_e1a_domain,0,1,0.0
kbf1/p50_factor,0,1,0.0
denaturing_gradient_gel_electrophoresis,0,1,0.0
chronic_myeloid_leukaemia,0,1,0.0
her-2/neu_protein,0,1,0.0
e1a_copy_number,0,1,0.0
breast_carcinoma,0,1,0.0
human_aml1_gene,0,1,0.0
cyclosporin_a-binding_protein,0,1,0.0
-260,0,1,0.0
conservative_surgery,0,1,0.0
wild-type_shp1,0,1,0.0
dna_repair_enzyme,0,1,0.0
gammac,0,1,0.0
i_kappa_b_molecule,0,1,0.0
acidic_sphingomyelinase,0,1,0.0
hiv_activation,0,1,0.0
t-lymphocyte_activation,0,1,0.0
host_cell_differentiation,0,1,0.0
amino_acids_86-265,0,1,0.0
pgn,0,1,0.0
rabbit_reticulocyte_lysate,0,1,0.0
benign_clinical_behavior,0,1,0.0
anti-cd40_+_il-4-mediated_proliferation,0,1,0.0
tt,0,1,0.0
normal_cem-c7,0,1,0.0
dna_fragments,0,1,0.0
physiologic_significance,0,1,0.0
bcr-mediated_signal_transduction,0,1,0.0
hl-60/vinc_cell,0,1,0.0
kappa_b/rel_dna-binding_motif,0,1,0.0
normal_circulating_granulocyte,0,1,0.0
plasmacytoma_cell_line,0,1,0.0
activating_signal,0,1,0.0
vitro_exposure,0,1,0.0
isg,0,1,0.0
tumor_necrosis_factor-associated_factor_3,0,1,0.0
dna_bend,0,1,0.0
erk_mapks,0,1,0.0
intracellular_parasite,0,1,0.0
co-immunoprecipitation_experiment,0,1,0.0
ribonucleoprotein,0,1,0.0
t-cell_malignancy,0,1,0.0
cellular_kinase,0,1,0.0
il-12r_beta_2_subunit,0,1,0.0
whole_cell_dexamethasone_binding_assay,0,1,0.0
thymocyte_nuclei,0,1,0.0
tat_mutation,0,1,0.0
stat3-containing_complex,0,1,0.0
surfactant_protein_(sp)_a,0,1,0.0
aids_dementia_complex,0,1,0.0
killer_cell,0,1,0.0
nfatp-binding_site,0,1,0.0
[3h]aldosterone,0,1,0.0
vitamin_d-binding_protein,0,1,0.0
tumor_necrosis_factor_gene_expression,0,1,0.0
human_promyeloid_leukemia_cell_line,0,1,0.0
neonatal_lethality,0,1,0.0
19-noraldosterone,0,1,0.0
synovial_fluid,0,1,0.0
2_beta_zero-thalassemia_patient,0,1,0.0
palindrome,0,1,0.0
rantes_gene,0,1,0.0
human_t_cell_proliferation,0,1,0.0
t_cell-specific_tyrosine_kinase,0,1,0.0
hla-dr_alpha_promoter,0,1,0.0
il-4r_alpha-chain,0,1,0.0
interleukin-3_(il-3)-dependent_murine_pro-b_cells,0,1,0.0
endogenously_produced_viral_inducer,0,1,0.0
ras_activity,0,1,0.0
hypotension,0,1,0.0
as2o3,0,1,0.0
tfe3,0,1,0.0
delta99,0,1,0.0
thymic_dendritic_cell,0,1,0.0
pkc-zeta_cell,0,1,0.0
adult_respiratory_distress_syndrome,0,1,0.0
"9,11-dihydro_derivative",0,1,0.0
controlling_hematopoietic_gene_transcription,0,1,0.0
group_b,0,1,0.0
pse,0,1,0.0
arg271trp,0,1,0.0
granulocyte-macrophage_colony-stimulating_factor_receptor_alpha_gene,0,1,0.0
athlete,0,1,0.0
homing_receptor,0,1,0.0
cyclophilin/calcineurin,0,1,0.0
janus_tyrosine_kinase-3,0,1,0.0
reticulocyte-type_15-lipoxygenase,0,1,0.0
basal_redox_equilibrium,0,1,0.0
interleukin-2_receptor_alpha_chain_(il-2r_alpha)_expression,0,1,0.0
tumor_suppressor_protein_p53,0,1,0.0
host-cell_transcription_factor,0,1,0.0
activator_protein-2,0,1,0.0
immunosuppressive_therapy,0,1,0.0
hypothalamo-pituitary-adrenal_axis,0,1,0.0
tissue_culture_cell,0,1,0.0
eosinophil_specific_beta-chemokine,0,1,0.0
gamma_c,0,1,0.0
bcr-derived_signal,0,1,0.0
dideoxy_atp,0,1,0.0
metastatic_disease,0,1,0.0
il-2-induced_t-cell_proliferation,0,1,0.0
hiv-1_variant,0,1,0.0
a20,0,1,0.0
viral_dutpase,0,1,0.0
discordant_xenograft_rejection,0,1,0.0
positive_factor,0,1,0.0
hbx_protein,0,1,0.0
alpha-globin_gene_expression,0,1,0.0
cytokine-induced_nf-kappab_activation,0,1,0.0
il-1r,0,1,0.0
downstream_c(h)_gene,0,1,0.0
eosinophil_life-prolonging_effect,0,1,0.0
prospective_longitudinal_study,0,1,0.0
u-937_human_promonocytic_cell,0,1,0.0
ciita_mutant_construction,0,1,0.0
lung_condition,0,1,0.0
infectious_kinetics,0,1,0.0
rna_target,0,1,0.0
tpa,0,1,0.0
p93fes,0,1,0.0
cell_gene_cd21,0,1,0.0
sse-like_element,0,1,0.0
hybrid_gene,0,1,0.0
pos-1b,0,1,0.0
gas,0,1,0.0
camp-dependent_reporter_gene,0,1,0.0
21_bp_repeated_element,0,1,0.0
5.6_kb_of_dna,0,1,0.0
post-translationally_modified,0,1,0.0
constitutive_factor,0,1,0.0
t-cell-specific_expression,0,1,0.0
dna-binding_heterodimer,0,1,0.0
human_squamous_cell_carcinoma,0,1,0.0
lps-induced_nf-kappab_dna_binding,0,1,0.0
gamma-gene,0,1,0.0
chromatin_configuration,0,1,0.0
nuclear_autoantigen_la/ss-b,0,1,0.0
nf-kb_dna_binding_activity,0,1,0.0
-160_site,0,1,0.0
saguinus_oedipus,0,1,0.0
cyclic_amp-responsive_element,0,1,0.0
uas3,0,1,0.0
macrophage_scavenger_receptor,0,1,0.0
42-nucleotide_repeat_element,0,1,0.0
growth-inhibition,0,1,0.0
hepatoprotective_activity,0,1,0.0
calcineurin_activity,0,1,0.0
three_tetraproline_repeat,0,1,0.0
lps-stimulated_il-6_secretion,0,1,0.0
immune_reactivity,0,1,0.0
immediate_early_transactivator,0,1,0.0
human_cd14_gene,0,1,0.0
nitro_blue_tetrazolium_reduction_assay,0,1,0.0
hematopoietic-specific_transcript,0,1,0.0
humoral_immunity,0,1,0.0
15-lo_expression,0,1,0.0
tal-1_protein_expression,0,1,0.0
cd45ra+_(naive)_t_lymphocyte,0,1,0.0
mouse_th2_d10_cell,0,1,0.0
pan/e2a_complex,0,1,0.0
epstein-barr_virus_transformed_lymphoid_cell_line,0,1,0.0
pro-apoptotic_effect,0,1,0.0
ldl_receptor,0,1,0.0
9-cis-retinoic_acid,0,1,0.0
stlv-i,0,1,0.0
myeloid_differentiation_primary_response_(myd)_gene,0,1,0.0
tissue_factor_gene_expression,0,1,0.0
il-2_nf-chi_b_site,0,1,0.0
gc-motif,0,1,0.0
transcriptional_activator_protein,0,1,0.0
ebv_genome_expression,0,1,0.0
mnda_mrna_level,0,1,0.0
plc_gamma_1_expression,0,1,0.0
wild-type_b_cell_line_raji,0,1,0.0
phosphatidylserine,0,1,0.0
factor_binding_motif,0,1,0.0
nb2_t_cell,0,1,0.0
tcf-1_alpha_activity,0,1,0.0
kappa_b-like_motif,0,1,0.0
deltaspi-b,0,1,0.0
immune_response,0,1,0.0
human_il-4_receptor_alpha-chain,0,1,0.0
cox-2-mediated_prostaglandin_e2_(pge2)_production,0,1,0.0
cytokine_network,0,1,0.0
junb_mrna_peak,0,1,0.0
brain_and_in_lymphoid_tissue,0,1,0.0
tar_mutant_construct,0,1,0.0
promoter-bound_multi-protein_complex,0,1,0.0
heat-shock_protein_hsp90,0,1,0.0
kidney_disease,0,1,0.0
dna-dependent_atpase,0,1,0.0
stably_transformed_erythroblast,0,1,0.0
calcium-dependent_apoptosis,0,1,0.0
protein_product,0,1,0.0
wild-type_70z/3,0,1,0.0
interleukin_2_expression,0,1,0.0
human_tissue,0,1,0.0
95-kda_protein,0,1,0.0
maximal_suppression,0,1,0.0
bacterial_peptide,0,1,0.0
atopic_asthma,0,1,0.0
dimer,0,1,0.0
il-2_ligation,0,1,0.0
classical_intracellular_ar,0,1,0.0
nuclear_regulatory_factor-kappa_beta,0,1,0.0
mhc_class_ii_gene_regulatory_factor,0,1,0.0
bacterial_vaginosis,0,1,0.0
anti-cd8_mab,0,1,0.0
vitamin_d3_treated_maturing_cell_culture,0,1,0.0
e2f-mediated_transcriptional_activity,0,1,0.0
computer-assisted_imaging,0,1,0.0
prestimulated_thp-1_monocytic_cells,0,1,0.0
eukaryotic_gene_expression,0,1,0.0
rar-rxr_heterodimer,0,1,0.0
gc_cell,0,1,0.0
stat5_isomer,0,1,0.0
0.25-2.0_gy,0,1,0.0
platelet/endothelium_interaction,0,1,0.0
eralpha,0,1,0.0
transducing_signal,0,1,0.0
c/ebp-epsilon_mrna,0,1,0.0
hsv-2,0,1,0.0
immediate_early_gene_transcription,0,1,0.0
carboxy-terminal_cytoplasmic_domain,0,1,0.0
primary_leukemic_t_cell,0,1,0.0
hhv-6(gs)_genomic_fragment,0,1,0.0
proinflammatory_cytokine_gamma-ifn,0,1,0.0
trinucleotide_repeat,0,1,0.0
t-lymphocytic_cell_line,0,1,0.0
human_ciita_coding_sequence,0,1,0.0
ikk-alpha/beta_heterodimer,0,1,0.0
tissue-specific_mechanism,0,1,0.0
myeloperoxidase_activity,0,1,0.0
ea/s_motif,0,1,0.0
plzf-rar_alpha_expression,0,1,0.0
tunel_staining,0,1,0.0
blr2_mrna,0,1,0.0
acne,0,1,0.0
t-cell_population,0,1,0.0
growth,0,1,0.0
ca2+_store,0,1,0.0
ebna2_response_element,0,1,0.0
human_t_cell,0,1,0.0
traf-binding_site,0,1,0.0
fusion_promoter,0,1,0.0
pharmaceutical_agent,0,1,0.0
cell_wall,0,1,0.0
hgr_glucocorticoid-binding_domain,0,1,0.0
chimeric_fusion_protein,0,1,0.0
jak3-deficient_severe_combined_immunodeficiency_lymphocyte,0,1,0.0
intracellular_protein,0,1,0.0
mrna_expression_level,0,1,0.0
catalytic_activity,0,1,0.0
calcineurin_mutant,0,1,0.0
stat6_activity,0,1,0.0
electrophoretic_mobility-shift_assay,0,1,0.0
pml/raralpha_mouse,0,1,0.0
minimal_dna_sequence,0,1,0.0
microbial_superantigen,0,1,0.0
diagnostic_tool,0,1,0.0
cytolytic_action,0,1,0.0
cyp1a1_mrna,0,1,0.0
fabry_disease,0,1,0.0
cd40_agonist,0,1,0.0
mm,0,1,0.0
homodimer_of_e2a_protein,0,1,0.0
nucleotides_-158_to_-90,0,1,0.0
n-terminal_activation_domain,0,1,0.0
abdominal_obese_subject,0,1,0.0
human_granulocyte-macrophage_colony-stimulating_factor_gene_promoter,0,1,0.0
pag_(phop-activated_gene)_product,0,1,0.0
rcc,0,1,0.0
constitutive_dna,0,1,0.0
splice_site_sequence,0,1,0.0
monocyte_gene,0,1,0.0
e1a_oncoprotein_expression,0,1,0.0
ctla-4_signaling,0,1,0.0
nur77_beta,0,1,0.0
3-hydroxy-3-methylglutaryl_coenzyme_a_(hmg-coa)_reductase,0,1,0.0
vzv,0,1,0.0
normal_receptor,0,1,0.0
c-fos_protooncogene,0,1,0.0
amino_acid_side_chain,0,1,0.0
il-6_treatment,0,1,0.0
erythroid_factor,0,1,0.0
endotoxin-stimulated_inflammatory_c_ytokine_mrna_level,0,1,0.0
elf-2_transcript,0,1,0.0
synthetic_retinoid,0,1,0.0
e2f-dependent_activation,0,1,0.0
nf-kappa_b_p50_homodimer,0,1,0.0
tt-selected_t_cell_line,0,1,0.0
dna_damaging_agent,0,1,0.0
autologous_antigen-presenting_cell,0,1,0.0
peptide_delivery,0,1,0.0
octamer-bound_oct-1,0,1,0.0
syk/zap-70-family_kinase,0,1,0.0
human_cd19_gene,0,1,0.0
immature_b-cell_line,0,1,0.0
fl_hematopoiesis,0,1,0.0
neoplastic_disorder,0,1,0.0
polyadenylated_rna,0,1,0.0
functional_domain,0,1,0.0
transactivators_of_megakaryocyte-specific_promoters,0,1,0.0
b_cell-specific_transcription_factor,0,1,0.0
intercellular_adhesion_molecule-1_gene_expression,0,1,0.0
nf_kappab-dependent_enzyme,0,1,0.0
plcgamma1,0,1,0.0
ltb4_induced_adhesion,0,1,0.0
nf_kappa_b_and_nfat-1_deletion,0,1,0.0
vmax,0,1,0.0
mut-i_kappa_b,0,1,0.0
'normal'_b_lymphocyte,0,1,0.0
gm-csf-mediated_growth,0,1,0.0
tissue_factor_gene,0,1,0.0
granulocyte-macrophage_colony-stimulating_factor_(gm-csf)_receptor_alpha_subunit,0,1,0.0
nuclear_dual-specific_map_kinase_phosphatase,0,1,0.0
immunoglobulin_heavy_chain_(igh)_class,0,1,0.0
subsequent_degradation,0,1,0.0
intrinsic_transcriptional_activation_motif,0,1,0.0
growth-factor_dependent,0,1,0.0
c-fos_promoter,0,1,0.0
3070_bp_crh_promoter_fragment,0,1,0.0
isolated_eosinophil,0,1,0.0
hla_class_ii_dr11-restricted_fashion,0,1,0.0
adrenocorticotropic_hormone_test,0,1,0.0
3.8-kb_ecori_genomic_fragment,0,1,0.0
interleukin-1_receptor_type_i,0,1,0.0
rela(p65),0,1,0.0
72-kda_major_immediate-early_protein,0,1,0.0
gene_organization,0,1,0.0
chromium-release_assay,0,1,0.0
insulin_response_substrate-1,0,1,0.0
protooncogene_c-fos,0,1,0.0
erythroid_and_non-erythroid_cell,0,1,0.0
resting_peripheral_blood_t_cell,0,1,0.0
mrna_stabilization_event,0,1,0.0
jak_phosphorylation,0,1,0.0
natural_killer_cell_development,0,1,0.0
reconstructed_ltr,0,1,0.0
receptor_tyrosine_phosphorylation,0,1,0.0
rnase,0,1,0.0
activated_human_neutrophil,0,1,0.0
t_cell_cdna_library,0,1,0.0
cis-acting_element,0,1,0.0
simian_virus_40_minimal_promoter_region,0,1,0.0
promonocytic_u1_cell_line,0,1,0.0
primary_tcr-mediated_activation,0,1,0.0
anti-igm_antibody_(ab),0,1,0.0
basic_helix-loop-helix_protein-mediated_regulation,0,1,0.0
cell_regulation,0,1,0.0
differential_display_rt-pcr,0,1,0.0
vdre-binding_protein,0,1,0.0
receptor_activator,0,1,0.0
proteasome_inhibitor_mg-132,0,1,0.0
p3,0,1,0.0
bcl2-responsive_checkpoint,0,1,0.0
g_protein-coupled_receptor,0,1,0.0
mediterranean_diet,0,1,0.0
lps-induced_nf-kappa_b,0,1,0.0
c-sis/pdgf-b_promoter,0,1,0.0
b_cell-associated_surface_molecule,0,1,0.0
nonhematopoietic_lineage,0,1,0.0
h-7-sensitive_pathway,0,1,0.0
c-fms_proto-oncogene,0,1,0.0
guanylate_binding_protein,0,1,0.0
gc-insensitive_asthma,0,1,0.0
epinephrine,0,1,0.0
tr_beta_2,0,1,0.0
azeptin,0,1,0.0
il-2_receptor_alpha_chain,0,1,0.0
nuclear_transcription_factor_kappa_b,0,1,0.0
cell_cycle_progression,0,1,0.0
45_bp_downstream,0,1,0.0
51_bp_upstream,0,1,0.0
unique_protein,0,1,0.0
major_e2f_complex,0,1,0.0
inhibition_of_t_cell_activation,0,1,0.0
cd95l_transcription,0,1,0.0
humans_remain,0,1,0.0
bilateral_total_adrenalectomy,0,1,0.0
circulating_t_cell,0,1,0.0
in_vitro_cd4_cross-linking,0,1,0.0
chemotherapy_(paclitaxel)-induced_expression,0,1,0.0
murine_pro-b_cell_line_baf3,0,1,0.0
b,0,1,6.0
conditioned_medium,0,1,0.0
myb:maf_complex,0,1,0.0
mobility_assay,0,1,0.0
gel-shift_analysis,0,1,0.0
t_cell_antigen_receptor_complex,0,1,0.0
nuclear_transcription_protein,0,1,0.0
jagged1_transcript,0,1,0.0
mc903,0,1,0.0
ap-1_activation_pathway,0,1,0.0
chimeric_animal,0,1,0.0
thr,0,1,0.0
inflammatory_and_destructive_mechanism,0,1,0.0
fcepsilonriib_receptor,0,1,0.0
dna_variation,0,1,0.0
nuclear_targeting,0,1,0.0
nuclear_nfat,0,1,0.0
primary_cd8+_t-pll_cell,0,1,0.0
mnfatc_transcript,0,1,0.0
pth_cell,0,1,0.0
ca(2+)-,0,1,0.0
mutant_e6_motif,0,1,0.0
cultured_human_ecs,0,1,0.0
invariant_chain-derived_peptides,0,1,0.0
ar,0,1,0.0
piec_line,0,1,0.0
isoleucine,0,1,0.0
nf90,0,1,0.0
phagocytic_stimuli,0,1,0.0
asymmetric_cell_division,0,1,0.0
gr_heterocomplex,0,1,0.0
helix_1,0,1,0.0
lymphoid-specific_transcription_factor_oct-2a,0,1,0.0
chromosome,0,1,0.0
hrar_alpha,0,1,0.0
octamer-dependent_activation,0,1,0.0
hypomelanosis,0,1,0.0
signaling_pathway,0,1,0.0
resting_pbl-t,0,1,0.0
cell_surface_t-cell_receptor,0,1,0.0
transcriptional_transactivation_function,0,1,0.0
signal_transducer_and_activator_of_transcription_1,0,1,0.0
bhlf1/noti_oligoprobe,0,1,0.0
mammalian_tissue,0,1,0.0
dominant_interfering_deltadna-binding_domain,0,1,0.0
ps,0,1,0.0
varicella-zoster_virus,0,1,0.0
human_b_lymphocyte_culture,0,1,0.0
smad6,0,1,0.0
blood_substrates,0,1,0.0
c-fos_promoter_sis-inducible_element_probe,0,1,0.0
human_interleukin-4_(il-4)_gene,0,1,0.0
amino_acid_1-421,0,1,0.0
-148_to_-130,0,1,0.0
isotype-matched_control_antibody,0,1,0.0
viral_enhancer,0,1,0.0
sapk/jnk,0,1,0.0
scmv_sne,0,1,0.0
paternal_expression,0,1,0.0
transformed_lymphoblast,0,1,0.0
benzene-induced_apoptosis,0,1,0.0
wild-type_ad,0,1,0.0
b-cell-specific_footprint,0,1,0.0
ctl,0,1,0.0
zinc-binding_protein,0,1,0.0
vitro_activated_helper_t_cell,0,1,0.0
3t3-l1_adipocyte,0,1,0.0
oligonucleotide,0,1,0.0
human_jurkat_lymphoblastoid_cell,0,1,0.0
m-tat_cell,0,1,0.0
p50/rela(p65)_complex,0,1,0.0
nf-kappab/rel_family,0,1,0.0
tal1_gene,0,1,0.0
ggggctgtccc,0,1,0.0
wd-40_repeat,0,1,0.0
hsie_probe,0,1,0.0
latent_protein,0,1,0.0
janus_kinase_family,0,1,0.0
35-amino_acid_c_terminus,0,1,0.0
anti-ras_immunoprecipitate,0,1,0.0
il-2_transcriptional_regulator,0,1,0.0
t_cell_activation-induced_fasl_expression,0,1,0.0
proximal_5'-flanking_region,0,1,0.0
serum_ig_level,0,1,0.0
bcl-xl_gene_expression,0,1,0.0
pre-b_cell-specific_gene,0,1,0.0
nuclear_corepressor_(n-cor)_histone_deacetylase_complex,0,1,0.0
activation_protein_1-dependent_transcriptional_activation,0,1,0.0
estrogen_receptor_gene,0,1,0.0
bcl-6(-)/syn-1(+)_tumor_cell,0,1,0.0
il-1rii_mrna_level,0,1,0.0
nfat-1_and_nfil-2b_nuclear_protein_complex,0,1,0.0
in_situ_immunolabelling,0,1,0.0
sk&f_96365,0,1,0.0
tnf-alpha_receptor,0,1,0.0
dna_cotransfection_experiment,0,1,0.0
cell-surface_ifngamma_receptor,0,1,0.0
il-2r(alpha)_chain_mrna,0,1,0.0
stoichiometry,0,1,0.0
"myristoylated,_alanine-rich_c_kinase_substrate",0,1,0.0
secondary_hypothyroidism,0,1,0.0
nf-kappa_b_protein,0,1,0.0
polymorphonuclear_neutrophilic_granulocyte,0,1,0.0
gcr-alpha,0,1,0.0
v-erba_oncoprotein,0,1,0.0
ltr-driven_proviral_transcription_unit,0,1,0.0
histone_promoter-driven_beta-galactosidase,0,1,0.0
tumor_necrosis_factor_(tnf)-mediated_activation,0,1,0.0
sea-activated_cd4+_spleen_t_cell,0,1,0.0
hiv/siv_genome,0,1,0.0
b_cell_precursor_acute_lymphoblastic_leukemia_(bcp-all)_cell,0,1,0.0
bslf2,0,1,0.0
human_class_ii_transactivator,0,1,0.0
cellular_immune_response,0,1,0.0
mip-1_alpha_gene,0,1,0.0
tax-protein,0,1,0.0
stat3_dna_binding,0,1,0.0
constitutive_transcription,0,1,0.0
nk_cell-mediated_clearance,0,1,0.0
parent_peptide,0,1,0.0
wild-_type_cd4,0,1,0.0
functionally_active_factor,0,1,0.0
c-myb_mrna,0,1,0.0
cell_surface_recognition_event,0,1,0.0
g2715t,0,1,0.0
neuroblastoma_cell_line,0,1,0.0
inhibitory_p50/p50_homodimer,0,1,0.0
interleukin_(il)-5,0,1,0.0
anti-human_lt_sera,0,1,0.0
ige_class_switching,0,1,0.0
zymogen_plasma_factors_vii,0,1,0.0
nfat-1_complex,0,1,0.0
scf_+_epo-induced_erythroid_colony_growth,0,1,0.0
nuclear_factor_kappa_b_(nf-kappa_b)_activity,0,1,0.0
t_lymphoid_jurkat_cell_line,0,1,0.0
mmp-9_gelatinolytic_activity,0,1,0.0
immunoglobulin_variable_region_promoter,0,1,0.0
purified_defensin,0,1,0.0
primary_human_cell,0,1,0.0
t-cell_maturation,0,1,0.0
naive_t-helper_(th)_cell,0,1,0.0
mbp_gene_transcription,0,1,0.0
gm-kappa_b_motif,0,1,0.0
htlv-i-transformed_human_lymphocyte_line,0,1,0.0
activated_normal_human_lymphocyte,0,1,0.0
human_dendritic_cell-based_assay,0,1,0.0
cbf1/rbp-jkappa,0,1,0.0
kappa_b-1,0,1,0.0
lps_signaling_receptor,0,1,0.0
rna-protein_interaction,0,1,0.0
eosinophilic_abnormality,0,1,0.0
specificity_phosphatase,0,1,0.0
chromosome_3_band_q26,0,1,0.0
r/u5_region,0,1,0.0
c5a-stimulated_pbmc,0,1,0.0
tata_element,0,1,0.0
granulocyte_colony-stimulating_factor_receptor,0,1,0.0
human_t-cell_leukemia_virus_type_ii_rex_gene,0,1,0.0
mhc_class_ii_signaling,0,1,0.0
human_lh-2,0,1,0.0
exons_5-13,0,1,0.0
angiogenesis,0,1,0.0
11q14,0,1,0.0
activated_peripheral_t_lymphocyte,0,1,0.0
interferon_gamma_induction_pathway,0,1,0.0
il-4_substrate,0,1,0.0
actinomycin-d,0,1,0.0
gc-induced_inhibition,0,1,0.0
b2_subunit,0,1,0.0
hnp-1,0,1,0.0
interferon_beta_prdii_site,0,1,0.0
anti-cd28,0,1,0.0
p50_epitope,0,1,0.0
hypercortisolemia,0,1,0.0
cmv_infection,0,1,0.0
p24_antigen_measurement,0,1,0.0
microenvironment,0,1,0.0
known_gene_product,0,1,0.0
hematopoiesis,0,1,0.0
healthy_virus_carrier,0,1,0.0
human_pml_expression,0,1,0.0
32p-labeled_oligonucleotide,0,1,0.0
human_rar-alpha,0,1,0.0
type_2_cytokine,0,1,0.0
tnf_mrna,0,1,0.0
k562_stem_cell,0,1,0.0
native_hgr,0,1,0.0
nuclear_factor-il6,0,1,0.0
heterodimerization,0,1,0.0
leukocyte-platelet_conjugate,0,1,0.0
tumor-bearing_mouse,0,1,0.0
stat-dependent_early_response_gene,0,1,0.0
bcl-2_gene,0,1,0.0
5'-untranslated_leader,0,1,0.0
ataxia_telangiectasia,0,1,0.0
cd28-specific_mab_bw_828,0,1,0.0
gonadotropin,0,1,0.0
ald-treated_cell,0,1,0.0
prdii_regulatory_element,0,1,0.0
ligand-induced_phosphorylation,0,1,0.0
interferon_regulatory_factor-1_gene,0,1,0.0
late_b_cell_development,0,1,0.0
ebs_motif,0,1,0.0
autoimmune_feature,0,1,0.0
disease_activity,0,1,0.0
c5a-induced_reporter_gene_expression,0,1,0.0
ea-d_promoter,0,1,0.0
hybrid_reporter_construct,0,1,0.0
protein_binding_region,0,1,0.0
x-chromosome-specific_element,0,1,0.0
mouse_thymocyte_cell_line,0,1,0.0
alpha-chemokine,0,1,0.0
cytoplasmic_retention,0,1,0.0
ltr-chloramphenicol_acetyltransferase-encoding_gene_chimera,0,1,0.0
orphan_receptor,0,1,0.0
nucleotide_-_245_to_-_188,0,1,0.0
t_cell_unresponsiveness,0,1,0.0
active_site,0,1,0.0
anti-cd3-stimulated_ap-1_enhancer_activity,0,1,0.0
androgen_binding_site,0,1,0.0
t_(15;17)_translocation,0,1,0.0
vcam-1_upregulation,0,1,0.0
attta,0,1,0.0
thymidine_kinase_mrna,0,1,0.0
monocyte_chemoattractant_protein_1_(mcp-1)_gene,0,1,0.0
glycoconjugate,0,1,0.0
peptidyl-prolyl_amide_bond,0,1,0.0
fetal_haematopoiesis,0,1,0.0
calcium-signal_modulating_cyclophilin_ligand,0,1,0.0
a,0,1,17.0
specific_nuclear_translocation_mechanism,0,1,0.0
r-h-tbp-1,0,1,0.0
e3_enhancer_motif,0,1,0.0
cytoplasmic_proteic_inhibitor,0,1,0.0
biotinylated_dna-streptavidin_matrix,0,1,0.0
duffy_chemokine_receptor_gene,0,1,0.0
il-5-nonproducing_clone,0,1,0.0
steroid_resistant,0,1,0.0
dna_binding_form,0,1,0.0
tata-binding_protein,0,1,0.0
herpes_simplex_virus_t-cell_antigen,0,1,0.0
ap-1_sites,0,1,0.0
murine_erythroleukemia_(mel)_cell,0,1,0.0
ced-3,0,1,0.0
human_homolog_baf155,0,1,0.0
tre1_probe,0,1,0.0
dominant_negative_regulator,0,1,0.0
intracytoplasmic_tnfalpha_level,0,1,0.0
nf-kappa_b_suppression,0,1,0.0
cd14_gene,0,1,0.0
rel_family,0,1,0.0
protein_kinase_c-dependent_signal,0,1,0.0
gdsp,0,1,0.0
lat-containing_signaling_complex,0,1,0.0
phagocyte_nadph_oxidase,0,1,0.0
complementary_single-residue_substitution,0,1,0.0
cam_kinase_ii,0,1,0.0
m3_leukemic_cell,0,1,0.0
major_virus_reservoir,0,1,0.0
ebv-negative_b-lymphoma_cell_line,0,1,0.0
leukotriene,0,1,0.0
signal_response_domain,0,1,0.0
baby_rat_kidney_(brk)_cell,0,1,0.0
40s_ribosomal_protein_s6_kinase,0,1,0.0
t(3;14)_(q27;q32),0,1,0.0
antitumor_immune_response,0,1,0.0
b_cell_line,0,1,0.0
usa-derived_pc2,0,1,0.0
irf-2,0,1,0.0
tcrg_mrna,0,1,0.0
anti-igm-induced_apoptosis,0,1,0.0
proximal_mechanism,0,1,0.0
indomethacin,0,1,0.0
hla-dr11_restricting_molecule,0,1,0.0
intercellular_adhesion_molecule-1_(icam-1)_promoter,0,1,0.0
viral_dna_replication,0,1,0.0
interleukin-1_alpha_production,0,1,0.0
ifn-gamma-dependent_mechanism,0,1,0.0
val837,0,1,0.0
logarithmic_phase_of_growth,0,1,0.0
rflat-1,0,1,0.0
immunmodulatory_effect,0,1,0.0
metastatic_potential,0,1,0.0
c-fos_mrna_expression,0,1,0.0
surface_protein,0,1,0.0
xist_gene,0,1,0.0
human_il-2,0,1,0.0
zebra_activation_domain,0,1,0.0
ebv_r_protein,0,1,0.0
-85_bp,0,1,0.0
core_binding_motif,0,1,0.0
pha-induced_proliferation,0,1,0.0
nfatp/ap-1_composite_element,0,1,0.0
blood_cell,0,1,0.0
cd8/hla_class_i-restricted_response,0,1,0.0
cys,0,1,0.0
mammalian_homolog,0,1,0.0
monoallelic_expression,0,1,0.0
il-4-stimulated_cell,0,1,0.0
armadillo,0,1,0.0
glycoprotein_iib_(gpiib)_gene,0,1,0.0
non-erythroid_cell_type,0,1,0.0
human_peripheral_blood_t_lymphocyte,0,1,0.0
human_tr2_orphan_receptor_response_element,0,1,0.0
leukaemic_transformation,0,1,0.0
inv(16)(p13q22),0,1,0.0
il-2_mrna,0,1,0.0
residue_122_to_293,0,1,0.0
nordihydroguiauretic_acid,0,1,0.0
p50_component,0,1,0.0
monocyte-derived_dc,0,1,0.0
simian_cell_line,0,1,0.0
nuclear_factor_(nf)-kappa_b_activity,0,1,0.0
human_cancer_lncap_cell,0,1,0.0
c3_fragment,0,1,0.0
cellular_cysteine_supply,0,1,0.0
differentiation-promoting_gene,0,1,0.0
cat_activity,0,1,0.0
water_soluble_phorbol_ester,0,1,0.0
aldosterone_level,0,1,0.0
g(anh)mtetra-induced_il-6_mrna_expression,0,1,0.0
reactive_oxygen_intermediate_formation,0,1,0.0
resting_go_t-cell,0,1,0.0
tnf_production,0,1,0.0
oct-1_dna-binding_abnormalit,0,1,0.0
fibrinogen-binding_integrin,0,1,0.0
hiv-1_and_hiv-2_infection,0,1,0.0
il-2_transcription,0,1,0.0
ligand_binding_affinity,0,1,0.0
cmv_element,0,1,0.0
ca2+_influx,0,1,0.0
transcriptional_down-regulation,0,1,0.0
hla-drbeta,0,1,0.0
i_kappa_b_mrna,0,1,0.0
gamma-globin_mrna,0,1,0.0
nf-e2_binding_site,0,1,0.0
jun-b,0,1,0.0
nf-kappa_b1_gene_expression,0,1,0.0
dominant-negative_mutant_tnfri,0,1,0.0
acquired_immune_deficiency_syndrome,0,1,0.0
kappab-regulated_luciferase_encoding_vector,0,1,0.0
fasl_reporter,0,1,0.0
raloxifene,0,1,0.0
chronically_hiv-1-infected_cell_line,0,1,0.0
vitamin_d_deficiency,0,1,0.0
nf-kappab-dependent_mechanism,0,1,0.0
recombinant_hbxag_protein,0,1,0.0
maximal_level,0,1,0.0
hnf-4alpha,0,1,0.0
pcdd/pcdf,0,1,0.0
balb/c_mouse,0,1,0.0
catalytically_inactive_form,0,1,0.0
human_antigen-specific_t_cell_clone,0,1,0.0
rrlpif,0,1,0.0
nuclear_factor-kappab/rel,0,1,0.0
reverse_transcriptase_assay,0,1,0.0
gas_motif,0,1,0.0
enzymatic_activation,0,1,0.0
alpha_a,0,1,0.0
human_interleukin_9_gene,0,1,0.0
nt_4481_to_4982,0,1,0.0
asthmatic,0,1,0.0
sex_steroid_hormone,0,1,0.0
oct-4,0,1,0.0
mtbe,0,1,0.0
optimal_viral_transcription,0,1,0.0
transforming_latent_membrane_protein-1,0,1,0.0
major_histocompatibility_complex_class_ii_invariant_chain_promoter,0,1,0.0
hiv-seronegative_donor,0,1,0.0
il-7r_signal_transduction,0,1,0.0
fibre-exposed_monocyte,0,1,0.0
nfat_binding_activity,0,1,0.0
gabp_alpha/gabp_beta,0,1,0.0
cell_cycle_activation_program,0,1,0.0
immunosuppressive_effect,0,1,0.0
erythroid/megakaryocytic_bipotential_progenitor_cells,0,1,0.0
mn-dependent_superoxide_dismutase,0,1,0.0
"gamma(c)-positive,_il-13r_alpha1-negative_daudi_cell",0,1,0.0
chromatin_degradation,0,1,0.0
surface_receptor,0,1,0.0
im-9_nuclear_extract,0,1,0.0
vdr-retinoid_x_receptor_heterodimer,0,1,0.0
human_t_cell_thymic_progenitor,0,1,0.0
real-time_blood_pressure_monitor,0,1,0.0
tissue_inhibitor,0,1,0.0
hemin-induced_heat_shock_gene_expression,0,1,0.0
differential_gene_regulation,0,1,0.0
glucocorticoid_receptor_positive_cell_population,0,1,0.0
v-abl_oncogene,0,1,0.0
il-13_gene_5'_flank_region,0,1,0.0
dexamethasone_therapy,0,1,0.0
lyso-platelet-activating_factor,0,1,0.0
pf,0,1,0.0
rt-pcr_assay,0,1,0.0
cyclin_e-dependent_kinase,0,1,0.0
internal_store,0,1,0.0
transcriptional_activator_precursor,0,1,0.0
pebp2_alpha/aml-1-related_factor,0,1,0.0
ikappab_kinase_complex_activation,0,1,0.0
long_primary_transcript,0,1,0.0
putative_transcriptional_regulator,0,1,0.0
ach2_cell,0,1,0.0
vsmc-myc_cell,0,1,0.0
dtt,0,1,0.0
cytokine-induced_periodontal_tissue_damage,0,1,0.0
cardiac_transplant_recipient,0,1,0.0
self-renewing_b-1_cell,0,1,0.0
erythroid-specific_properties,0,1,0.0
b-lymphocyte_development,0,1,0.0
ifn_response,0,1,0.0
terminal_complement_complex,0,1,0.0
ser,0,1,0.0
apoptosis_induction,0,1,0.0
gender_difference,0,1,0.0
fl,0,1,0.0
il-12_signal_transduction_pathway,0,1,0.0
lymphoid_development,0,1,0.0
epo-induced_beta-globin_expression,0,1,0.0
promoter_expression,0,1,0.0
ca(2+)-dependent_signal-transduction_pathway,0,1,0.0
phop-activated_gene,0,1,0.0
gcr,0,1,0.0
pancreatic_beta-cell,0,1,0.0
t_cell_antigen_receptor_stimulation,0,1,0.0
ospb,0,1,0.0
erythroid_cell_culture,0,1,0.0
hypercalcemia,0,1,0.0
third_intron,0,1,0.0
kappa_b-site,0,1,0.0
transactivating_domain,0,1,0.0
nuclear_transcriptional_factor,0,1,0.0
3'-region,0,1,0.0
il1b_promoter_fragment,0,1,0.0
beta_(p75)_gene,0,1,0.0
bcl2_gene,0,1,0.0
s-allyl_cysteine,0,1,0.0
stat_activation,0,1,0.0
white_woman,0,1,0.0
lineage_commitment,0,1,0.0
hsv-1_strain_kos,0,1,0.0
human_u-937_monoblast,0,1,0.0
sexual_difference,0,1,0.0
chromosome_16_cbf_beta-myh11_fusion_transcript,0,1,0.0
effector_plasmid,0,1,0.0
human_mononulear_leukocyte,0,1,0.0
sp1_protein,0,1,0.0
peptide_epitope,0,1,0.0
serine-32,0,1,0.0
cytokine_rescue,0,1,0.0
normal_progenitor_cell,0,1,0.0
s6_peptide,0,1,0.0
transforming_growth_factor-beta_promoter,0,1,0.0
cyclic_amp-responsive_element-like_sequence,0,1,0.0
g0,0,1,0.0
neonatal_immune_respons,0,1,0.0
fusion_partner,0,1,0.0
transcription_factor_nf_kappa_b_activity,0,1,0.0
therapeutic_concentration,0,1,0.0
cytospin_preparation,0,1,0.0
lt-kappa_b_site,0,1,0.0
plasmid_replication,0,1,0.0
mouse_gm-csf_promoter,0,1,0.0
chloramphenicol_acetyl_transferase_(cat)_gene,0,1,0.0
electron-transport_system,0,1,0.0
atherosclerotic_fatty_streak,0,1,0.0
plasma_membrane_redox_system,0,1,0.0
cd14_5'_upstream_sequence,0,1,0.0
"monocyte_1,25(oh)2d3_synthesis",0,1,0.0
leukemic_t_cell_line_hpb.all,0,1,0.0
sl3_virus,0,1,0.0
protein_kinase,0,1,0.0
cre_element,0,1,0.0
nucleotides_-137_and_-64,0,1,0.0
a6h,0,1,0.0
zinc-finger_region,0,1,0.0
glucose_uptake,0,1,0.0
aes_peptide,0,1,0.0
kappa_b-related_sequence,0,1,0.0
bcl-6_lesion,0,1,0.0
c-jun_genes,0,1,0.0
replicative_senescence,0,1,0.0
oligonucleotide_primer,0,1,0.0
stat6_isoform,0,1,0.0
anatomic_tumor_size,0,1,0.0
eb1_(z),0,1,0.0
mc1627,0,1,0.0
t._annulata-infected_leucocyte,0,1,0.0
cytokine_mobilized_peripheral_blood,0,1,0.0
antiviral_protein,0,1,0.0
3'_element,0,1,0.0
gst,0,1,0.0
cytoplasmic_free_calcium,0,1,0.0
embryonic_fibroblast,0,1,0.0
gdp,0,1,0.0
negative_regulatory_role,0,1,0.0
gabp_alpha,0,1,0.0
ca2+/calcineurin_pathway,0,1,0.0
nuclear_inhibition,0,1,0.0
t-cell-mediated_immunity,0,1,0.0
gm-kappa_b/gc-box,0,1,0.0
mouse_myeloid_cell_line,0,1,0.0
elk-1-specific_genomic_phage_clone,0,1,0.0
-311ctcccttct-303,0,1,0.0
jagged1_gene_expression,0,1,0.0
ad2/ad12_hybrid_e1a_gene_product,0,1,0.0
thyroglobulin_receptor,0,1,0.0
nuclear_trans-acting_factor,0,1,0.0
18-hydroxy-corticosterone,0,1,0.0
yissue_factor,0,1,0.0
lytic_gene_cascade,0,1,0.0
anti-rheumatic_compound,0,1,0.0
serine,0,1,0.0
hiv_infection,0,1,0.0
mrna_degradation,0,1,0.0
cd3/t_cell_receptor,0,1,0.0
interleukin-2_(il-2)_gene_expression,0,1,0.0
synovial_lining,0,1,0.0
phosphatase_inhibitor,0,1,0.0
p55tnf-r,0,1,0.0
bfgf,0,1,0.0
i_kappa_b_family,0,1,0.0
tcr,0,1,0.0
adult_alpha,0,1,0.0
glucocorticoid_actions,0,1,0.0
bovine_papilloma_virus,0,1,0.0
intact_cooh-terminal_domain,0,1,0.0
cytokine_generation,0,1,0.0
yt,0,1,0.0
naturally_occurring_mutation,0,1,0.0
normal_thymic_epithelial_cell,0,1,0.0
receptor-cdna,0,1,0.0
okadaic_acid-sensitive_ser/thr_phosphatase,0,1,0.0
mrp8,0,1,0.0
erythroid-specific_gene,0,1,0.0
human_dc,0,1,0.0
tf_expression_data,0,1,0.0
p3hr-1-infected_cell,0,1,0.0
phosphorylated_form,0,1,0.0
heptamer_element,0,1,0.0
hla-molecule,0,1,0.0
nf-kappab_binding_site,0,1,0.0
core-binding_factor,0,1,0.0
cpkc-betaii,0,1,0.0
pu.1/pip,0,1,0.0
peer,0,1,0.0
cytoplasmic_rela,0,1,0.0
simian_immunodeficiency_virus,0,1,0.0
cd40_signaling_determinant,0,1,0.0
aids-c_group,0,1,0.0
human_t-cell_lymphotropic_virus_i,0,1,0.0
monocytic_nuclear_factor-kappa_b,0,1,0.0
cyclic-amp_responsive_element_binding_factor_(creb)-like_factor,0,1,0.0
mr-status,0,1,0.0
i-ek,0,1,0.0
scl_transcription,0,1,0.0
ebna-2a,0,1,0.0
dna_reiteration,0,1,0.0
proliferation_cessation,0,1,0.0
t(8;21),0,1,0.0
oct-2_induction,0,1,0.0
b-cell-specific_cofactor,0,1,0.0
igm_production,0,1,0.0
growth_factor_stimulation,0,1,0.0
t_cell_maturation,0,1,0.0
rag-1_and_rag-2_rna,0,1,0.0
human_gene,0,1,0.0
listeria_monocytogene,0,1,0.0
ras-regulated_activation,0,1,0.0
hs-40,0,1,0.0
intracellular_action,0,1,0.0
bone_marrow_sample,0,1,0.0
human_erythroid_5-aminolevulinate_synthase,0,1,0.0
transiently_cotransfected_human_cell,0,1,0.0
optimal_site,0,1,0.0
cryptococcus_neoformans,0,1,0.0
truncated_beta_gene_promoter,0,1,0.0
antioxidants_pyrrolidine_dithiocarbamate,0,1,0.0
b104_cell_death,0,1,0.0
alu_sequence,0,1,0.0
anti-ikappabalpha_antibody,0,1,0.0
po-b,0,1,0.0
il-3-mediated_stat5b,0,1,0.0
lucocorticoid_receptor,0,1,0.0
thymic_selection,0,1,0.0
p50/p50_kbf1_factor,0,1,0.0
cd4(-)_cell,0,1,0.0
ro_13-7410,0,1,0.0
thymic_microenvironment,0,1,0.0
nk_cell_activation,0,1,0.0
p53-/-_mice,0,1,0.0
ifn,0,1,0.0
-83_to_-91,0,1,0.0
ifn-gamma,0,1,0.0
ebv-negative_individual,0,1,0.0
[3h]dexamethasone_binding_site,0,1,0.0
reactive_oxygen_intermediate_production,0,1,0.0
er-negative_mda-mb-231_breast_cancer_cell_line,0,1,0.0
karyotypic_study,0,1,0.0
hemizygotic_nephew,0,1,0.0
divergent_protein_kinase,0,1,0.0
endothelial-raw264.7_coculture,0,1,0.0
second_repressor_region,0,1,0.0
ap-1_consensus_sequence,0,1,0.0
mig,0,1,0.0
polyamine_pattern,0,1,0.0
lps-inducible_il-6_promoter,0,1,0.0
early_growth_response_1_gene_transcription,0,1,0.0
t-lymphocyte_lineage,0,1,0.0
il-1beta_treatment,0,1,0.0
hmg-1,0,1,0.0
stat3ee,0,1,0.0
csa-sensitive_and_ca(2+)-dependent_mechanism,0,1,0.0
11_alpha-chloromethyl_or_11_alpha-_or_11_beta-phenyl,0,1,0.0
epstein_barr_virus-bhrf1,0,1,0.0
"45,x_cell_line",0,1,0.0
squamous_cell_carcinoma_(scc)_cell_line,0,1,0.0
graft-vs-host_reaction,0,1,0.0
membrane_protein,0,1,0.0
msr,0,1,0.0
il-1beta_stimulation,0,1,0.0
nef-expressing_t-cell_line,0,1,0.0
molecular_alteration,0,1,0.0
normal_peripheral_blood_(pb)_dc,0,1,0.0
pou_domain,0,1,0.0
mp,0,1,0.0
intracellular_adhesion_molecule-1_induction,0,1,0.0
ck-1_element,0,1,0.0
autoregulatory_feedback_inhibitor,0,1,0.0
phytohemagglutinin-stimulated_peripheral_blood_lymphocyte_culture,0,1,0.0
macrophage-like_cell,0,1,0.0
g28-5_sfv,0,1,0.0
yy-1_binding_site,0,1,0.0
hla_class_ii_antigen_processing,0,1,0.0
human_ciita_gene,0,1,0.0
mononuclear_cell_activation,0,1,0.0
stem_cell_disorder,0,1,0.0
nk_cell-mediated_k562_cancer_cell_killing,0,1,0.0
e2f_dna_site,0,1,0.0
differentiated_b_cell,0,1,0.0
t(14;14)(q11;q32)_chromosome_translocation,0,1,0.0
cell-type_specific_transcription_factor,0,1,0.0
anti-estrogen_therapy,0,1,0.0
lps-inducible_response,0,1,0.0
fas_expression,0,1,0.0
immune_surveillance,0,1,0.0
peripheral_blood_lymphocyte_culture,0,1,0.0
gal4_dna_binding_domain,0,1,0.0
membrane-bound_tnf-alpha,0,1,0.0
lmp-1_molecule,0,1,0.0
cell-to-cell_activation,0,1,0.0
tip,0,1,0.0
il-2_receptor_alpha,0,1,0.0
anti-tnf_alpha_antibody,0,1,0.0
htlv-1_transformed_human_lymphoid_line,0,1,0.0
p98,0,1,0.0
splenomegaly,0,1,0.0
rb_protein,0,1,0.0
i/y,0,1,0.0
maturing_human_monocyte-derived_m_phi,0,1,0.0
cd4_signaling,0,1,0.0
thyroid_hormone_receptor_alpha,0,1,0.0
context-dependent_transcriptional_activation,0,1,0.0
erythroid_cell_survival,0,1,0.0
cd_patient,0,1,0.0
human_immunodeficiency_virus_(hiv)_transcription,0,1,0.0
dbd,0,1,0.0
hla_binding_characteristic,0,1,0.0
xenograft_survival,0,1,0.0
t_cell_response,0,1,0.0
phenotypic_dc_characteristic,0,1,0.0
vulva,0,1,0.0
aml-m7,0,1,0.0
insulin-stimulated_triglyceride_accumulation,0,1,0.0
p3hr-1_defective_genome,0,1,0.0
normal_women,0,1,0.0
il-2r_beta_chain,0,1,0.0
granulocytic_differentiation_program,0,1,0.0
t_cell_transmembrane_signaling,0,1,0.0
dominant-negative_form,0,1,0.0
herbimycin,0,1,0.0
cellular_programme_driving_proliferation,0,1,0.0
om10.1,0,1,0.0
prolonged_cyclic_pressure-stretching_strain,0,1,0.0
normal_erythroid_development,0,1,0.0
cellular_tumor_necrosis_factor_receptor-associated_factor,0,1,0.0
deacetylated_metabolite,0,1,0.0
pim-1_gene_expression,0,1,0.0
post-transcriptional_event,0,1,0.0
glucocorticoid-mediated_inhibition,0,1,0.0
antisense_oligonucleotide,0,1,0.0
hil-5_receptor_alpha-subunit_(hil-5r_alpha)_cdna-transfected_tf-1,0,1,0.0
clone_13_ciita_allele,0,1,0.0
large_clonal_t-cell_population,0,1,0.0
interleukin-1,0,1,0.0
myelomonoblastic_plb-985_cell,0,1,0.0
imprinted_gene,0,1,0.0
hla-dr_alpha_promoter_construct,0,1,0.0
calcineurin_independent_manner,0,1,0.0
curcuma_longa,0,1,0.0
calcium-dependent_phosphatase,0,1,0.0
protein_kinase_c_pathway,0,1,0.0
functional_unit,0,1,0.0
ifn-alpha-induced_protection,0,1,0.0
prototype_class_ii_gene,0,1,0.0
nck,0,1,0.0
immunoglobulin_kappa_light_chain_gene,0,1,0.0
rapamycin-mediated_inhibition,0,1,0.0
ebna-1,0,1,0.0
human_t-lymphocyte_cell_line,0,1,0.0
eotaxin_gene,0,1,0.0
myeloblastic_leukemic_ml-1_cell,0,1,0.0
ca2+/calmodulin-dependent_protein_phosphatase,0,1,0.0
hil-4r_alpha,0,1,0.0
x-ray-treated_human_colonic_carcinoma_cell_line,0,1,0.0
molecular_pathogenesis,0,1,0.0
tyrosine-phosphorylated_stat1_protein,0,1,0.0
spi-b,0,1,0.0
nuclear_membrane,0,1,0.0
peroxisome,0,1,0.0
il-4-induced_up-regulation,0,1,0.0
cd56+_cd16+_natural_killer_cell,0,1,0.0
first_intron,0,1,0.0
neutrophil-mediated_tissue_damage,0,1,0.0
tnfri,0,1,0.0
"1,25(oh)2d3_receptor_protein",0,1,0.0
d20s18,0,1,0.0
il-6-induced_cell,0,1,0.0
wnt_signaling_pathway,0,1,0.0
ppar-alpha_mrna,0,1,0.0
transcription_factor_function,0,1,0.0
camkiv,0,1,0.0
alas_ire,0,1,0.0
healthy_aged_person,0,1,0.0
based,0,1,0.0
latent_membrane_protein_1-driven_activation,0,1,0.0
epithelial_fusion_partner,0,1,0.0
canonical_tata_box,0,1,0.0
viral_nuclear_antigen,0,1,0.0
cd8+_t_cell_supernatant,0,1,0.0
tetrameric_dcoh-hnf-1_alpha_complex,0,1,0.0
age-associated_immune_dysfunction,0,1,0.0
representative_factor,0,1,0.0
rev_ltr,0,1,0.0
cytokine-production_pattern,0,1,0.0
fc_epsilon_ri-gamma_chain,0,1,0.0
differentiating_erythroid_progeny,0,1,0.0
cem-4r4,0,1,0.0
wild-type_fragment,0,1,0.0
soluble_cytokine,0,1,0.0
conserved_structural_motif,0,1,0.0
phorbol_myristate_acetate_(pma)_stimulation,0,1,0.0
antigen,0,1,0.0
early_activation,0,1,0.0
negative_regulatory_protein_kinase,0,1,0.0
lymphoid_cell_line,0,1,0.0
rev_m10,0,1,0.0
igh_enhancer_regulation,0,1,0.0
hyperphosphorylation,0,1,0.0
hiv-hd_histogenesis,0,1,0.0
wild-type_e,0,1,0.0
scl/tal1,0,1,0.0
gm-csf_gene,0,1,0.0
gc-box_binding_activity,0,1,0.0
interferon-gamma_receptor_(ifn-gammar)_expression,0,1,0.0
egr-1_promoter_fragment,0,1,0.0
band_3q26,0,1,0.0
"human_immunodeficiency_virus_1-induced,_dendritic_cell-t-cell_syncytia",0,1,0.0
pou-homeodomain,0,1,0.0
anti-runt_box_antiserum,0,1,0.0
aml1_gene,0,1,0.0
gamma-promoter,0,1,0.0
chimeric_e2a-hlf,0,1,0.0
steroid_binding_test,0,1,0.0
pro-il-16,0,1,0.0
thrombopoiesis,0,1,0.0
proximal_ccaat_box,0,1,0.0
polyanionic_glycosaminoglycan,0,1,0.0
bamhi-q_promoter,0,1,0.0
rnase_protection_analysis,0,1,0.0
clonogenic_cell_growth,0,1,0.0
pwm_stimulation,0,1,0.0
high_affinity_receptor,0,1,0.0
low_risk_women,0,1,0.0
competent_transcription_initiation,0,1,0.0
chronic_myelogenous_leukemia,0,1,0.0
zeb,0,1,0.0
gpibalpha_promotor,0,1,0.0
il-1ra_protein,0,1,0.0
ovulation_induction,0,1,0.0
cysteamine,0,1,0.0
ubiquitously_expressed_factor,0,1,0.0
c3/5,0,1,0.0
hsf,0,1,0.0
receptor_cross-linking,0,1,0.0
normal_late_gene_expression,0,1,0.0
fasl-dependent_reporter_construct,0,1,0.0
interleukin_1_beta_(il-1_beta)_gene,0,1,0.0
human_monocytic_thp_1_cell,0,1,0.0
air-1_trans-activator,0,1,0.0
nf-kappab-p105/p50,0,1,0.0
cell_hybrid,0,1,0.0
nmax,0,1,0.0
40-kda_transcriptional_activator,0,1,0.0
human_immunodeficiency_virus_type_1_enhancer-binding_protein,0,1,0.0
x-linked_human_androgen_receptor_(ar)_gene,0,1,0.0
a_beta_peptide,0,1,0.0
human_peripheral-blood_granulocyte,0,1,0.0
leukaemic_t_cell,0,1,0.0
ca2+-dependent_pkc_isoform,0,1,0.0
uninfected_cell,0,1,0.0
intermediate_thymocyte_culture,0,1,0.0
cml_cytoplasmic_protein,0,1,0.0
thp-1_monocytic_leukemia_cell,0,1,0.0
terminal_deoxynucleotidyl_transferase,0,1,0.0
glu30-leu41,0,1,0.0
calcineurin-stimulated_cell,0,1,0.0
cell_proliferative_signal,0,1,0.0
ubiquitous_octamer-binding_protein,0,1,0.0
cell_lines,0,1,0.0
full_length_wild-type_form,0,1,0.0
positions_-306_to_-260,0,1,0.0
e-selectin_promoter,0,1,0.0
interleukin-1-beta,0,1,0.0
sry_protein_dna_binding_ability,0,1,0.0
distal_part,0,1,0.0
endogenous_antioxidant,0,1,0.0
ifn-gamma-responsive_gene,0,1,0.0
endogenous_glucocorticoid,0,1,0.0
major_histocompatibility_complex_(mhc)_class_i_molecule,0,1,0.0
ethyl-methanesulfonate-derived_subclones,0,1,0.0
nuclear_transcription_factor-kappab_activation,0,1,0.0
rgd-adherent_monocyte,0,1,0.0
influenza_a_virus,0,1,0.0
pan-t-lineage_marker,0,1,0.0
non-genomically_mediated,0,1,0.0
substspl234,0,1,0.0
associated_carcinoma,0,1,0.0
cd4_gene,0,1,0.0
sjo,0,1,0.0
c-11_analog,0,1,0.0
transcriptional_signal,0,1,0.0
tetracycline,0,1,0.0
lymphoblast,0,1,0.0
b_cell-specific_protein,0,1,0.0
zap-70/syk,0,1,0.0
ptsd,0,1,0.0
nf-kappa_b1/p50,0,1,0.0
n_element,0,1,0.0
il-2_receptor_complex,0,1,0.0
chromosome_17,0,1,0.0
human_platelet,0,1,0.0
antibody_induction,0,1,0.0
mrna_expression_pattern,0,1,0.0
leukocyte_signal_transduction,0,1,0.0
transcriptional_regulatory_property,0,1,0.0
erythropoietin_receptor_mutant,0,1,0.0
methylprednisolone-mediated_enhancement,0,1,0.0
primate_y_chromosome,0,1,0.0
dc,0,1,0.0
hypersensitive_site_hs2_enhancer,0,1,0.0
latently_infected_t_lymphocytic_cell,0,1,0.0
pyrrolidine_dithiocarbamate,0,1,0.0
non-fusion_protein,0,1,0.0
il-2_receptor_(il-2r)_alpha_chain,0,1,0.0
childhood_acute_lymphoblastic_leukemia,0,1,0.0
stat-binding_site,0,1,0.0
pcr_approach,0,1,0.0
72_bp,0,1,0.0
tr55,0,1,0.0
pma/a23187_stimulation,0,1,0.0
3rd_base_substitution_polymorphism,0,1,0.0
hiv_enhancer,0,1,0.0
-101_to_-92,0,1,0.0
wgatar,0,1,0.0
varicella_vaccine,0,1,0.0
janus_kinase,0,1,0.0
peptide/glycoprotein_96_complex,0,1,0.0
lyso-phospholipid,0,1,0.0
animal_experiment,0,1,0.0
t(3;3),0,1,0.0
anti_cd20_monoclonal_antibody,0,1,0.0
phorbol_12-myristate_13_acetate-induced_differentiation,0,1,0.0
aa565-647,0,1,0.0
oestrogen-dependent_tumour,0,1,0.0
kappab-dependent_manner,0,1,0.0
alveolar_epithelial_cell,0,1,0.0
immunoglobulin_heavy-chain_gene,0,1,0.0
splenic_t_cell,0,1,0.0
cell-type-specific_manner,0,1,0.0
"1_alpha,25-(oh)2d3-responsive_cell",0,1,0.0
t-cell_receptor_gene_activation,0,1,0.0
high_metastatic_potential,0,1,0.0
p45_mrna,0,1,0.0
mouse_genome,0,1,0.0
obstructive_renal_disease,0,1,0.0
soluble_factor,0,1,0.0
f6t,0,1,0.0
70_kda_heat_shock_protein,0,1,0.0
a_t_(1;14),0,1,0.0
quiescent_endothelial_cell,0,1,0.0
nonpituitary_human_prolactin_gene_transcription,0,1,0.0
human_partners,0,1,0.0
amino_acid_homology,0,1,0.0
thiol_deprivation,0,1,0.0
stimulatory_condition,0,1,0.0
platelet-derived_growth_factor_b_subunit,0,1,0.0
activated_lymphocyte,0,1,0.0
7td1_cell,0,1,0.0
adult_male_progeny,0,1,0.0
calcium-mobilizing_potency,0,1,0.0
scl_protein_size,0,1,0.0
high_luciferase_activity,0,1,0.0
gata-1-_erythroid_cell,0,1,0.0
marrow_progenitor_cell,0,1,0.0
br3_sequence,0,1,0.0
fmlp-induced_activation,0,1,0.0
rar-beta_expression,0,1,0.0
mesenchyme,0,1,0.0
"11alpha,13-dihydrohelenalin",0,1,0.0
differentiation/retrodifferentiation,0,1,0.0
primary_inducer,0,1,0.0
pge2-dependent_activating_effect,0,1,0.0
treponema_pallidum,0,1,0.0
monoclonal_anti-endothelial_cell_antibody,0,1,0.0
human_nfil3/e4bp4_cdna,0,1,0.0
dnasei_footprinting_assay,0,1,0.0
hcd57_erythroid_cell,0,1,0.0
steroid-receptor_complex,0,1,0.0
orientation-independent_manner,0,1,0.0
dephosphorylation_event,0,1,0.0
duffy_polymorphic_antigen,0,1,0.0
32dc13_murine_myeloid_cell,0,1,0.0
sterol-vdr_complex,0,1,0.0
control_virus,0,1,0.0
hdn,0,1,0.0
antiapoptotic_molecule,0,1,0.0
c-rel-specific_antiserum,0,1,0.0
ribophorin_i-evi1_fusion,0,1,0.0
sarcophytol_a,0,1,0.0
mrna-type_promoter,0,1,0.0
hinge_region,0,1,0.0
gc-r,0,1,0.0
cytotoxicity,0,1,0.0
gelatinase_granule,0,1,0.0
pmnc,0,1,0.0
cellular_permissivity,0,1,0.0
peptidyl_prolyl_cis-trans_isomerase,0,1,0.0
c/ebp_protein,0,1,0.0
xpa,0,1,0.0
granulocyte_functionality,0,1,0.0
il-2,1,1,0.0
t-leukemia_cell,0,1,0.0
caspase-3,0,1,0.0
tcr_locus,0,1,0.0
basal_transcription,0,1,0.0
camp_signal_transduction_pathway,0,1,0.0
ubiquitin,0,1,0.0
th2,0,1,0.0
tata,0,1,0.0
chr,0,1,0.0
subtractive_pcr_method,0,1,0.0
infected_area,0,1,0.0
b-cell_specificity,0,1,0.0
pd098059,0,1,0.0
-52_and_+89_nucleotides,0,1,0.0
t/nk_subset,0,1,0.0
xp,0,1,0.0
ss_rbc,0,1,0.0
il-4-triggered_transcriptional_activation,0,1,0.0
"hrar_alpha,_receptor",0,1,0.0
ig_isotype_switching,0,1,0.0
developmental_stage-specific_gene_expression,0,1,0.0
steroid_nucleus,0,1,0.0
alpha_globin_regulatory_element,0,1,0.0
peptide-affinity_and_-_concentration_specific_manner,0,1,0.0
apoptotic_neutrophil,0,1,0.0
molecular_lesion,0,1,0.0
il-1_beta_and_il-6_gene,0,1,0.0
egr-1_promoter,0,1,0.0
allergic_response,0,1,0.0
heme-treated_friend_leukemia_cell,0,1,0.0
reverse_transcription_polymerase_chain_reaction_amplification_technique,0,1,0.0
synergistic_transactivation,0,1,0.0
several_cellular_gene,0,1,0.0
human_leukemia_hl60_cells,0,1,0.0
eth1_cell,0,1,0.0
tcr-directed_t-cell_activation,0,1,0.0
interleukin-10_(il-10)_receptor,0,1,0.0
human_immunodeficiency_virus_type_1-long_terminal_repeat_(hiv-1-ltr)_cat_construct,0,1,0.0
intercellular_adhesion_molecule-1_(icam-1)_expression,0,1,0.0
txa2,0,1,0.0
bzlf-1_locus,0,1,0.0
follicle-center_b_cell,0,1,0.0
(a/t)gata(a/g),0,1,0.0
possible_t/nk-cell_phenotype,0,1,0.0
long-term_regulatory_mechanism,0,1,0.0
nf-kappab_dna-binding_complex,0,1,0.0
gtgggaa,0,1,0.0
nk_cell_lysis,0,1,0.0
ferritin_h-chain_gene_promoter_regulation,0,1,0.0
dna_binding_characteristic,0,1,0.0
young_female,0,1,0.0
thiol/disulfide_imbalance,0,1,0.0
consensus_ah_receptor_dna_binding_site,0,1,0.0
b29_transcript,0,1,0.0
hzf_11-42,0,1,0.0
dna_binding_domain,0,1,0.0
human_malignant_melanoma_study,0,1,0.0
ectopic_pregnancy,0,1,0.0
usa_component,0,1,0.0
rnase_protection_assay,0,1,0.0
temporal_artery-scid_chimera,0,1,0.0
xanthomatosis,0,1,0.0
polyunsaturated_fatty_acid,0,1,0.0
sch._pombe_system,0,1,0.0
thyroid_antibody_production,0,1,0.0
cd56,0,1,0.0
benzoic_derivative,0,1,0.0
hematopoietic_progenitor_cell_line,0,1,0.0
adjuvant_tamoxifen_treatment,0,1,0.0
primer_extension_method,0,1,0.0
rhombotin-2_binding_ets_transcription_factor,0,1,0.0
a-myb_expression,0,1,0.0
nonhematopoietic_cell,0,1,0.0
monoallelic_paternal_expression,0,1,0.0
in_vivo_genomic_footprinting,0,1,0.0
v-abl_kinase_inactivation,0,1,0.0
transcriptional_inducibility,0,1,0.0
gs_strain,0,1,0.0
homozygous_a,0,1,0.0
htlv-i_infected_cell,0,1,0.0
creb_isoforms,0,1,0.0
alpha-globin_expression,0,1,0.0
c-fos_mrna,0,1,0.0
protein_kinase_c_(pkc)_isoform,0,1,0.0
cord_blood_cd4+_t_cell,0,1,0.0
e(gre)-binding_protein_complex,0,1,0.0
lps-generated_signal,0,1,0.0
67_kilodalton,0,1,0.0
epstein-barr_virus-induced_cytotoxic_t_cell_response,0,1,0.0
tes1,0,1,0.0
rel/nf-kb_family,0,1,0.0
-429_to_-245_base_pair,0,1,0.0
activator_protein-1_(ap-1)-like_site,0,1,0.0
gp+e-86,0,1,0.0
e2f_binding_site,0,1,0.0
allergy,0,1,0.0
ra-inducible,0,1,0.0
liganded_mr,0,1,0.0
rel_homology_family,0,1,0.0
raf/mek_pathway,0,1,0.0
lambda_l_chain,0,1,0.0
cd2_signaling_pathway,0,1,0.0
t_cell_cytokine,0,1,0.0
protein_kinase_c_activation,0,1,0.0
gene_rearrangement_event,0,1,0.0
ecto-5'-nucleotidase,0,1,0.0
aml_m4eo,0,1,0.0
il-7-treated_cell,0,1,0.0
bacterial_cell_wall_component,0,1,0.0
nf-kappab_signaling,0,1,0.0
nef_expression_vector,0,1,0.0
normal_immunoregulatory_signal_transduction,0,1,0.0
heterologous_reporter_gene,0,1,0.0
nf-kappa_b_inducer,0,1,0.0
endodermal_origin,0,1,0.0
vla-4/vcam-1_pathway,0,1,0.0
ecto-5'-nucleotidase_promoter,0,1,0.0
receptor_kd,0,1,0.0
-250_to_+50_bp,0,1,0.0
591/egr2,0,1,0.0
htlv-i_gene,0,1,0.0
metabolite,0,1,0.0
mineralocorticoid_binding_site,0,1,0.0
gene_domain,0,1,0.0
surface_of_cell,0,1,0.0
pentoxifylline-mediated_inhibition,0,1,0.0
dysmenorrhoea,0,1,0.0
simian_virus_40_(sv40)_+55_region,0,1,0.0
(nf)-kappa_b,0,1,0.0
natural_killer_(nk)_cell,0,1,0.0
c-sis/platelet-derived_growth_factor-b_(pdgf-b)_proto-oncogene,0,1,0.0
body_mass_index,0,1,0.0
gamma-ray,0,1,0.0
dermal_activation,0,1,0.0
il-1_receptor-associated_protein_kinase,0,1,0.0
u937_differentiation,0,1,0.0
intercellular_adhesion_molecule-1_gene,0,1,0.0
aids_patient,0,1,0.0
normal_erythroid_progenitor,0,1,0.0
non-steroidal_anti-inflammatory_drug,0,1,0.0
phosphotyrosine,0,1,0.0
alpha-globin_promoter_activity,0,1,0.0
p40tax,0,1,0.0
activation_signal,0,1,0.0
human_immunodeficiency_virus_type_1_long_terminal_repeat,0,1,0.0
non-irradiated_transfected_cell_line,0,1,0.0
bzlf-1-dependent_mechanism,0,1,0.0
interferon_signal_transduction_pathway,0,1,0.0
dl-nf,0,1,0.0
e232k,0,1,0.0
prenatal_steroid_treatment,0,1,0.0
light-chain_gene_rearrangement,0,1,0.0
ihiv-1,0,1,0.0
nuclear_t3_maximal_binding_capacity,0,1,0.0
tre-1,0,1,0.0
co-stimulatory_signal,0,1,0.0
cd28_ligand,0,1,0.0
myeloid-cell-specific_gene,0,1,0.0
htlv-i_infection,0,1,0.0
rat_liver_leukocyte,0,1,0.0
-201_to_-_184,0,1,0.0
northern_(rna)_blots,0,1,0.0
sp1_motif,0,1,0.0
t-cell_costimulation,0,1,0.0
granulocyte-macrophage_colony-stimulating_factor_receptor,0,1,0.0
il-6/interferon-gamma_response_element,0,1,0.0
dexamethasone_suppression,0,1,0.0
murine_g-csfr,0,1,0.0
benign_tumor,0,1,0.0
eb1-binding_site,0,1,0.0
sea_urchin_pax-258_protein,0,1,0.0
nucleosome-assembled_dna,0,1,0.0
germinal_center_(gc)_b-cell,0,1,0.0
cn_a_subunit,0,1,0.0
t_lymphoid_lineage,0,1,0.0
uterine_pregnancy,0,1,0.0
cytokine_level,0,1,0.0
stress-induced_vimentin_increase,0,1,0.0
vp22,0,1,0.0
reversed_transcription_(rt)-pcr_analysis,0,1,0.0
fusion_transcript,0,1,0.0
mpl_receptor,0,1,0.0
bone_marrow-derived_erythroid_progenitor_cell,1,1,0.0
cdna_clone,0,1,0.0
p42/44_(erk)_mapk,0,1,0.0
gag,0,1,0.0
tyr-128,0,1,0.0
nuclear_structure,0,1,0.0
-109_to_-118,0,1,0.0
cd34(+)_bone_marrow_cell,0,1,0.0
cell_growth_regulator,0,1,0.0
zk161422,0,1,0.0
donor,0,1,0.0
rbp_binding,0,1,0.0
anti-stat-1_ab,0,1,0.0
proto-oncoprotein_c-rel,0,1,0.0
estrogen/progesterone_receptor,0,1,0.0
"mosaic_45,x/46,x,r(x)_karyotype",0,1,0.0
p38-catalysed_phosphorylation,0,1,0.0
5'-untranslated_leader_region,0,1,0.0
octamer-dependent_enhancer_element,0,1,0.0
cam-k_ii,0,1,0.0
interferon-gamma-stimulated_piec_clone,0,1,0.0
cat_reporter_gene_expression,0,1,0.0
peripheral_blood_cell,0,1,0.0
murine_pro-b_lymphocyte,0,1,0.0
nontuberculous_lung_disease,0,1,0.0
sir,0,1,0.0
impromidine,0,1,0.0
proximal_sequence_element_(pse)-binding_transcription_factor,0,1,0.0
ebna-2_type_a,0,1,0.0
jun_protein_complex,0,1,0.0
39_kd_tax1_antigen,0,1,0.0
goiter,0,1,0.0
c-terminal_regulatory_module,0,1,0.0
mitogen-inducible_gene_product,0,1,0.0
cem-c7_cell,0,1,0.0
synthetic_oligonucleotide_probe,0,1,0.0
mn,0,1,0.0
thp-1_monocyte/macrophage_cell,0,1,0.0
human_(h)irak,0,1,0.0
herpes_thymidine_kinase,0,1,0.0
il-6_gene_promoter,0,1,0.0
x_protein,0,1,0.0
human_immunodeficiency_virus_type_1_(hiv)_protease,0,1,0.0
vcam-nf-kappa_b,0,1,0.0
camp-responsive_element_binding_protein,0,1,0.0
lymphoid-specific_immunoglobulin_mu_heavy_chain_gene_enhancer,0,1,0.0
transcription-dependent_surface_expression,0,1,0.0
hiv-2_enhancer_activation,0,1,0.0
c-fos_and_c-jun_expression,0,1,0.0
lps-induced_il-1ra_synthesis,0,1,0.0
immunoglobulin_gene_superfamily,0,1,0.0
human_csf-1,0,1,0.0
viral_growth,0,1,0.0
vcam-1_mrna_level,0,1,0.0
k562,0,1,0.0
immune_mechanism,0,1,0.0
progesterone_receptor_complex,0,1,0.0
il-2-dependent_function,0,1,0.0
lt_promoter_(lt-293)_cat_construct,0,1,0.0
persistent_hepatitis_b_infection,0,1,0.0
naive_b_cell,0,1,0.0
t_cell_signaling,0,1,0.0
p50p50,0,1,0.0
rel_related_polypeptide,0,1,0.0
purine-box/nuclear_factor,0,1,0.0
raf-1_kinase_activity,0,1,0.0
"24,25(oh)2d3",0,1,0.0
nf-kappab_(p50/p65)_heterodimer,0,1,0.0
peroxisomal_proliferator-activated_receptor_gamma,0,1,0.0
dominant-negative_suppressor,0,1,0.0
nf-kappab_p50/p65_heterodimer,0,1,0.0
preinjured_lung,0,1,0.0
pha-activated_peripheral_mononuclear_cell,0,1,0.0
pituitary,0,1,0.0
cd14_gene_regulation,0,1,0.0
peripheral_t_cell_death,0,1,0.0
mouse_cytotoxic_t-lymphocyte_(ctl)_library,0,1,0.0
wild_type_motif,0,1,0.0
mitotic_recombination_event,0,1,0.0
cd80_ag,0,1,0.0
tumor-draining_lymph_node_t_cell,0,1,0.0
tetrahydrocortisone,0,1,0.0
unique_human_protein,0,1,0.0
jnk1,0,1,0.0
kappab_enhancer,0,1,0.0
plap_reporter_gene,0,1,0.0
prolactin_receptor_signal_transduction,0,1,0.0
viral_promoter_switching,0,1,0.0
peri-kappa_b_site,0,1,0.0
gata-3/er,0,1,0.0
subcellular_mechanism,0,1,0.0
-79_to_-52_region,0,1,0.0
fadd,0,1,0.0
hl-60_eosinophilic_subline,0,1,0.0
mitogen-inducible_gene,0,1,0.0
ig-secreting_cell,0,1,0.0
cell-type-specific_differential_response,0,1,0.0
il-5_induced_signal,0,1,0.0
cbf_beta-myh11_fusion_transcript,0,1,0.0
hiv-1_infection,0,1,0.0
adt,0,1,0.0
adeno-associated_virus_p5_promoter,0,1,0.0
mie_enhancer,0,1,0.0
human_monocytic_cell_line_u937,0,1,0.0
class_ii_gene,0,1,0.0
b-cell_malignancy,0,1,0.0
altered_memory_t_cell_differentiation,0,1,0.0
tumor_necrosis_factor-alpha-responsive_element,0,1,0.0
gre_sites,0,1,0.0
interleukin-2_(il-2)_gene,0,1,0.0
nuclear_factor_of_activated_t_cells_(nfat)_group,0,1,0.0
air-1_gene_product,0,1,0.0
t_cell_receptor_complex,0,1,0.0
macrophage_transcription_factor,0,1,0.0
human_tcr_delta,0,1,0.0
healthy_women,0,1,0.0
monomeric_g_protein_family_member,0,1,0.0
cycle_ergometer,0,1,0.0
reporter_gene_transcription,0,1,0.0
steroid_hormone_receptor_expression,0,1,0.0
nodular_lymphocyte_predominance_hd,0,1,0.0
5'hs2,0,1,0.0
pao-sensitive_phosphatase,0,1,0.0
granulomatous_reaction,0,1,0.0
eicosanoid_generation,0,1,0.0
common_gamma-chain,0,1,0.0
t(x;14)(q28;q11)_translocation,0,1,0.0
nucleolin_cdna_expression_construct,0,1,0.0
jak2_janus_kinase,0,1,0.0
control_line,0,1,0.0
major_immediate-early_protein,0,1,0.0
p65-p50_heterodimer,0,1,0.0
nfat-directed_transcription,0,1,0.0
lcl-stimulated_population,0,1,0.0
rna_polymerase_iii-dependent_gene_expression,0,1,0.0
early_tissue_damage,0,1,0.0
m22,0,1,0.0
ecotropic_viral_insertion_site_i_(evi1)_gene,0,1,0.0
p2_promoter,0,1,0.0
dna_affinity-purified_protein,0,1,0.0
human_interferon_regulatory_factor_2_gene,0,1,0.0
herpesvirus,0,1,0.0
nlphd,0,1,0.0
poly[d(i-c)],0,1,0.0
apoptotic_human_t_cell_line,0,1,0.0
tar-deleted_mutant,0,1,0.0
small_animal_model,0,1,0.0
c-jun_expression,0,1,0.0
il-2r_gamma,0,1,0.0
eed-restricted_homeotic_gene_expression,0,1,0.0
vcam-1_gene_transcription,0,1,0.0
r-394,0,1,0.0
apoptotic_stimulus,0,1,0.0
erythropoietin-dependent_induction,0,1,0.0
alpha-tubulin,0,1,0.0
hiv1-infected_monocyte,0,1,0.0
e214k-mediated_ubiquitinylation,0,1,0.0
raw_264.7,0,1,0.0
immunomagnetic_bead,0,1,0.0
mzf-1_modification,0,1,0.0
cd16-induced_activation,0,1,0.0
hla-dra_mrna_expression,0,1,0.0
d3-induced_monocyte_differentiation,0,1,0.0
rel/nf-kappa_b,0,1,0.0
cd8(+)_cytotoxic_t_lymphocyte,0,1,0.0
cd23-triggered_nf-kappab_activation,0,1,0.0
adult_(beta)-globin,0,1,0.0
zinc-finger,0,1,0.0
neutrophil_adhesion,0,1,0.0
porphyromonas_gingivalis,0,1,0.0
fetal_globin_gene,0,1,0.0
ngf,0,1,0.0
tafii250,0,1,0.0
poz/zinc_finger_transcriptional_repressor,0,1,0.0
serine_727,0,1,0.0
lymphocyte_development,0,1,0.0
"-1,065_to_-1,056",0,1,0.0
e1a-_replication-deficient_vector,0,1,0.0
jun/fos_early_response_gene,0,1,0.0
start_site_of_transcription,0,1,0.0
substrate_specificity,0,1,0.0
rna_splicing,0,1,0.0
monoallelic_activation,0,1,0.0
oct-1_protein,0,1,0.0
gamma-ifn,0,1,0.0
third_monoclonal_international_workshop,0,1,0.0
latent_infection_membrane_protein_1,0,1,0.0
cyclophilin,0,1,0.0
ankyrin-rich_inhibitory_protein,0,1,0.0
ebf-deficient_mouse,0,1,0.0
viral_antigen_recognition,0,1,0.0
tissue_factor_(tf)_expression,0,1,0.0
interleukin-2,1,1,0.0
protein_inhibitor,0,1,0.0
hormonal_ovulatory_situation,0,1,0.0
cross_titration_analysis,0,1,0.0
germline_cepsilon_gene,0,1,0.0
precipitin,0,1,0.0
permeabilized_t_cell,0,1,0.0
protein_tyrosine_kinase_activation,0,1,0.0
faster-migrating_nf_kappa_b_specie,0,1,0.0
cd28_signal,0,1,0.0
e2f_component,0,1,0.0
downstream_regulatory_region,0,1,0.0
ca2+-free_medium,0,1,0.0
p27rex,0,1,0.0
increased_transcriptional_initiation,0,1,0.0
protein-dna_interaction_assay,0,1,0.0
constitutive_nuclear_nf_kappa_b,0,1,0.0
immunofluorescence_colocalization,0,1,0.0
tf_promoter,0,1,0.0
t_cell,0,1,0.0
bipotent_myeloid_progenitor,0,1,0.0
transcriptionally_inactive_p50_homodimer,0,1,0.0
antibodies_to_il-4_stat,0,1,0.0
dq_alpha_gene,0,1,0.0
individual_cell_lines,0,1,0.0
ms,0,1,0.0
membrane-related_rapid_response,0,1,0.0
non-ig_gene_hypermutation,0,1,0.0
resistant_patient,0,1,0.0
inducible_protein_complex,0,1,0.0
isre,0,1,0.0
upstream_segment,0,1,0.0
cd2_antibody,0,1,0.0
atypical_pkc_isoenzyme,0,1,0.0
stat_transcription_factor_(stat5)_pathway,0,1,0.0
autoantigen_ssb,0,1,0.0
pos-binding_protein,0,1,0.0
pdgf(b)_mrna,0,1,0.0
il-2_protein,0,1,0.0
estrogen_responsive_element,0,1,0.0
vdr_dna-binding_mutant,0,1,0.0
primary_rat_astrocytes,0,1,0.0
"pd-135,158",0,1,0.0
pp70s6k,0,1,0.0
transcription_factor_nfat,0,1,0.0
human_epsilon-globin-encoding_gene,0,1,0.0
antiviral_therapy,0,1,0.0
t(17;19)(q22;p13),0,1,0.0
amino_acid_528-777,0,1,0.0
drosophila_toll,0,1,0.0
cl-01_b_cell,0,1,0.0
e._histolytica-infected_intestinal_xenografts,0,1,0.0
b-cell_response,0,1,0.0
astrocytomas,0,1,0.0
lactobacilli,0,1,0.0
eklf-/-_cell,0,1,0.0
steroid_responsiveness,0,1,0.0
fasl/cd95_ligand,0,1,0.0
cdna_fragment,0,1,0.0
t_helper_cell_subset,0,1,0.0
murine_lck_gene,0,1,0.0
cd40_surface_expression,0,1,0.0
gold_compound,0,1,0.0
evolution,0,1,0.0
mbp-hbd,0,1,0.0
expression,0,1,0.0
normal_b-cell-specific_transcription,0,1,0.0
type_i_interferon_(ifn-alpha/beta)_to_specific_receptor,0,1,0.0
immunodominant_target,0,1,0.0
consensus_ap-1_tre,0,1,0.0
electromobility_shift_assay,0,1,0.0
granule_enzyme,0,1,0.0
ras_oncogene_transformation,0,1,0.0
hmnl,0,1,0.0
rat_pancreas,0,1,0.0
dna,0,1,0.0
human_embryonic_zeta_2_globin_promoter,0,1,0.0
t_cell_activation_gene,0,1,0.0
il-2r_alpha-chain,0,1,0.0
mature_b-cell_line_bal-17,0,1,0.0
modulatory_switch,0,1,0.0
alpha_cp1,0,1,0.0
human_tf_gene,0,1,0.0
constitutive_phosphorylation,0,1,0.0
human_immunodeficiency_virus_type_1_(hiv-1)_transcription,0,1,0.0
epithelial_cell-specific_fashion,0,1,0.0
dna_element,0,1,0.0
t-cell-restricted_marker,0,1,0.0
ebv_gene_expression,0,1,0.0
genomic_sex,0,1,0.0
x_box_binding,0,1,0.0
chimeric_transcription_factor,0,1,0.0
nf-kappa_b-independent_suppression,0,1,0.0
anti-mhc_class_ii_ab,0,1,0.0
theileria_infection,0,1,0.0
nonmobilized_peripheral_blood_mononuclear_cell,0,1,0.0
cd4+,0,1,0.0
bacterial_lipopolysaccharide-activated_human_blood,0,1,0.0
anaplastic_astrocytomas/glioblastomas,0,1,0.0
recombinant_porcine_interferon-gamma,0,1,0.0
ea-d_promoter_activity,0,1,0.0
jcam/lck,0,1,0.0
osteoclastogenic_cytokine_tnf-alpha,0,1,0.0
"cd2/cd4-positive,_cd8-negative_subtype",0,1,0.0
proximal_purine_box_site,0,1,0.0
monocyte/macrophage-_and_b-cell-specific_transcription_factor,0,1,0.0
glucocorticoid_receptor-mediated_effect,0,1,0.0
il-2mrna,0,1,0.0
transmission_of_signal,0,1,0.0
air-1_gene,0,1,0.0
mhc_class_ii_inducibility,0,1,0.0
transfected_fibroblast,0,1,0.0
lean_body_mass,0,1,0.0
ifn-gamma-induced_class_ii_gene_expression,0,1,0.0
direct_repeats,0,1,0.0
ralgds,0,1,0.0
transcription_factor_nf-kappab,0,1,0.0
il-4-driven_germline_c_epsilon_transcription,0,1,0.0
epstein-barr_virus-encoded_transactivator_protein,0,1,0.0
c-fos/c-jun_heterodimer,0,1,0.0
ankyrin_repeats,0,1,0.0
hl60r_cell,0,1,0.0
fra-1_expression,0,1,0.0
immune_factor,0,1,0.0
human_t_cell_blast,0,1,0.0
rex-viral_mrna_complex,0,1,0.0
microsequence_analysis,0,1,0.0
hypermethylation-associated_silencing,0,1,0.0
monoamine_oxidase_b,0,1,0.0
chromosome_20,0,1,0.0
mm_cell_growth,0,1,0.0
type_ii_mhc_cid,0,1,0.0
gc_border,0,1,0.0
steroid-mediated_cell_death,0,1,0.0
tax-expressing_t-cell_line,0,1,0.0
cell-cell_adhesion,0,1,0.0
human_myeloid_nuclear_differentiation_antigen,0,1,0.0
inducible_no_synthase_(inos)_gene,0,1,0.0
normal_human_alveolar_macrophage,0,1,0.0
calcium-dependent_manner,0,1,0.0
il-5_expression,0,1,0.0
adhesion_protein,0,1,0.0
macrophage_cell_line,0,1,0.0
mouse_p_sequence,0,1,0.0
chimeric_promoter_construction,0,1,0.0
nuclear_factor_kb_(nf-kb)_activation,0,1,0.0
stress_fiber_formation,0,1,0.0
hbmp-2,0,1,0.0
cysteine-rich_lim-domain_oncogene,0,1,0.0
autonomous_transrepressor_domain,0,1,0.0
virus_envelope_and_anti-cd4_monoclonal_antibody,0,1,0.0
c-terminal_tax1_mutant,0,1,0.0
tumor_necrosis_factor-alpha-induced_nf_kappab_activation,0,1,0.0
lmp1_dna,0,1,0.0
monkey,0,1,0.0
ceramide,0,1,0.0
main_nf-kappab-binding_site,0,1,0.0
t-leukemia_cell_line,0,1,0.0
human_cell_model,0,1,0.0
stat5a-stat5a_homodimer,0,1,0.0
ppar,0,1,0.0
calcineurin_active_site,0,1,0.0
early_signaling_event,0,1,0.0
g-protein_coupled_chemokine_receptor,0,1,0.0
scl,0,1,0.0
nf-kappa_b_activity,0,1,0.0
transcriptional_regulatory_protein,0,1,0.0
304g,0,1,0.0
htlv-1_infected_human_t_cell,0,1,0.0
cushing's_disease,0,1,0.0
rel/nf-kappab_family,0,1,0.0
fos,0,1,0.0
serum_cortisol_concentration,0,1,0.0
raw264.7_macrophage-like_cell,0,1,0.0
autocrine_tnf-alpha_secretion,0,1,0.0
pebp2/cbf_factor,0,1,0.0
b-cell_immortalization,0,1,0.0
a2,0,1,0.0
putative_transactivation_domain,0,1,0.0
adults,0,1,0.0
proto-enhancer_activity,0,1,0.0
t-cell_mitogenesis,0,1,0.0
hm,0,1,0.0
dna_binding_experiment,0,1,0.0
u937_monocyte,0,1,0.0
murine_fra-1_gene,0,1,0.0
a_beta,0,1,0.0
il-4_stat,0,1,0.0
vdr_mrna,0,1,0.0
beta,0,1,0.0
bloodstream,0,1,0.0
maternal_expression,0,1,0.0
footprinting_agent,0,1,0.0
tumor_suppression,0,1,0.0
steroid_hormone_activation,0,1,0.0
sis-inducible_elemen,0,1,0.0
non-t-cell,0,1,0.0
nf-at_plasmid,0,1,0.0
oestrogen_receptor_gene_polymorphism,0,1,0.0
immune_cell_function,0,1,0.0
b_cell_lineage,0,1,0.0
minimal_lox_promoter_fragment,0,1,0.0
master_gene,0,1,0.0
heat_shock_factor-1,0,1,0.0
hplc_peptide_fraction,0,1,0.0
hepor_promoter_activity,0,1,0.0
b_cell_clone,0,1,0.0
nf-kappab_complex,0,1,0.0
mip-1alpha_gene,0,1,0.0
phop_locus,0,1,0.0
m-csf_protein,0,1,0.0
mechanism_of_transactivation,0,1,0.0
sibling_cell_level,0,1,0.0
neutrophil_differentiation,0,1,0.0
erbstatin,0,1,0.0
human_tnf_transgene_accelerated_pathology,0,1,0.0
mitogen-activated_protein_kinase-1_extracellular-regulated_kinase-kinase,0,1,0.0
haematopoietic_differentiation,0,1,0.0
cellular_factor,0,1,0.0
homeobox_gene,0,1,0.0
hla-dr+_cell,0,1,0.0
cd4_gene_transcription,0,1,0.0
p105_mrna,0,1,0.0
stabilization_assay,0,1,0.0
exon:intron_structure,0,1,0.0
t(3;21),0,1,0.0
tumor_metastasis,0,1,0.0
bdp,0,1,0.0
erythroid_cell_fate,0,1,0.0
1.5_g_metyrapone,0,1,0.0
stat6-deficient_mouse,0,1,0.0
live-attenuated_hiv,0,1,0.0
ca2+_co-stimulus,0,1,0.0
ssb_reactivity,0,1,0.0
interleukin-3_expression,0,1,0.0
hla_dr_alpha_promoter,0,1,0.0
int-2,0,1,0.0
hiv-1-infected_myeloid_cell,0,1,0.0
highly_conserved_c4_zinc_finger_dna_binding_domain,0,1,0.0
differential_regulation,0,1,0.0
cathepsin_d,0,1,0.0
enhanced_respiratory_burst,0,1,0.0
ubiquitous_octamer_binding_protein,0,1,0.0
tuberculosis_patients,0,1,0.0
epo_receptor,0,1,0.0
x-chromosome_inactivation_pattern,0,1,0.0
human_immunodeficiency_virus_type-2_gene_expression,0,1,0.0
inos,0,1,0.0
human_il-2r_beta,0,1,0.0
75_kd_protein,0,1,0.0
cd4_positive_t_cell_line,0,1,0.0
fluorescent_probe,0,1,0.0
hypercortisolaemia,0,1,0.0
human_t-cell_leukemia_virus_type_i,0,1,0.0
human_t_cell_leukemia_virus_type_i_(htlv-i)_trans-activator,0,1,0.0
camp_response_element_(cre)_core_sequence,0,1,0.0
active_cushing's_disease,0,1,0.0
p-nitrophenyl_sulfatase,0,1,0.0
granulocyte_fraction,0,1,0.0
ets-1_binding_site,0,1,0.0
il-4/il-13-induced_stat6_activity,0,1,0.0
tnf_alpha_promoter,0,1,0.0
hbx,0,1,0.0
bhrf1,0,1,0.0
interferon-stimulated_response_element,0,1,0.0
asm_promoter_activity,0,1,0.0
biologic_action,0,1,0.0
normal_human_peripheral_blood_lymphocyte,0,1,0.0
tnf_family,0,1,0.0
cytoplasmic_inhibitor_of_nf-kappa_b,0,1,0.0
social_factor,0,1,0.0
proline_rich_sequence,0,1,0.0
b_cell_specific_activity,0,1,0.0
platelet_factor_iv,0,1,0.0
nadph-oxidase_component_cytochrome,0,1,0.0
il-8_messenger_rna,0,1,0.0
cytotoxic_t_cell_response,0,1,0.0
complement_receptor-1_cell_surface_protein,0,1,0.0
b2_isoform,0,1,0.0
t_cell_apoptosis,0,1,0.0
nef,0,1,0.0
th2-specific_activity,0,1,0.0
protein-tre-dna_complex,0,1,0.0
nf-kappa_b_signal_transduction_pathway,0,1,0.0
tcf-1-specific_hybridoma,0,1,0.0
genetic_counseling,0,1,0.0
t.annulata,0,1,0.0
chronically_infected_t_lymphocyte,0,1,0.0
isoquinoline_derivative,0,1,0.0
transforming_growth_factor_beta_1,0,1,0.0
ebv_nuclear_antigen_(ebna)_1_mrna,0,1,0.0
hmg_box,0,1,0.0
aged_adrenal_cortex,0,1,0.0
mouse_gata3_gene,0,1,0.0
transforming_growth_factor_beta,0,1,0.0
gsh-to-oxidized_glutathione_(gssg)_ratio,0,1,0.0
reporter_construct,0,1,0.0
cem_c7,0,1,0.0
sarco(endo)plasmic_reticulum_(ser)_ca2+-atpase_(serca),0,1,0.0
sn-50,0,1,0.0
"1,25(oh)2d3",0,1,0.0
promonocytic_cell_line,0,1,0.0
polyomavirus,0,1,0.0
a1-vdr,0,1,0.0
cerulein-induced_acute_pancreatitis,0,1,0.0
lymphoid-specific_oct2b_protein,0,1,0.0
il-1alpha_gene_transcription,0,1,0.0
functional_receptor_number,0,1,0.0
nonreceptor_tyrosine_kinase,0,1,0.0
calcium-independent,0,1,0.0
mhc_class_ii_x_box,0,1,0.0
inhibitor,0,1,0.0
1;14_translocation,0,1,0.0
transactivation_responsive,0,1,0.0
coactivator_bob.1/obf.1,0,1,0.0
gp120-stimulated_human_astrocyte,0,1,0.0
il-2-dependent_t_cell_proliferation,0,1,0.0
interleukin-4_gene,0,1,0.0
single-strand_conformation_polymorphism_(sscp)_technique,0,1,0.0
ut-7_cell,0,1,0.0
ecv304_cell,0,1,0.0
cultured_corneal_endothelial_cell,0,1,0.0
"1,_25(oh)2d3",0,1,0.0
rbp-jkappa,0,1,0.0
tis,0,1,0.0
tropical_spastic_paraparesis/htlv-i-associated_myelopathy,0,1,0.0
wild-type_phenotype,0,1,0.0
800-base_pair_proximal_promoter,0,1,0.0
activation_protein_1,0,1,0.0
viral_dna_synthesis,0,1,0.0
drug-free_patient,0,1,0.0
b29,0,1,0.0
ibd,0,1,0.0
nuclear_t3r,0,1,0.0
optimal_dna_sequence,0,1,0.0
ligand-receptor_interaction,0,1,0.0
p42/44_(erk)_mapk_activation,0,1,0.0
ii_chain,0,1,0.0
b_cell_culture,0,1,0.0
dioxin-mediated_alteration,0,1,0.0
cd40-mediated_nf-kappa_b_nuclear_translocation,0,1,0.0
constitutively_expressed_nuclear_protein,0,1,0.0
ebv_nuclear_antigen_2,0,1,0.0
nfatc_mrna,0,1,0.0
b-cell-specific_coregulator,0,1,0.0
aiolos-binding_site,0,1,0.0
rar-mediated_signaling_pathway,0,1,0.0
developing_immune_response,0,1,0.0
il-2-mrna_accumulation,0,1,0.0
nm23/ndp_kinase_protein,0,1,0.0
s_phase_gene,0,1,0.0
bhlh_domain,0,1,0.0
inhibitory_effect,0,1,0.0
p._aeruginosa,0,1,0.0
sbma_x-chromosome,0,1,0.0
severe_heart_failure,0,1,0.0
intestinal_epithelial_cell,0,1,0.0
spl,0,1,0.0
microb-dependent_enhancer,0,1,0.0
human_immunodeficiency_virus_1_infection,0,1,0.0
hl_cytosol,0,1,0.0
myeloid_leukemia,0,1,0.0
rheumatoid_arthritis_(ra)_patient,0,1,0.0
p56(lck)_signaling,0,1,0.0
anti-apoptosis_protein,0,1,0.0
t_helper_cell_differentiation,0,1,0.0
hpfh_phenotype,0,1,0.0
lps-mcd14_binding,0,1,0.0
transdominant_negative_mutant,0,1,0.0
il-4_mrna,0,1,0.0
n-terminal_hydrophilic_domain,0,1,0.0
direct_repeat,0,1,0.0
co-stimulatory_molecule,0,1,0.0
il-4-triggered_transcriptional_control,0,1,0.0
jak1-dependent_intracellular_signal,0,1,0.0
plasma_factor_vii/viia,0,1,0.0
13-cis_ra,0,1,0.0
transcription_factor_activation,0,1,0.0
thyroid_hormone_response_element,0,1,0.0
hsf-1_activity,0,1,0.0
cd34_expression,0,1,0.0
sequence_ii,0,1,0.0
c/ebp_(ccaat/enhancer-binding_protein)_consensus_binding_site,0,1,0.0
quantitative_analysis,0,1,0.0
proinflammatory_lymphokine_interleukin-1beta,0,1,0.0
extravascular_compartment,0,1,0.0
tnfalpha_gene,0,1,0.0
b-cell_component,0,1,0.0
human_b_lymphocyte_ig,0,1,0.0
healthy_male,0,1,0.0
dna_relaxing_enzyme,0,1,0.0
scid_mouse,0,1,0.0
pleural_effusion,0,1,0.0
peripheral_mixed_leucocyte,0,1,0.0
glioblastoma_cell_line,0,1,0.0
proband_ii-2,0,1,0.0
stat5_isoform,0,1,0.0
il-2r_alpha_transcription,0,1,0.0
hiv-1_replication,0,1,0.0
erythroid_k562_cell,0,1,0.0
il-12-mediated_activation,0,1,0.0
transcription_factor_recruitment,0,1,0.0
tumour_necrosis_factor_(tnf)_induction,0,1,0.0
non-insulin-dependent_diabetes_mellitus_patient,0,1,0.0
ras_pathway_activation,0,1,0.0
20-methyl_analogue,0,1,0.0
elf-1-mediated_transcription,0,1,0.0
reactive_oxygen_intermediate,1,1,0.0
rabbit_antiserum,0,1,0.0
human_t-cell_leukemia_virus_type_1_posttranscriptional_trans-activator,0,1,0.0
pafr_gene_expression,0,1,0.0
aim/cd69_cell-surface_expression,0,1,0.0
signal-transducing_molecule,0,1,0.0
ciita_promoter,0,1,0.0
1_microm_cold_aldosterone,0,1,0.0
akt/pkb_activity,0,1,0.0
class_switching,0,1,0.0
osteocalcin_promoter_activity,0,1,0.0
latent_membrane_protein_gene_promoter-binding_protein,0,1,0.0
interleukin-2_(il-2)_production,0,1,0.0
endothelial-raw264.7,0,1,0.0
preleukemia,0,1,0.0
normal_skin,0,1,0.0
c-rel/p65_dimers,0,1,0.0
chronic_airway_inflammation,0,1,0.0
tgf-beta_1,0,1,0.0
class_ii_trans-activator_ciita,0,1,0.0
on/off_switches,0,1,0.0
novelty_stress,0,1,0.0
uv_cross-linking_study,0,1,0.0
ap-2-like_nuclear_factor,0,1,0.0
virally_encoded_tax_protein,0,1,0.0
biochemical_mechanism,0,1,0.0
c-terminal_part,0,1,0.0
pyg_box_mutation,0,1,0.0
yeast_transcriptional_regulator,0,1,0.0
wild-type_ebna2,0,1,0.0
camkiv/_gr,0,1,0.0
immunoglobulin_gene_promoter,0,1,0.0
nf-kappa_b_family,0,1,0.0
cell_surface_marker,0,1,0.0
amino_acid_domain,0,1,0.0
wild-type_receptor,0,1,0.0
alphabeta_lineage,0,1,0.0
phosphotyrosine_phosphatase,0,1,0.0
interleukin-1_gene_transcription,0,1,0.0
human_neutrophil,0,1,0.0
rbp,0,1,0.0
icam-1_surface_protein,0,1,0.0
primary_t-all_cell,0,1,0.0
tttcc,0,1,0.0
"o,o'-bismyristoyl_thiamine_disulfide",0,1,0.0
ald,0,1,0.0
vcam-1_promoter_construct,0,1,0.0
integrin_signaling_pathway,0,1,0.0
cell_type-specific_enhancer,0,1,0.0
anti-cd8-fitc,0,1,0.0
t_cell_pathway,0,1,0.0
cd14_induction,0,1,0.0
mad-3,0,1,0.0
oct-1_dna_binding,0,1,0.0
-417_and_-207_bp_5',0,1,0.0
rel/nf-kappab-dependent_induction,0,1,0.0
"4,19-substituted_steroid",0,1,0.0
drug_hypersensitivity,0,1,0.0
crma,0,1,0.0
serum_osteocalcin,0,1,0.0
lysp100_cdna_isoform,0,1,0.0
oxidative-stress_sensitive_transcription_factor,0,1,0.0
t_cell_proliferation_response,0,1,0.0
ets_domain,0,1,0.0
ppargamma,0,1,0.0
high-level_ebv_replication,0,1,0.0
progeny_virion,0,1,0.0
hgata-3_t_cell_transcription_factor,0,1,0.0
normal_aging_process,0,1,0.0
tf,0,1,0.0
nf-kappab_nuclear_translocation,0,1,0.0
nfat1,0,1,0.0
cytoplasmic_nls_receptor_complex,0,1,0.0
hbf_production,0,1,0.0
gata-3_promoter_transactivation,0,1,0.0
remission,0,1,0.0
multifunctional_yy1_transcription_factor,0,1,0.0
ion_channel,0,1,0.0
hla-dr_antigen,0,1,0.0
hiv-long_terminal_repeat,0,1,0.0
patient,0,1,0.0
t_lymphoid_cell,0,1,0.0
viral_gene_expression,0,1,0.0
elf-1,0,1,0.0
t_cell-receptor-induced_fasl_upregulation,0,1,0.0
kappa_b-responsive_gene,0,1,0.0
embryonal_carcinoma_cell,0,1,0.0
severe_toxicity,0,1,0.0
gcrbeta_in_airway,0,1,0.0
tnf_alpha_expression,0,1,0.0
low_growth_fraction,0,1,0.0
transfected_b_cell,0,1,0.0
beta_zero-thalassemia_patient,0,1,0.0
epithelial_necrosis,0,1,0.0
gamma/delta_tcr+_pregnancy_lymphocyte,0,1,0.0
rela(p65)_subunit,0,1,0.0
sjogren's_syndrome_patient,0,1,0.0
1_kb_upstream,0,1,0.0
protein-protein_interactions,0,1,0.0
acute_myeloid_leukemia_blast_cell,0,1,0.0
anti-e._chaffeensis_serum,0,1,0.0
spi-1,0,1,0.0
scf,0,1,0.0
il-8_production,0,1,0.0
interleukin-2-receptor_alpha-subunit,0,1,0.0
thrombin-generating_capacity,0,1,0.0
cytochrome_p4501a1,0,1,0.0
small_basic_protein,0,1,0.0
(xic)/xist,0,1,0.0
mad3_mrna,0,1,0.0
il-6_neutralizing_antibody,0,1,0.0
ku,0,1,0.0
tsp,0,1,0.0
human_immunodeficiency_virus_(hiv-1)_nef_protein,0,1,0.0
bamhi-q_promoter_activity,0,1,0.0
isoform_expression_pattern,0,1,0.0
y319,0,1,0.0
transcriptional_coactivator,0,1,0.0
antigen_peptide_analogs,0,1,0.0
influenza_a_virus_infection,0,1,0.0
retinoic_acid_(ra)-induced_maturation,0,1,0.0
human_t-cell_leukemia_virus_type_1_(htlv-1)-associated_diseases,0,1,0.0
cotransfection_assay,0,1,0.0
interferon_(ifn)-gamma_production,0,1,0.0
pseudo-hypoaldosteronism,0,1,0.0
hsv-1_strain_f,0,1,0.0
adult_alpha-globin_promoter_activity,0,1,0.0
interleukin-8_gene_expression,0,1,0.0
adjacent_ap-1_site,0,1,0.0
zinc_finger_protein,0,1,0.0
-140_to_-87,0,1,0.0
enhancing_activity,0,1,0.0
functionally_active_state,0,1,0.0
nuclear_factor_of_activated_t_cells_(nfat)_binding_site,0,1,0.0
stat5_phosphorylation,0,1,0.0
lak_cell,0,1,0.0
cd5,0,1,0.0
normal_germinal_center_b_cell,0,1,0.0
quk_splice_pattern,0,1,0.0
cell_type-specific_regulation,0,1,0.0
herbimycin_a,0,1,0.0
rabbit_beta-globin_promoter,0,1,0.0
anti-igm_stimulation,0,1,0.0
nf-chi_b_enhancer,0,1,0.0
proximal_upstream_element,0,1,0.0
placental_trophoblast,0,1,0.0
proto-oncogene_c-erba,0,1,0.0
hiv-1_provirus_dna,0,1,0.0
human_t_lymphotropic_virus-i,0,1,0.0
dimethyldithiocarbamate,0,1,0.0
luciferase_reporter_gene_activation,0,1,0.0
doxorubicin,0,1,0.0
thrombin_responsiveness,0,1,0.0
retinoic_acid-resistant_acute_promyelocytic_leukemia_cell_line,0,1,0.0
2-deoxyglucose_uptake,0,1,0.0
permissive_b-cell_line,0,1,0.0
ii-expressing_t-cell_line,0,1,0.0
neutrophil-specific_gene_expression,0,1,0.0
human_t-cell_lymphotropic_virus_type_1,0,1,0.0
d-box,0,1,0.0
g(s)alpha,0,1,0.0
prostate-specific_antigen,0,1,0.0
stat3,0,1,0.0
aml1/eto,0,1,0.0
ubiquitous_and_developmentally_regulated_protein,0,1,0.0
dominant_negative_phenotype,0,1,0.0
n-end_rule_ligase,0,1,0.0
cro-ap/5,0,1,0.0
calcium_signalling,0,1,0.0
murine_b-cell_lymphoma_cell_line,0,1,0.0
low-stringency_condition,0,1,0.0
mechanism_of_action,0,1,0.0
nk_cell-derived_granule,0,1,0.0
cell_adhesion_assay,0,1,0.0
mutant_endotoxin,0,1,0.0
retinoic-acid_receptors_type_alpha,0,1,0.0
eukaryotic_transcription_factor_nf-kappa_b,0,1,0.0
double-stranded_oligonucleotide,0,1,0.0
human_gammaherpesvirus,0,1,0.0
cu,0,1,0.0
collagenase_promoter,0,1,0.0
lipid_a_moiety,0,1,0.0
tumor_cell_line,0,1,0.0
hl-60r,0,1,0.0
epstein-barr_virus_latent_protein,0,1,0.0
hb9_protein,0,1,0.0
mlv_transcriptional_regulation,0,1,0.0
gel_electrophoresis_mobility_shift_assay,0,1,0.0
erythroid-specific_transcription_factor,0,1,0.0
karyotypic_abnormality,0,1,0.0
friend_virus,0,1,0.0
microb_motif,0,1,0.0
early-phase_infection,0,1,0.0
glucocorticoid_pharmacokinetics,0,1,0.0
f774l,0,1,0.0
ebv_transcriptional_program,0,1,0.0
lymphocyte-specific_immunoglobulin_mu_heavy-chain_gene_intronic_enhancer,0,1,0.0
long-term_regulation,0,1,0.0
mopc_141_immunoglobulin_heavy-chain_gene,0,1,0.0
colostrum_inhibitory_factor,0,1,0.0
6-keto-pgf1_alpha,0,1,0.0
900_amino_acids,0,1,0.0
transcription_start,0,1,0.0
hla-dra_gene,0,1,0.0
phorbol_12-myristate-13_acetate_(pma)-enhanced_promoter_activity,0,1,0.0
gd3,0,1,0.0
human_tcf-1,0,1,0.0
chemokine_receptor,0,1,0.0
ets-nf-kappab/nfat_interaction,0,1,0.0
chronic_lymphocytic_leukemia_(cll)_sample,0,1,0.0
tec,0,1,0.0
vdr_3'-utr_polymorphism,0,1,0.0
allergic_airway_disease,0,1,0.0
ahr,0,1,0.0
nf-kappa_b_binding_site,0,1,0.0
alpha-globin_chain,0,1,0.0
senescent_organism,0,1,0.0
arachidonic_acid_oxygenation,0,1,0.0
physiological_function,0,1,0.0
gc_b_cell,0,1,0.0
wnt_signal_transduction_pathway,0,1,0.0
ap-1-like_domain,0,1,0.0
putative_human_oncogene_bcl-3,0,1,0.0
hygromycin_resistance_gene,0,1,0.0
gasd_element,0,1,0.0
upstream_sequence,0,1,0.0
hiv-1_p24_antigen,0,1,0.0
lytic_cascade,0,1,0.0
il-1-mediated_nf-kappa_b_activation,0,1,0.0
differentiation_arrest,0,1,0.0
isre_oligonucleotide_probe,0,1,0.0
nfatx1,0,1,0.0
sickle_cell_disease,0,1,0.0
cytokine-dependent_cell_line,0,1,0.0
posttranscriptional_effect,0,1,0.0
c-type_animal_lectin_superfamily,0,1,0.0
vdr,0,1,0.0
human_t_cell_leukemia_virus-1,0,1,0.0
hsv/vzv_recombinant,0,1,0.0
x1-specific_factor,0,1,0.0
ter_119_positive_erythroid_nucleated_cell,0,1,0.0
ciita_mrna_transcription,0,1,0.0
menses,0,1,0.0
nonphlogistic_degradation,0,1,0.0
gamma-gene_5'-untranslated_region,0,1,0.0
chronic_hyperactivity,0,1,0.0
human_ip-10_promoter_region,0,1,0.0
human_immunodeficiency_virus_(hiv-1)_long_terminal_repeat,0,1,0.0
antigen_receptor_signal,0,1,0.0
primary_hemopoietic_cell,0,1,0.0
class_ii_transactivator_ciita,0,1,0.0
rag-1_gene,0,1,0.0
de_novo_radiation-induced_translocation,0,1,0.0
c._pneumoniae,0,1,0.0
c-jun_mrna_level,0,1,0.0
virologic_subtype,0,1,0.0
5-lox-dependent_nf-kappab_activation,0,1,0.0
aids-related_non-hodgkin's_lymphoma,0,1,0.0
steel_factor,0,1,0.0
peripheral-blood_lymphocyte,0,1,0.0
ras,0,1,0.0
hs_i-iii,0,1,0.0
non-antigen-selected_human_b_cell,0,1,0.0
allergic_patient,0,1,0.0
herpes_simplex_virus_type_2_tegument_protein,0,1,0.0
disease_activity_index,0,1,0.0
f_(twhf),0,1,0.0
transcription-independent_surface_transcription,0,1,0.0
monocyte_gene_expression,0,1,0.0
eradication,0,1,0.0
"intercellular_adhesion_molecule-1_(icam-1,_cd54)/mac-1_(cd11b/cd18)_dependent_adhesion",0,1,0.0
cultured_human_monocyte,0,1,0.0
strong_transcriptional_repressor,0,1,0.0
oxldl,0,1,0.0
10-100_nm_dexamethasone,0,1,0.0
nf-il-6_motifs,0,1,0.0
serum_response,0,1,0.0
apc-independent_t_cell_response,0,1,0.0
multimerized_recognition_motif,0,1,0.0
microh_chain,0,1,0.0
sepsis_syndrome,0,1,0.0
anergic_murine_t_cell,0,1,0.0
human_t-cell_leukemia_virus_type_1,0,1,0.0
uninfected_peripheral_blood_monocyte,0,1,0.0
il-1r_gene_expression,0,1,0.0
4.6_kilobase,0,1,0.0
il-2-mediated_t_cell_proliferation,0,1,0.0
il-2e,0,1,0.0
hair_follicle,0,1,0.0
steroid_receptor,0,1,0.0
nf-kappa_b-dependent_il-6_expression,0,1,0.0
75-kda_heterodimeric_cytokine,0,1,0.0
human_gamma-globin_chain,0,1,0.0
i_kappab,0,1,0.0
roi-induced_effect,0,1,0.0
b_cell_lines,0,1,0.0
monocyte_maturation/differentiation,0,1,0.0
low-ionic-strength_condition,0,1,0.0
plasma,0,1,0.0
mutagenesis,0,1,0.0
scatchard_plot_analysis,0,1,0.0
"1,25_dihydroxyvitamin_d3",0,1,0.0
targeted_remodeling,0,1,0.0
acla-treated_cell,0,1,0.0
differential_modification,0,1,0.0
enhancerless_construct,0,1,0.0
nf-kappa_b/rel_family_member,0,1,0.0
t_cell_receptor_triggered_activation,0,1,0.0
nf_kappa_b_motif,0,1,0.0
cultured_rcc,0,1,0.0
cytoplasmic_component,0,1,0.0
leu42-pro49,0,1,0.0
downstream_3'_region,0,1,0.0
signal-mediating_kinase,0,1,0.0
ion_flux,0,1,0.0
tal-1_mic,0,1,0.0
naive_human_t_cell,0,1,0.0
thromboxane_receptor_gene_promoter/chloramphenicol_acetyltransferase_(cat)_chimera_plasmid,0,1,0.0
intercellular_adhesion_molecule-1_(icam-1)_gene,0,1,0.0
125i-il-13,0,1,0.0
phosphatidic_acid_accumulation,0,1,0.0
lps-induced_tnf-alpha_production,0,1,0.0
myf3,0,1,0.0
il-1beta_signal,0,1,0.0
alpha2_integrin_enhancer,0,1,0.0
cellular_morphological_change,0,1,0.0
ca2+-atpase,0,1,0.0
multiple_cdna,0,1,0.0
cd28_signaling_cascade,1,1,0.0
i-kappabbeta,0,1,0.0
distinct_function,0,1,0.0
shigella_movement,0,1,0.0
yj,0,1,0.0
t_cell-specific_function,0,1,0.0
il-2_mrna_response,0,1,0.0
erythroblast,0,1,0.0
xp/cs_clinical_entity,0,1,0.0
differentiation_pathway,0,1,0.0
wild-type_mouse,0,1,0.0
peptide_sequence,0,1,0.0
murine_b_cell_line_k46,0,1,0.0
ace_inhibitor,0,1,0.0
myelomonocytic_leukemia,0,1,0.0
terminal_t_cell_differentiation,0,1,0.0
monocytic_cell_line_thp-1,0,1,0.0
il1b_promoter,0,1,0.0
cd3-dependent_t_cell_activation,0,1,0.0
calcium/calmodulin-dependent_protein_kinase,0,1,0.0
r7-57_reporter_cell,0,1,0.0
primary_amino_acid_sequence,0,1,0.0
regulatory_functions,0,1,0.0
cd40l,0,1,0.0
sickle_cell_anaemia,0,1,0.0
beta-globin_reporter_gene_expression,0,1,0.0
hsie-oligonucleotide_probe,0,1,0.0
myh11,0,1,0.0
interleukin-4-induced_transcription_factor,0,1,0.0
murine_counterpart,0,1,0.0
chloroquine,0,1,0.0
cd11c,0,1,0.0
lim-only_protein_gene,0,1,0.0
l_cell_resistance,0,1,0.0
resting_eosinophils,0,1,0.0
cytosolic_signal_transducers_and_activators_of_transcription_(stat)_protein,0,1,0.0
dna-binding_site,0,1,0.0
mcp-1_rna,0,1,0.0
macrolide,0,1,0.0
e2f_dna_binding_site,0,1,0.0
p3hr1,0,1,0.0
osteoarthritis_tissue,0,1,0.0
v-abl_protein_tyrosine_kinase,0,1,0.0
c-terminal_activating_region,0,1,0.0
bcl-3,0,1,0.0
swi3,0,1,0.0
anti-immunoglobulin-treated_b_cell,0,1,0.0
histidine,0,1,0.0
chromosome_14_region,0,1,0.0
th_suppression,0,1,0.0
sse,0,1,0.0
"1,25(oh)2d2_production",0,1,0.0
purified_human_p65_nf-kappa_b_subunit,0,1,0.0
tnf,0,1,0.0
murine_fdc-p1-derived_cell_line,0,1,0.0
chaperoning_protein,0,1,0.0
nwp,0,1,0.0
stat5b_protein,0,1,0.0
human_osteoclast,0,1,0.0
nf-atc.alpha_mrna,0,1,0.0
membrane_potential,0,1,0.0
immunosuppressive_drug_rapamycin,0,1,0.0
a_subunit,0,1,0.0
receptor-effector_mechanism,0,1,0.0
ab-associated_change,0,1,0.0
win_53071,0,1,0.0
surface_immunoglobulin,0,1,0.0
htlv-1-associated_myelopathy/tropical_spastic_paraparesis,0,1,0.0
macrophage_colony-stimulating_factor_gene,0,1,0.0
memory_b_cells,0,1,0.0
ranq69l,0,1,0.0
transcriptionally_active_extract,0,1,0.0
jun_b,0,1,0.0
comedo_carcinoma,0,1,0.0
mouse_erythroleukemia_(mel)_cell,0,1,0.0
il-2_inducibility,0,1,0.0
mutation_ap-1(iii)/ap3-l,0,1,0.0
mild_asthma,0,1,0.0
gamma-interferon-induced_resistance,0,1,0.0
inflammatory_liver_disease,0,1,0.0
tnf-alpha_bioavailability,0,1,0.0
x_chromosome_inactivation_pattern,0,1,0.0
cell_type-specific_gene_expression,0,1,0.0
tautomycin,0,1,0.0
transiently_transfected_cell,0,1,0.0
myeloid_development,0,1,0.0
chronically_infected_u1_promonocytic_culture,0,1,0.0
hla-dqa1*0501/dqb1*0302,0,1,0.0
putative_nfat-1_site,0,1,0.0
activated_il-2_expression,0,1,0.0
e_lambda_2.4,0,1,0.0
gm-csf_gene_expression,0,1,0.0
glycoprotein_hormone_erythropoietin,0,1,0.0
human_fetal_(gamma)_globin,0,1,0.0
notch1_transmembrane_receptor,0,1,0.0
virulence_characteristic,0,1,0.0
gr_concentration,0,1,0.0
tcr-regulated_nuclear_factor,0,1,0.0
17beta-estradiol,0,1,0.0
bcl-2_mutein,0,1,0.0
quiescent_b_lymphocyte,0,1,0.0
atl(adult_t-cell_leukemia)-16t_expression_library,0,1,0.0
inflammatory_cytokine_expression,0,1,0.0
secondary_virus_infection,0,1,0.0
csf-1,0,1,0.0
d5g6,0,1,0.0
cd4+_t_lymphocyte,0,1,0.0
liver_function,0,1,0.0
nre-ii,0,1,0.0
non-hodgkin's_lymphoma,0,1,0.0
complex_3,0,1,0.0
lymphocyte_aggregation,0,1,0.0
activation_domain,0,1,0.0
silencer_mechanism,0,1,0.0
c81-66-45,0,1,0.0
-150_ap-1_binding_site,0,1,0.0
abnormal_nfkappab_activation,0,1,0.0
growth_modulator,0,1,0.0
ankyrin_repeat_7,0,1,0.0
isg54,0,1,0.0
blood_leukocyte_content,0,1,0.0
in_vitro_clonal_growth_assay,0,1,0.0
human_tumor_necrosis_factor_alpha_(tnf-alpha)_gene,0,1,0.0
translocation_(3;14)(q27;q11),0,1,0.0
normal_t_cell_response,0,1,0.0
natural_gata_element,0,1,0.0
polymerase_chain_reaction_amplification,0,1,0.0
gene_regulatory_activity,0,1,0.0
protein_kinase_c_signaling_pathways,0,1,0.0
immediate-early_g1_phase_gene,0,1,0.0
ptf_gamma/ptf_delta,0,1,0.0
pulse_glucocorticoid_therapy,0,1,0.0
ikb_alpha,0,1,0.0
glycation,0,1,0.0
shp2-interacting_transmembrane_adaptor_protein,0,1,0.0
human_immunodeficiency_virus_type-1,0,1,0.0
tcf/lef_protein,0,1,0.0
tyloxapol,0,1,0.0
dq0302,0,1,0.0
pre-formed_hsp90_complex,0,1,0.0
pp2b,0,1,0.0
human_homologue,0,1,0.0
steroid/thyroid_hormone_nuclear_receptor_family,0,1,0.0
lymph_node_involvement,0,1,0.0
mutation_screening_assay,0,1,0.0
nodular_lymphocyte_predominance_hodgkin's_disease,0,1,0.0
xp11be,0,1,0.0
viral_dna,0,1,0.0
[3h]dexamethasone_binding,0,1,0.0
naive_t_cell,0,1,0.0
active_death_effector_protease,0,1,0.0
sh-group,0,1,0.0
mass-spectrometric_analysis,0,1,0.0
gag_protein_synthesis,0,1,0.0
cd28_moab_costimulation,0,1,0.0
co-cultured_blood_monocyte,0,1,0.0
del(17)(q25),0,1,0.0
dna-protein_binding_complex,0,1,0.0
anti-cd40_mab-mediated_up-regulation,0,1,0.0
pma/anti-cd28_mab,0,1,0.0
vitamin_d3-responsive_element,0,1,0.0
human_t_helper_(th)_clone,0,1,0.0
tsp_1,0,1,0.0
monocyte-macrophage_ag,0,1,0.0
gonadotropin-releasing_hormone,0,1,0.0
gm-kappa_b,0,1,0.0
jh,0,1,0.0
gamma/delta_tcr+_cell,0,1,0.0
srf/nfkappab-like_element,0,1,0.0
antiandrogen_action,0,1,0.0
red_cell_survival,0,1,0.0
pro-/antiinflammatory_cytokine_secretion,0,1,0.0
-66_to_-59_region,0,1,0.0
clinical_consequence,0,1,0.0
anti-cr3_abs,0,1,0.0
cd40/cd40l_pathway,0,1,0.0
km_value,0,1,0.0
total_igg-aeca,0,1,0.0
ebv-mediated_b_cell_transformation,0,1,0.0
neoplasm,0,1,0.0
tnfrp55-deficient_mouse_strain,0,1,0.0
vitamin_d-mediated_gene_regulation,0,1,0.0
tumor_necrosis_factor-alpha-induced_hiv-1_replication,0,1,0.0
delta_psi(m),0,1,0.0
camp-dependent_signaling_pathway,0,1,0.0
itf-2,0,1,0.0
irradiation,0,1,0.0
e2a-hlf_mutant,0,1,0.0
ciita-specific_transcript,0,1,0.0
right_adnexal_mass,0,1,0.0
hiv-ltr/tat_transgenic_mice,0,1,0.0
b-lymphoid-specific_gene,0,1,0.0
proximal_gc_box,0,1,0.0
pharmacologic_control,0,1,0.0
message_stability,0,1,0.0
cd34+_myelomonocytic_cell_line,0,1,0.0
monocyte-derived_cytokine,0,1,0.0
early_lytic_cycle_protein,0,1,0.0
mineralocorticoid_receptor,0,1,0.0
receptor-positive_lymphocyte,0,1,0.0
multiprotein_complex,0,1,0.0
embryonic_stem_cells,0,1,0.0
human_t-cell_leukemia_virus_type_1_(htlv-1)_tax,0,1,0.0
il-6_promoter_activity,0,1,0.0
fl5.12,0,1,0.0
receptor,0,1,0.0
nuclear_hormone_receptor_retinoid_x_receptor,0,1,0.0
nls,0,1,0.0
5'-most_distal_carg_sequence,0,1,0.0
basal_cell_epithelioma,0,1,0.0
anti_cd2,0,1,0.0
endothelial_adhesion_molecule_induction,0,1,0.0
human_peripheral_t_lymphocyte,0,1,0.0
replaced_enhancer,0,1,0.0
human_embryonic_zeta_2_globin_gene,0,1,0.0
dioxyvit,0,1,0.0
asp,0,1,0.0
dq_cis-dimer_availability,0,1,0.0
ikappabalpha_constitutive_expression,0,1,0.0
myeloblast,0,1,0.0
kappa_locus,0,1,0.0
zip,0,1,0.0
breast-cancer_pathology,0,1,0.0
ets_binding_site,0,1,0.0
400_kb,0,1,0.0
integration,0,1,0.0
lcr_holocomplex,0,1,0.0
palpha,0,1,0.0
tfiiib90,0,1,0.0
calcium-dependent_pma_and_ionomycin_pathway,0,1,0.0
raralpha-mediated_signal,0,1,0.0
calm,0,1,0.0
ex_vivo_experiment,0,1,0.0
nonradioactive_assay,0,1,0.0
ltb4_stimulation,0,1,0.0
human_b_lymphoma_cell_line,0,1,0.0
gm-csf_receptor_alpha_promoter_activity,0,1,0.0
light-regulated_biological_rhythm,0,1,0.0
cmv_immediate_early_transfected_cell,0,1,0.0
euthyroid_patient,0,1,0.0
hiv_gene_expression,0,1,0.0
autoantibody-producing_b_cell,0,1,0.0
signaling_molecule,0,1,0.0
sterol_modulated_ldl-receptor_gene_transcription,0,1,0.0
anabolic/catabolic_balance,0,1,0.0
mkp-1,0,1,0.0
serum_calcitriol,0,1,0.0
long_arm_of_chromosome_5,0,1,0.0
monocytes/macrophage,0,1,0.0
protein-tyrosine_kinase_activation,0,1,0.0
fk506-sensitive_pathway,0,1,0.0
activator_protein_1,0,1,0.0
human_immunodeficiency_virus_(hiv)-positive_patient,0,1,0.0
threonine_phosphatase,0,1,0.0
nf-il6_gene,0,1,0.0
high-proliferative_potential_colony-forming_cell,0,1,0.0
carboxyl-terminal_cytoplasmic_domain,0,1,0.0
ip-10,0,1,0.0
e2a-hlf_(for_hepatic_leukaemia_factor)_fusion_gene,0,1,0.0
trifluoperazine,0,1,0.0
octamer_consensus,0,1,0.0
radiation-induced_signaling_cascade,0,1,0.0
cobalt_chloride-induced_signaling,0,1,0.0
helix-loop-helix_family,0,1,0.0
regulatory_high_mobility_group_(hmg)_protein,0,1,0.0
dual_enzyme_inhibitor,0,1,0.0
tnf-alpha_activation,0,1,0.0
two_nuclear_protein,0,1,0.0
fetal_murine_thymus,0,1,0.0
human_primary_b-cell,0,1,0.0
lim_domain,0,1,0.0
non-pregnant_individual,0,1,0.0
glucocorticoid_hormone_inhibition,0,1,0.0
gel_supershift_assay,0,1,0.0
second_intron,0,1,0.0
nuclear_transcription_factor_kappa_beta,0,1,0.0
nf-at1,0,1,0.0
major_infectious_disease,0,1,0.0
mouse_hematopoietic_tissue,0,1,0.0
infant,0,1,0.0
prototypical_vitamin_d-resistant_nwp,0,1,0.0
viral_structural_protein,0,1,0.0
ad_patient,0,1,0.0
proviral_dna,0,1,0.0
hd,0,1,0.0
immediate-early_brlf1_protein,0,1,0.0
pp36,0,1,0.0
il-2_transcriptional_inhibitor,0,1,0.0
c-fos_promoter_serum_response_element,0,1,0.0
propidium_iodide,0,1,0.0
human_neutrophil_gene_expression,0,1,0.0
nuclear_factor_kappa_b_,1,0,0.0
raised_cortisol_level,0,1,0.0
signal_transducers_and_activators_of_transcription_(stat)_factor,0,1,0.0
nf-ya,0,1,0.0
fluorescence_intensity,0,1,0.0
premature_cell_death,0,1,0.0
central_nervous_system-derived_cell,0,1,0.0
reporter_gene,0,1,0.0
hybridoma,0,1,0.0
bipartite_motif,0,1,0.0
ca2+-modulating_cyclophilin_ligand,0,1,0.0
impaired_activation,0,1,0.0
tar-independent_mechanism,0,1,0.0
t-pll_tumour,0,1,0.0
cytolytic_machinery,0,1,0.0
activation_pathway,0,1,0.0
t_helper_2-type_cytokine,0,1,0.0
monocytic_specific_promoter_activity,0,1,0.0
c6.1b/mtcp1_a1_transcript,0,1,0.0
cortisol_determination,0,1,0.0
cd20_promoter,0,1,0.0
ciita_cdna,0,1,0.0
ltr_region,0,1,0.0
hla-dm_gene_transcription,0,1,0.0
cd4_promoter_transactivation,0,1,0.0
crossreacting_protein,0,1,0.0
increased_risk,0,1,0.0
anergic_t_helper_1_cell,0,1,0.0
i_kappa_b-alpha_proteolysis,0,1,0.0
in_vitro_globin_gene_switching_model,0,1,0.0
t-cell-specific_transcription_factor,0,1,0.0
light-chain_gene,0,1,0.0
reporter_plasmid_p[(tre)3-tk-luc],0,1,0.0
signal_transducer_and_activator_of_transcription_5a_and_5b_(stat5a/b),0,1,0.0
high-level_lymphoid-specific_responsiveness,0,1,0.0
srg3,0,1,0.0
aged_subject,0,1,0.0
transfected_t_cell,0,1,0.0
phorbol_myristate-induced_production,0,1,0.0
induced_ml-1_cell,0,1,0.0
il-2_promoter_level,0,1,0.0
eukaryotic_transcription_regulatory_factor,0,1,0.0
hepatic_(l-pk)_isozyme,0,1,0.0
lymphoid_malignancy,0,1,0.0
xpb_mutatio,0,1,0.0
transcriptionally_inactive,0,1,0.0
human_carotid_artery_ec,0,1,0.0
dl312_virus,0,1,0.0
brca2,0,1,0.0
amino_acid_729,0,1,0.0
burkitt's_lymphoma_receptor_1,0,1,0.0
phorbol_ester-induced_up-regulation,0,1,0.0
cytoplasmic_pool,0,1,0.0
ebna2_activity,0,1,0.0
reiterated_splicing_site,0,1,0.0
fos-b_gene,0,1,0.0
neutrophil_adhesivity,0,1,0.0
hormonal_interaction,0,1,0.0
b_cell_activation_event,0,1,0.0
transcription_factor_rbp-jkappa,0,1,0.0
microbicidal_activity,0,1,0.0
phop/phoq_two-component_virulence_regulon,0,1,0.0
therapeutic_agent,0,1,0.0
a/t_a/t_c_a_a/g_a_g,0,1,0.0
activated_human_t_cell,0,1,0.0
stat1-containing_dna-binding_complex,0,1,0.0
tnfalpha_production,0,1,0.0
phagocytosing_neutrophil,0,1,0.0
normal_cd40-induced_monocyte_activation,0,1,0.0
immunoaffinity_precipitated_hla-a2_molecule,0,1,0.0
platelet_aggregation_assay,0,1,0.0
ligand-inducible_degradation,0,1,0.0
tax_function,0,1,0.0
tissue-specific_promoter_activity,0,1,0.0
activation-induced_apoptosis,0,1,0.0
tyrphostin,0,1,0.0
human_umbilical_vein_endothelial_cell_(huvec)_monolayer,0,1,0.0
viral_immediate-early_protein,0,1,0.0
eber,0,1,0.0
ebv-transformed_b-cell,0,1,0.0
ige,0,1,0.0
inflammatory_model,0,1,0.0
tax_sequence,0,1,0.0
lipopolysaccharide_(lps)-induced_tf_expression,0,1,0.0
gm-csf_promoter_cbf_site,0,1,0.0
im-9_cell,0,1,0.0
"1,25-dihydroxy_vitamin_d3",0,1,0.0
il-2-induced_proliferation,0,1,0.0
igh_3'_enhancer_activity,0,1,0.0
spi-b_protein,0,1,0.0
cd3-epsilon_knockout_mouse,0,1,0.0
phytohemaglutinin,0,1,0.0
biologic_mediator,0,1,0.0
ap-1_transcriptional_activation,0,1,0.0
multiple_cytokine_deficiency,0,1,0.0
vacuolar_h(+)-atpase_b2_subunit,0,1,0.0
pro-myelocytic_leukaemia_(pml)_gene_product,0,1,0.0
conserved_20-bp_sequence,0,1,0.0
recombinant_human_il-2,0,1,0.0
osteolytic_bone_lesion,0,1,0.0
ptk_inhibitor,0,1,0.0
position_-98_to_-108,0,1,0.0
coagulation,0,1,0.0
specific_factor,0,1,0.0
gtp-binding_activity,0,1,0.0
spi-c_rna,0,1,0.0
normal_golgi_processing,0,1,0.0
ubiquitous_transcription_factor,0,1,0.0
gamma(c)_chain,0,1,0.0
hemostasis,0,1,0.0
embryonic_gene,0,1,0.0
rfx5,0,1,0.0
potential_agonist,0,1,0.0
heterodimer_dna-binding_complex,0,1,0.0
immune/inflammatory_effector_cell,0,1,0.0
immunological_variable_involved,0,1,0.0
upstream_prl_response_element,0,1,0.0
functional_characterization,0,1,0.0
fc_gamma_rii-negative_b-cell_line,0,1,0.0
human_antigen-specific_t_helper_clone,0,1,0.0
immune_costimulatory_molecule,0,1,0.0
il-1rii,0,1,0.0
adrenal_androgen,0,1,0.0
hela_cervical_carcinoma_cell,0,1,0.0
x-ray,0,1,0.0
interleukin-1alpha_promoter,0,1,0.0
human_nk_cell_line,0,1,0.0
peroxisome_proliferator-activated_receptor,0,1,0.0
biochemical_purification,0,1,0.0
cd28_binding,0,1,0.0
gut_hyperabsorption,0,1,0.0
interleukin-2_sequence_specific_oligonucleotide_probe,0,1,0.0
ltr,0,1,0.0
stat3_complex,0,1,0.0
"430-444,442a",0,1,0.0
initiationp,0,1,0.0
n-terminal_acidic_transcriptional_activation_domain,0,1,0.0
bandshift_analysis,0,1,0.0
src_kinase,0,1,0.0
genetic_variation,0,1,0.0
dose-dependent_tyrosine_phosphorylation,0,1,0.0
b-cll_cell,0,1,0.0
ick-1_binding_site,0,1,0.0
aids,0,1,0.0
monocyte_differentiation,0,1,0.0
beta-gal_activity,0,1,0.0
signal_transduction_capacity,0,1,0.0
primary_myelodysplastic_syndrome,0,1,0.0
tissue_leukostasis,0,1,0.0
genomic_organization,0,1,0.0
lymphycryptovirus,0,1,0.0
polymerized_mutated_nf-kappab_binding_sequence,0,1,0.0
partial_proteolysis_profile,0,1,0.0
acute_asthma,0,1,0.0
dna-binding_motif,0,1,0.0
mouse_macrophage_inflammatory_protein-1alpha,0,1,0.0
anti-pml/rar-alpha_cd4(+)_t-cell_clone,0,1,0.0
zinc-finger_transcription_factor,0,1,0.0
kappab_element,0,1,0.0
nuclear_factor_(nk)-_kappa_b_dna-binding_activity,0,1,0.0
host_natural_killer_(nk)_cell,0,1,0.0
transcript_abnormality,0,1,0.0
inhibitory_protein,0,1,0.0
nk_cell_induced_cytolysis,0,1,0.0
cell_cycle-dependent_transcription_factor,0,1,0.0
cultured_human_umbilical_vein_endothelial_cell,0,1,0.0
human_leukemia_cell_line,0,1,0.0
interferon_beta,0,1,0.0
nf-at-binding_p_element,0,1,0.0
fcr-dependent_activation,0,1,0.0
cell_effector_function,0,1,0.0
hiv-_1,0,1,0.0
diethyl_dithiocarbamate,0,1,0.0
human_c/ebpepsilon_gene,0,1,0.0
mature_lymphoid_cell,0,1,0.0
300-bp_core_promoter,0,1,0.0
low-molecular-weight_chemokine,0,1,0.0
glucocorticoid-evoked_cell_death,0,1,0.0
5'_deletion_mutant,0,1,0.0
minimal_ebna-2-responsive_lmp-1_promoter,0,1,0.0
anti_inflammatory_activity,0,1,0.0
androgen-dependent_lncap_cell_line,0,1,0.0
human_t-cell_leukemia_virus_type_ii,0,1,0.0
untransformed_steroid_receptor,0,1,0.0
new_world_primate,0,1,0.0
akt/pkb,0,1,0.0
retinoid-dependent_granulocytic_marker,0,1,0.0
glucocorticoid_receptor_mrna,0,1,0.0
restricted_expression,0,1,0.0
constitutive_mrna,0,1,0.0
130_kb,0,1,0.0
"ifngamma-driven,_stat1-dependent_gene_activation",0,1,0.0
nfat_binding_site,0,1,0.0
cytoplasmic_compartment,0,1,0.0
wp_activity,0,1,0.0
sp-deficient_drosophila_schneider_2_cell,0,1,0.0
hiv1_-infected_cell,0,1,0.0
3'-flanking_sequence,0,1,0.0
cellular_element,0,1,0.0
pleiotropic_effect,0,1,0.0
c3a(desarg),0,1,0.0
c-myc_gene,0,1,0.0
5'-tgcgtca-3',0,1,0.0
transcription_factor,0,1,0.0
igh_pi_site,0,1,0.0
p59fyn,0,1,0.0
heme-responsive_factor,0,1,0.0
extra_c-terminal_peptide,0,1,0.0
biotinylated_mcp-1,0,1,0.0
platelet_aggregation,0,1,0.0
membrane_proximal_45_residues,0,1,0.0
early_fetal_development,0,1,0.0
il-8_kappa_b-like_site,0,1,0.0
ubiquitous_ap-1_factor,0,1,0.0
human_beta-globin_locus,0,1,0.0
h19,0,1,0.0
il-10_gene_polymorphism,0,1,0.0
t-cell-expressed_cytokine_gene,0,1,0.0
nk/lgl_cell,0,1,0.0
ebv_early_product,0,1,0.0
t-cell_activation,0,1,0.0
adult_mammal,0,1,0.0
peptidyl_prolyl_cis-trans_isomerase_activity,0,1,0.0
b-cell_antigen_receptor,0,1,0.0
na+/h(+)-exchanger,0,1,0.0
"12,13-phorbol_dibutyric_acid",0,1,0.0
co-stimulatory_gene,0,1,0.0
phosphorylation_defect,0,1,0.0
persistent_infection,0,1,0.0
placebo,0,1,0.0
diisopropyl_fluorophosphate-thrombin,0,1,0.0
serum_hormone_level,0,1,0.0
breast_cancer_control,0,1,0.0
androgen_receptor_gene_mutation,0,1,0.0
differentiation-inducing_effect,0,1,0.0
ebnai,0,1,0.0
breast/ovarian_cancer,0,1,0.0
transient_expression_analyses,0,1,0.0
tandem_repeat,0,1,0.0
epsilon_germline_expression,0,1,0.0
ap-1_transcription,0,1,0.0
various_cell_line,0,1,0.0
lps-stimulated_tf_mrna_accumulation,0,1,0.0
1600_radiolabeled_vdr,0,1,0.0
anti_gamma/delta_antibody,0,1,0.0
steroid_sensitivity,0,1,0.0
il-4_p_element_site,0,1,0.0
jak3_kinase,0,1,0.0
trep-containing_dna_fragment,0,1,0.0
10(-9)_m/l_calcitriol,0,1,0.0
endothelial_adhesion_molecule-1,0,1,0.0
stat5_binding_site,0,1,0.0
ficz,0,1,0.0
anti-cd3-mediated_response,0,1,0.0
pregnancy,0,1,0.0
gamma_interferon_activation_site,0,1,0.0
anti-igm_antibody,0,1,0.0
ut-7/gm,0,1,0.0
traf3,0,1,0.0
k562_leukemia_cell,0,1,0.0
n-terminal_residue,0,1,0.0
nuclear_factor_kappa_b_(nf_kappa_b)_activation,0,1,0.0
gm-csf-responsive_progenitor_cell,0,1,0.0
interleukin_2_receptor_alpha_subunit,0,1,0.0
tcdd-induced_increase,0,1,0.0
tcr-contact_site_heterogeneity,0,1,0.0
protein_synthesi,0,1,0.0
hla-dra_mrna,0,1,0.0
nuclear_factor-kappa_b_activity,0,1,0.0
shear_stress_flow_pattern,0,1,0.0
dna_synthesis,0,1,0.0
m-csf-induced_blood_monocyte,0,1,0.0
epstein-barr_virus_dr_promoter,0,1,0.0
hormone-dependent_regulator_of_transcription,0,1,0.0
15_amino_acids,0,1,0.0
antigen_processing,0,1,0.0
nfil-2b,0,1,0.0
ctcf,0,1,0.0
axillary_lymph_node,0,1,0.0
35-kda_fragment,0,1,0.0
-353_to_-304_bp,0,1,0.0
high-level_enhancer_activity_in_cell,0,1,0.0
histological_diagnosis,0,1,0.0
interferon-alpha_induction,0,1,0.0
hla-cw*0702_system,0,1,0.0
bronchoalveolar_lavage_,1,0,0.0
myogenic_factor,0,1,0.0
site_2,0,1,0.0
29-kda_fragment,0,1,0.0
30_base_pairs_upstream,0,1,0.0
nf_kappa_b_level,0,1,0.0
diesel_exhaust_particle,0,1,0.0
il-12r,0,1,0.0
j-c_intron,0,1,0.0
kit/il-4r_alpha,0,1,0.0
mitogen_phytohemagglutinin,0,1,0.0
anti-cd29,0,1,0.0
pas_region,0,1,0.0
minus_u937_clone,0,1,0.0
staurosporine_a,0,1,0.0
ap1_transcriptional_complex,0,1,0.0
lymphoblast_cell_line_msb,0,1,0.0
serine/threonine_phosphatase,0,1,0.0
transcriptional_elongation,0,1,0.0
self_peptide,0,1,0.0
ig_gene_expression,0,1,0.0
nuclease_protection_assay,0,1,0.0
il-2-driven_proliferation,0,1,0.0
new_amino_acid,0,1,0.0
pc60,0,1,0.0
i_kappa_b-mediated_inhibition,0,1,0.0
thyroid_peroxidase,0,1,0.0
[3h]-dexamethasone_binding,0,1,0.0
reproductive_tissue,0,1,0.0
signal_transducer_and_activator_of_transcription-3,0,1,0.0
hsf3,0,1,0.0
jurkat_leukemic_t-cell_line,0,1,0.0
mds1/evi1,0,1,0.0
5'_deletion_derivative,0,1,0.0
simultaneous_immunocytogenetic_study,0,1,0.0
redox_regulation,0,1,0.0
"8-_(diethylamino)-octyl-3,4,5-trimethoxybenzoate_hydrochloride",0,1,0.0
chromosomal_rearrangement,0,1,0.0
ig_chain_synthesis,0,1,0.0
intrapulmonary_accumulation,0,1,0.0
mature_cd4(+)_cd8(-)_cd3(+)_subset_of_thymocyte,0,1,0.0
mutation_machinery,0,1,0.0
autologous_de_lcl,0,1,0.0
microb_dna_motif,0,1,0.0
mdd_patient,0,1,0.0
nk_cell_inhibitory_receptor,0,1,0.0
chromosomal_protein,0,1,0.0
myc-max_heterodimer,0,1,0.0
gata-3_gene,0,1,0.0
isoproterenol,0,1,0.0
parp_inactivation,0,1,0.0
c5a-induced_il-8_production,0,1,0.0
delayed_hypersensitivity,0,1,0.0
t_cell_stimulation-induced_expression,0,1,0.0
human_mono_mac_6_cell,0,1,0.0
somatic_hypermutation,0,1,0.0
normal_pattern,0,1,0.0
cell-surface_receptor,0,1,0.0
synovial_cell,0,1,0.0
putative_g0/g1_switch_regulatory_gene,0,1,0.0
murine_monoclonal_antibody,0,1,0.0
gcr_binding_affinity,0,1,0.0
hpr,0,1,0.0
a/r_challenge,0,1,0.0
ap-1/cat_activity,0,1,0.0
hla-dra,0,1,0.0
sepsis,0,1,0.0
il-5_promoter/enhancer-_luciferase_gene_construct,0,1,0.0
gpiib,0,1,0.0
kb_site,0,1,0.0
nk_cell_cytolytic_program,0,1,0.0
gcr-beta-immunoreactive_cell,0,1,0.0
"inactive,_monomeric_form",0,1,0.0
nfatc_mrna_accumulation,0,1,0.0
fetal_thymic_organ_culture,0,1,0.0
islet_cell_antibody,0,1,0.0
prooxidant_condition,0,1,0.0
promoter_deletion_analysis,0,1,0.0
irf-1-dependent_pathway,0,1,0.0
kox_9,0,1,0.0
asthma,0,1,0.0
mouse_th2_clone,0,1,0.0
inhibitory_protein_i_kappa_b,0,1,0.0
infected_cell,0,1,0.0
19-bp_nuclear_factor_binding_site,0,1,0.0
pzvb10,0,1,0.0
ac_unit,0,1,0.0
gene_technology,0,1,0.0
endothelial_surface,0,1,0.0
oxygen_reactive_specie,0,1,0.0
nf-kappa_b-dependent_transcriptional_stimulation,0,1,0.0
n-formyl-methionyl-leucyl-phenylalanine,0,1,0.0
timulus-dependent_cd44_transcription,0,1,0.0
amino_acids_421-486,0,1,0.0
cd30_ligand,0,1,0.0
immune-related_disease,0,1,0.0
ifn-mcp,0,1,0.0
leukemic_cell,0,1,0.0
ige_isotype,0,1,0.0
tgf-alpha_production,0,1,0.0
swi6/ankyrin_repeat,0,1,0.0
tumor_necrosis_factor-alpha,0,1,0.0
zp_activation,0,1,0.0
tip-associated_protein,0,1,0.0
phorbol_ester-treated_hela,0,1,0.0
tcr_delta_gene,0,1,0.0
acute_nonlymphocytic_leukemias,0,1,0.0
ii_kappa_b-1,0,1,0.0
two_heat_shock_factor,0,1,0.0
granuloma_formation,0,1,0.0
hiv-1_iiib-infected_monocytoid_cell,0,1,0.0
nf-kb_binding_activity,0,1,0.0
il-2-mediated_ifn-gamma_production,0,1,0.0
690_kb,0,1,0.0
normal_woman,0,1,0.0
relb_rna,0,1,0.0
r272a_mutation,0,1,0.0
retinoid_x_receptor_(rxr)_agonist-induced_activation,0,1,0.0
tnf-mediated_cytotoxicity,0,1,0.0
mip-1beta,0,1,0.0
human_dpa_gene,0,1,0.0
carboxyl-terminal_region,0,1,0.0
negative_regulator,0,1,0.0
human_mhc_class_ii_gene_transcription,0,1,0.0
wild-type_allele,0,1,0.0
t_antigen,0,1,0.0
tumour_necrosis_factor_alpha_expression,0,1,0.0
tgf-beta1_mrna,0,1,0.0
lymphocyte_glucocorticoid_receptor_binding_parameter,0,1,0.0
carboxy_terminus,0,1,0.0
ctl_recognizing,0,1,0.0
tyrosine_phosphatase_activity,0,1,0.0
epo-induced_differentiation,0,1,0.0
thyroid_autoantigen,0,1,0.0
pathology,0,1,0.0
inflammatory_cell,0,1,0.0
lymphoid_tissue,0,1,0.0
[3h]pyrilamine,0,1,0.0
hormonal_receptor_presence,0,1,0.0
vitamin_d_analog,0,1,0.0
conserved_sequence_motif,0,1,0.0
chinese_hamster_ovary,0,1,0.0
aspirin,0,1,0.0
il3_gene_expression,0,1,0.0
somatic_gene_therapy,0,1,0.0
mouse_t_cell,0,1,0.0
tumor_(l&h)_cell,0,1,0.0
brazilian_black,0,1,0.0
anti-cd28_ab_stimulation,0,1,0.0
serine/threonine_protein_phosphorylation,0,1,0.0
cd40_ligand+_hyper_igm_syndrome,0,1,0.0
p50-p65_nf-kappab_heterodimer,0,1,0.0
allergen-specific_human_t-cell_clone,0,1,0.0
posttranslational_mechanism,0,1,0.0
t3+_group,0,1,0.0
infectious_progeny_virus,0,1,0.0
housekeeping_alas_isozyme,0,1,0.0
uracil-dna_glycosylase,0,1,0.0
ad_early_region_1a_gene,0,1,0.0
n-oct_protein,0,1,0.0
chromosomal_assignment,0,1,0.0
12,0,1,0.0
exon_2,0,1,0.0
neuronal_(type_i)_nitric_oxide_synthase,0,1,0.0
neuroblastoma,0,1,0.0
ribophorin_i,0,1,0.0
insulin_receptor,0,1,0.0
pp2a_inhibitor,0,1,0.0
cyclooxygenase-2_expression,0,1,0.0
cell-to-cell_contact,0,1,0.0
il-8_gene_expression,0,1,0.0
blood_plasma_cortisol_concentration,0,1,0.0
calcium/calmodulin-dependent_serine/threonine_phosphatase,0,1,0.0
genomic_il-4_region,0,1,0.0
sla-dra_mrna,0,1,0.0
cbf1/rbp-jkappa_binding_site,0,1,0.0
intraductal_carcinoma,0,1,0.0
human_proenkephalin_gene,0,1,0.0
transcriptional_factor_activator_protein-1,0,1,0.0
plap_activity,0,1,0.0
human_im-9_lymphocyte,0,1,0.0
ca(2+)-ionophore,0,1,0.0
sendai_virus,0,1,0.0
kruppel-like_zinc-finger_motif,0,1,0.0
pp,0,1,0.0
dnase_i-hypersensitive_chromatin_site,0,1,0.0
human_t-cell_leukemia_virus_type_1_tax,0,1,0.0
intronic_sequence,0,1,0.0
thymic_epithelial_cell,0,1,0.0
eosinophil,0,1,0.0
hyperadhesivity,0,1,0.0
cysteine-_and_histidine-rich_putative_zinc_finger_domain,0,1,0.0
endotoxic_challenge,0,1,0.0
4_kilobases_5',0,1,0.0
il-3-mediated_commitment,0,1,0.0
effector_site,0,1,0.0
p38_kinase_activity,0,1,0.0
heterologous_dna-binding_domain,0,1,0.0
cd19-expressing_b-cell_line,0,1,0.0
schizophrenic_group,0,1,0.0
interleukin-2_(il-2)_receptor_common_gamma_chain,0,1,0.0
repressor,0,1,0.0
development_pathway,0,1,0.0
reversed_lighting_regimen,0,1,0.0
il-4_regulatory_element,0,1,0.0
cd28_responsive_complex,0,1,0.0
kappa_b_(kappa_b)_enhancer_binding_protein,0,1,0.0
t_cell_receptor_alpha_(tcr_alpha)_enhancer,0,1,0.0
60-kda_precursor,0,1,0.0
hvs_subgroup_c_strain_488,0,1,0.0
pebp2betamyh11_fusion,0,1,0.0
preleukemic_state,0,1,0.0
proteolytically_active,0,1,0.0
b_cell_immunoglobulin_production,0,1,0.0
human_il4_transcription,0,1,0.0
response_element,0,1,0.0
anti-dna_antibody,0,1,0.0
thymidine,0,1,0.0
nk_cell_membrane_extract,0,1,0.0
dapi_banding_pattern,0,1,0.0
130-kd_protein,0,1,0.0
rac-1_signaling_pathway,0,1,0.0
dupuytren's_disease,0,1,0.0
carboxyl-terminal_end,0,1,0.0
enhanced_protein_secretion,0,1,0.0
x-ray_crystal_structure,0,1,0.0
cd40_cytoplasmic_domain_truncation,0,1,0.0
il-5_signal_transduction_mechanism,0,1,0.0
oestrogen_receptor_expression,0,1,0.0
hsc/_primitive_hpc_proliferation,0,1,0.0
life-threatening_disease_progression,0,1,0.0
transfected_monocyte,0,1,0.0
inhibitor_(ik)_of_ifn-gamma,0,1,0.0
cmv_pneumonitis,0,1,0.0
class_ii_mutant_cell_line,0,1,0.0
runt_polypeptide,0,1,0.0
pma-treated_thp-1_cell,0,1,0.0
gel_electrophoretic_mobility_shift_assay,0,1,0.0
ankyrin_repeat,0,1,0.0
co-transfected_il-2_promoter,0,1,0.0
nur77_knock-out_mouse,0,1,0.0
ig_heavy_chain_enhancer,0,1,0.0
15-lipoxygenase,0,1,0.0
stat_protein_pair,0,1,0.0
respiratory_manifestation,0,1,0.0
alpha_and_beta_isoform,0,1,0.0
immature_hematopoietic_ba/f3_cell,0,1,0.0
infected_b_cell,0,1,0.0
ras_function,0,1,0.0
gluglucocorticoid_receptor_(gr)_hormone-binding_activity,0,1,0.0
follicular_dc,0,1,0.0
il-2-induced_signal,0,1,0.0
adrenal_cortex_function,0,1,0.0
nfat-like_dna_binding_activity,0,1,0.0
l-selectin_mrna,0,1,0.0
mitogenic_signaling,0,1,0.0
phytohemagglutinin-activated_peripheral_blood_lymphocyte,0,1,0.0
mmp9,0,1,0.0
protein_kinase_c,0,1,0.0
murine_leukemia_virus,0,1,0.0
cells,1,0,0.0
tcr-coupled_phosphoinositide_turnover,0,1,0.0
immunological_activation,0,1,0.0
lrr,0,1,0.0
pml_nuclear_body,0,1,0.0
cellular_transduction_mutant,0,1,0.0
steroid_receptor_drug,0,1,0.0
tcf-1_alpha_cdna,0,1,0.0
primary_human_peripheral_blood_lymphocyte,0,1,0.0
immunosuppressive_compound,0,1,0.0
pi_3-kinase,0,1,0.0
immunodominant_antigen,0,1,0.0
human_immunodeficiency_virus_type_1_(hiv-_1)_replication,0,1,0.0
"tnf-alpha-stimulated_(10_u/ml,_6_h)_huvec",0,1,0.0
peripheral_blood_mononuclear_cell_glucocorticoid_receptor,0,1,0.0
sera,0,1,0.0
n_omega-monomethyl-l-arginine,0,1,0.0
rel-related_human_cdna,0,1,0.0
b-cell_specific,0,1,0.0
cytoplasmic_domain_heterogeneity,0,1,0.0
cd28_moab,0,1,0.0
acute_promyelocytic_leukemia,0,1,0.0
monoblastoid_u937_cell_line,0,1,0.0
htlv-i-ltr-cat,0,1,0.0
ifn-gamma_signalin,0,1,0.0
el-4,0,1,0.0
c-to-a_exchange,0,1,0.0
human_t_helper_cell_mrna,0,1,0.0
dil,0,1,0.0
5'-flanking_region,0,1,0.0
freely_exchangeable_ca2+,0,1,0.0
proenkephalin_promoter,0,1,0.0
normal_mouse_bone_marrow,0,1,0.0
nuclear_factor-kappa_b/rel_induction,0,1,0.0
coproporphyrinogen_oxidase,0,1,0.0
g0/g1_switch,0,1,0.0
haemoglobin_production,0,1,0.0
t_lymphocyte_infiltrate,0,1,0.0
upstream_enhancer_element,0,1,0.0
ltalpha,0,1,0.0
beta-chain,0,1,0.0
tsh-r,0,1,0.0
band_14q11,0,1,0.0
paracrine_role,0,1,0.0
differentiation-dependent_mechanism,0,1,0.0
pcdds/pcdfs,0,1,0.0
chronic_kidney_insufficiency,0,1,0.0
il_production,0,1,0.0
temperature-sensitive_mutant,0,1,0.0
sod,0,1,0.0
il-16_expression,0,1,0.0
deeply_invaginated_nuclear_membrane,0,1,0.0
tgtggtca,0,1,0.0
purine-rich_stretch,0,1,0.0
kg-1,0,1,0.0
oxidative_signal,0,1,0.0
molecular_immunology,0,1,0.0
gtpase_rac,0,1,0.0
tumor_necrosis_factor_alpha_(tnf-alpha)_mrna_production,0,1,0.0
promoters,0,1,0.0
activated_ec,0,1,0.0
c-rel_homodimer,0,1,0.0
intrinsic_proliferative_behavior,0,1,0.0
gr-mediated_induction,0,1,0.0
4-h_nk_cytolysis_assay,0,1,0.0
m-csf-induced_expression,0,1,0.0
cultured_cell,0,1,0.0
epo_signaling_mechanism,0,1,0.0
hs_1,0,1,0.0
immunoglobulin_light-chain_enhancer_e_lambda_2.4,0,1,0.0
inositol_phosphate,0,1,0.0
lmp,0,1,0.0
n-terminal_regulatory_region,0,1,0.0
pcr_analysis,0,1,0.0
investigator,0,1,0.0
camp_elevation,0,1,0.0
h2o2-induced_nf-kappab_activation,0,1,0.0
n-terminal_sequencing,0,1,0.0
ebv_nuclear_antigen,0,1,0.0
5'_region,0,1,0.0
nk_cell_population,0,1,0.0
human_collagenase-1_promoter,0,1,0.0
v-erba,0,1,0.0
mad-3_cdna,0,1,0.0
adenoid,0,1,0.0
hb-egf_expression,0,1,0.0
bmlf1,0,1,0.0
alpha,0,1,0.0
rap1gdp,0,1,0.0
ra-independent_differentiation,0,1,0.0
csa-resistant_nfat_complex,0,1,0.0
cd4_negative_t_cell_line,0,1,0.0
leukocyte_microbicidal_activity,0,1,0.0
g-csf,0,1,0.0
22-bp_sequence_duplication,0,1,0.0
cd4+_t_cell_response,0,1,0.0
ef1-like_activity,0,1,0.0
potent_transcriptional_repressor,0,1,0.0
b95-8,0,1,0.0
human_monocyte_nf-kappab_activation,0,1,0.0
cd2:lymphocyte_function-associated_ag-3_pathway,0,1,0.0
in_vitro_translated_hg,0,1,0.0
t-cell_hybridoma,0,1,0.0
human_triiodothyronine_(t3)_plasma_clearance_rate,0,1,0.0
c-jun_n-terminal_kinase_(jnk)_cascade,0,1,0.0
human_t_cell_receptor_gamma,0,1,0.0
nb4_cell,0,1,0.0
costimulatory_receptor_cd28,0,1,0.0
tsh-r_expression_level,0,1,0.0
recombinant_vp16_fusion_protein,0,1,0.0
adult_control,0,1,0.0
lactose_analogue,0,1,0.0
early_passage_cell,0,1,0.0
antiviral_protection,0,1,0.0
hypophosphorylated_form,0,1,0.0
camp-dependent_protein_kinase_a_(pka)_signal_transduction_pathway,0,1,0.0
c4_zinc_finger,0,1,0.0
nad(p)h:quinone_reductase-dependent_mechanism,0,1,0.0
ebv-receptor_interaction,0,1,0.0
elisa,0,1,0.0
stimulus-responsive_processing,0,1,0.0
heterodimer_p50/p65,0,1,0.0
type_ii_tgase,0,1,0.0
cd21,0,1,0.0
sequence_motif,0,1,0.0
gamma_activated_site,0,1,0.0
inhibition_of_proliferation,0,1,0.0
hmg_box_family,0,1,0.0
nfatc.beta-specific_probe,0,1,0.0
recombinant_human_nucleolin,0,1,0.0
non_b_cell,0,1,0.0
acute_leukemia,0,1,0.0
mouse_cell_line,0,1,0.0
stat1_activation,0,1,0.0
72-kda_protein,0,1,0.0
membrane_binding,0,1,0.0
tsg101,0,1,0.0
small_intestinal_epithelium,0,1,0.0
cs_individual,0,1,0.0
polymerase_chain_reaction_(pcr)-assisted_method_of_chromosome_mapping,0,1,0.0
translational_suppression,0,1,0.0
glycoprotein_iib,0,1,0.0
il-4-induced_gene_expression,0,1,0.0
androgen,0,1,0.0
jurkatp,0,1,0.0
nuclear_nf-kb_binding_protein,0,1,0.0
promoter_function,0,1,0.0
mrna_stability,0,1,0.0
regulatory_tat_protein,0,1,0.0
human_tcr_zeta-chain,0,1,0.0
chromosome_16p12-16p13.3,0,1,0.0
dqa1*0501/dqb1*0302_trans_class_ii_heterodimer,0,1,0.0
serum_response_factor_(srf)_peptide,0,1,0.0
irf-1_gamma-activated_site,0,1,0.0
nuclear_signaling_mechanism,0,1,0.0
lymphoid_organ,0,1,0.0
chromosome_15,0,1,0.0
myb-ets_oncoprotein,0,1,0.0
er_level,0,1,0.0
epstein-barr_virus_latent_membrane_protein,0,1,0.0
egl,0,1,0.0
agonist,0,1,0.0
surface_ganglioside,0,1,0.0
zap-70_function,0,1,0.0
epstein-barr_virus_replicative_gene_transcription,0,1,0.0
ppargamma_mrna_expression,0,1,0.0
protein_kinase_a-independent,0,1,0.0
premature_stop_codon,0,1,0.0
siv_tata_box,0,1,0.0
hiv_ltr_transactivation,0,1,0.0
immature_b_cell,0,1,0.0
nf_kappa_b_deletion,0,1,0.0
confocal_fluorescence_microscopy,0,1,0.0
viral_encoded_protein,0,1,0.0
carboxy-terminal_leucin-zipper_region,0,1,0.0
nk_cell-induced_hla-dr_alpha_mrna_expression,0,1,0.0
oncogene_expressing_sensitive_target_fibroblast,0,1,0.0
head,0,1,0.0
-93_and_-76,0,1,0.0
signal_transduction_molecule,0,1,0.0
pre-i-thymidine_kinase,0,1,0.0
rat_cerulein_pancreatitis,0,1,0.0
unstimulated_human_peripheral_b_cell,0,1,0.0
gata_family,0,1,0.0
human_genome_evolution,0,1,0.0
cytoplasmic_cat_mrna,0,1,0.0
transcriptional_control,0,1,0.0
ranbp2,0,1,0.0
bfu-e-derived_cell,0,1,0.0
inhibitory_n17-mutated_dominant-negative_ras_construct,0,1,0.0
epstein-barr_virus_(ebv)-transformed_cell_line,0,1,0.0
modified_oligonucleotide,0,1,0.0
htr_beta_1,0,1,0.0
tyrosine_kinase_csk,0,1,0.0
glucocorticoid_receptor_binding_site,0,1,0.0
proliferation_response,0,1,0.0
arteritis-scid_chimera,0,1,0.0
rt,0,1,0.0
ebv-transformed_b_clone,0,1,0.0
adenoviral_technique,0,1,0.0
er+:_mcf-7,0,1,0.0
bulbar_muscular_atrophy,0,1,0.0
morning_glucocorticoid_receptor,0,1,0.0
jurkat_t_cells,0,1,0.0
rantes_mrna_expression,0,1,0.0
crm1,0,1,0.0
retinoid_differentiation_therapy,0,1,0.0
n-terminal_thr729-leu765_region,0,1,0.0
adaptive_immune_system,0,1,0.0
phosphoinositide_hydrolysis,0,1,0.0
t_cell_priming,0,1,0.0
raji_human_b_cell_line,0,1,0.0
immunocytochemical_staining,0,1,0.0
e2a_cdna,0,1,0.0
cross-linking_induced_stress_fiber_assembly,0,1,0.0
plasma_lipase,0,1,0.0
cml_patient,0,1,0.0
human_cell,0,1,0.0
c-myc_protooncogene_mrna,0,1,0.0
interleukin_(il)-2_gene,0,1,0.0
anti-tumor_necrosis_factor_alpha_(tnf-alpha)_monoclonal_antibody,0,1,0.0
immunological_implication,0,1,0.0
t_cell_receptor_(tcr)_mediated_signaling,0,1,0.0
s1,0,1,0.0
chemotactic_and_inflammatory_cytokine,0,1,0.0
nonhuman_primate_siv_infection,0,1,0.0
erk2_kinase,0,1,0.0
lmp1,0,1,0.0
phosphatase_treatment,0,1,0.0
27-kda_unphosphorylated_form,0,1,0.0
darc_gene,0,1,0.0
vcam-1,0,1,0.0
subtotal_colectomy,0,1,0.0
beta-tubulin,0,1,0.0
t_cell_transformation,0,1,0.0
gcs,0,1,0.0
optimal_dna-binding_motif,0,1,0.0
lif,0,1,0.0
standard_ds_oligonucleotide,0,1,0.0
in_vitro_cell_culture_system,0,1,0.0
cd11b/cd18,0,1,0.0
codon_10,0,1,0.0
chronic_pulmonary_heart_disease,0,1,0.0
lps-stimulated_cmv_transfected_cell,0,1,0.0
c_beta_2_gene,0,1,0.0
cr1,0,1,0.0
malignant_tissue,0,1,0.0
androgen-responsive_prostate_tumour_cell,0,1,0.0
atherosclerosis_lesion,0,1,0.0
dnase_i,0,1,0.0
cyc1_promoter,0,1,0.0
u-937_myeloid_leukemia_cell,0,1,0.0
gm-csf-responsive_bone_marrow_cell,0,1,0.0
i_kappa_b_beta,0,1,0.0
are,0,1,0.0
cd2_antigen,0,1,0.0
ran_mutant,0,1,0.0
cd95_ligand_gene_expression,0,1,0.0
ccgaaactgaaaagg,0,1,0.0
au-motif-directed_display,0,1,0.0
specific_dexamethasone_binding,0,1,0.0
cytosolic_phospholipase_a2,0,1,0.0
nk-_kappa_b,0,1,0.0
mtcp1_rearrangement,0,1,0.0
inhibitory_activity,0,1,0.0
immunopoiesis,0,1,0.0
mononucleated_cell,0,1,0.0
a_site,0,1,0.0
ribosomal_complex,0,1,0.0
traf_interaction_domain,0,1,0.0
ros,0,1,0.0
gamma(c),0,1,0.0
tumor-suppressor_gene,0,1,0.0
codon_231,0,1,0.0
c-fos_promoter_sis-inducible_element,0,1,0.0
il-6_mrna_stability,0,1,0.0
interfollicular_area,0,1,0.0
cd18_expression,0,1,0.0
5637_cell,0,1,0.0
yype-ii_estrogen-binding_site,0,1,0.0
mcd14_ligand,0,1,0.0
retinoid-like_receptor,0,1,0.0
adult,0,1,0.0
glutathione-s-transferase,0,1,0.0
hdl,0,1,0.0
il-2-dependent_transformation_step,0,1,0.0
cytokine_signaling_abnormality,0,1,0.0
g-csf_receptor_signaling,0,1,0.0
plasma_cell_pathway,0,1,0.0
a-f,0,1,0.0
fas_signaling,0,1,0.0
labial_salivary_gland,0,1,0.0
cell_division,0,1,0.0
"large,_immature_cell",0,1,0.0
peptide_binding_affinity,0,1,0.0
n-terminal_domain,0,1,0.0
nuclear_factor_stat-1,0,1,0.0
nf-kappa_b_p65_mutant,0,1,0.0
kox_18,0,1,0.0
sodium_dodecyl_sulfate_polyacrylamide_gel_electrophoresis,0,1,0.0
diverged_homeobox_gene,0,1,0.0
fkbp_binding,0,1,0.0
c-myc_mrna_level,0,1,0.0
inos_promoter_region,0,1,0.0
acute_infection,0,1,0.0
allele_loss,0,1,0.0
alternative_treatment_approach,0,1,0.0
wild-type_gene,0,1,0.0
"vr+,_trap+_cell",0,1,0.0
gamma-activating_sequence,0,1,0.0
gc-mediated_induction,0,1,0.0
cell_surface,0,1,0.0
nfat_family_member,0,1,0.0
lymphocyte_sample,0,1,0.0
cd40-inducible_gene,0,1,0.0
tcf-2_alpha,0,1,0.0
nf-kappa_b-binding_complex,0,1,0.0
exon_v,0,1,0.0
lfa-i_alpha_chain_(cdiia)_mrna,0,1,0.0
hla-a3_molecule,0,1,0.0
epitope-labeled_bko,0,1,0.0
ifn-gamma-activated_sequence-binding_complex,0,1,0.0
phu-14,0,1,0.0
undifferentiated_embryocarcinoma_f9_cell,0,1,0.0
atf-2,0,1,0.0
abc_method,0,1,0.0
tnf-alpha,0,1,0.0
surrogate_receptor,0,1,0.0
epsilon,0,1,0.0
pax-gene_family,0,1,0.0
inhibitory_drug_interaction,0,1,0.0
signal_transducer_and_activator_of_transcription_(stat)_protein,0,1,0.0
gal4-p65(286-551)-mediated_transcription,0,1,0.0
extracellular_signal-regulated_kinase_(erk)_pathway,0,1,0.0
icp36_family,0,1,0.0
il-2_secreting_el4_cell,0,1,0.0
il-1_responsiveness,0,1,0.0
e-selectin_mrna,0,1,0.0
zeta_2_globin_promoter_activity,0,1,0.0
tumor_necrosis_factor_receptor_superfamily,0,1,0.0
"(2e)-3-[5-(2,3-dimethoxy-6-methyl-1,4-benzoquinoyl)]-2-nonyl-2-_propenoic_acid",0,1,0.0
vasculature,0,1,0.0
interleukin-4-induced_tyrosine_phosphorylation,0,1,0.0
a1-vdr_cell,0,1,0.0
e2f-dependent_thymidine_kinase_regulation,0,1,0.0
hygromycin_resistant,0,1,0.0
p38delta,0,1,0.0
notch1_ankyrin_repeat_region,0,1,0.0
lymphotoxin_promoter,0,1,0.0
interferon_regulatory_factor_(irf)_family,0,1,0.0
hacat_cell,0,1,0.0
human_adenosine_deaminase_(ada)_gene,0,1,0.0
normal_b_cell_differentiation,0,1,0.0
radioimmune_assay,0,1,0.0
stat5_complex,0,1,0.0
wild-type_cell,0,1,0.0
tyr374,0,1,0.0
32.2-kda_protein,0,1,0.0
ner,0,1,0.0
cd3h12,0,1,0.0
thymus,0,1,0.0
deoxyribonuclease_i,0,1,0.0
radiolabeled_vdr,0,1,0.0
anti-cd3_activated_t_cell,0,1,0.0
huh7_hepatoma_cell,0,1,0.0
mammalian_pax-2,0,1,0.0
pml/rar-alpha_protein,0,1,0.0
common_signal_transducer,0,1,0.0
permeabilized_cell,0,1,0.0
tumor_site,0,1,0.0
deltanfkappabdeltasp1,0,1,0.0
gm-csf_gene_transcription,0,1,0.0
sp1_activity,0,1,0.0
nitrogen,0,1,0.0
c_treatment,0,1,0.0
dermatomyositis/polymyositis,0,1,0.0
htlv-i-infected_cord_blood_lymphocyte,0,1,0.0
cd36,0,1,0.0
burkitt's_lymphoma_(bl)_cell_line,0,1,0.0
variable_proliferative_response,0,1,0.0
androgen_insensitivity,0,1,0.0
octamer-like_factor,0,1,0.0
nf_kappab_family_protein,0,1,0.0
transcription_element,0,1,0.0
eicosanoid_profile,0,1,0.0
arnhl,0,1,0.0
bone_marrow-derived_cell,0,1,0.0
3'_site,0,1,0.0
globin_promoter,0,1,0.0
rbd,0,1,0.0
gata-associated_site,0,1,0.0
octamerlike_sequence,0,1,0.0
tubal_epithelium,0,1,0.0
il-6_production,0,1,0.0
interleukin(il)-2,0,1,0.0
-319_and_-219_bp_upstream,0,1,0.0
immunoglobulin_heavy_chain_gene_cluster,0,1,0.0
class_ii_antigen_expressing_t-cell_line,0,1,0.0
il-6_regulation,0,1,0.0
serine/threonine_phosphorylation,0,1,0.0
exposed_individual,0,1,0.0
immunogenic_primary_tumor,0,1,0.0
creb-1,0,1,0.0
retrovirus_vector,0,1,0.0
gm-csf_stimulation,0,1,0.0
tumor_necrosis_factor-alpha_mrna_accumulation,0,1,0.0
hirak,0,1,0.0
sequence_specific_oligonucleotide_typing,0,1,0.0
jun_and_fos_family,0,1,0.0
adenylate_cyclase_inhibitor,0,1,0.0
nfs-60_cell,0,1,0.0
beta-globin_gene_transcription,0,1,0.0
wild-type_tes2,0,1,0.0
il-2-r_alpha,0,1,0.0
il-4_down-regulatory_effect,0,1,0.0
rat_brain,0,1,0.0
pebp2_site-binding_protein,0,1,0.0
immunoprecipitation_analysis,0,1,0.0
50k_subunit,0,1,0.0
hepatic_pcd/dcoh_protein,0,1,0.0
epstein-barr_virus_(ebv)-specific_dutpase,0,1,0.0
nf-kappa_b-mediated_gene_expression,0,1,0.0
nfat1_activity,0,1,0.0
cd15_cross-linked_cell,0,1,0.0
hiv-1_ltr-driven_gene,0,1,0.0
nf_kappa_b_p50,0,1,0.0
gggaaattcc,0,1,0.0
immunofluorescence_study,0,1,0.0
murine_cyclin-dependent_kinase_inhibitor_gene,0,1,0.0
antisera,0,1,0.0
e-selectin_surface_expression,0,1,0.0
alternative_splicing_mechanism,0,1,0.0
carboxy_terminal_tax_deletion_mutant,0,1,0.0
viral_pathogenicity,0,1,0.0
gamma_gene,0,1,0.0
costimulatory_molecule,0,1,0.0
sensitive_patient,0,1,0.0
surface_igd,0,1,0.0
end-labelled_reverse_primer,0,1,0.0
hsv_infection,0,1,0.0
proinflammatory_molecule,0,1,0.0
lymphocyte_cell_line,0,1,0.0
transiently_overexpressed_hsf3,0,1,0.0
t-cell_transcription_factor,0,1,0.0
kappab-binding_activity,0,1,0.0
s6_protein,0,1,0.0
aml1/mds1/evi1,0,1,0.0
constitutive_sp1_factor,0,1,0.0
mpl,0,1,0.0
emsa_displacement_study,0,1,0.0
inducible_egr-1_protein,0,1,0.0
intracellular_protein_expression,0,1,0.0
ligation-mediated_pcr,0,1,0.0
mhc_class_ii_homologous_protein,0,1,0.0
"ap-1,_dna_element",0,1,0.0
ibuprofen,0,1,0.0
pkc_alpha,0,1,0.0
bone_marrow_transplantation,0,1,0.0
vascular_cell_adhesion_molecule-1_gene,0,1,0.0
immune-specific_manner,0,1,0.0
pou_(pit-oct-unc)_family,0,1,0.0
leukocyte-endothelial_cell_interaction,0,1,0.0
nuclear_factor_kappa_b_(nf-kappab)_site,0,1,0.0
escherichia_coli_lps,0,1,0.0
fvc,0,1,0.0
dibenzofuran,0,1,0.0
caat_box-like_motif,0,1,0.0
ra_effect,0,1,0.0
subnuclear_dot-like_structure,0,1,0.0
nfatp_dephosphorylation,0,1,0.0
i_kappa_b_gamma-1,0,1,0.0
nuclear_level,0,1,0.0
mucosa-associated_lymphoid_tissue_(malt)_lymphoma,0,1,0.0
colon_cancer_cell_line,0,1,0.0
hth_recognition_helix,0,1,0.0
nucleoplasmic_localization,0,1,0.0
peptide_hormone,0,1,0.0
nuclear_factor_kb_(nf-kb)_regulatory_elements,0,1,0.0
50_kda,0,1,0.0
tiny_ring_x_chromosome,0,1,0.0
immune_hyperactivation,0,1,0.0
nf_kappa_b-mediated_gene_expression,0,1,0.0
human_ehrlichiosis,0,1,0.0
ctll-r8_cell,0,1,0.0
cytomegalovirus,0,1,0.0
pebp2_site,0,1,0.0
steroid-regulated_expression,0,1,0.0
pif,0,1,0.0
btk,0,1,0.0
antifungal_effect,0,1,0.0
ems_supershift_analysis,0,1,0.0
wild-type_hlf,0,1,0.0
breast_cancer_sample,0,1,0.0
major_histocompatibility_complex_class_ii_dra_promoter_occupancy,0,1,0.0
serum-equilibrated_ptdins_also_binds_to_mcd14-expressing_cell,0,1,0.0
nfat-mediated_activation,0,1,0.0
19d,0,1,0.0
c/ebpepsilon_mrna,0,1,0.0
hnf3_beta,0,1,0.0
non-permissive_chromatin_structure,0,1,0.0
langerhans_cell,0,1,0.0
creb_gene_transcript,0,1,0.0
human_b-lcl,0,1,0.0
tpa-induced_activation,0,1,0.0
prolactin-inducible_target_gene,0,1,0.0
cd28-responsive_element,0,1,0.0
pou,0,1,0.0
porcine_b-cell_line_l23,0,1,0.0
paternal_x_chromosome,0,1,0.0
inactive_x,0,1,0.0
human_intestinal_xenograft,0,1,0.0
foam_cell,0,1,0.0
t-cell_recognition,0,1,0.0
ra-_triggered_galdbd-raralpha_hybrid_activity,0,1,0.0
cd28re/ap-1_sequence,0,1,0.0
p210bcr-abl_oncogene,0,1,0.0
consensus_zinc_finger_peptide_domain,0,1,0.0
cre_motif,0,1,0.0
middle-aged_(44-55_years)_hypertensive,0,1,0.0
dex-mediated_ikappabalpha_induction,0,1,0.0
latent_nf-kappa_b,0,1,0.0
sigd,0,1,0.0
lymphoid-derived_disease,0,1,0.0
dr_alpha_promoter_activity,0,1,0.0
protease_treatment,0,1,0.0
hormone-mediated_gene_regulation,0,1,0.0
pha-stimulated_t_lymphocyte,0,1,0.0
5'_nontranslated_region,0,1,0.0
thr729_to_leu765,0,1,0.0
mutated_ig_variable_heavy_chain_sequence,0,1,0.0
autoreactive_b-cell,0,1,0.0
alpha_g2s,0,1,0.0
monoblastoid_u937_cell,0,1,0.0
full-length_cdna_sequence,0,1,0.0
tyrosine_kinase,0,1,0.0
il-2-treated_patient,0,1,0.0
non-lineage-specific_silencer,0,1,0.0
oct2,0,1,0.0
prostaglandin_i2,0,1,0.0
varicella-zoster_virus_glycoprotein_e,0,1,0.0
gsk-3beta,0,1,0.0
ovarian_cancer,0,1,0.0
spouse,0,1,0.0
primary_human_lymphocyte_activation,0,1,0.0
il-1r-associated_kinase,0,1,0.0
young_donor,0,1,0.0
cortisol_resistance,0,1,0.0
tcrhigh_population,0,1,0.0
delta_sp,0,1,0.0
cd40_mab,0,1,0.0
chromosome_band_11p15,0,1,0.0
undecylprodigiosin,0,1,0.0
chicken_t-cell,0,1,0.0
positive_autoregulation,0,1,0.0
zinc_finger_region,0,1,0.0
b-cell_maturation_pattern,0,1,0.0
stimulated_human_endothelial_cell,0,1,0.0
l._monocytogenes,0,1,0.0
c-myc_protooncogene_mrna_expression,0,1,0.0
heat_shock_protein_glycoprotein_96,0,1,0.0
promyelocytic_leukemia_line,0,1,0.0
gp91phox_mrna_expression,0,1,0.0
inducible_il-2r_alpha_gene_expression,0,1,0.0
mtcp1/c6.1b,0,1,0.0
secondary_hyperparathyroidism,0,1,0.0
huvec,0,1,0.0
cle0,0,1,0.0
synthetic_gre_oligonucleotide,0,1,0.0
stress-induced_signaling_pathway,0,1,0.0
acute_lymphoblastic_leukemia,0,1,0.0
cd23_receptor,0,1,0.0
lymphoid_lineage-determining_factor,0,1,0.0
nuclear_factor-il6_(nf-il6)_binding_site,0,1,0.0
mp_treatment,0,1,0.0
bfl-1/a1,0,1,0.0
proliferation_rate,0,1,0.0
antiinflammatory_drug,0,1,0.0
gr_n-terminal_transactivation_domain,0,1,0.0
lipoxygenase,1,1,0.0
ccaat_enhancer_binding_protein,0,1,0.0
3q21_gene,0,1,0.0
cns,0,1,0.0
rela,0,1,0.0
ss_patient,0,1,0.0
crh_promoter,0,1,0.0
cell-specific_expression,0,1,0.0
canonical_dna_sequence_canntg,0,1,0.0
calcium_concentration,0,1,0.0
nonthymocyte_cell,0,1,0.0
c-ring_modification,0,1,0.0
ar_assay,0,1,0.0
antigen_receptor_response_element_2,0,1,0.0
murine_thymocyte,0,1,0.0
replication_defect,0,1,0.0
autosome,0,1,0.0
pebp2/cbf_transcription_factor,0,1,0.0
ligand_binding_domain,0,1,0.0
embryonic-fetal_phenotype,0,1,0.0
69_bp_upstream,0,1,0.0
hemodynamic_compensatory_phase,0,1,0.0
hiv-1-induced_cell_fusion,0,1,0.0
human_spleen,0,1,0.0
lps-mediated_activation,0,1,0.0
promoter-distal_site,0,1,0.0
human_il4,0,1,0.0
lipopolysaccharide_(lps)-stimulated_release,0,1,0.0
vascular_cell_adhesion_molecule_1,0,1,0.0
lymphocyte_gene,0,1,0.0
tat1-72,0,1,0.0
potent_lipid_proinflammatory_mediator,0,1,0.0
human_t-cell,0,1,0.0
class_ii_inducibility,0,1,0.0
mammalian_protein,0,1,0.0
octamer_dna_motif,0,1,0.0
live-hiv-1,0,1,0.0
peptide-binding_cleft,0,1,0.0
primary_isolate,0,1,0.0
hiv-1_long_terminal_repeat-driven_gene_activity,0,1,0.0
fn-induced_il-1beta_response,0,1,0.0
x-linked_hypophosphatemic_rickets,0,1,0.0
nf-at_signal_transduction_event,0,1,0.0
human_interleukin_4_receptor_alpha_chain,0,1,0.0
nuclear_receptor_peroxisome_proliferator-activated_receptor_gamma,0,1,0.0
purified_polypeptide,0,1,0.0
77_nucleotides_upstream,0,1,0.0
inflammatory_pathogenesis,0,1,0.0
b-cell_specific_gene,0,1,0.0
cd3/tcr-dependent_signal_transduction,0,1,0.0
immunoglobulin_e,0,1,0.0
na(+)-h+_antiport,0,1,0.0
cd95_ligand_reporter_activity,0,1,0.0
chloram-phenicol_acetyltransferase_(cat)_construct,0,1,0.0
hetero-oligomeric_mr_form,0,1,0.0
truncated_promoter,0,1,0.0
protein_factor,0,1,0.0
tfiia,0,1,0.0
cdc42_effector,0,1,0.0
alpha-galactosidase_a_gene,0,1,0.0
transcription_of_sv40_t-antigen,0,1,0.0
hla-dra_promoter_activity,0,1,0.0
normal_human_neutrophil,0,1,0.0
bcl-2-mediated_drug_resistance,0,1,0.0
human_promyelocytic_leukemia_cell_line,0,1,0.0
b_cell_surface,0,1,0.0
hemoglobin,0,1,0.0
sh2_domain_containing_tyrosine_kinase_syk,0,1,0.0
tcl-5,0,1,0.0
glucocorticoid-resistant_cell,0,1,0.0
murine_macrophage_inflammatory_protein_1_alpha,0,1,0.0
th_protein,0,1,0.0
mhc_class_ii-silenced_cell_hybrid,0,1,0.0
variant_a,0,1,0.0
granulocytic_lineage,0,1,0.0
hiv-gene_expression,0,1,0.0
stat-dependent_early_response_gene_expression,0,1,0.0
smx,0,1,0.0
ifn-gamma_gene_expression,0,1,0.0
gene-targeted_mouse,0,1,0.0
ifn-responsive_gene,0,1,0.0
6-cis-locked_conformer,0,1,0.0
nls_peptide-mediated_disruption,0,1,0.0
hs_ii,0,1,0.0
cd16_stimulation,0,1,0.0
t_cell_transcriptional_event,0,1,0.0
dna_clone,0,1,0.0
isg15,0,1,0.0
leukotriene_b4_induced_adhesion,0,1,0.0
chloramphenicol_acetyl-transferase_vector,0,1,0.0
d20z1,0,1,0.0
operative_kinase,0,1,0.0
c-fms_protooncogene,0,1,0.0
tcr_transduction_mechanism,0,1,0.0
dna-laddering,0,1,0.0
kappa_1-kappa_3,0,1,0.0
bacterium_surface,0,1,0.0
adenovirus_e1b_19k_protein,0,1,0.0
dqb1_polypeptide,0,1,0.0
rprl_promoter,0,1,0.0
phorbol_myristate,0,1,0.0
ril-12,0,1,0.0
tumor_cell_type,0,1,0.0
purified_nf-at,0,1,0.0
-253_to_-257,0,1,0.0
immunized_knock-out_mice,0,1,0.0
sq_22536,0,1,0.0
bcr-induced_increases,0,1,0.0
correspondent_protein,0,1,0.0
synovial_macrophage,0,1,0.0
mls_antigen,0,1,0.0
interferon-responsive_factor_(irf)_binding_site,0,1,0.0
nucleoside_diphosphate(ndp)_kinase,0,1,0.0
ferredoxin,0,1,0.0
b-cell_extract,0,1,0.0
htlv-ii_tax,0,1,0.0
tax1-induced_activation,0,1,0.0
"immunohistochemical,_western_blotting",0,1,0.0
inducible_nuclear_factor_binding,0,1,0.0
macrophage-restricted_member,0,1,0.0
anti-ptf_beta_antibody,0,1,0.0
oct,0,1,0.0
ap-1_family_protein,0,1,0.0
cytokine-induced_signal_transduction_pathway,0,1,0.0
inducible_c1_protein,0,1,0.0
84-kda_protein,0,1,0.0
acute_myeloid_leukemia_gene,0,1,0.0
tpl-2-mediated_nfat_activation,0,1,0.0
blk_promoter,0,1,0.0
human_dermal_microvessel_endothelial_cell,0,1,0.0
nf_kappa_b_protein,0,1,0.0
autoantigen,0,1,0.0
signal-regulated_protein_kinase,0,1,0.0
slower_migrating_form,0,1,0.0
fas_ligand_(fasl)_promoter,0,1,0.0
chromatin-dependent_process,0,1,0.0
arthritis-encephalitis_virus_long_terminal_repeat,0,1,0.0
syncytium_formation,0,1,0.0
nuclear_factor_(nf)_activation,0,1,0.0
ndp_kinase,0,1,0.0
cell_cycle,0,1,0.0
signalsome_protein,0,1,0.0
epstein-barr_virus-transforming_protein,0,1,0.0
ifn-gamma_treated_u937_cell,0,1,0.0
cancer_chemotherapy,0,1,0.0
primary_restriction_element,0,1,0.0
cd-40_pathway,0,1,0.0
no_generation,0,1,0.0
germline_ige_promoter,0,1,0.0
protein_kinase_c_signaling,0,1,0.0
endogenous_nf-kappa_b-dependent_granulocyte-macrophage_colony_stimulating_factor_gene,0,1,0.0
age,0,1,0.0
classical_hd,0,1,0.0
tumor_necrosis_factor-alpha_(tnf_alpha)_gene,0,1,0.0
zp,0,1,0.0
nonhepatic_cell,0,1,0.0
"1,25d3-resistant_variant",0,1,0.0
aids-c,0,1,0.0
coactivator_creb_binding_protein/p300,0,1,0.0
additional_protein-protein_interaction,0,1,0.0
microdeletion,0,1,0.0
thp-1_macrophage,0,1,0.0
epo-induced_cellular_proliferation,0,1,0.0
antiandrogen-bound_mutated_receptor,0,1,0.0
thiol-reducing_compound,0,1,0.0
"extra-renal,_nonepithelial_cell",0,1,0.0
dnase_i_footprinting_analysis,0,1,0.0
immunoreactive_gr,0,1,0.0
biological_effect,0,1,0.0
-183_to_-166,0,1,0.0
cytotoxic_t_lymphocyte-mediated_lysis,0,1,0.0
63-kda_isoform,0,1,0.0
mrna_transcript,0,1,0.0
3_kb_5'-flanking_region,0,1,0.0
human_b_lymphocyte_ig_production,0,1,0.0
human_tr_beta_1,0,1,0.0
c-to-t_base_exchange,0,1,0.0
mub,0,1,0.0
quiescent_cell,0,1,0.0
erp-related_transcript,0,1,0.0
zinc-finger_domain,0,1,0.0
hiv_transcription,0,1,0.0
epstein-barr_virus_transformation,0,1,0.0
t(9;14)(p13;q32),0,1,0.0
owl_monkey_liver,0,1,0.0
acute_myelogenous_leukemia,0,1,0.0
hygromycin,0,1,0.0
perivascular_dc,0,1,0.0
subcellular_compartmentalization,0,1,0.0
htlv-i-mediated_t_cell_transformation,0,1,0.0
il-2-dependent_cell,0,1,0.0
tyrphostin_47,0,1,0.0
tnf-induced_vcam-1,0,1,0.0
surface_ag_receptor-initiated_signaling_event,0,1,0.0
ikkbeta,0,1,0.0
cd14-dependent_activation,0,1,0.0
virus-host_cell_protein_interaction,0,1,0.0
eosinophil-specific_gene,0,1,0.0
gastrointestinal_tract,0,1,0.0
fc_gamma_ri_transcript_levels,0,1,0.0
cytokine_gene,0,1,0.0
large_vessel,0,1,0.0
-54_and_-40,0,1,0.0
ifn-responsive_reporter_construct,0,1,0.0
nf-kappa_b_transcriptional_activity,0,1,0.0
rheumatoid_synovial_tissue,0,1,0.0
cd3-epsilon_gene_expression,0,1,0.0
human_bcl2,0,1,0.0
pbyf,0,1,0.0
il-12_signal_transduction,0,1,0.0
protein_antigen,0,1,0.0
55_kd_tnf_receptor_(tr55)_level,0,1,0.0
tcf-1,0,1,0.0
human_immunodeficiency_virus_type_1_(hiv-1)_infection,0,1,0.0
molecular_mass,0,1,0.0
parental_granulocyte-macrophage_colony-stimulating_factor_(gm-csf)-dependent_cell_line,0,1,0.0
inflammatory_disease,0,1,0.0
"hla-a2+,_melana/mart1+_mm_cell_line",0,1,0.0
okt8+_suppressor/cytotoxic_t_cell,0,1,0.0
staurosporine_prevented_secretion,0,1,0.0
pou[h],0,1,0.0
monoblast_differentiation,0,1,0.0
extracellular_factor,0,1,0.0
ifn_synthesis,0,1,0.0
monoclonal_antibody_pmi-1,0,1,0.0
resting_jurkat_cell,0,1,0.0
megakaryopoiesis,0,1,0.0
alpha-globin_promoter,0,1,0.0
adherent_monocyte,0,1,0.0
proboscipedia,0,1,0.0
tpa-induced_mononuclear_cell_differentiation,0,1,0.0
baf3_cell,0,1,0.0
synthetic_glucocorticoid,0,1,0.0
interleukin-1_receptor,0,1,0.0
lef1,0,1,0.0
pkc-dependent_linkage,0,1,0.0
"3,4-dichloroisocoumarin",0,1,0.0
pi3-kinase_pathway,0,1,0.0
gm-kappa_b/gc-box_region,0,1,0.0
enhancerless_plasmid,0,1,0.0
nf-kappa_b_complex,0,1,0.0
p50b,0,1,0.0
vdre_binding_complex,0,1,0.0
tcr_cross-linking,0,1,0.0
human_ifna2_gene,0,1,0.0
il-2-mediated_proliferative_growth,0,1,0.0
various_gene,0,1,0.0
eosinophil_differentiation,0,1,0.0
neutrophil_granulocyte,0,1,0.0
lipopolysaccharide-induced_transcription_factor,0,1,0.0
bcr-cross-linking,0,1,0.0
ebv-induced_immortalization,0,1,0.0
tcl1_protein_expression,0,1,0.0
hiv_replication,0,1,0.0
parental_haplotype,0,1,0.0
chromosomal_16_abnormality,0,1,0.0
kinase,0,1,0.0
hiv-2_expression,0,1,0.0
calcium/calmodulin-dependent_protein_kinase_ii,0,1,0.0
blr2,0,1,0.0
activation_domain_present,0,1,0.0
grb2,0,1,0.0
il-1beta_expression,0,1,0.0
abnormal_renal_tubular_phosphate_transport,0,1,0.0
ha-1004,0,1,0.0
insulin-like_growth_factor_i,0,1,0.0
tnfalpha-mediated_nfkappab_activity,0,1,0.0
cd28_engagement,0,1,0.0
in_vitro_synthesized_human_glucocorticoid_receptor,0,1,0.0
nf-at_core_sequence,0,1,0.0
c-rel_complex,0,1,0.0
alpha_b2_protein,0,1,0.0
receptor_ebi1,0,1,0.0
c5a-induced_interleukin-8_gene,0,1,0.0
ras-transformed_lymphocyte,0,1,0.0
crh,0,1,0.0
serine_phosphorylation_site,0,1,0.0
hematopoietin_receptor_superfamil,0,1,0.0
ebv_lytic_antigen,0,1,0.0
ras/protein_kinase_c_pathway,0,1,0.0
excisional_biopsy,0,1,0.0
ebna_gene,0,1,0.0
constitutive_dna_binding_activity,0,1,0.0
e2f,0,1,0.0
-72,0,1,0.0
lymphoid-specific_protein,0,1,0.0
q23,0,1,0.0
mnp_site,0,1,0.0
nf-at-binding_site,0,1,0.0
mhc_class_ii_gene_silencing,0,1,0.0
t_leukemia_cell_line,0,1,0.0
leukotriene_b4,0,1,0.0
mammography,0,1,0.0
faster-migrating_complex,0,1,0.0
cofilin-homology_sequence,0,1,0.0
ul21,0,1,0.0
normal_t_cell_responsiveness,0,1,0.0
xist,0,1,0.0
clone_c3/5,0,1,0.0
leukemic_transformation,0,1,0.0
"46,x,-y,t(y;15)(q12;p13)",0,1,0.0
proinflammatory_growth_factor,0,1,0.0
human_pmn,0,1,0.0
c-rel,0,1,0.0
activating_transcription,0,1,0.0
erythroid-specific_dnase_1_hypersensitive_site-forming_element,0,1,0.0
redox_change,0,1,0.0
mutant_escherichia_coli_endotoxin,0,1,0.0
hiv_pathogenesis,0,1,0.0
cytochrome_p-4501a1_(cyp1a1)_activity,0,1,0.0
aml1-binding_site,0,1,0.0
liver_injury,0,1,0.0
human_ah_receptor,0,1,0.0
vaso-occlusion,0,1,0.0
mutant_cdna_clone,0,1,0.0
human_chromosomal_il-16_gene,0,1,0.0
hdac-containing_repressor_complex,0,1,0.0
pu-sf,0,1,0.0
complex_protein-dna_interaction,0,1,0.0
nf-kappab_binding_sequence,0,1,0.0
ge,0,1,0.0
oap/octamer_motif,0,1,0.0
retinoic_acid_(ra),0,1,0.0
fog,0,1,0.0
th1-type_response,0,1,0.0
sequence_iii,0,1,0.0
tnf-alpha_synthesis,0,1,0.0
p27(kip1)_expression,0,1,0.0
rapid_phosphorylation,0,1,0.0
tcr-stimulated_apoptosis,0,1,0.0
mbp_promoter_region,0,1,0.0
v_beta_11+/cd4+_t_lymphocyte,0,1,0.0
proteolytic_degradation,0,1,0.0
endogenous_shp1,0,1,0.0
in_vitro_immortalization,0,1,0.0
drug_therapy,0,1,0.0
cloned_oct2_cdna,0,1,0.0
primary_b-lymphocyte_growth_transformation,0,1,0.0
human_blood,0,1,0.0
thyroid_status,0,1,0.0
irf-1_promoter_region,0,1,0.0
ap-1/c-jun_expression_vector,0,1,0.0
enzyme_active_site,0,1,0.0
antibody,0,1,0.0
normal_human_b_lymphocyte,0,1,0.0
acinar_cell_damage,0,1,0.0
heavy-chain_promoter,0,1,0.0
b7-transfected_cho_cell,0,1,0.0
u1_promonocytic_cell,0,1,0.0
human_t-cell-leukemia_virus_type_1_(htlv-1)_provirus,0,1,0.0
glucocorticoid-induced_cell_lysis,0,1,0.0
see_motif,0,1,0.0
ccaat_motif,0,1,0.0
nf-il-6_binding_activity,0,1,0.0
novel_b-cell,0,1,0.0
tfiie_alpha,0,1,0.0
dra_expression,0,1,0.0
cellular_gene_expression,0,1,0.0
gc_insensitivity,0,1,0.0
c-fos/c-jun_gene,0,1,0.0
b_lymphocyte_immortalization,0,1,0.0
associated_protein,0,1,0.0
aav,0,1,0.0
mitogen-activated_protein_kinase_(mapk)_signaling_pathway,0,1,0.0
ciita_function,0,1,0.0
vitamin_d-dependent_rickets,0,1,0.0
thyroid_antigen,0,1,0.0
primary_tumor,0,1,0.0
aclacinomycin,0,1,0.0
tnf-mediated_induction,0,1,0.0
primary_murine_thymocyte,0,1,0.0
se,0,1,0.0
ifn-_gamma,0,1,0.0
i-kappa_b_mrna_expression,0,1,0.0
zap-70_kinase_activity,0,1,0.0
viral_protein_epitope,0,1,0.0
class_ii_restriction_element,0,1,0.0
arrested_development,0,1,0.0
clip,0,1,0.0
mitogen-activated_protein_kinase_signaling_cascade,0,1,0.0
regulating_protein,0,1,0.0
twin,0,1,0.0
infiltrating_cd4-bearing_t_cell,0,1,0.0
65-kd_subunit,0,1,0.0
lipophilic_ligand,0,1,0.0
low_bone_mineral_density,0,1,0.0
recombination-activating_gene_(rag)-1,0,1,0.0
cell-specific_translational_regulation,0,1,0.0
immunizing_cell,0,1,0.0
fc3_plasmid,0,1,0.0
granulocyte-_macrophage_colony-stimulating_factor,0,1,0.0
b_cell_neoplasm,0,1,0.0
type_ii_major_histocompatibility_complex,0,1,0.0
il-7_receptor_(il-7r)_alpha_subunit,0,1,0.0
l-selectin,0,1,0.0
intrahepatic_lymphoid_follicle_(ilf)_formation,0,1,0.0
t-cell_functional_region,0,1,0.0
bacterial_protein_icsa,0,1,0.0
human_th2_cell,0,1,0.0
modified_lac_operon,0,1,0.0
cd28_response_complex,0,1,0.0
immobilized_gas_element,0,1,0.0
tal1/scl_gene,0,1,0.0
key_signalling_intermediate,0,1,0.0
p300/cbp-type_transcriptional_coactivator,0,1,0.0
receptor-negative_erythroblast,0,1,0.0
intracellular_mechanism,0,1,0.0
hsv-specific_cd4_t_cell,0,1,0.0
natural_killer_(nk)_minus_t_cell_subtractive_library,0,1,0.0
s,0,1,12.666666666666666
normal_lymph_node,0,1,0.0
pou_family_primer,0,1,0.0
ngf-r,0,1,0.0
rat_macrophage_cell_line_r2,0,1,0.0
novel_nuclear_factor_of_activated_t_cells-binding_factor,0,1,0.0
human_cd44_promoter,0,1,0.0
ifn-stimulated_gene_factor_3,0,1,0.0
erythroid-specific_mrna,0,1,0.0
lck_promoter,0,1,0.0
human_tcf-1_gene,0,1,0.0
human_t_cell_receptor_c_alpha_enhancer,0,1,0.0
hb9_gene,0,1,0.0
cyclosporin_a-sensitive_induction,0,1,0.0
alpha-interferon_therapy,0,1,0.0
pyg_box,0,1,0.0
sequencing,0,1,0.0
nf-kb_factor,0,1,0.0
janus_kinase_3_(jak3),0,1,0.0
p300,0,1,0.0
simian_immunodeficiency_virus_(siv)_model,0,1,0.0
pax_protein,0,1,0.0
gdp/gtp_exchange,0,1,0.0
x-scid_patient,0,1,0.0
supernatant_fluid,0,1,0.0
hl-60/vinc_revertant,0,1,0.0
fc_gamma_ri_gas_dna-binding_protein,0,1,0.0
lps-induced_tf_gene_expression,0,1,0.0
cytokine-secreting_effector_th_cell,0,1,0.0
b-cell_specific_gene_expression,0,1,0.0
natural_killer_(nk)_activity_variance,0,1,0.0
atra-responsive_true_apl,0,1,0.0
cytokine-induced_reduction,0,1,0.0
cytoplasmic_domains,0,1,0.0
ectopic_endometrium,0,1,0.0
aml-1b,0,1,0.0
e1a_region,0,1,0.0
membrane_alteration,0,1,0.0
early_region_1a_reiteration_mutant,0,1,0.0
all-trans_ra-induced_differentiation,0,1,0.0
specific_transcription_factor,0,1,0.0
eukaryotic_origin,0,1,0.0
gata-1_motifs,0,1,0.0
kg1,0,1,0.0
mmp,0,1,0.0
cd34+thy-1+_subset,0,1,0.0
f_mutant,0,1,0.0
nf_of_activated_t_cell,0,1,0.0
colon_cancer_cell,0,1,0.0
antigen_receptor_costimulation,0,1,0.0
antisense_myb_rna,0,1,0.0
circadian_pacemaker,0,1,0.0
dominant_control_region,0,1,0.0
thymus_environment,0,1,0.0
tnfalpha_treatment,0,1,0.0
tr2re-sv40,0,1,0.0
protein_tyrosine_kinase_inhibitor,0,1,0.0
responder_patient,0,1,0.0
glomerulonephritis,0,1,0.0
squirrel_monkey,0,1,0.0
asa,0,1,0.0
perforin_gene_expression,0,1,0.0
nonphlogistic_phagocytosis,0,1,0.0
pkb/akt_activity,0,1,0.0
ccaat_box,0,1,0.0
factor_activity,0,1,0.0
dr_unit,0,1,0.0
human_cd4+_t_lymphocyte,0,1,0.0
c-erb_a,0,1,0.0
human_ccr-4,0,1,0.0
peri-kappa_b,0,1,0.0
jeg-3_human_choriocarcinoma-induced_immunosuppression,0,1,0.0
er-positive_mcf-7,0,1,0.0
tal1,0,1,0.0
susceptible_segment,0,1,0.0
astrocytoma,0,1,0.0
nfat-controlled_luciferase_gene_system,0,1,0.0
unfractionated_nuclear_extract,0,1,0.0
naive_(cd45ra+)_t_lymphocyte,0,1,0.0
tumor_ag,0,1,0.0
hiv_plasmid_construct,0,1,0.0
protein_tyrosine_kinase(s),0,1,0.0
yj_cell,0,1,0.0
human,0,1,0.0
-288ctttttgctt-tgc-300,0,1,0.0
protein_translation_start_atg,0,1,0.0
conalbumin_promoter,0,1,0.0
nuclear_nf-at_complex,0,1,0.0
erythroid-specific_hypersensitive_site_hs2_enhancer,0,1,0.0
b-lymphocyte_transformation,0,1,0.0
trans-factor,0,1,0.0
bcl-2-transduced_cell,0,1,0.0
platelet_glycoprotein,0,1,0.0
dense_body,0,1,0.0
exons_2_to_8,0,1,0.0
chimeric_egf-gp130_receptor,0,1,0.0
nuclear_extract,0,1,0.0
ets_gene_family,0,1,0.0
enhancer_positive_regulatory_element,0,1,0.0
human_t-cell_leukemia_virus_type_1_(htlv-1)_transcriptional_trans-activator,0,1,0.0
"adhesion-dependent,_ifn-gamma-independent_manner",0,1,0.0
cell_type-specificity_of_immunoglobulin_gene,0,1,0.0
nuclear_nf-kb_expression,0,1,0.0
solution_hybridization_assay,0,1,0.0
lcr,0,1,0.0
cd8+_cell,0,1,0.0
cooh-terminal_domain,0,1,0.0
mitogen_binding,0,1,0.0
il-2ralpha_gene_expression,1,1,0.0
healthy_male_volunteer,0,1,0.0
physiotherapy,0,1,0.0
epstein-barr_virus_oncogene_product,0,1,0.0
abnormal_expression,0,1,0.0
il-6_mrna,0,1,0.0
chimeric_promoter,0,1,0.0
cryptococcal_stimulation,0,1,0.0
reverse_transcriptase_(rt)_assays,0,1,0.0
premenopausal_patient,0,1,0.0
taxi_induction,0,1,0.0
post-pha_stimulation,0,1,0.0
ovulation_induced_women,0,1,0.0
cd30_coengagement,0,1,0.0
poor_prognosis,0,1,0.0
crossreactive_cytotoxicity_pattern,0,1,0.0
endotoxin-mediated_induction,0,1,0.0
cell_growth_transformation,0,1,0.0
elf-1_expression,0,1,0.0
antioxidant-based_therapy,0,1,0.0
ebv-positive_tumour_tissue,0,1,0.0
androgen_receptor_locus,0,1,0.0
downstream_target_gene,0,1,0.0
situ_hybridization,0,1,0.0
interleukin_2_receptor_alpha-chain,0,1,0.0
parasitemia,0,1,0.0
human_th2_line,0,1,0.0
flrgraygl,0,1,0.0
avidity_window,0,1,0.0
myeloid-committed_cd34+thy-l-cd45ra+_subset,0,1,0.0
hiv-1_gene_transcription,0,1,0.0
scl_protein_level,0,1,0.0
br,0,1,0.0
t-cell_antigen,0,1,0.0
consensus_octamer,0,1,0.0
normal_human_epidermal_keratinocyte,0,1,0.0
p70_i_kappa_b_protein,0,1,0.0
"pi-3,4,5-p3_production",0,1,0.0
t-cell_signaling,0,1,0.0
b_cell_tumor_line,0,1,0.0
pc12,0,1,0.0
saa_gene,0,1,0.0
th1/th2_differentiation,0,1,0.0
self-reactive_cell,0,1,0.0
dna_helix,0,1,0.0
x-linked_spinal_atrophy,0,1,0.0
growth-promoting_effect,0,1,0.0
g75:aes1/2,0,1,0.0
tandem_cysteine-rich_lim_domain,0,1,0.0
p65-mediated_activation,0,1,0.0
neuronal_cell,0,1,0.0
human_il-5_synthesis,0,1,0.0
hiv-1-infected_individual,0,1,0.0
human_immunodeficiency_virus_transcription,0,1,0.0
competitive_enzyme-linked_immunosorbent_assay,0,1,0.0
ig_gene_silencing,0,1,0.0
immunostained_tumor_cell,0,1,0.0
activation-induced_cell_death,0,1,0.0
il-4-driven_germline_cepsilon_transcription,0,1,0.0
sn50-induced_apoptosis,0,1,0.0
jak3-mediated_type_ii_signaling_pathway,0,1,0.0
peripheral_human_lymphocyte,0,1,0.0
germinal_center_maturation,0,1,0.0
pre-t_cell,0,1,0.0
oligopeptide,0,1,0.0
total_human_dna,0,1,0.0
b-cell_precursor,0,1,0.0
filopodia_formation,0,1,0.0
functional_t-cell_receptor_signaling_pathway,0,1,0.0
t_cell-dependent_b_cell_immunopoiesis,0,1,0.0
oct_coactivator,0,1,0.0
young_and_aged_human,0,1,0.0
interleukin_1_receptor_(il-1r)_superfamily,0,1,0.0
primary_murine_b_lymphocyte,0,1,0.0
degradative_loss,0,1,0.0
human_bactericidal/permeability-increasing_protein,0,1,0.0
bursal_b_cell,0,1,0.0
ifn-gamma-inducible_expression,0,1,0.0
enhancer_element,0,1,0.0
tcr_beta-chain,0,1,0.0
viral_peptide,0,1,0.0
fcgamma_receptor-mediated_mitogen-activated_protein_kinase_activation,0,1,0.0
membrane,0,1,0.0
human_interferon_beta_(ifn-beta)_regulatory_element,0,1,0.0
monocytic_hl60_cell,0,1,0.0
ebna2_specific_monoclonal_antibody,0,1,0.0
human_chronic_lymphocytic_leukemia,0,1,0.0
dpd,0,1,0.0
cref_cell_killing,0,1,0.0
tumor_necrosis,0,1,0.0
clinical_application,0,1,0.0
fli-1_transcription_factor,0,1,0.0
nuclear_factor_kappab_(nf-kappab)_p50/p65_heterodimer,0,1,0.0
lytic_viral_replication,0,1,0.0
dephosphorylation,0,1,0.0
141_bp_further_upstream,0,1,0.0
polyclonal_level,0,1,0.0
ht86,0,1,0.0
glucocorticoid_receptor_blocker,0,1,0.0
5'-pyctttg-3',0,1,0.0
2m-1_cell,0,1,0.0
t_lineage_differentiation,0,1,0.0
peripheral_leukocyte,0,1,0.0
activated_ln_cell,0,1,0.0
il-5-stimulated_cell,0,1,0.0
sh2_domain_activated_syk-family_kinase,0,1,0.0
tnf-treated_huvec,0,1,0.0
ebna-2_expression_vector,0,1,0.0
cultured_human_keratinocyte,0,1,0.0
gam,0,1,0.0
dr3-type_vitamin_d-responsive_element,0,1,0.0
leukocyte_accumulation,0,1,0.0
dna-binding_subunit,0,1,0.0
cyto-differentiating_effect,0,1,0.0
activated_nk_cell,0,1,0.0
anticancer_treatment,0,1,0.0
several_mechanism,0,1,0.0
propranolol,0,1,0.0
maeca,0,1,0.0
immune_senescence,0,1,0.0
specific_dna_binding,0,1,0.0
c5a_receptor,0,1,0.0
bcs,0,1,0.0
pancreatic_islet_expression,0,1,0.0
synergistic_promoter_activation,0,1,0.0
mature_b-cell_line,0,1,0.0
hsv_dna,0,1,0.0
fetal-calf_serum,0,1,0.0
retinoic_acid-induced_expression,0,1,0.0
nf-at3,0,1,0.0
interleukin-12_expression,0,1,0.0
progesterone-induced_lymphocyte_factor,0,1,0.0
poz_domain,0,1,0.0
vca,0,1,0.0
dra_octamer,0,1,0.0
nitroblue_tetrazolium_staining,0,1,0.0
t_lymphocyte_growth_factor,0,1,0.0
b7_stimulation,0,1,0.0
unphosphorylated_27-kda_protein,0,1,0.0
single_mp_dose,0,1,0.0
ifn_stimulus_response_element,0,1,0.0
biologic_function,0,1,0.0
flow_cytometric_analysis,0,1,0.0
nf-kappab_level,0,1,0.0
u2_snrna_transcription,0,1,0.0
sm_protein_sequence,0,1,0.0
mouse_mhc_class_i_gene,0,1,0.0
type_ii_interferon,0,1,0.0
repression_event,0,1,0.0
cess_cell,0,1,0.0
t(8;21)_acute_myelogenous_leukemia,0,1,0.0
impaired_ap-1_dna_binding_activity,0,1,0.0
ap-1_fos_and_jun_family_member,0,1,0.0
antigen-presenting_cell_function,0,1,0.0
their_inhibitor,0,1,0.0
developmental_event,0,1,0.0
gr_deficiency,0,1,0.0
promyelocytic_hl60_cells,0,1,0.0
octa_abolished_enhancer_activity,0,1,0.0
human_beta-globin_gene,0,1,0.0
gene-proximal_regulatory_element,0,1,0.0
normal_peripheral_blood_mononuclear_cell,0,1,0.0
human_beta-globin_promoter_chromatin_structure,0,1,0.0
lineage-restricted_transcription_factor,0,1,0.0
ad,0,1,0.0
transcription_factor_nf-e2,0,1,0.0
hiv1-infected_macrophage,0,1,0.0
unlabeled_ligand,0,1,0.0
cd62e,0,1,0.0
gh,0,1,0.0
gene,0,1,0.0
t(6;17)(q14;q24),0,1,0.0
janus_kinase/stat,0,1,0.0
human_b-cell-specific_ciita,0,1,0.0
late_phase_response,0,1,0.0
ebna_2-dependent_enhancer,0,1,0.0
tissue,0,1,0.0
kappa_b_sequence,0,1,0.0
ph',0,1,0.0
naive_mono_mac_6_cell,0,1,0.0
rodent_cell,0,1,0.0
x_box_dna-binding_protein,0,1,0.0
pharmacological_dose,0,1,0.0
bond_rearrangement,0,1,0.0
26s_proteasome_complex,0,1,0.0
l929_cell,0,1,0.0
22_kda_form,0,1,0.0
intracellular_camp,0,1,0.0
beta_1_triiodothyronine_receptor,0,1,0.0
corticosteroid_receptor,0,1,0.0
hl60_cell_binding,0,1,0.0
gel-shift_analys,0,1,0.0
rflp_pair,0,1,0.0
human_hl60_leukemia_cell,0,1,0.0
box_3_motif,0,1,0.0
stimulated_lymphocyte,0,1,0.0
endocrine_event,0,1,0.0
i-kappa_b,0,1,0.0
dexamethasone-crh_test,0,1,0.0
transcriptional_hierarchy,0,1,0.0
ras_signaling,0,1,0.0
tat-mediated_ltr_superactivation,0,1,0.0
latent_antigen-specific_memory,0,1,0.0
resting_memory_t_cell,0,1,0.0
spermatogenesis,0,1,0.0
germinal_center_cell_origin,0,1,0.0
inactive_shp1-d421a,0,1,0.0
elam,0,1,0.0
interleukin(il)-2_expression,0,1,0.0
45-nucleotide_sequence,0,1,0.0
long-term_in_vivo_study,0,1,0.0
bjab,0,1,0.0
nf-kappa_b1/p105,0,1,0.0
janus_kinase-1-deficient_cell_line_u4a,0,1,0.0
heat_shock_transcription_factor_(hsf)_gene,0,1,0.0
anemia,1,1,0.0
pharmacodynamic_response,0,1,0.0
ccr-4,0,1,0.0
central_tumor_suppressor_gene,0,1,0.0
opposing_signal,0,1,0.0
reporter_activity,0,1,0.0
myeloid-related_lineage,0,1,0.0
il-1ra_mrna_expression,0,1,0.0
diurnal_fluctuation,0,1,0.0
c-myb_oncogene_product,0,1,0.0
hsf2-alpha_isoform,0,1,0.0
creb_mutant,0,1,0.0
unstimulated_t_cell,0,1,0.0
fifth_position,0,1,0.0
c-terminal_two-thirds,0,1,0.0
tcr_alpha_enhancer_activity,0,1,0.0
heterodimeric_nf-kappa_b_complex,0,1,0.0
digoxigenin-labeled_complementary_dna_probe,0,1,0.0
hxbp-1_protein,0,1,0.0
chicken_il2_promoter,0,1,0.0
mutant_es_cell,0,1,0.0
il-4-inducible_gene,0,1,0.0
e2f-containing_dna-binding_complex,0,1,0.0
haploinsufficiency,0,1,0.0
lipopolysaccharide_effect,0,1,0.0
antiparallel_mode,0,1,0.0
human_genomic_dna,0,1,0.0
phosphorylation_event,0,1,0.0
ltr_reporter_construct,0,1,0.0
ba-induced_differentiation_process,0,1,0.0
electrolyte,0,1,0.0
il-2_gene_transcription,0,1,0.0
ad12_e1a-transfected_cell_line,0,1,0.0
resting_g0/g1_configuration,0,1,0.0
amenorrhoeic,0,1,0.0
nf-kappab/ikappabalpha,0,1,0.0
t-cell_receptor_(tcr)-zeta,0,1,0.0
tce,0,1,0.0
endothelial-leukocyte_adhesion_molecule-1,0,1,0.0
cis-acting_regulatory_motif,0,1,0.0
constitutive_dephosphorylation,0,1,0.0
phorbol_dibutyrate/calcium_ionophore_a23187,0,1,0.0
immunoradiometric_assay,0,1,0.0
rpmi_1640_medium,0,1,0.0
"ras-dependent,_ca2+-stimulated_activation",0,1,0.0
lipopolysaccharide_induction,0,1,0.0
absorptive_hypercalciuric_patient,0,1,0.0
monocyte_regulatory_cytokine,0,1,0.0
recombinant_vascular-cell_adhesion_molecule-1,0,1,0.0
skin_fibroblast,0,1,0.0
tpp47,0,1,0.0
specific_promoter_sequence,0,1,0.0
functional_activation,0,1,0.0
ad_2/5_e1a-specific_primer,0,1,0.0
d2,0,1,0.0
defective_transcription,0,1,0.0
nh2-,0,1,0.0
b_cell-specific_transcriptional_coactivator_protein,0,1,0.0
normally_menstruating_women,0,1,0.0
hungarian_male_breast_cancer_patient,0,1,0.0
hiv-2_infection,0,1,0.0
72-kda_isoform,0,1,0.0
orf-a,0,1,0.0
primary_binding_site,0,1,0.0
vitro-translated_pu.1,0,1,0.0
anthracycline-induced_differentiation,0,1,0.0
membrane_structural_order,0,1,0.0
i_kappa_b_alpha_complex,0,1,0.0
phospholipase_c_gamma_1,0,1,0.0
ca(2+)-independent_activity,0,1,0.0
octamer_binding_protein,0,1,0.0
"1,25-_(oh)2d3",0,1,0.0
cd23_gene_expression,0,1,0.0
glucocorticoid_response_element,0,1,0.0
human_granulocyte-macrophage_colony-stimulating_factor,0,1,0.0
t_cell_antigen_receptor-induced_activation,0,1,0.0
t_cell_subset,0,1,0.0
biological_significance,0,1,0.0
ro_25-6603,0,1,0.0
anti-viral_capsid_antigen,0,1,0.0
nf-kappa_b_p65-mediated_transcriptional_activation,0,1,0.0
4/12_t-cell,0,1,0.0
kcat,0,1,0.0
serum_amyloid_a_gene,0,1,0.0
dna-pk(cs),0,1,0.0
calcium-dependent_immediate-early_gene_induction,0,1,0.0
pou_domain_transcription_factor,0,1,0.0
pml_protein,0,1,0.0
ficoll_density_gradient,0,1,0.0
monocyte-to-macrophage_differentiation,0,1,0.0
nf-kappab_inhibitory_subunit,0,1,0.0
ap-1/oap-binding_site,0,1,0.0
pkc-induced_nuclear_nf-kb_activity,0,1,0.0
pancreatic_endocrine_beta-cell,0,1,0.0
immunosuppressant_binding_protein,0,1,0.0
dexamethasone-treated_rat_thymocyte,0,1,0.0
stat3-like_protein,0,1,0.0
chemical_agent,0,1,0.0
cd40l_expression_vector,0,1,0.0
cocl2,0,1,0.0
mouse_thioglycollate-activated_and_resident_peritoneal_macrophage,0,1,0.0
mature_human_b_lymphocyte,0,1,0.0
hla-dqb,0,1,0.0
il-2-induced_il-2r_alpha_promoter_activity,0,1,0.0
cytopathic_virus,0,1,0.0
stat3alpha_protein,0,1,0.0
aes1/2_(128-135),0,1,0.0
human_cd34+_erythroid_progenitor_cell,0,1,0.0
activated_rac-1,0,1,0.0
tcf_reporter_gene,0,1,0.0
mhc_class_ii,0,1,0.0
cell-specific_gene_transcription,0,1,0.0
molecular_marker,0,1,0.0
neural_cell,0,1,0.0
hla-dr3_positive,0,1,0.0
quiescent_haemopoietic_cell,0,1,0.0
pibf,0,1,0.0
human_granulocyte_macrophage-colony_stimulating_factor_promoter,0,1,0.0
long_terminal_repeat-directed_transcription,0,1,0.0
tnf-alpha-mediated_nf-kappab_activation,0,1,0.0
constitutive_binding_protein,0,1,0.0
g-csf_receptor-/-_mouse,0,1,0.0
tissue-specific_promoter,0,1,0.0
bronchial_epithelial_cell,0,1,0.0
nuclear_t3r_alteration,0,1,0.0
hematopoietically_expressed_adaptor_protein,0,1,0.0
central_nervous_system-enriched_kappa_b,0,1,0.0
slp-76-dependent_interleukin_(il)-2_promoter,0,1,0.0
redox-regulatory_mechanism,0,1,0.0
activation-dependent_transcriptional_regulation,0,1,0.0
unresponsive_cell,0,1,0.0
th1/th2,0,1,0.0
alu_consensus_sequence,0,1,0.0
nf-kappa_b_regulated_chemokine,0,1,0.0
glucocorticoid_action,0,1,0.0
human_erythroleukemia_cell_line_k562,0,1,0.0
b-cell_commitment,0,1,0.0
mutational_study,0,1,0.0
co-cultured_bm,0,1,0.0
plasma_sample,0,1,0.0
scant_cytoplasm,0,1,0.0
human_t-lymphotropic_virus_type_i,0,1,0.0
arterial_(huaecs)_endothelial_cell,0,1,0.0
peritoneum,0,1,0.0
tax_gene,0,1,0.0
phosphate,0,1,0.0
translation_initiation_codon,0,1,0.0
enhancer_property,0,1,0.0
cd40-positive_immunogenic_human_mm,0,1,0.0
elongation,0,1,0.0
c-erb_b-2,0,1,0.0
tcr-induced_activation,0,1,0.0
bh1,0,1,0.0
immune_disorder,0,1,0.0
freshly_isolated_human_monocyte,0,1,0.0
5-fluorouracil,0,1,0.0
pre-b_acute_lymphoblastic_leukemia,0,1,0.0
p45_subunit,0,1,0.0
human_adult_globin_(hbb)_promoter,0,1,0.0
transcription_initiation_sites,0,1,0.0
i-kappabalpha,0,1,0.0
band_3,0,1,0.0
ifn-inducible_gene_promoter,0,1,0.0
il-2_promoter,0,1,0.0
normal_adult_erythroid_differentiation,0,1,0.0
phytohemagglutinin-activated_peripheral_blood_mononuclear_cell,0,1,0.0
tre-dna_affinity_chromatography,0,1,0.0
cytoplasmic_nucleoporin,0,1,0.0
hiv-infected_cell,0,1,0.0
'converted'_tced_motif,0,1,0.0
murine_leukemia_virus_family,0,1,0.0
octamer-dna_binding_protein,0,1,0.0
immunophilin,0,1,0.0
0.82_to_1.0_units,0,1,0.0
human_hematopoietic_progenitor_cell,0,1,0.0
h5,0,1,0.0
clonogenesis,0,1,0.0
nonhematopoietic_cell_line,0,1,0.0
th2-type_cytokine,0,1,0.0
ectopic_expression,0,1,0.0
monocytic_cell_lineage,0,1,0.0
b7.1,0,1,0.0
cytokine_repertoire,0,1,0.0
pml/rar_alpha_mrna-containing_cell,0,1,0.0
anx5,0,1,0.0
c/ebp_alpha,0,1,0.0
ut-7/epo,0,1,0.0
lipopolysaccharide_(lps)-stimulated_production,0,1,0.0
different_pathway,0,1,0.0
primary_human_leukocyte,0,1,0.0
pma)/a23187,0,1,0.0
inflammatory_condition,0,1,0.0
phorbol_ester_pkc_agonist,0,1,0.0
il-2_receptor_alpha_chain_gene,0,1,0.0
il-2rbeta_promoter_activity,0,1,0.0
promoter_sites,0,1,0.0
38_consecutive_glutamine_residue,0,1,0.0
t-cell_gene_activation,0,1,0.0
shock,0,1,0.0
heat-inactivated_hiv-1,0,1,0.0
retinoic_acid-synthesizing_enzyme,0,1,0.0
ebv-negative_burkitt's_lymphoma_cell,0,1,0.0
residue_c-235,0,1,0.0
unoccupied_receptor_site,0,1,0.0
k44m,0,1,0.0
cem_subclone,0,1,0.0
virus_gene_expression,0,1,0.0
cyclin_d3,0,1,0.0
proinflammatory_stimuli,0,1,0.0
distal_nuclear_matrix_associated_promoter_element,0,1,0.0
endogenous_b29_gene,0,1,0.0
epstein-barr_virus_latent_membrane_protein_1_activation,0,1,0.0
apl_patient,0,1,0.0
neutrophilic_lineage,0,1,0.0
myc-associated_zinc_finger_protein_binding_site,0,1,0.0
cbl_mutant,0,1,0.0
th2-specific_cytokine,0,1,0.0
nonleukemogenic_virus,0,1,0.0
hiv_adenopathy,0,1,0.0
endocrine_change,0,1,0.0
glutathione_disulfide_level,0,1,0.0
e1b_mutant,0,1,0.0
bcl-2-deficient_t_cell,0,1,0.0
rev_activity,0,1,0.0
pkc_activation,0,1,0.0
fusion_point,0,1,0.0
antioxidative_capacity,0,1,0.0
proteolytic_reaction,0,1,0.0
regulate_b_lymphocyte_function,0,1,0.0
human_t-cell_leukemia_virus_type_i_tax_gene,0,1,0.0
tnf-alpha_promoter,0,1,0.0
lipid_anabolism,0,1,0.0
mgus,0,1,0.0
-73_to_-16,0,1,0.0
y731eac,0,1,0.0
ms2-hbx_fusion_protein,0,1,0.0
corticotropin,0,1,0.0
ebv_mrna_transcript,0,1,0.0
fas/apo-1,0,1,0.0
btk_expression,0,1,0.0
rectal_minus_oral_values,0,1,0.0
negative_activity,0,1,0.0
t_cell-independent_culture_system,0,1,0.0
postinduction_repression,0,1,0.0
lymphoid-specific_ets_transcription_factor,0,1,0.0
human_myeloid_cell_nuclear_differentiation_antigen_gene_promoter,0,1,0.0
integral_protein,0,1,0.0
b_lymphocyte_ig_secretion,0,1,0.0
sp1_virus,0,1,0.0
pan_molecule,0,1,0.0
surface_ig_(sig)_receptor,0,1,0.0
tcr-derived_signals,0,1,0.0
nsaid_family_member,0,1,0.0
sv40_gene_expression,0,1,0.0
cellular_lysate,0,1,0.0
pkc-independent_pathway,0,1,0.0
bcl-x(l),0,1,0.0
positive_hybridization,0,1,0.0
nk_cell_line,0,1,0.0
neonatal_respiratory_distress_syndrome,0,1,0.0
cd56+_cd16-_egl,0,1,0.0
triiodothyronine_receptor,0,1,0.0
long-term_virus_exposure,0,1,0.0
epstein-barr_virus_transactivator,0,1,0.0
second-site_ltr,0,1,0.0
hiv-1-replicative_cycle,0,1,0.0
alpha_b,0,1,0.0
phenol_layer,0,1,0.0
intron_g,0,1,0.0
human_il-2r_alpha_promoter,0,1,0.0
primary_human_adult_erythroid_cell,0,1,0.0
cd3/tcr_complex,0,1,0.0
hpv-16,0,1,0.0
cd69_expression,0,1,0.0
pub2,0,1,0.0
mouse_peritoneal_macrophage,0,1,0.0
dominant-negative_cdk2_construct,0,1,0.0
rar_gamma,0,1,0.0
rap1_protein_phosphorylation,0,1,0.0
cck-8,0,1,0.0
ccr-1,0,1,0.0
preferential_transcriptional_activity,0,1,0.0
cellular_electrolyte_transport,0,1,0.0
cd4_silencer,0,1,0.0
nuclear_factor_of_activated_t_cells_(nf-at)_activation,0,1,0.0
e2f-4_profile,0,1,0.0
chronic_hepatitis_b_virus_infection,0,1,0.0
interleukin_3-mediated_survival,0,1,0.0
glucocorticoid_receptor_(gr)_number,0,1,0.0
promoter_and_enhancer_region,0,1,0.0
estrogen_response_element,0,1,0.0
gig18_induction,0,1,0.0
basophil_cell,0,1,0.0
htlv-1-infected_human_t_lymphocyte,0,1,0.0
e._histolytica,0,1,0.0
t(10;11)(p12-14;q13-21),0,1,0.0
iarc_301_cell,0,1,0.0
dominant_negative_mutant_form,0,1,0.0
erythroid-specific_repression,0,1,0.0
human_b_cell_line_b104,0,1,0.0
hbxag,0,1,0.0
binding_media,0,1,0.0
translocations,0,1,0.0
human_fetal_(gamma)-to_adult_(beta)-globin_expression,0,1,0.0
hiv_infected_individual,0,1,0.0
fk506-mediated_inhibition,0,1,0.0
i_kappa_b_gamma-2,0,1,0.0
computer_enhancement,0,1,0.0
cytokine_secretion_profile,0,1,0.0
tcr_signaling_pathway,0,1,0.0
thymidine_kinase_promoter,0,1,0.0
murine_igh_enhancer,0,1,0.0
normal_immune_system,0,1,0.0
ribosome_salt_wash_fraction,0,1,0.0
abrogated_signalling,0,1,0.0
finapres,0,1,0.0
anti-early_antigen,0,1,0.0
tcf1,0,1,0.0
preeminent_antiinflammatory_agent,0,1,0.0
il-2-induced_t_cell_growth,0,1,0.0
cd4+_antigen,0,1,0.0
nf-kappab-dependent_activation,0,1,0.0
mip-1_alpha_promoter,0,1,0.0
gene_targeting,0,1,0.0
"hla_dq2-restricted,_hsv-2_type-specific_t-cell_clone",0,1,0.0
t1,0,1,0.0
tamoxifen,0,1,0.0
430-444,0,1,0.0
human_t-cell_fk506-binding_protein,0,1,0.0
monocyte_binding,0,1,0.0
transcriptional_defect,0,1,0.0
hmg_box_containing_protein,0,1,0.0
immunoglobulin_heavy-chain_mu_e1_site,0,1,0.0
glucocorticoid_responsiveness,0,1,0.0
growth_factor_receptor,0,1,0.0
amino_acid,0,1,0.0
tyk2,0,1,0.0
p50/p65/c-rel,0,1,0.0
epstein-barr_virus_oncoprotein,0,1,0.0
zap-70_autophosphorylation,0,1,0.0
kruppel-related_zinc_finger_protein,0,1,0.0
icam-1_gene_expression,0,1,0.0
vivo_footprinting_experiment,0,1,0.0
immunoprecipitation_assay,0,1,0.0
variable_region_beta_chain,0,1,0.0
uncharted_dna_sequence,0,1,0.0
heterozygous_status,0,1,0.0
icam-1_kappa_b-reporter_construct,0,1,0.0
dorsal,0,1,0.0
arnica_montana,0,1,0.0
complementary_dna_encoding,0,1,0.0
ifn-stimulated_gene_expression,0,1,0.0
hla_class_i_molecule,0,1,0.0
i_kappa_b_alpha_gene_expression,0,1,0.0
glucocorticoid-mediated_apoptosis,0,1,0.0
receptor_protein,0,1,0.0
mitogenic_coactivator,0,1,0.0
hpa_axis_regulation,0,1,0.0
synovial_lymphocyte_reactivity,0,1,0.0
normal_thyroid_tissue,0,1,0.0
ser-727,0,1,0.0
tal-1_protein,0,1,0.0
antiapoptotic_factor,0,1,0.0
th1-dominated_chronic_(auto)immune_inflammation,0,1,0.0
chicken_cytokine,0,1,0.0
pkc_responsiveness,0,1,0.0
anti-cd3/cd28,0,1,0.0
cd3_epsilon_enhancer,0,1,0.0
nuclear_nf-kappab_level,0,1,0.0
janus_kinase_3_tyrosine_kinase,0,1,0.0
hiv_proviral_dna,0,1,0.0
il-2-induced_beta-casein_expression,0,1,0.0
hormone_effect,0,1,0.0
il-2r_regulation_gene,0,1,0.0
persisting_genome,0,1,0.0
mitogen-activated_protein_kinase_kinase,0,1,0.0
x-chromosome_inactivation,0,1,0.0
clonal_line,0,1,0.0
intracellular_signalling_event,0,1,0.0
bare_lymphocyte_syndrome,0,1,0.0
enhanced_activity,0,1,0.0
epstein-barr_virus_(ebv)-infected_cell,0,1,0.0
sre,0,1,0.0
cni-1493,0,1,0.0
vitro_translated_polypeptide,0,1,0.0
ivs1-10t-->c,0,1,0.0
cd8+,0,1,0.0
500-bp_fragment,0,1,0.0
patient/histopathology_data,0,1,0.0
peripheral_lung_inflammation,0,1,0.0
cmv_transactivation,0,1,0.0
parasite-induced_nf-kappab_activation,0,1,0.0
human_b7.1_gene,0,1,0.0
thy-1_gene_promoter,0,1,0.0
aids-related_neoplasm,0,1,0.0
isgf3,0,1,0.0
progressively_truncated_cytoplasmic_domain,0,1,0.0
(3h)_dexamethasone,0,1,0.0
(nf-kappa_b)/rel,0,1,0.0
normal_comparison_subject,0,1,0.0
chloramphenicol_acetyltransferase_(cat)_assay,0,1,0.0
nf-kappa_bp65,0,1,0.0
ctcf_protein,0,1,0.0
cd95,0,1,0.0
transglutaminase_type_ii,0,1,0.0
antisense_rxr-alpha_sequence,0,1,0.0
mhc_class_ii_antigen_induction,0,1,0.0
human_t-cell_lymphotropic_virus_type_1_tax,0,1,0.0
cvz,0,1,0.0
deficiency-cold_vs_deficiency-heat_syndrome,0,1,0.0
monocyte_apoptosis,0,1,0.0
gas_element,0,1,0.0
l-cystine,0,1,0.0
viral_capsid_antigen,0,1,0.0
erythrocyte_nucleus,0,1,0.0
cd5_structural_gene,0,1,0.0
colony-forming_unit-granulocyte-macrophage_progenitor_cell,0,1,0.0
promoter/enhancer_region,0,1,0.0
t-cell-specific_membrane_protein,0,1,0.0
murine_myeloid_precursor_cell_line,0,1,0.0
hcs,0,1,0.0
full_cell_cycle,0,1,0.0
jun_kinase,0,1,0.0
exon_23,0,1,0.0
amino-terminal_rel-related_domain,0,1,0.0
cd28-mediated_induction,0,1,0.0
etiology,0,1,0.0
mip-1_alpha_expression,0,1,0.0
interleukin_(il)_4,0,1,0.0
cytokine-inducible_neutrophil_chemoattractant,0,1,0.0
"(icam-1,_cd54)/mac-1",0,1,0.0
estrogen_binding_assay,0,1,0.0
antigen_presentation,0,1,0.0
activated_nras,0,1,0.0
burst-forming_units-erythroid,0,1,0.0
nuclear_run-on_analysis,0,1,0.0
cysteine-rich_secreted_protein_3,0,1,0.0
mononuclear_phagocyte_activation,0,1,0.0
deoxycholate_treatment,0,1,0.0
cytoplasmic/nuclear_signaling,0,1,0.0
hemoglobin-positive_cell,0,1,0.0
wild-type_promoter_construct,0,1,0.0
nf-at_(nuclear_factor_of_activated_t_cells)_binding_site,0,1,0.0
oct-2-harboring_tester_strain,0,1,0.0
ea-d_(bmrf1)_promoter,0,1,0.0
constitutive_stat5_activity,0,1,0.0
cytoplasmic_domain,0,1,0.0
human_glomerular_mesangial_cell,0,1,0.0
5637_non-lymphoid_cell_line,0,1,0.0
gm-csf_locus,0,1,0.0
conventional_responsivenessp,0,1,0.0
mechanical_ventilation,0,1,0.0
granulocyte,0,1,0.0
peripheral_blood_lymphocyte,0,1,0.0
venous_blood_lactate,0,1,0.0
egr-1_antisense_oligomer,0,1,0.0
cell_wall_derivative,0,1,0.0
fetal_bovine_serum-containing_medium,0,1,0.0
detergent,0,1,0.0
cytokine_pleiotropy,0,1,0.0
heterologous_enhancer_element,0,1,0.0
region_ii,0,1,0.0
free-radical_scavenging_property,0,1,0.0
hyon_cell,0,1,0.0
post-transcriptional_level,0,1,0.0
keratinocyte,0,1,0.0
mouse_t-lymphoma_cell_line,0,1,0.0
transactivation_ability,0,1,0.0
c/ebp,0,1,0.0
pancreas,0,1,0.0
hl-60_differentiation,0,1,0.0
cytokine_differential_induction,0,1,0.0
immunoglobulin_heavy_chain_(igh)_promoter,0,1,0.0
anchored_tf_molecule,0,1,0.0
benign_uterus_tumour,0,1,0.0
il-beta,0,1,0.0
htlv-1,0,1,0.0
prostatic_spermine_binding_protein,0,1,0.0
lmp1(1-231)_core_traf_binding_motif,0,1,0.0
minimal_b_cell-specific_enhancer,0,1,0.0
pdbu_+_iono_stimulation,0,1,0.0
uncultured_cell,0,1,0.0
pp90rsk,0,1,0.0
c-fos/c-jun_family,0,1,0.0
vsmc-myc,0,1,0.0
lfa-i_alpha_chain,0,1,0.0
janus_kinase_3-stat5a_pathway,0,1,0.0
murine_nf-at_complex,0,1,0.0
gamma_delta_t_cell_receptor-bearing_lymphocyte,0,1,0.0
th1_cell-mediated_immune_response,0,1,0.0
bcl2+,0,1,0.0
e2f-4/p130_complex,0,1,0.0
sheep_mammary_gland_tissue,0,1,0.0
thrombogenesis,0,1,0.0
rela.p50_nf-kappa_b_heterodimer,0,1,0.0
pou_transcription_factor,0,1,0.0
nf-kappa_b_p50_subunit,0,1,0.0
intact_promoter,0,1,0.0
cytokine_expression_pattern,0,1,0.0
interferon-alpha_(ifn_alpha)_production,0,1,0.0
ca2+_signal-dependent_regulatory_element,0,1,0.0
5-azacytidine,0,1,0.0
bl,0,1,0.0
hla-dm-do_complex,0,1,0.0
anti-igm,0,1,0.0
scm-1alpha,0,1,0.0
c-myc_oncoprotein,0,1,0.0
transfected_reporter_gene_construct,0,1,0.0
transcriptional_targeting,0,1,0.0
pro-inflammatory_function,0,1,0.0
v-atpase_b_subunit,0,1,0.0
cns_disease_state,0,1,0.0
overnight_1-mg_dexamethasone_test,0,1,0.0
glucocorticoid,0,1,0.0
nuclear_factor_(nf)-kappa_b_dna_binding_activity,0,1,0.0
erythropoietic_differentiation,0,1,0.0
sites_of_wound_healing,0,1,0.0
cd40-mediated_nf-kappab-dependent_transcriptional_activation,0,1,0.0
anti-hla-dr_abrogated_proliferation,0,1,0.0
phosphatidic_acid_dependent_signalling,0,1,0.0
pax1,0,1,0.0
human_androgen_receptor,0,1,0.0
cd4+_memory_t_cell,0,1,0.0
histone_deacetylase_complex,0,1,0.0
lymphoid-specific_transcription_complex,0,1,0.0
in_vivo_transient_transfection_study,0,1,0.0
cd3_complex,0,1,0.0
positive_lymph_node,0,1,0.0
malignant_tumor_material,0,1,0.0
kox_25,0,1,0.0
human_immunodeficiency_virus_entry,0,1,0.0
ru486,0,1,0.0
80_kda_stat5_isoform,0,1,0.0
ifn-induced_tyrosine_phosphorylation,0,1,0.0
normal_lymph_node_cell,0,1,0.0
cytotoxic_t_lymphocyte_(ctl)_response,0,1,0.0
ngfi-a,0,1,0.0
early_gene_product,0,1,0.0
pocket_protein-e2f_complexe,0,1,0.0
lef-1_hmg_protein,0,1,0.0
critical_signaling_pathway,0,1,0.0
cd3-t-cell_receptor_complex,0,1,0.0
pkc_down-regulation,0,1,0.0
tre-like_camp-responsive_dse_sites,0,1,0.0
uv_light,0,1,0.0
embryonic_skeletal_muscle_lineage,0,1,0.0
glucocorticoid_receptor_(gr)-mediated_signaling,0,1,0.0
plasminogen_activator_inhibitor_type_1,0,1,0.0
glucocorticoid-mediated_potentiation,0,1,0.0
0.67_to_0.73_map_unit,0,1,0.0
tata-less_promoter,0,1,0.0
1-beta-d-arabino-furanosylcytosine,0,1,0.0
stress_fiber,0,1,0.0
-75_and_-58,0,1,0.0
btk_promoter,0,1,0.0
vdr_polymorphism,0,1,0.0
male_sibling,0,1,0.0
soluble_preparation,0,1,0.0
433-442_peptide,0,1,0.0
staphylococci,0,1,0.0
ebv-encoded_small_non-polyadenylated_rna,0,1,0.0
ca(2+)-dependent_pathway,0,1,0.0
context-dependent_apoptosis_regulator,0,1,0.0
chronic_kidney_failure,0,1,0.0
pbmc,0,1,0.0
human_activation_antigen,0,1,0.0
bcr-abl_chimera,0,1,0.0
isotype-specific_activator,0,1,0.0
fibrinous_provisional_matrix,0,1,0.0
urinary_steroidogram,0,1,0.0
itk,0,1,0.0
acyclovir-treated_cell,0,1,0.0
liposarcoma,0,1,0.0
icam-1_expression,0,1,0.0
human_peripheral_leukocyte,0,1,0.0
duffy-negative_individual,0,1,0.0
class_ii-peptide_complex,0,1,0.0
stimulated_t_cell,0,1,0.0
cd8-positive_lymphocyte,0,1,0.0
wilms'_tumor_gene,0,1,0.0
n_alpha-tosyl-l-lysine_chloromethyl_ketone,0,1,0.0
p-creb_level,0,1,0.0
small_gtp-binding_protein_rho,0,1,0.0
pleiotropic_transcription_factor,0,1,0.0
underlying_mechanism,0,1,0.0
leucocytic_er_level,0,1,0.0
wound_healing,0,1,0.0
x_linked_disorder,0,1,0.0
i_kappa_b_phosphorylation,0,1,0.0
hh514-16_cell,0,1,0.0
jurkat_hb24_transfectant,0,1,0.0
duffy-negative_black,0,1,0.0
gad,0,1,0.0
neonatal_t_lymphocyte,0,1,0.0
pcd,0,1,0.0
il-2-independent_growth,0,1,0.0
human_cd34+,0,1,0.0
lipid-laden_foam_cell,0,1,0.0
tcr-beta/tcr-delta_double_knockout_mouse,0,1,0.0
antiandrogen_drug,0,1,0.0
rapid_expression,0,1,0.0
cd11/cd18,0,1,0.0
distal_promoter_element,0,1,0.0
dna-dependent_atpase_activity,0,1,0.0
il-2r_beta,0,1,0.0
hiv-1_mutant_virus,0,1,0.0
cemxl74_cell,0,1,0.0
il-12r_complex,0,1,0.0
human_plasma_cell,0,1,0.0
inducible_transcriptional_activity,0,1,0.0
chromosomal_localization,0,1,0.0
mixed_leucocyte,0,1,0.0
guanine_nucleotide,0,1,0.0
streptoavidin,0,1,0.0
cyclooxygenase_activity,0,1,0.0
human_chromosome_11,0,1,0.0
rpon_sigma_factor,0,1,0.0
human_rhabdomyosarcoma_cell,0,1,0.0
alphoid_array,0,1,0.0
lim-only_protein,0,1,0.0
normal_polyclonal_granulocyte,0,1,0.0
transfected_cell,0,1,0.0
atra-induced_growth_inhibition,0,1,0.0
human_udg_promoter_sequence,0,1,0.0
cytosolic_level,0,1,0.0
human_progenitor,0,1,0.0
interferon_alpha_regulated_nuclear_protein,0,1,0.0
normal_platelet,0,1,0.0
oral_hairy_leukoplakia,0,1,0.0
xenopus_embryo,0,1,0.0
in_vivo_dna_footprinting,0,1,0.0
stress-activated_protein_(sap)_kinase,0,1,0.0
cdna_library,0,1,0.0
interleukin_(il)-1_alpha-stimulated_vcam-1_expression,0,1,0.0
sertraline_response,0,1,0.0
transcriptional_up-regulation,0,1,0.0
amino-terminal_acidic_region,0,1,0.0
dose-response_manner,0,1,0.0
etiologic_agent,0,1,0.0
herpes_simplex_virus_type_1_gene_product,0,1,0.0
hot_acetic_+_p-toluenesulfonic_acid,0,1,0.0
monocyte/macrophage-specific_stimulator,0,1,0.0
pma-mediated_induction,0,1,0.0
granulocyte-macrophage_colony-stimulating_factor-pretreated_chronically_infected_human_monocytic_cell_line_u1,0,1,0.0
-102_to_-105,0,1,0.0
b-lymphoid_cell,0,1,0.0
jak3_protein,0,1,0.0
alpha_granule,0,1,0.0
rheumatoid_arthritis_synovium,0,1,0.0
ifn-gammaralpha_chain,0,1,0.0
p37tax,0,1,0.0
hemin-mediated_erythroid_differentiation,0,1,0.0
lewis_x_antigen,0,1,0.0
human_t-cell_lymphotropic_virus_type_i_basal_gene_expression,0,1,0.0
eosinophil_apoptosis,0,1,0.0
radioactive_iodine_therapy,0,1,0.0
haematopoietic_cell,0,1,0.0
human_stomach_cancer_cell_line,0,1,0.0
regulatory_cytokine,0,1,0.0
anti-e-selectin_monoclonal_antibody,0,1,0.0
15-base_oligonucleotide,0,1,0.0
i_kappa_b_alpha/mad-3_gene_transcriptio,0,1,0.0
nuclear_matrix_preparation,0,1,0.0
hs-72_cell,0,1,0.0
fmlp,0,1,0.0
rodent,0,1,0.0
major_groove,0,1,0.0
pancreas_organogenesis,0,1,0.0
human_reticulocyte-type_15-lipoxygenase,0,1,0.0
nonradioactive_quantification,0,1,0.0
differential_activation,0,1,0.0
intracellular_granule,0,1,0.0
cd40-induced_b_cell_activation,0,1,0.0
type_i_and_type_ii_ifn_receptor,0,1,0.0
cd3epsilon,0,1,0.0
ghf-1,0,1,0.0
pax5,0,1,0.0
nitroblue_tetrazolium_(nbt)-reducing_activity,0,1,0.0
433-442a,0,1,0.0
homing_receptor_blr1,0,1,0.0
nonspecific_serine/threonine_protein_kinase_inhibitor,0,1,0.0
bhlh-hsp90_interaction,0,1,0.0
il-10r,0,1,0.0
beta_gene,0,1,0.0
uv_irradiation,0,1,0.0
peptide_158-176,0,1,0.0
human_allergen-specific_th2_cell,0,1,0.0
periodontitis,0,1,0.0
gst-tax_m32_activation_mutant,0,1,0.0
nf-kappa_b_regulatory_element,0,1,0.0
c-jun_n-terminal_kinase,0,1,0.0
bik,0,1,0.0
ifn-gamma-induced_icam-1_expression,0,1,0.0
preeclamptic_women,0,1,0.0
ltr_transactivation,0,1,0.0
molecular-biologic_aspect,0,1,0.0
human_cytomegalovirus_immediate-early_enhancer,0,1,0.0
plasma_membrane_cd14,0,1,0.0
meta(d+),0,1,0.0
laz3/bcl6,0,1,0.0
human_prointerleukin_1_beta_gene,0,1,0.0
consensus_sites,0,1,0.0
tandem_zinc-finger_sequence,0,1,0.0
erythroid-lineage_cell,0,1,0.0
dra_promoter_construct,0,1,0.0
sex-matched_healthy_control,0,1,0.0
c-jun_mrna_inducibility,0,1,0.0
emsa,0,1,0.0
c-11,0,1,0.0
hypopigmented_skin,0,1,0.0
cepsilon_gene,0,1,0.0
tre-dna_binding_protein,0,1,0.0
chemically_prepared_monochloramine,0,1,0.0
icn,0,1,0.0
ml-1a,0,1,0.0
anti-nf-atc,0,1,0.0
mkk_activity,0,1,0.0
bash,0,1,0.0
charybdotoxin-resistant_component,0,1,0.0
translated_protein,0,1,0.0
ap-1_reporter_plasmid,0,1,0.0
newborn_hemolytic_disease,0,1,0.0
roi,0,1,0.0
lps-induced_proinflammatory_function,0,1,0.0
granulocyte-colony-stimulating_factor,0,1,0.0
nf-kappa_b/rel_subunit,0,1,0.0
lmp1_ct,0,1,0.0
modified_vector,0,1,0.0
nfatd_element,0,1,0.0
trans-activation_domain,0,1,0.0
e2-stimulated_er+_cell,0,1,0.0
cd4-igg,0,1,0.0
murine_fra-1,0,1,0.0
tcr_delta_enhancer,0,1,0.0
zebra_staining,0,1,0.0
antiinflammatory_therapy,0,1,0.0
constitutively_active_form,0,1,0.0
immunogenotypic_study,0,1,0.0
t-lymphocyte,0,1,0.0
nf-kappa_b/c-rel_protein,0,1,0.0
deletion_mutant,0,1,0.0
type_i_ifns,0,1,0.0
region_between_-85_and_-200,0,1,0.0
e(gre),0,1,0.0
anti-kappa,0,1,0.0
erythroid_colony_formation,0,1,0.0
anti-cd2-activated_purified_t_cell,0,1,0.0
ap1-dependent_reporter_construct,0,1,0.0
zre-b,0,1,0.0
helix-loop-helix_(hlh)_protein,0,1,0.0
asp5,0,1,0.0
activation-dependent_fas_promoter_induction,0,1,0.0
influenza_infection,0,1,0.0
jn,0,1,0.0
3'-most_site,0,1,0.0
lbp-1_sequence,0,1,0.0
oncogene_expressing_fibroblast,0,1,0.0
low_density_lipoprotein-induced_inflammatory_response,0,1,0.0
asthmatic_subject,0,1,0.0
lymphoblastoid_cell,0,1,0.0
minimal_promoter,0,1,0.0
protein_kinase_c_(pkc)_activation,0,1,0.0
antigenic_peptide,0,1,0.0
a._chamissonis,0,1,0.0
macrophage_cell_lineage,0,1,0.0
basal_expression,0,1,0.0
posttranscriptional_mechanism,0,1,0.0
anti-proliferative_effect,0,1,0.0
ick-1_binding,0,1,0.0
cytoplasmic_receptor,0,1,0.0
autoregulatory_sequence,0,1,0.0
mdd,0,1,0.0
clone_18,0,1,0.0
nf-kappab1,0,1,0.0
anti-erk_(extracellular_signal-regulated_kinase)_antibody,0,1,0.0
resting_peripheral_blood_mononuclear_cell,0,1,0.0
interleukin-2_gene_transcription,0,1,0.0
sla-dra_mrna_induction,0,1,0.0
c-jun_gene_transcription,0,1,0.0
gm-csf_receptor_alpha_promoter,0,1,0.0
major_orf2,0,1,0.0
gm-csf-dependent_proliferation,0,1,0.0
glucocorticoid_receptor_function,0,1,0.0
arterial_intima,0,1,0.0
human_sr_31747a-binding_protein,0,1,0.0
novo_protein_synthesis,0,1,0.0
endolysosomial_membrane,0,1,0.0
pathogenesis,0,1,0.0
fy(b-)_phenotypes,0,1,0.0
differentiation_factor,0,1,0.0
receptor_expression,0,1,0.0
aacaaag,0,1,0.0
interleukin_2-induced_t_cell_growth,0,1,0.0
p50/nf-kappa_b_homodimer,0,1,0.0
traf_binding_domains,0,1,0.0
heterologous_activation_domain,0,1,0.0
e_box,0,1,0.0
zap70,0,1,0.0
chronic_hepatitis_b_patient,0,1,0.0
pi-3_kinase,0,1,0.0
camp-responsive_element,0,1,0.0
pulmonary_infiltrate,0,1,0.0
nb_protein,0,1,0.0
anti-cd18_antibody,0,1,0.0
sry,0,1,0.0
control_group,0,1,0.0
human_class_ii_isotype,0,1,0.0
cd4_dimerization,0,1,0.0
physiological_condition,0,1,0.0
placental_alkaline_phosphatase,0,1,0.0
syk_kinases-interacting_protein,0,1,0.0
mnp_family,0,1,0.0
megakaryocytic_glycoprotein_ix_promoter,0,1,0.0
interfollicular_zone_cell,0,1,0.0
gtp-bound_p21ras,0,1,0.0
ao,0,1,0.0
virus_stock,0,1,0.0
grave's_disease,0,1,0.0
nuclear_factor-kappa_b_binding,0,1,0.0
il-7_effect,0,1,0.0
pi,0,1,0.0
antipeptide_antibody,0,1,0.0
380_bp_upstream,0,1,0.0
avidin-coupled_agarose,0,1,0.0
suppressor_of_immune_response_gene,0,1,0.0
regulatory_signal,0,1,0.0
de_novo_protein_synthesis,0,1,0.0
adrenal_pituitary_axis,0,1,0.0
c-sis/pdgf-b_proto-oncogene,0,1,0.0
akv_mlv_transcriptional_activity,0,1,0.0
fos-related_ag_1,0,1,0.0
pma/ionomycin_dependent_manner,0,1,0.0
sodium_dodecyl_sulfate-polyacrylamide_gel,0,1,0.0
experimental_condition,0,1,0.0
calcineurin-regulated_inhibitory_domain,0,1,0.0
class_ii-positive_b_cell_line,0,1,0.0
contraction,0,1,0.0
megakaryoblastic_disorder,0,1,0.0
il-4_(5_ng/ml)-mediated_proliferation,0,1,0.0
intracellular_prooxidant_state,0,1,0.0
p49,0,1,0.0
integrin,0,1,0.0
aml_m2,0,1,0.0
situ_hybridization_histochemistry,0,1,0.0
circulating_human_lymphocyte,0,1,0.0
growth-regulated_expression,0,1,0.0
fetal_hemoglobin_in_sickle_cell_anemia,0,1,0.0
erk-2_pathway,0,1,0.0
shp2-deltash2,0,1,0.0
immunoglobulin_(ig)_gene,0,1,0.0
gen,0,1,0.0
multipotent_progenitor_cell_line,0,1,0.0
slp-76_augmentation,0,1,0.0
btk_gene,0,1,0.0
t-cell_biology,0,1,0.0
nucleoplasm,0,1,0.0
peripheral_tissue_resistance,0,1,0.0
il-2_gene_activation,0,1,0.0
i_kappa_b-beta,0,1,0.0
human_t_cell_leukemia_virus_type_i,0,1,0.0
hiv-1_ltr_region,0,1,0.0
tr_expression,0,1,0.0
pluripotent_endocrine_culture,0,1,0.0
human_tr2_orphan_receptor,0,1,0.0
2-kb_vdr_cdna_insert,0,1,0.0
c/ebpbeta_activity,0,1,0.0
b-cell-specific_activator_protein-binding_site,0,1,0.0
anti-jun_ab,0,1,0.0
mhc-restricted_thymocyte,0,1,0.0
importin_(karyopherin)-alpha_subunit,0,1,0.0
"1,25(oh)2d3_receptors",0,1,0.0
lps-induced_ap-1_binding_activity,0,1,0.0
conserved_lymphokine_element_0,0,1,0.0
tal1_(or_scl)_gene,0,1,0.0
cat,0,1,0.0
ap-1_polypeptide,0,1,0.0
histone_promoter-driven_beta-galactosidase_gene,0,1,0.0
ra_response_element,0,1,0.0
epo-responsive_cell_type,0,1,0.0
aminothiol_compound,0,1,0.0
pbmc_specimen,0,1,0.0
purified_adult-progenitor_culture,0,1,0.0
sox-4,0,1,0.0
-65_region,0,1,0.0
caccc-binding_protein,0,1,0.0
pre-b-cell_variant_line,0,1,0.0
karyophilic_protein,0,1,0.0
lymphoid-specific_octamer-binding_factor,0,1,0.0
t-cell_receptor_(tcr)_beta-chain_promoter,0,1,0.0
tcr-initiated_signal,0,1,0.0
air-1_locus,0,1,0.0
shared_receptor_subunit_gamma_c,0,1,0.0
primary_ss,0,1,0.0
immunoglobulin_heavy_chain_(igh)_gene_rearrangement,0,1,0.0
lmp1_expression_vector,0,1,0.0
ice-like_protease,0,1,0.0
young_(mean_37_years)_human,0,1,0.0
sodium_n-butyrate,0,1,0.0
immortalization,0,1,0.0
murine_macrophage_12-lipoxygenase,0,1,0.0
ovulation,0,1,0.0
resting_cell,0,1,0.0
vitamin_d_receptor_expression,0,1,0.0
[3h]glycosaminoglycan,0,1,0.0
gs(alpha),0,1,0.0
disease_site,0,1,0.0
cem_cell,0,1,0.0
functional_anti-tumor_immunity,0,1,0.0
inhibitory_kappab-alpha,0,1,0.0
maximal_oxygen_uptake,0,1,0.0
tnf-alpha_release,0,1,0.0
tumor_necrosis_factor-alpha_(tnf-alpha)_messenger_rna_levels,0,1,0.0
ltr_size_variation,0,1,0.0
endothelial_vcam-1_expression,0,1,0.0
er_codon_10,0,1,0.0
entire_dna-binding_domain,0,1,0.0
-291_to_-277,0,1,0.0
otf-2_protein,0,1,0.0
il-2_promoter_region,0,1,0.0
50_kd_protein,0,1,0.0
il-2-induced_pbmc,0,1,0.0
human_inflammatory_pathology,0,1,0.0
serine-727,0,1,0.0
electrophoretic_dna_mobility_shift_assay,0,1,0.0
lbf7,0,1,0.0
reactive_cd3+/cd4+_t_cell,0,1,0.0
il-2_secretion,0,1,0.0
17beta-hsd_iv,0,1,0.0
cd40-activated_monocyte,0,1,0.0
p24,0,1,0.0
jak2,0,1,0.0
jak/stat_signaling_pathway,0,1,0.0
12-0-tetradecanoyl_phorbol-13-acetate,0,1,0.0
sp140,0,1,0.0
steroid_receptor_superfamily,0,1,0.0
lmp-1-expressing_b_cell,0,1,0.0
protein_phosphatase_1,0,1,0.0
acetyl_salicylic_acid,0,1,0.0
nuclear_factor_recruitment,0,1,0.0
t_cell_antigen_receptor,0,1,0.0
protein_secretion,0,1,0.0
p95vav-induced_nfat_activation,0,1,0.0
abs,0,1,0.0
apoptotic_cell,0,1,0.0
testosterone_responsiveness,0,1,0.0
p21ras,0,1,0.0
amino_acid_sequence_similarity,0,1,0.0
human_plasma,0,1,0.0
diacylglycerol,0,1,0.0
hydrolase,0,1,0.0
potential_recognition_site,0,1,0.0
pxqxt/s_sequence,0,1,0.0
normal_phagocyte_function,0,1,0.0
serum_immunoglobulin,0,1,0.0
anti-la(ssb)_specific_t_cell,0,1,0.0
nf-kappab-inducing_kinas,0,1,0.0
adenovirus_5_(ad5)_infection,0,1,0.0
decidual/lymphoid_(dprl)_promoter,0,1,0.0
rel-related_protein,0,1,0.0
fos_and_jun_heterodimer,0,1,0.0
interleukin-6-induced_igm_production,0,1,0.0
leukocyte_adhesion,0,1,0.0
multiple_pathway,0,1,0.0
il-2-inducible_component,0,1,0.0
immediate-early_activation_gene,0,1,0.0
monocyte_tf_activation,0,1,0.0
ea/s_motifs,0,1,0.0
bcl-6_mutation,0,1,0.0
tnf-alpha_gene_transcription,0,1,0.0
viral_protein_secretion,0,1,0.0
monocytic_precursor,0,1,0.0
apoptotic_cell_body,0,1,0.0
711_to_+42,0,1,0.0
vcam-1_induction,0,1,0.0
phagocytosis,0,1,0.0
regulatory_domain,0,1,0.0
nonproductive_hiv-1_infection,0,1,0.0
c-myc_expression,0,1,0.0
cll_case,0,1,0.0
+646_to_+655,0,1,0.0
repress_enhancer_activity,0,1,0.0
rar-specific_ligand,0,1,0.0
stress_system,0,1,0.0
monoclonal_anti-d_antibody,0,1,0.0
retinoid-dependent_regulation,0,1,0.0
post-gc_b_cell,0,1,0.0
nfat4/nfatx/nfatc3,0,1,0.0
beta-globin_chain,0,1,0.0
lgl,0,1,0.0
distance_geometry,0,1,0.0
t-cell_specificity,0,1,0.0
gig18,0,1,0.0
"protein-free,_conditioned_medium",0,1,0.0
sepsis-associated_disease,0,1,0.0
il-10_production,0,1,0.0
mhc_class_ii_dra_promoter,0,1,0.0
t_lymphocyte_function,0,1,0.0
d_cyclin,0,1,0.0
human_gata-3,0,1,0.0
selective_expression,0,1,0.0
viral_promoter,0,1,0.0
co-transfecting_bko,0,1,0.0
hydrophobic_region,0,1,0.0
cysteine,0,1,0.0
cd4_thymocyte,0,1,0.0
invertebrate,0,1,0.0
beta-gal,0,1,0.0
immunoglobulin_mu_heavy-chain,0,1,0.0
x1_box-specific_activity,0,1,0.0
bronchial_patency_disorder,0,1,0.0
ctl_line,0,1,0.0
tl-omi,0,1,0.0
i_kappa_b_alpha_subunit,0,1,0.0
jagged1,0,1,0.0
tal-1_gene,0,1,0.0
zinc,0,1,0.0
cd28+_t_cell,0,1,0.0
tnf-stimulated_huvec,0,1,0.0
delta,0,1,0.0
mitochondrial_enzyme,0,1,0.0
specific_promoter,0,1,0.0
htlv-1-transformed_t_cell,0,1,0.0
macrophage_csf_(m-csf)_gene,0,1,0.0
prednisolone,0,1,0.0
protein_binding_sequences,0,1,0.0
cd4_cross-linking,0,1,0.0
mapk/erk-specific_inhibitor,0,1,0.0
gata_sequence,0,1,0.0
tlr2-mediated_nf-kappab_activation,0,1,0.0
l_gene_erythroid_promoter,0,1,0.0
phospholipase_d,0,1,0.0
immediate_early_regulator,0,1,0.0
site-specific_mutations,0,1,0.0
igd,0,1,0.0
early_growth_response-1_gene_expression,0,1,0.0
tfe-3,0,1,0.0
exogenous_virus,0,1,0.0
hbb_transcription,0,1,0.0
pro-inflammatory_mediator,0,1,0.0
c-235,0,1,0.0
tumor_necrosis_factor-alpha_secretion,0,1,0.0
ap-1_family_members,0,1,0.0
il-2_promoter_construct,0,1,0.0
chromosome_1_abnormality,0,1,0.0
human_accessory_cell,0,1,0.0
neutrophil_binding,0,1,0.0
lmp-1_mutant,0,1,0.0
viia,0,1,0.0
highly_malignant_lymphoma,0,1,0.0
rna_transcript,0,1,0.0
protozoa,0,1,0.0
"lymphoid-restricted,_octamer_site-mediated_immunoglobulin_gene_promoter_activity",0,1,0.0
-176_to_-96_sequence,0,1,0.0
human_b_cell_mutant,0,1,0.0
enhanced_tumor_growth,0,1,0.0
gf,0,1,0.0
[3h]calcitriol,0,1,0.0
mitogen_stimulation,0,1,0.0
hypoxia,0,1,0.0
clonotype,0,1,0.0
cultured_genital_skin_fibroblast,0,1,0.0
eosinophilic_inflammatory_disease,0,1,0.0
jun_b_mrna,0,1,0.0
e3330,0,1,0.0
th1/th0_response,0,1,0.0
mutated_virus,0,1,0.0
clonal_immune_response,0,1,0.0
serum_immunoglobulin_level,0,1,0.0
latency_iii,0,1,0.0
southwestern_blotting,0,1,0.0
neuron-specific_enolase,0,1,0.0
activator_cell,0,1,0.0
chromosome_1_aneusomy,0,1,0.0
gc_resistance,0,1,0.0
cpo,0,1,0.0
stati_dna_binding_element,0,1,0.0
dst,0,1,0.0
protein_latency_expression,0,1,0.0
transfection-cocultivation,0,1,0.0
tissue_fibrosis,0,1,0.0
tumor_cell_nuclei,0,1,0.0
mitogen-activated_protein_kinase_(mapk)_homologue,0,1,0.0
devd-cleavable_caspases_activity,0,1,0.0
nucleosome-free_region,0,1,0.0
gc-rich_5'_untranslated_sequence,0,1,0.0
evolutionarily_conserved_region,0,1,0.0
immediate_early_gene,0,1,0.0
beta-promoter,0,1,0.0
activated_u1_cell,0,1,0.0
serum,0,1,0.0
de_novo_translocation,0,1,0.0
molecular_heterogeneity,0,1,0.0
me1a1_g3ag4ag3_motif,0,1,0.0
proviral_insertion,0,1,0.0
human_leukemia_cell_line_ut-7/gm,0,1,0.0
thrombin-induced_tyrosine_phosphorylation,0,1,0.0
pmns_chemotaxis,0,1,0.0
nf-kappa_b_expression,0,1,0.0
mrna_accumulation,0,1,0.0
colony-stimulating_factor_receptor,0,1,0.0
tsc2_messenger_rna,0,1,0.0
il-2_receptor_alpha_(il-2r_alpha)_gene_transcription,0,1,0.0
trp,0,1,0.0
nfil-2a,0,1,0.0
systemic_effect,0,1,0.0
tp1,0,1,0.0
rfx1,0,1,0.0
tax_transgenic_mouse_model,0,1,0.0
disease_progression,0,1,0.0
multipotential_cytokine,0,1,0.0
i_kappa_b_alpha-associated_protein_kinase,0,1,0.0
untreated_cml_patient,0,1,0.0
purified_cd8-positive_lymphocyte,0,1,0.0
pu.1/elf-1_site,0,1,0.0
autosomal_recessive_pattern,0,1,0.0
p85_mutant,0,1,0.0
suprachiasmatic_nuclei,0,1,0.0
icam-1_mrna_expression,0,1,0.0
mononuclear_cell_reaction,0,1,0.0
bsap_recognition_sequence,0,1,0.0
mutational_analyses,0,1,0.0
morphological_differentiation,0,1,0.0
high_affinity_il-2r,0,1,0.0
tnf_alpha_gene,0,1,0.0
m44,0,1,0.0
cotransfection_experiment,0,1,0.0
cell_cycle_perturbation,0,1,0.0
lymphocyte-specific_dna-binding_protein,0,1,0.0
stat6-expressing_jurkat_cell,0,1,0.0
18-hydroxycorticosterone_level,0,1,0.0
gtp-binding_protein_function,0,1,0.0
ala,0,1,0.0
mue3-binding_protein,0,1,0.0
po-b_dna-binding,0,1,0.0
125i-labeled_c-c_chemokine,0,1,0.0
xic/xist,0,1,0.0
dnase,0,1,0.0
5.5-kilobase_genomic_clone,0,1,0.0
gata-1_synthesis,0,1,0.0
palmitate_conjugate,0,1,0.0
mnp-1_expression,0,1,0.0
asp_to_asn_substitution,0,1,0.0
t_beta_5_element,0,1,0.0
primary_sequence,0,1,0.0
cd30-mediated_nf-kappa_b_activation,0,1,0.0
anergized_cd4+_t_cell,0,1,0.0
gp41,0,1,0.0
messenger_rna_splicing,0,1,0.0
interleukin_(il)-8,0,1,0.0
adenovirus_12_transformed_cell,0,1,0.0
p38_mitogen-activated_protein_kinase,0,1,0.0
camp-dependent_gene,0,1,0.0
cd8(+)_t_cell,0,1,0.0
peripheral_monocyte,0,1,0.0
intracellular_glutathione_(gsh)_level,0,1,0.0
endogenous_vitamin_d3_receptor,0,1,0.0
dre_1_regulatory_sequence,0,1,0.0
teniposide,0,1,0.0
human_t-cell_leukemia_virus_type_i_tax_activation,0,1,0.0
low_salt_condition,0,1,0.0
alpha_subunit,0,1,0.0
cystic_fibrosis,0,1,0.0
sucrose_gradient,0,1,0.0
human_immunodeficiency_virus_(hiv)-1_long_terminal_repeat,0,1,0.0
rantes_gene_expression,0,1,0.0
ovarian_tumor_associated_lymphocyte,0,1,0.0
jurkat_crude_extract,0,1,0.0
adult_tissue,0,1,0.0
65k_subunits,0,1,0.0
human_immunodeficiency_virus_(hiv)-positive_individual,0,1,0.0
hemopoietic_cell,0,1,0.0
detergent-insoluble_cytoskeleton,0,1,0.0
early_protein,0,1,0.0
bhlh_antagonist,0,1,0.0
dose-dependent_manner,0,1,0.0
pcr_product,0,1,0.0
271c,0,1,0.0
catgtggc,0,1,0.0
sulfated_polysaccharide,0,1,0.0
mcd14-mediated_uptake,0,1,0.0
10_bp_upstream,0,1,0.0
yy1,0,1,0.0
pathogenic_process,0,1,0.0
il-6_receptor,0,1,0.0
hiv-2_transactivator_gene,0,1,0.0
t-cell_developmental_pathway,0,1,0.0
fusion_region,0,1,0.0
il-13r_alpha1_expression,0,1,0.0
neighboring_sequence,0,1,0.0
elam_mrna,0,1,0.0
activated_endothelium,0,1,0.0
ib-ix-v,0,1,0.0
udg_expression,0,1,0.0
intracellular_free_calcium_concentration,0,1,0.0
b-cell_nuclear_extract,0,1,0.0
human_interleukin-2_receptor_alpha_gene,0,1,0.0
il-12r_beta_2_chain,0,1,0.0
staphylococcal_enterotoxin,0,1,0.0
kg1_dendritic-like_cell,0,1,0.0
il-1r_gene,0,1,0.0
stat-3,0,1,0.0
endotoxin-stimulated_thp-1,0,1,0.0
abbott_pgr-eia_monoclonal,0,1,0.0
intronic_dhs,0,1,0.0
permissivity_factor,0,1,0.0
reduced_receptor_binding,0,1,0.0
aml1_(cbfalpha2),0,1,0.0
l1,0,1,0.0
cell_gene,0,1,0.0
b104,0,1,0.0
coproporphyrinogen_oxidase_gene,0,1,0.0
surface_antigen_cd8,0,1,0.0
lipopolysaccharide-stimulated_human_monocytic_cell,0,1,0.0
cellular_25-hydroxyvitamin_d3_trafficking,0,1,0.0
various_cellular_activation_agent,0,1,0.0
thrombin-stimulated_platelet,0,1,0.0
pgf2_alpha,0,1,0.0
c-jun_activation,0,1,0.0
nuclear_factor-kappa_b_(nf-kappa_b)/rel_transcription_factor,0,1,0.0
proximal_functional_promoter_region,0,1,0.0
creb/atf-1/crem_family_member,0,1,0.0
expression_profile,0,1,0.0
stat-mediated_transcription,0,1,0.0
fy(b-)_individual,0,1,0.0
hgr-ile_729,0,1,0.0
gnrh-stimulated_gonadotropin,0,1,0.0
n-oct-factor,0,1,0.0
human_corticotropin-releasing_hormone_gene_promoter,0,1,0.0
human_retinoic_x_receptor_alpha,0,1,0.0
pha_activation,0,1,0.0
gamma/delta_t_cell_receptor,0,1,0.0
cd40l_fusion_protein,0,1,0.0
caat_box,0,1,0.0
nf-kappa_b_recognition_site,0,1,0.0
factor/dna_interaction,0,1,0.0
jeg-3_human_choriocarcinoma_cell_line,0,1,0.0
tafii105_mrna,0,1,0.0
il-6_protein,0,1,0.0
human_neutrophil-mediated_tumor_cell_cytostasis,0,1,0.0
anti-cd3_treatment,0,1,0.0
hpr_gene,0,1,0.0
agonist-induced_phosphorylation,0,1,0.0
neutrophilic_differentiation,0,1,0.0
inflammatory_mediator,0,1,0.0
anti-inflammatory_drug,0,1,0.0
molecular_factor,0,1,0.0
b-cell_population,0,1,0.0
e1b-19_kda,0,1,0.0
carboxy-terminal_domain,0,1,0.0
t_cell_recognition,0,1,0.0
ifn-gamma_receptor_alpha-chain_expression,0,1,0.0
hla_b8+_lcl_target,0,1,0.0
neo(r),0,1,0.0
rhinitis,0,1,0.0
flt-3_ligand,0,1,0.0
molecular_cue,0,1,0.0
vdrnuc,0,1,0.0
murine-specific_ifn-gamma,0,1,0.0
d_variant_cell,0,1,0.0
endogenous_corticosteroid,0,1,0.0
vernal_keratoconjunctivitis,0,1,0.0
denaturing_polyacrylamide_gel_electrophoresis,0,1,0.0
mature_th_cell_line,0,1,0.0
tax_expression_vector,0,1,0.0
human_retinoic_acid_receptor_alpha,0,1,0.0
genome_positional_homologue,0,1,0.0
pebp2/cbf,0,1,0.0
lymphotoxin_(lt;_tnf-beta)_gene,0,1,0.0
pure_b_cell_line,0,1,0.0
t-cell_immortalization,0,1,0.0
non-b_nhl,0,1,0.0
cytoplasmic_ar,0,1,0.0
dominant_negative_form,0,1,0.0
cellular_transactivation_factor,0,1,0.0
tax-independent_mechanism,0,1,0.0
lysophospholipid,0,1,0.0
herpesvirus_biology,0,1,0.0
p1-79_probe,0,1,0.0
promyelomonocytic_leukemic_hl-60_cell,0,1,0.0
hl60_cell_variant,0,1,0.0
immune_property,0,1,0.0
jak_1,0,1,0.0
bhlh_transcription_factor,0,1,0.0
lt-293,0,1,0.0
cdc2_mrna_transcript,0,1,0.0
taq_i_restriction_enzyme_polymorphism,0,1,0.0
blood_leucocyte,0,1,0.0
ms-2beta,0,1,0.0
dqalpha_and_dqbeta_trans_heterodimeric_hla-dq_molecule,0,1,0.0
deoxyribonuclease_i_hypersensitive_site,0,1,0.0
ds,0,1,0.0
tnf-_alpha,0,1,0.0
htlv-i_tax_activation,0,1,0.0
m0/m1_leukemic_cell,0,1,0.0
cd26_expression,0,1,0.0
p50_homodimer,0,1,0.0
thrombin_generation,0,1,0.0
zfp36,0,1,0.0
gata_family_protein,0,1,0.0
e3,0,1,0.0
human_t_acute_lymphoblastic_leukemia,0,1,0.0
mol_wt,0,1,0.0
tcf-1_alpha_binding_motif,0,1,0.0
tfiiia_zinc-finger_consensus_amino_acid_sequence,0,1,0.0
m-csf_addition,0,1,0.0
hla-dr-constitutive_b_cell,0,1,0.0
inflammatory_c_ytokine_mrna,0,1,0.0
il-1alpha_promoter-cat_construct,0,1,0.0
spleen_focus_forming_virus_(sffv)_envelope_glycoprotein,0,1,0.0
immune_activation_pathway,0,1,0.0
s107_cell,0,1,0.0
il-2-induced_stat3_activation,0,1,0.0
human_immunodeficiency_virus_type_1_enhancer,0,1,0.0
traf1,0,1,0.0
monocyte_differentiation_process,0,1,0.0
fenofibrate,0,1,0.0
relb_knockout_mice,0,1,0.0
e2a-hlf_(hepatic_leukemia_factor)_oncoprotein,0,1,0.0
biochemical_lesion,0,1,0.0
hemoglobin_f_staining,0,1,0.0
anti-hla-dr_monoclonal_antibody_(mab)_l24,0,1,0.0
p52/nf-kappab,0,1,0.0
nk_cell_line_nk92,0,1,0.0
class_ii_expression,0,1,0.0
asthma_patient,0,1,0.0
placentae,0,1,0.0
ka,0,1,0.0
grpl-slp-76_complex,0,1,0.0
apoptotic_vascular_smooth_muscle_cell,0,1,0.0
vp16,0,1,0.0
gene_topography,0,1,0.0
sfv,0,1,0.0
multiple_stat_protein,0,1,0.0
sperm,0,1,0.0
e1a_reiteration_mutants,0,1,0.0
adult_beta_globin_gene,0,1,0.0
thymocyte,0,1,0.0
5'-ttgtcccgtggacaaatgtcc-3',0,1,0.0
chloramphenicol_acetyltransferase_reporter_vector,0,1,0.0
c-kit/epo-r,0,1,0.0
h9_cell,0,1,0.0
protein_bcl-3,0,1,0.0
thrombin-generating_potential,0,1,0.0
gliotoxin,0,1,0.0
rbtn-2,0,1,0.0
blr1,0,1,0.0
adenovirus_type_2_genome,0,1,0.0
cd30_hodgkin's_disease_marker,0,1,0.0
slp-76_function,0,1,0.0
tnf-alpha-induced_apoptosis,0,1,0.0
"37,745_dalton",0,1,0.0
-85_to_-76,0,1,0.0
previously_characterized_in_a_fibroblast_context,0,1,0.0
mrna_differential_display_reverse_transcriptase_pcr,0,1,0.0
recovered_protein,0,1,0.0
-570_to_-552,0,1,0.0
odn,0,1,0.0
intracellular_ca2+,0,1,0.0
n-formyl-methionine-leucine-phenyl-alanine,0,1,0.0
high-level_replication,0,1,0.0
anorexia_nervosa,0,1,0.0
distal_promoter_sequence,0,1,0.0
nf-at_family,0,1,0.0
ebv_carrying_cell_line,0,1,0.0
notch1,0,1,0.0
b-cell_factor,0,1,0.0
12/15-lipoxygenase,0,1,0.0
antigen_molecule,0,1,0.0
nf-kappab_like_site,0,1,0.0
human_diploid_fibroblast,0,1,0.0
e2f-dependent_thymidine_kinase,0,1,0.0
takayasu_arteritis_patient,0,1,0.0
rex_gene,0,1,0.0
il-2r_jak/stat_pathway,0,1,0.0
phosphatidyl_inositol_level,0,1,0.0
81_pentadecamer_peptide,0,1,0.0
kappa_b-driven_gene,0,1,0.0
cortisol_secretion,0,1,0.0
cortisol_concentration,0,1,0.0
mast_cell_proliferation,0,1,0.0
19-bp_binding_site,0,1,0.0
egr-1_site,0,1,0.0
function-related_gene,0,1,0.0
virion-associated_regulatory_protein,0,1,0.0
5'-deletion_fragment,0,1,0.0
hirsute_women,0,1,0.0
gamma(c)-mediated_defect,0,1,0.0
gata3,0,1,0.0
immunocytochemical_method,0,1,0.0
igh_enhancer,0,1,0.0
nuclear_factor_of_activated_t_cells,0,1,0.0
[125i]t3,0,1,0.0
p24_production,0,1,0.0
ex_vivo_activation,0,1,0.0
tt4,0,1,0.0
hsv-1,0,1,0.0
glucose-stimulated_insulin_secretion,0,1,0.0
heat_shock_protein_glycoprotein_96-chaperoned_antigenic_peptide,0,1,0.0
ex_vivo_hiv-1_expression,0,1,0.0
obf-1/bob1/oca-b,0,1,0.0
s1',0,1,0.0
atf/creb_family_member,0,1,0.0
protein-dna_binding_study,0,1,0.0
hsf2-alpha,0,1,0.0
lymphoid_progenitor_cell,0,1,0.0
rat_lung,0,1,0.0
tax_responsiveness,0,1,0.0
ubiquitin-proteasome_system,0,1,0.0
adult-t-cell-leukemia_cell_line,0,1,0.0
hepor_gene_expression,0,1,0.0
hbd_subfragment,0,1,0.0
tnf-related_apoptosis-inducing_ligand,0,1,0.0
chromatin_organization,0,1,0.0
early_growth_response_gene,0,1,0.0
vd_treatment,0,1,0.0
tyrosine_phosphorylated_jak1,0,1,0.0
cd23_transcription,0,1,0.0
gr_upregulation,0,1,0.0
radio-ligand_binding_analysis,0,1,0.0
phorbol_13-myristate_acetate,0,1,0.0
human_cytomegalovirus_ul44_gene,0,1,0.0
glycation-dependent,0,1,0.0
cd40_ligation,0,1,0.0
per-arnt-sim_(pas)_homology_region,0,1,0.0
calcium-signal_transduction_pathway,0,1,0.0
gp160-induced_nf-kappa_b_complex,0,1,0.0
tumor_necrosis_factor_receptor-1,0,1,0.0
nf-e1_messenger_rna,0,1,0.0
double-labeled_probe,0,1,0.0
kda,0,1,0.0
transfected_rd_cell,0,1,0.0
hla-dr_promoter,0,1,0.0
zi_repeats,0,1,0.0
human_t_cell_leukemia_virus,0,1,0.0
interleukin-1_beta_mrna,0,1,0.0
s_phase_progression,0,1,0.0
osteoblast-specific_gene,0,1,0.0
cellular_transcriptional_coactivator,0,1,0.0
northern_blotting_experiment,0,1,0.0
vpr_protein,0,1,0.0
master_gata1_gene,0,1,0.0
cell_harvester,0,1,0.0
dre_1,0,1,0.0
beta-galactosidase,0,1,0.0
primer,0,1,0.0
cyclic_nucleotide-dependent_protein_kinase_inhibitor,0,1,0.0
surrogate_tg_receptor,0,1,0.0
"ubiquitous_(spl,_c-jun_and_tbp)_or_haemopoietic_(nf-e2)_transcription_factor",0,1,0.0
vasculitic_syndrome,0,1,0.0
human_thyroid_fragment,0,1,0.0
c-rel_protein,0,1,0.0
four_subunit,0,1,0.0
allergen_provocation,0,1,0.0
dicarba-closo-dodecaborane,0,1,0.0
t_cell_surface_receptor,0,1,0.0
gr-dependent_transcriptional_activation,0,1,0.0
ebv_reactivation,0,1,0.0
chronic_myelomonocytic_leukemia,0,1,0.0
differentiated_macrophage,0,1,0.0
granulocyte-macrophage_colony_stimulating_factor,0,1,0.0
vascular_pathology,0,1,0.0
activated_t-lymphocyte,0,1,0.0
chinese_prescription,0,1,0.0
g-csf-induced_colony_formation,0,1,0.0
e3_transcripts,0,1,0.0
roi-nf-kappa_b_signalling_pathway,0,1,0.0
nonpregnancy_lymphocyte,0,1,0.0
sle_disease_activity,0,1,0.0
ifn_signaling,0,1,0.0
apoptosis-inducing_ligand,0,1,0.0
ang_ii,0,1,0.0
ifn-gamma_induction,0,1,0.0
early_developmental_stage,0,1,0.0
ap-1/nf-at,0,1,0.0
diverged_human_homeobox_gene,0,1,0.0
icam-1_promoter,0,1,0.0
transcription_factor_gene,0,1,0.0
myeloid_progenitor,0,1,0.0
mhc_i+/mhc_iibright/cd83+/cd86+/cd14-_surface_ag_expression,0,1,0.0
mannose_receptor-mediated_endocytosis,0,1,0.0
box_3_sequence_motif,0,1,0.0
monocyte/macrophage_cell,0,1,0.0
tcr-regulated_nuclear_factor_of_activated_t_cells_(nf-at)_region,0,1,0.0
major_transactivation_region,0,1,0.0
c-jun_as_oligonucleotide,0,1,0.0
gata1_expression,0,1,0.0
granulocytic_differentiation_pathway,0,1,0.0
myeloid_surface_marker,0,1,0.0
internal_aug,0,1,0.0
normal_tissue,0,1,0.0
tsh_receptor_(tshr)-specific_t_cell_line,0,1,0.0
mdhm,0,1,0.0
cellular_dna,0,1,0.0
traf/rank_interaction,0,1,0.0
neural_development,0,1,0.0
oestrogen-receptive_organ,0,1,0.0
tryptophan,0,1,0.0
cd28_minimal_promoter,0,1,0.0
vimentin_mrna,0,1,0.0
purified_bovine_ganglioside,0,1,0.0
beta-catenin-lymphoid_enhancer_factor_1_complex,0,1,0.0
u1a/u1b,0,1,0.0
nuclear_factor-kappab-dependent_induction,0,1,0.0
high-grade_vulvar_leiomyosarcoma,0,1,0.0
calcium_signalling_pathway,0,1,0.0
e1a-positive_sample,0,1,0.0
distal_5'_flank,0,1,0.0
neuroendocrine-immune_regulatory_interaction,0,1,0.0
latent_membrane_antigen,0,1,0.0
tumor_necrosis_factor_receptor,0,1,0.0
tetrahydrocortisol,0,1,0.0
hypercholesterolemia,0,1,0.0
igh_enhancer_pi_site,0,1,0.0
bcl-6_expression,0,1,0.0
transcription_regulatory_function,0,1,0.0
stat6_response_element,0,1,0.0
kr_bodie,0,1,0.0
mouse_b_cell_transfectant,0,1,0.0
phosphate-supplemented_patient,0,1,0.0
mnl,0,1,0.0
tgcgcatgcgca,0,1,0.0
cd30_engagement,0,1,0.0
caggtg_e-box,0,1,0.0
proteasome_activation,0,1,0.0
dox-treated_cell,0,1,0.0
cell-specific_factor,0,1,0.0
pma_induction,0,1,0.0
tfiid,0,1,0.0
pb-697,0,1,0.0
cell_surface_immunoglobulin,0,1,0.0
protein_kinase_c_phosphorylation_site,0,1,0.0
monocytoid_leukemia_cell_line,0,1,0.0
inhibitory_molecule_i_kappa_b_alpha,0,1,0.0
calpain_inhibitor_i,0,1,0.0
t-helper_cell_cytokine,0,1,0.0
tnf_translation,0,1,0.0
phorbol_myristate_acetate-inducible_creb-_or_ap1-dependent_transcriptional_activity,0,1,0.0
interleukin-2_receptor_(il-2r)_generation,0,1,0.0
reporter_luciferase_gene_vector,0,1,0.0
enhancer_shuffling,0,1,0.0
self-antigen,0,1,0.0
downregulated_pu.1_expression,0,1,0.0
delayed_transcriptional_activation,0,1,0.0
17-amino_acid_epitope,0,1,0.0
emotional_support,0,1,0.0
leukemic_cell_line_k562,0,1,0.0
lung_vascular_adhesion_molecule,0,1,0.0
myh11_gene,0,1,0.0
corticosteroid_action,0,1,0.0
animal,0,1,0.0
infused_pbsc_harvests,0,1,0.0
rhesus_macaque,0,1,0.0
molecular_weight_species_of_24_and_22_kda,0,1,0.0
il-2_dna_enhancer_element,0,1,0.0
ec50_value,0,1,0.0
interferon_alpha,0,1,0.0
identical_nucleotide_sequence,0,1,0.0
ad2_virus_infection,0,1,0.0
myeloid_differentiation,0,1,0.0
fos_kinase,0,1,0.0
1.3e2,0,1,0.0
alveolar_type_ii-like_cell,0,1,0.0
phosphatidylinositol-4-phosphate,0,1,0.0
camp_response_element_site,0,1,0.0
3-deazaadenosine,0,1,0.0
cysteine-rich_lim_domain,0,1,0.0
rantes_factor_of_late_activated_t_lymphocytes-1,0,1,0.0
priming_effect,0,1,0.0
ifn_production,0,1,0.0
cd4/cd8,0,1,0.0
modulate_surface_immunoglobulin-triggered_b-cell_activation,0,1,0.0
leishmania_donovani,0,1,0.0
wehi_7.2,0,1,0.0
cd3_delta,0,1,0.0
endotoxic_effects,0,1,0.0
pml-rar_alpha_expression,0,1,0.0
scl_gene_rearrangement,0,1,0.0
il2_enhancer,0,1,0.0
glycoprotein_c_(gc)_gene,0,1,0.0
fc_gamma_rii-mediated_endocytosis,0,1,0.0
src_family_kinase,0,1,0.0
hypersensitive_element,0,1,0.0
rat_splenocyte,0,1,0.0
lysp100_cdna,0,1,0.0
quantitative_assay,0,1,0.0
agonist-induced_monocyte_adhesion,0,1,0.0
heat_shock,0,1,0.0
human_primary_b-lymphocyte,0,1,0.0
myeloblast_cell,0,1,0.0
viral_expression,0,1,0.0
octamer_site-dependent_manner,0,1,0.0
parallel_plate_flow_chamber,0,1,0.0
stat_protein_binding,0,1,0.0
40-bp_region,0,1,0.0
rex_protein_production,0,1,0.0
human_class_ii_gene,0,1,0.0
activated_receptor,0,1,0.0
swi3_protein,0,1,0.0
human_sp1,0,1,0.0
prb_105,0,1,0.0
liquid_culture,0,1,0.0
p/i-inducible_fas_promoter_activation,0,1,0.0
aldh1_protein,0,1,0.0
acute_lymphoblastic_leukemias,0,1,0.0
drosophila_segment_polarity_gene,0,1,0.0
"protein_kinase_c-activating_phorbol_esters,_such_as_pma",0,1,0.0
cell_signaling_pathway,0,1,0.0
loci,0,1,0.0
signal_2,0,1,0.0
splenic_t_lymphocyte,0,1,0.0
kappa_light_chain,0,1,0.0
calmodulin_antagonist,0,1,0.0
endogenous_virus_isolates,0,1,0.0
intragenic_tsg101_deletion,0,1,0.0
interferon_consensus_sequence_binding_protein_for_activated_t_cell,0,1,0.0
tnf_alpha,0,1,0.0
il-9_promoter,0,1,0.0
endogenous_il-2_gene,0,1,0.0
fk506_binding_protein,0,1,0.0
interleukin-2_(il-2)_promoter,0,1,0.0
thp-1_cell,0,1,0.0
mutual_repression,0,1,0.0
in_vitro_colony_formation_assay,0,1,0.0
exon_7,0,1,0.0
basic_helix_loop_helix_(bhlh)_transcription_factor,0,1,0.0
il-2_promoter-beta-galactosidase_reporter_gene_construct,0,1,0.0
neural_cell_adhesion_molecule,0,1,0.0
primate_cytomegalovirus_major_immediate-early_promoter,0,1,0.0
autosomal_dominant_neurocutaneous_disorder,0,1,0.0
arh77,0,1,0.0
ie2_transactivation,0,1,0.0
transcription_factors,0,1,0.0
altered_dna-binding_specificity_mutant,0,1,0.0
proteolytic_assay,0,1,0.0
t_lymphoblastoid_cell_line,0,1,0.0
-317/-288,0,1,0.0
intracellular_pathway,0,1,0.0
erba_target_gene,0,1,0.0
elk-1_expression,0,1,0.0
memory_b-cell_pathway,0,1,0.0
apoptotic_response,0,1,0.0
intracellular_domain,0,1,0.0
key_cell_cycle_regulator,0,1,0.0
mouse_spleen_development,0,1,0.0
pml-rar-containing_leukemic_cell,0,1,0.0
potent_synergist,0,1,0.0
arterial_endothelium,0,1,0.0
nm23_gene,0,1,0.0
sequence_homology,0,1,0.0
metastasis-suppressor_gene,0,1,0.0
activating_function,0,1,0.0
antiproliferative_effect,0,1,0.0
bzip_family,0,1,0.0
human_androgen_receptor_(humara)_locus,0,1,0.0
cdna,0,1,0.0
latently_infected_b_cell,0,1,0.0
sequence-specific_dna-binding_small_molecule,0,1,0.0
differentiating_erythroid_cell,0,1,0.0
nonalcoholic,0,1,0.0
transformed_human_lymphocyte_line,0,1,0.0
g28-5,0,1,0.0
cis-acting_site,0,1,0.0
tcr_gene_rearrangement,0,1,0.0
ifna_synthesis,0,1,0.0
fas_ligand_expression,0,1,0.0
am80,0,1,0.0
n-terminal_36_amino_acid,0,1,0.0
ppar-alpha_and_ppar-gamma_mrna,0,1,0.0
kappa_b_reporter_construct,0,1,0.0
complementary_dna,0,1,0.0
monocyte-macrophage_colony_stimulating_factor_(m-csf)_receptor,0,1,0.0
m-tat/epo_cell,0,1,0.0
progesterone-induced_blocking_factor,0,1,0.0
cd8+_cd28+_population,0,1,0.0
arthrogenic_autoantigen,0,1,0.0
ala-substituted_peptide,0,1,0.0
il-2-induced_beta-casein,0,1,0.0
stat4,0,1,0.0
c-myc_mrna_expression,0,1,0.0
endotoxin,0,1,0.0
stat_transcription,0,1,0.0
ikaros_isoform,0,1,0.0
cd40_survival_signaling,0,1,0.0
ubiquitously_expressed_histone_h2b_promoter,0,1,0.0
ikaros_family_member,0,1,0.0
vcam_regulation,0,1,0.0
osteoarthritis,0,1,0.0
truncated_version,0,1,0.0
pulmonary_disease,0,1,0.0
tumour_necrosis_factor_(tnf)_transcript,0,1,0.0
il-2_gene_promoter_region,0,1,0.0
gata-3_activity,0,1,0.0
human_lymphoid_tumor,0,1,0.0
vdr_antisense_transfection,0,1,0.0
tyrosine-phosphorylated_motif,0,1,0.0
ifn-gamma-induced_up-regulation,0,1,0.0
fc_gamma_ric_gene,0,1,0.0
u937_adhesion,0,1,0.0
p45,0,1,0.0
nm23_function,0,1,0.0
myf3_gene,0,1,0.0
anergic_t_cell_clone,0,1,0.0
type-specific_t-cell_clone,0,1,0.0
nf-at-binding_factor,0,1,0.0
blood_sample,0,1,0.0
sp-a_treatment,0,1,0.0
tumor_endocrine_status,0,1,0.0
e-box-binding_repressor,0,1,0.0
endogenous_tbp-1,0,1,0.0
serum_cortisol_level,0,1,0.0
mbp-hbd_complex,0,1,0.0
p65/p50_subunit,0,1,0.0
peptide-mhc_avidity,0,1,0.0
b-cell-derived_subtype,0,1,0.0
site_molarity,0,1,0.0
protein_tyrosine_kinase_activity,1,1,0.0
il-13-treated_human_peripheral_monocyte,0,1,0.0
t_cell_antigen_receptor_(tcr)_signaling,0,1,0.0
potential_nuclear_factor_(nf)-kappab_binding_site,0,1,0.0
promoter-proximal_position,0,1,0.0
monocyte_lineage,0,1,0.0
highly_polarized_th2_clone,0,1,0.0
trans-acting_dominant_negative_regulator,0,1,0.0
rp1,0,1,0.0
nordihydroguaiaretic_acid,0,1,0.0
stat_tyrosine_phosphorylation,0,1,0.0
hydrophobic_moiety,0,1,0.0
il-5_gene_transcription,0,1,0.0
negative_regulation,0,1,0.0
regulatory_effect,0,1,0.0
1.0_and_2.0_gy,0,1,0.0
x2bp,0,1,0.0
encephalomyocarditis_virus,0,1,0.0
hla-dralpha,0,1,0.0
t_helper_cell_level,0,1,0.0
stat1_function,0,1,0.0
b_lymphocyte_stimulation,0,1,0.0
mono_a,0,1,0.0
murine_leukemia_virus_transcription,0,1,0.0
dm_promoter,0,1,0.0
272_carboxy-terminal_amino_acid,0,1,0.0
105-kda_precursor_polypeptide,0,1,0.0
drosophila_runt_protein,0,1,0.0
nh2,0,1,0.0
molecular_interaction,0,1,0.0
nk_cell_granule,0,1,0.0
213_amino_acid,0,1,0.0
maz,0,1,0.0
lmp1_signal_transduction,0,1,0.0
forced_expiratory_volume,0,1,0.0
g1-regulating_protein,0,1,0.0
single-strand_conformation_polymorphism_analysis,0,1,0.0
tnf-alpha_mrna_transcript,0,1,0.0
human_monocyte_il-1_receptor_antagonist_(il-1ra)_messenger_ribonucleic_acid_(mrna)_expression,0,1,0.0
supershift,0,1,0.0
htlv-i_+195_to_+240_oligonucleotide,0,1,0.0
ionophore,0,1,0.0
human_t-cell_line,0,1,0.0
k-562,0,1,0.0
functional_stimulation,0,1,0.0
ramos,0,1,0.0
classical_ar,0,1,0.0
intracytoplasmic_content,0,1,0.0
erythropoietic_wave,0,1,0.0
mzf1,0,1,0.0
normal_leukocyte,0,1,0.0
inducible_system,0,1,0.0
bcl-6(+)/syn-1(-)_phenotype,0,1,0.0
nuclear_protein_binding_site,0,1,0.0
de_novo_viral_protein_synthesis,0,1,0.0
ap-1_motif,0,1,0.0
avidin,0,1,0.0
spi-1_family_member,0,1,0.0
medline_search,0,1,0.0
nf-kappa_b_functional_activity,0,1,0.0
position_-82_to_-91,0,1,0.0
60-kda_protein,0,1,0.0
proximal_p_element,0,1,0.0
il-2-independent_event,0,1,0.0
tyrosine_protein_kinase_activity,0,1,0.0
cleavage_domain,0,1,0.0
immunoprecipitation,0,1,0.0
hematopoietic_protein-tyrosine_phosphatase,0,1,0.0
ros_pathway,0,1,0.0
epitope_specific,0,1,0.0
t-pll,0,1,0.0
exophthalmos,0,1,0.0
in_vitro_transcription/translation,0,1,0.0
stat1s1_and_-3_dna_binding_ability,0,1,0.0
trypan_blue_exclusion,0,1,0.0
murine_system,0,1,0.0
krab-containing_zinc_finger_gene,0,1,0.0
zap-70_responsiveness,0,1,0.0
cell_culture_experiment,0,1,0.0
steroid-resistant_bronchial_asthmatic_subject,0,1,0.0
human_t_cell_receptor_gamma_enhancer,0,1,0.0
vav,0,1,0.0
zii,0,1,0.0
pharmaceutical_product,0,1,0.0
vdr_allele,0,1,0.0
hepatic_leukemic_factor,0,1,0.0
il-2_promoter-enhancer_induction,0,1,0.0
immunophilin-drug_complex,0,1,0.0
heat-shock,0,1,0.0
immunological_function,0,1,0.0
gamma_b*cam-k,0,1,0.0
octanucleotide_promoter_element,0,1,0.0
nf-kappa_b_enhancer,0,1,0.0
shc,0,1,0.0
cis-regulatory_element,0,1,0.0
hla-dr--restricted_fashion,0,1,0.0
anti-ig_antibody,0,1,0.0
sensitized_red_cell,0,1,0.0
il-6_kappa_b-related_kappa_b_motif,0,1,0.0
protein_nuclear_localization,0,1,0.0
nf-at_activity,0,1,0.0
immediate-early_transcriptional_transactivator,0,1,0.0
endothelial_cell_glutathione,0,1,0.0
zinc-finger-encoding_gene,0,1,0.0
9s,0,1,0.0
"n,n,n',n'-tetrakis_[2-pyridylmethyl]ethylenediamine",0,1,0.0
rela/p65,0,1,0.0
lipopolysaccharide-stimulated_mouse_splenic_b_cell,0,1,0.0
gc-induced_monocyte_apoptosis,0,1,0.0
scd4,0,1,0.0
discrete_fourier_transformation,0,1,0.0
transcriptional_basis,0,1,0.0
y519,0,1,0.0
yeast_two-hybrid_system,0,1,0.0
acinar_epithelial_cell,0,1,0.0
nf-kappab_activation_pathway,0,1,0.0
transcriptional_silencing,0,1,0.0
atl_cell,0,1,0.0
c-jun_mrna,0,1,0.0
janus_kinase_3,0,1,0.0
urinary_cortisol,0,1,0.0
mcm,0,1,0.0
bzlf_1,0,1,0.0
camp_signaling_pathway,0,1,0.0
pth_level,0,1,0.0
hematopoietic_cell_line,0,1,0.0
binding_sites,0,1,0.0
lck_promoter_ets_site,0,1,0.0
antioxidant_mechanism,0,1,0.0
htlv-i_ltr_gene_expression,0,1,0.0
estrogen-dependent_manner,0,1,0.0
"1_alpha,25-oh)2d3",0,1,0.0
tumor_necrosis_factor-alpha_generation,0,1,0.0
il-6_mrna_expression,0,1,0.0
nonmyeloid_cell_line,0,1,0.0
chi_b_site,0,1,0.0
primary_response_gene,0,1,0.0
downstream_event,0,1,0.0
b_cell_ig_secretion,0,1,0.0
succinimide_residue,0,1,0.0
195-kd_protein,0,1,0.0
cd8+_t-cell_activation,0,1,0.0
af-1,0,1,0.0
dominant_negative_ikappabalpha,0,1,0.0
'latency_ii',0,1,0.0
ciita_expression_plasmid,0,1,0.0
gh-n_gene,0,1,0.0
ductal_cell,0,1,0.0
th1/th2_development,0,1,0.0
anisomycin,0,1,0.0
leukemogenetic_role,0,1,0.0
t-cell_protein,0,1,0.0
calcitriol_number,0,1,0.0
site_b_palindrome,0,1,0.0
hematopoietin_receptor_superfamily,0,1,0.0
41_kilodalton,0,1,0.0
negative_correlation,0,1,0.0
mycobacteria,0,1,0.0
vitamin_d_treatment,0,1,0.0
peripheral_blood_mononuclear_cell,0,1,0.0
viral_control_element,0,1,0.0
triiodothyronine_(t3)_mononuclear_leukocyte_receptor_kinetics,0,1,0.0
gp91-phox,0,1,0.0
e1a_domain,0,1,0.0
purified_nf-kb,0,1,0.0
immunoglobulin-like_transcript-2/leukocyte_ig-like_receptor_1,0,1,0.0
cytotoxic_drug,0,1,0.0
human_b-cell_development,0,1,0.0
interleukin-1alpha,0,1,0.0
acute_inflammatory_reaction,0,1,0.0
cd8+_t_cell_prolymphocytic_leukemia_(t-pll)_cells,0,1,0.0
fc_epsilonrii,0,1,0.0
ap-1/atf/creb_family,0,1,0.0
cre-loxp_recombination_system,0,1,0.0
virally_encoded_transactivator_protein,0,1,0.0
phorbol_ester_treatment,0,1,0.0
calmodulin-regulated_kinase,0,1,0.0
pan_expression,0,1,0.0
hpa_abnormality,0,1,0.0
gata-3-dependent_enhancer_activity,0,1,0.0
early_b-cell_development,0,1,0.0
human_il-4,0,1,0.0
toxic/septic_shock,0,1,0.0
camp_response_element-binding_protein_(creb)_factor,0,1,0.0
retinoid_x_receptor_(rxr)_nuclear_receptor,0,1,0.0
hiv_gene,0,1,0.0
protein_activity,0,1,0.0
transient-cotransfection_assay,0,1,0.0
il-2_promoter-enhancer,0,1,0.0
cytoplasmic_subunit_of_nf-at,0,1,0.0
b-lymphocyte_differentiation_control,0,1,0.0
vascular-rich_organ,0,1,0.0
tumor-draining_ln_t_cell,0,1,0.0
stat_5_protein,0,1,0.0
human_donor,0,1,0.0
hematopoietic_stem_cell,0,1,0.0
p300/cbp,0,1,0.0
isotype-specific_transcription_factor,0,1,0.0
ionomycin_stimulation,0,1,0.0
severe_combined_immunodeficiency_disease_(scid),0,1,0.0
caml,0,1,0.0
surgical_treatment,0,1,0.0
sry_protein,0,1,0.0
influenza_virus_antigen,0,1,0.0
bp,0,1,0.0
gamma/delta_tcr-bearing_lymphocyte,0,1,0.0
fludarabine,0,1,0.0
unstimulated_b_lymphocyte,0,1,0.0
molybdate,0,1,0.0
eosinophil-associated_granule_protein,0,1,0.0
unstimulated_hela_cell,0,1,0.0
major_histocompatibility_class_i_gene,0,1,0.0
pyrimidine_catabolism,0,1,0.0
viral_protein_tax,0,1,0.0
chronic_myelogenous_leukemia_(cml)_cell,0,1,0.0
pretranslational_level,0,1,0.0
deoxycorticosterone_acetate,0,1,0.0
120_kd_protein,0,1,0.0
anti-c/ebp_beta_ab,0,1,0.0
nf-kappa_b-like_binding_activity,0,1,0.0
oct-2_factor,0,1,0.0
t-cell_tumor,0,1,0.0
il-2_repression,0,1,0.0
fas-regulatory_gene,0,1,0.0
isoflavone_metabolite,0,1,0.0
human_granulocyte_colony-stimulating_factor_receptor,0,1,0.0
ebv,0,1,0.0
gc_treatment,0,1,0.0
isg15_mrna,0,1,0.0
nf-at_transcriptional_activity,0,1,0.0
basal_nf_kappab_activation,0,1,0.0
c/ebpalpha_target_gene,0,1,0.0
irf-1-dependent,0,1,0.0
antigen_presenting_cell,0,1,0.0
mitogen-activated_kinase,0,1,0.0
-158/-90,0,1,0.0
t_cell-derived_cytokine,0,1,0.0
in_vitro_polyclonal_b_cell_immunoglobulin_(ig)_response,0,1,0.0
ilt-mat_cell,0,1,0.0
ran,0,1,0.0
nonimmune_hela_cell,0,1,0.0
29_amino_acids,0,1,0.0
il-2r_alpha_mrna,0,1,0.0
mammal_pyruvate_kinases,0,1,0.0
rare-mediated_signal,0,1,0.0
immunocyte,0,1,0.0
c/ebpbeta_expression,0,1,0.0
murine_embryogenesis,0,1,0.0
tyrosine_kinase_inhibitor,0,1,0.0
human_group_c_adenovirus,0,1,0.0
id3_mrna,0,1,0.0
1d4,0,1,0.0
alternatively_spliced_transcript,0,1,0.0
human_gata3_zinc_finger,0,1,0.0
subtractive_hybridization,0,1,0.0
fcr-mediated_mapk_activation,0,1,0.0
whole_cell,0,1,0.0
epstein-barr_virus_(ebv)-associated_tumors,0,1,0.0
nf-kappa_b_consensus_sequence,0,1,0.0
isolated_hilar_adenopathy,0,1,0.0
reporter_gene_expression,0,1,0.0
human_b-cell_line_im-9,0,1,0.0
splenic_lymphocyte,0,1,0.0
elastase,0,1,0.0
i_kappa_b_alpha/mad-3_mrna,0,1,0.0
repressor/activator,0,1,0.0
hiv_replicationon,0,1,0.0
sl3_core,0,1,0.0
nacl,0,1,0.0
zap,0,1,0.0
tgf-beta_2,0,1,0.0
e1a,0,1,0.0
15-amino_acid_transactivation_sequence,0,1,0.0
myeloblastic_leukemia_hl-60_cell,0,1,0.0
c-jun_y-peptide,0,1,0.0
splenocyte,0,1,0.0
eosinophil_gene_expression,0,1,0.0
htlv-i_transcriptional_activator_tax,0,1,0.0
msr_promoter_ap-1/ets_element,0,1,0.0
bryostatin_1,0,1,0.0
promyelocytic_leukemia,0,1,0.0
immunosuppressive_agent,0,1,0.0
ebv_status,0,1,0.0
human_gm-csf_gene,0,1,0.0
t-cell_homeostasis,0,1,0.0
adenovirus_5_infection,0,1,0.0
carg_motif,0,1,0.0
mouse_developmental_mutant,0,1,0.0
antiproliferative_activity,0,1,0.0
pkcalpha,0,1,0.0
human_leukemic_cd4+_t-lymphocyte_cell_line,0,1,0.0
pebp2_alpha_a,0,1,0.0
human_proximal_sequence_element-binding_transcription_factor,0,1,0.0
alpha-pml,0,1,0.0
mouse_ig_heavy-chain_enhancer,0,1,0.0
il-1_beta,0,1,0.0
murine_basic_helix-loop-helix_transcription_factor_gene,0,1,0.0
egr-1_mrna,0,1,0.0
transactivating_hhv-6(gs)_gene_fragment,0,1,0.0
21_base_pair_repeat,0,1,0.0
vitamin_d-resistant_phenotype,0,1,0.0
diverse_tcr_profile,0,1,0.0
cultured_mcf-7_cell,0,1,0.0
erythroleukemia,0,1,0.0
endemic_goiter,0,1,0.0
superantigen,0,1,0.0
vcam-1-mediated_adhesion,0,1,0.0
cd34+/cd38(2+),0,1,0.0
ic50,0,1,0.0
acth,0,1,0.0
membrane_protein_gene,0,1,0.0
ap-1_binding_site,0,1,0.0
p62c-fos,0,1,0.0
plasma_interleukin-1,0,1,0.0
vasoactive_peptide,0,1,0.0
nf-kappab_family_protein,0,1,0.0
-42_and_-76_base_pair,0,1,0.0
b_cell_growth,0,1,0.0
stochastic_activation,0,1,0.0
tlr2-mediated_signal_transduction,0,1,0.0
immunoglobulin_heavy-chain_(igh)_gene,0,1,0.0
tissue_structural_cell,0,1,0.0
proinflammatory_transcription_factor,0,1,0.0
antidsdna_antibody,0,1,0.0
nuclear_factor_binding_motif,0,1,0.0
glucocorticoid_insensitivity,0,1,0.0
macrophage-colony-stimulating_factor,0,1,0.0
toll-like_receptor,0,1,0.0
minor_salivary_gland,0,1,0.0
nonresponsive_clone,0,1,0.0
ikaros_protein,0,1,0.0
transformation,0,1,0.0
cat_enzyme_activity,0,1,0.0
histone_deacetylase,0,1,0.0
brains,0,1,0.0
dopamine_treatment,0,1,0.0
constitutive_level_of_activity,0,1,0.0
transcription_factor_pax-5,0,1,0.0
irf-1_reporter_construct,0,1,0.0
actin,0,1,0.0
nuclear_factor_kappa_b_binding,0,1,0.0
intercellular_communication,0,1,0.0
ubiquitous_oct-1,0,1,0.0
il-12_signaling,0,1,0.0
wild-type_lmp1,0,1,0.0
pre-b_cell-specific,0,1,0.0
human_cmv,0,1,0.0
ifn-alpha-induced_growth_arrest,0,1,0.0
id3_cell_cycle_function,0,1,0.0
sodium/proton_exchanger,0,1,0.0
tcf-responsive_gene,0,1,0.0
antibody_supershift_experiment,0,1,0.0
monocyte_fraction,0,1,0.0
gc_formation,0,1,0.0
tyrosine_kinase-dependent_pathway,0,1,0.0
gcrbeta,0,1,0.0
lps-induced_dna-binding_activity,0,1,0.0
splenic_b_cell,0,1,0.0
quantitative_reverse_transcription-pcr_assay,0,1,0.0
afternoon_acth,0,1,0.0
jun-_and_fos-related_protein,0,1,0.0
asparagine_side_chain,0,1,0.0
ifn-gamma_receptor_alpha-chain,0,1,0.0
317_amino_acid,0,1,0.0
meta(d+)_binding_factor,0,1,0.0
viral_persistence,0,1,0.0
kiaa0144,0,1,0.0
wild-type_fy*b_gata,0,1,0.0
inositoltrisphosphate_generation,0,1,0.0
signal_transduction_pathway,0,1,0.0
p50-nf-kappa_b,0,1,0.0
atra-induced_neutrophil_differentiation,0,1,0.0
human_tonsillar_b_cell,0,1,0.0
hla-dr_expression,0,1,0.0
il4_enhancer,0,1,0.0
gsh-induced_adhesion_response,0,1,0.0
biomarker_abnormality,0,1,0.0
jund,0,1,0.0
ie62,0,1,0.0
integrin_ligation,0,1,0.0
major_basic_protein,0,1,0.0
non-heat_shock_gene,0,1,0.0
in_vitro_immortalized_lymphoblastoid_cell_line,0,1,0.0
pol,0,1,0.0
ccaat-box_binding_factor_nf-y,0,1,0.0
leukotriene_biosynthesis,0,1,0.0
phosphatidylinositol_3-kinase,0,1,0.0
polymorphonuclear_leukocyte_(pmn)_adhesion,0,1,0.0
cytokine_signaling_pathway,0,1,0.0
15-amino_acid_sequence,0,1,0.0
human_peripheral_blood_mononuclear_cell_response,0,1,0.0
nf-e2_complex,0,1,0.0
immune_response_regulation,0,1,0.0
translocation_breakpoint,0,1,0.0
in_vitro_mutagenesis_experiment,0,1,0.0
cell_nucleolus,0,1,0.0
cyclotetrapeptide,0,1,0.0
tumor-draining_lymph_node,0,1,0.0
il-6_induction,0,1,0.0
translocated_autosome,0,1,0.0
dep-pah,0,1,0.0
gtp-bound_form,0,1,0.0
pp1/pp2a,0,1,0.0
renin_suppression,0,1,0.0
carboxyl-terminal_15-amino_acid_sequence,0,1,0.0
tgf-beta_1_signaling_pathway,0,1,0.0
valine,0,1,0.0
monofactorial_analysis,0,1,0.0
dra_gene,0,1,0.0
cis-active_relationship,0,1,0.0
two_class_ii_transcriptional_mutant_cell_line,0,1,0.0
beres_drops_plus,0,1,0.0
daudi,0,1,0.0
1-bp_difference,0,1,0.0
mature_erythroblast,0,1,0.0
adenovirus_5,0,1,0.0
xy_sex-reversed_female,0,1,0.0
ventilatory_strategy,0,1,0.0
nonstimulated_b_cell,0,1,0.0
bcl-6+/cd3+_cell,0,1,0.0
atopic,0,1,0.0
tcf-1-mediated_transcription,0,1,0.0
inflammatory_lesion,0,1,0.0
human_toll,0,1,0.0
human_il-5_gene_promoter,0,1,0.0
cytosolic-anchoring_protein,0,1,0.0
hematopoietic_precurser,0,1,0.0
nf-kb_dependent_t_cell_gene,0,1,0.0
richter's_cell,0,1,0.0
permissive_temperature,0,1,0.0
subendothelial_space,0,1,0.0
vcam-nf-kappa_b_oligomer,0,1,0.0
dq2-anchor_residue,0,1,0.0
75-kda_hematopoietic_cell-specific_intracellular_signaling_protein,0,1,0.0
zinc-finger_gene,0,1,0.0
sessile_peptide_bond,0,1,0.0
nf-kappa_b-independent_hiv_promoter_domain_activity,0,1,0.0
aids-associated_lesion,0,1,0.0
mitochondrial_protein,0,1,0.0
tissue-specific_expression,0,1,0.0
primary_hyperparathyroidism,0,1,0.0
sivmacmer,0,1,0.0
vascular_protective_propertie,0,1,0.0
nk,0,1,0.0
ig_kappa_3'_enhancer,0,1,0.0
macrophage_differentiation,0,1,0.0
ish,0,1,0.0
octamer-associated_protein,0,1,0.0
fas/fas_ligand_(fasl)-dependent_manner,0,1,0.0
c-fps/fes_protooncogene,0,1,0.0
manipulation,0,1,0.0
acute_myeloid_leukemic_(aml)_blast,0,1,0.0
cd19_protein,0,1,0.0
ts,0,1,0.0
cd4_triggering,0,1,0.0
immune_responsiveness,0,1,0.0
immunized_rat,0,1,0.0
m2-type_leukemic_blast_cell,0,1,0.0
mutant_b_lymphoblastoid_cell_line,0,1,0.0
plasma_cell,0,1,0.0
single_strand_conformation_polymorphism_(sscp)_analysis,0,1,0.0
ets-binding_site,0,1,0.0
herpesvirus_saimiri_(hvs)-transformed_cd8+_t_cell_clone,0,1,0.0
bovine_leucocyte,0,1,0.0
b-cell-specific_regulation,0,1,0.0
lps_stimulated_vascular_cell_adhesion_molecule_(vcam)-1_surface_expression,0,1,0.0
monoblast-like_u937_cell,0,1,0.0
trap-positive_mgc,0,1,0.0
two-handed_zinc_finger_protein,0,1,0.0
intracellular_biochemical_event,0,1,0.0
aids_res_hum_retrovirus,0,1,0.0
erythroid-specific_chromatin_structure_reorganization,0,1,0.0
aim_activation_pathway,0,1,0.0
heterodimer_p50-p65,0,1,0.0
lymphoid-enhancer_binding_factor_1,0,1,0.0
erk_activity,0,1,0.0
dnase-i_hypersensitive_site,0,1,0.0
estrogen-induced_hepatocyte,0,1,0.0
epstein-barr_virus_lmp1_domain,0,1,0.0
t_cell_blast,0,1,0.0
endothelial_leukocyte_adhesion_molecule,0,1,0.0
hirsute_patient,0,1,0.0
tfiiib,0,1,0.0
asymptomatic_twin,0,1,0.0
ii,0,1,0.0
pocket_protein-e2f_complex,0,1,0.0
trypsin-resistant_fragment,0,1,0.0
myeloid-cell-specific_gene_expression,0,1,0.0
tyr-493,0,1,0.0
aging_subject,0,1,0.0
tcr-induced_apoptosis,0,1,0.0
murine_erythroid_leukemia_cell,0,1,0.0
immunologically_important_gene,0,1,0.0
unconventional_cell_surface_receptor,0,1,0.0
stat-binding_oligonucleotide,0,1,0.0
ras/protein_kinase_c,0,1,0.0
selective_inhibitor,0,1,0.0
mnp_protein,0,1,0.0
cytosolic_ca2+,0,1,0.0
g-csf_stimulation,0,1,0.0
human_myeloid_cell_line,0,1,0.0
ebv-transformed_lcl,0,1,0.0
human_ifngr1_small_deletion,0,1,0.0
cellular_glucocorticoid_receptor,0,1,0.0
cox-2_gene,0,1,0.0
p40_gene_promoter,0,1,0.0
control-transduced_pre-t_cell,0,1,0.0
nuclear_dna-binding_protein,0,1,0.0
b_cell_lymphoma_line,0,1,0.0
primary_blood_mononuclear_cell,0,1,0.0
survival_factor,0,1,0.0
mhc_class_i_gene,0,1,0.0
galectin-3_promoter_induction,0,1,0.0
mammary_gland_factor-stat5,0,1,0.0
lymphoid_cell-specific_nuclear_factor,0,1,0.0
rel-a,0,1,0.0
cf_lung_disease,0,1,0.0
stimulated_purified_t_helper_lymphocyte,0,1,0.0
c/ebp_medial,0,1,0.0
lmo,0,1,0.0
lectin-activated_t_cell,0,1,0.0
c-rel_induction,0,1,0.0
b_cell-enriched_transcription_factor,0,1,0.0
purified_manlam,0,1,0.0
cd34(+)_cell,0,1,0.0
phytohemagglutin,0,1,0.0
j_delta_1_segment,0,1,0.0
im-9,0,1,0.0
differentiated_cell,0,1,0.0
n-terminal_half,0,1,0.0
sfv_intrabody,0,1,0.0
rel_homology_domain,0,1,0.0
nuclear_factor_x2,0,1,0.0
nonhomologous_end-end_joining_recombination_event,0,1,0.0
endogenous_nfat_activity,0,1,0.0
ril-2,0,1,0.0
proinflammatory_agonist,0,1,0.0
steroid/thyroid_hormone_receptor_family,0,1,0.0
camp_elevating_agent,0,1,0.0
csa-sensitive_component,0,1,0.0
isg_expression,0,1,0.0
immunoglobulin_production,0,1,0.0
primary_cortisol_resistance,0,1,0.0
duffy_antigen_receptor_for_chemokines,0,1,0.0
adenosine_receptor_agonist,0,1,0.0
gata_binding_site,0,1,0.0
gos19,0,1,0.0
positive_and_negative_factor,0,1,0.0
nfkappab_nuclear_translocation,0,1,0.0
viral_protease,0,1,0.0
fn,0,1,0.0
rare,0,1,0.0
human_b_lineage_cell,0,1,0.0
caii-specific_erba-binding_site,0,1,0.0
il-2_gene_promoter_activity,0,1,0.0
ebna_1,0,1,0.0
lysis,0,1,0.0
caenorhabditis_elegan,0,1,0.0
tr75_surface_expression,0,1,0.0
10-d-pregnant_rat,0,1,0.0
polyclonal_activator,0,1,0.0
homologous_gene,0,1,0.0
hpa_axis,0,1,0.0
hiv-_1_ltr,0,1,0.0
glucocorticoid-resistance,0,1,0.0
t_cell_line,0,1,0.0
autoimmune_disorder,0,1,0.0
glucose_toxicity,0,1,0.0
retinoic-acid_receptor_type_alpha,0,1,0.0
tpa-induced_expression,0,1,0.0
survival-promoting_activity,0,1,0.0
supratherapeutic_concentration,0,1,0.0
tachycardia_crises,0,1,0.0
downstream_sequence,0,1,0.0
lps-induced_decrease,0,1,0.0
150_bp_hepor_promoter,0,1,0.0
n-_and_c-terminal_sequence,0,1,0.0
glucocorticoid_receptor_characteristic,0,1,0.0
human_thymus_lobule,0,1,0.0
herpesvirus_saimiri_(hvs)_open_reading_frame_57_protein,0,1,0.0
hiv_disease,0,1,0.0
primary_human_t-lymphocyte,0,1,0.0
kd_allele,0,1,0.0
alternative_transcript_encoding,0,1,0.0
serum-supplemented_medium,0,1,0.0
orf_50,0,1,0.0
ciita_mrna_induction_level,0,1,0.0
17_alpha-estradiol,0,1,0.0
glucose_transport,0,1,0.0
impaired_uv_response,0,1,0.0
primary_adult_erythroid_cell,0,1,0.0
positive_regulatory_element,0,1,0.0
phoq_gene_product,0,1,0.0
human_herpesvirus_8,0,1,0.0
human_immunodeficiency_virus-1_tat_protein,0,1,0.0
nf-kappab-_luciferase_activity,0,1,0.0
pax_gene,0,1,0.0
ubiquitous_protein,0,1,0.0
hypothalamic-pituitary-adrenal_(hpa)_axis,0,1,0.0
stat6_binding_site,0,1,0.0
p95,0,1,0.0
promyelocytic_morphology,0,1,0.0
interleukin-2_receptor-gamma,0,1,0.0
nonspecific_toxicity,0,1,0.0
taci-specific_antibody,0,1,0.0
-30_promoter_region,0,1,0.0
human_immunodeficiency_virus_(hiv)_long_terminal_repeat,0,1,0.0
cytokine_gene_regulation,0,1,0.0
histone_deacetylase_activity,0,1,0.0
mzf-1_expression_vector,0,1,0.0
gas-like_dna_binding_pattern,0,1,0.0
t_cell_specific,0,1,0.0
"1_alpha,25-dihydroxycholecalciferol",0,1,0.0
caprine_arthritis-encephalitis_virus_(caev)_long_terminal_repeat,0,1,0.0
integrin_alpha,0,1,0.0
immature_thymocyte,0,1,0.0
pma_stimulation,0,1,0.0
protein_kinase_c_(pkc)_activity,0,1,0.0
quercetin,0,1,0.0
chicken_c/ebp_beta,0,1,0.0
leukocyte\,0,1,0.0
cd4+_t_(memory)_clone,0,1,0.0
cytokine-induced_vcam-1_expression,0,1,0.0
plasma_membrane_ca-atpase,0,1,0.0
lps-stimulated_thp-1-hgh_cell,0,1,0.0
motor_neuron,0,1,0.0
cd30-mediated_effect,0,1,0.0
proximal_site,0,1,0.0
t_lineage_cell,0,1,0.0
"c-11-substituted_1_alpha,25-(oh)2d3_analog",0,1,0.0
pi3-kinase,0,1,0.0
transcription_assay,0,1,0.0
human_tumor_necrosis_factor_alpha_(tnf-alpha)_gene_promoter,0,1,0.0
thin-layer_chromatography_(tlc)_analysis,0,1,0.0
ahr_mrna_level,0,1,0.0
obf-1_mrna,0,1,0.0
molt4,0,1,0.0
murine_acute_promyelocytic_leukemia,0,1,0.0
progesterone_binding_structure,0,1,0.0
t-cell_immortalization_mechanism,0,1,0.0
viral_transactivator,0,1,0.0
siv-infected_rhesus_macaque,0,1,0.0
chronically_infected_monocytic_cell,0,1,0.0
serum-containing_medium,0,1,0.0
chloramphenicol_acetyl_transferase_(cat)-reporter_gene,0,1,0.0
phorbolmyristate-acetate,0,1,0.0
i_kappa_b-alpha/mad-3,0,1,0.0
stat1_mab,0,1,0.0
retinoic_acid_signalling,0,1,0.0
-256_to_-248,0,1,0.0
cultured_lymphocyte,0,1,0.0
pgi2,0,1,0.0
htlv-i-positive_mt-2_cell,0,1,0.0
arg-gly-asp,0,1,0.0
dexamethasone_suppression_test,0,1,0.0
protein_of_14_kda,0,1,0.0
tbp7_sequence,0,1,0.0
ldp,0,1,0.0
icam-1_(cd54)_expression,0,1,0.0
zeb-like_repressor,0,1,0.0
tcr_signaling_cascade,0,1,0.0
bacterial_fraction,0,1,0.0
kn-62,0,1,0.0
bcl-x_protected_b_cell,0,1,0.0
ig_gene_transcription,0,1,0.0
hiv-1_ltr_promoter_activity,0,1,0.0
gas-like_dna-protein_binding_complex,0,1,0.0
paired_domain_protein_pax-1,0,1,0.0
cell-specific_pathway,0,1,0.0
wp_reporter_construct,0,1,0.0
t-cell_clonal_expansion,0,1,0.0
b_lineage_cell,0,1,0.0
hpa,0,1,0.0
hiv-1_kappab_oligonucleotide,0,1,0.0
cfu-gemm/_bfu-e/cfu-m_shift,0,1,0.0
oap40_complex,0,1,0.0
hla-dm_gene,0,1,0.0
plzf_nuclear_protein,0,1,0.0
21-base-pair_(bp)_core_element,0,1,0.0
cmat_complex,0,1,0.0
nfatx1_transactivation_activity,0,1,0.0
lymphocyte_adhesion,0,1,0.0
hla_class_i-mediated_induction,0,1,0.0
monocyte_chemoattractant_protein-1,0,1,0.0
raf1,0,1,0.0
in_vitro_response,0,1,0.0
novel_b_cell-specific_coactivator,0,1,0.0
brain_ischemia,0,1,0.0
p65-rela,0,1,0.0
sm,0,1,0.0
ikappab-epsilon,0,1,0.0
92-kda_protein,0,1,0.0
la_mrna,0,1,0.0
human_immunodeficiency_virus_type_1_(hiv-1)_replication,0,1,0.0
activated_t-cell_clone,0,1,0.0
pma_activation,0,1,0.0
h1-agonist,0,1,0.0
sequence-specific_binding,0,1,0.0
human_putative_lymphocyte_g0/g1_switch_gene,0,1,0.0
brdu,0,1,0.0
i_kappa_b_protein,0,1,0.0
kappa_b_binding_activity,0,1,0.0
monocytic_cell_adhesion,0,1,0.0
aggregation,0,1,0.0
undernutrition,0,1,0.0
high_mobility_group_protein,0,1,0.0
transient_stimulation,0,1,0.0
luciferase_reporter,0,1,0.0
codon_352,0,1,0.0
transcription_factor_egr-1_activity,0,1,0.0
ra-responsive_reporter_gene,0,1,0.0
nk_cell-mediated_cytotoxicity,0,1,0.0
peripheral_mononuclear_leukocyte,0,1,0.0
human_gm-csf,0,1,0.0
enhancer_core_of_sl3,0,1,0.0
tcr/cd3_stimulation,0,1,0.0
tandem_ap-1_consensus_sequence,0,1,0.0
reduced_glutathione_(gsh)_level,0,1,0.0
pebp2beta,0,1,0.0
clsm,0,1,0.0
glucocorticoid_receptor_content,0,1,0.0
adult_bone_marrow,0,1,0.0
endocrine_role,0,1,0.0
transfectant,0,1,0.0
3'_ltr,0,1,0.0
otf,0,1,0.0
maz_transcription_factor,0,1,0.0
fusion_protein,0,1,0.0
syk,0,1,0.0
ifn_alpha,0,1,0.0
cytokine-activated_janus_kinase-stat_signaling_pathway,0,1,0.0
human_il-3_proximal_promoter,0,1,0.0
apoptotic_stimuli,0,1,0.0
proinflammatory_gene,0,1,0.0
c-jun_tre,0,1,0.0
erk_pathway-specific_inhibitor,0,1,0.0
dnase_i_hypersensitive_site,0,1,0.0
nip_repressor_site,0,1,0.0
cytokine_production,0,1,0.0
burkitt_lymphoma_cell_raji,0,1,0.0
cell_surface_cd3,0,1,0.0
bufalin,0,1,0.0
"inositol-1,4,5-trisphosphate",0,1,0.0
molecular_understanding,0,1,0.0
impaired_transcription_factor_ap-1_dna_binding_activity,0,1,0.0
vh-to-dhjh_recombination,0,1,0.0
dimethyl_sulfoxide-induced_mel_cell,0,1,0.0
tpp17,0,1,0.0
monoclonal_antibody_recognition,0,1,0.0
ap-1_specificity,0,1,0.0
105-kda_protein_(p105)_precursor,0,1,0.0
cd23_mrna_transcription,0,1,0.0
graves'_disease,0,1,0.0
eth2_cell,0,1,0.0
prl_induction,0,1,0.0
persistently_infected_cell,0,1,0.0
n-acetylcysteine_treatment,0,1,0.0
proximal_hil-5_promoter,0,1,0.0
far-western_blot_assay,0,1,0.0
n-ethylmaleimide,0,1,0.0
chicken_anemia_virus,0,1,0.0
pa,0,1,0.0
cell_separation,0,1,0.0
gm-kappa_b_sequence,0,1,0.0
epo_treatment,0,1,0.0
tcr_alpha_joining_gene_segment,0,1,0.0
lymphocyte_metaphase,0,1,0.0
rna_processing,0,1,0.0
in_vitro_synthesized_gr,0,1,0.0
max,0,1,0.0
highly_purified_cd34+_cell,0,1,0.0
cvz's_binding_site,0,1,0.0
v-myb_oncogene,0,1,0.0
hyperproliferate,0,1,0.0
platelet-progenitor_cell,0,1,0.0
haptenation,0,1,0.0
il-12-dependent_up-regulation,0,1,0.0
rar,0,1,0.0
dexter-type_long-term_culture,0,1,0.0
hypotetraploid_dna,0,1,0.0
dysregulation,0,1,0.0
stimulated_il-2_secreting_cell,0,1,0.0
adenovirus_type,0,1,0.0
msv_ltr_promoter,0,1,0.0
minimal_beta-globin_promoter,0,1,0.0
ranq69l_preincubation,0,1,0.0
costimulation,0,1,0.0
tk,0,1,0.0
lamina_propria_(lp)_t_cell,0,1,0.0
1h_and_15n_resonance_assignment,0,1,0.0
x_box,0,1,0.0
g(s)alpha_expression,0,1,0.0
p-lps-induced_expression,0,1,0.0
lipid,0,1,0.0
pak,0,1,0.0
ptx,0,1,0.0
il-1_signal_transduction,0,1,0.0
il-9-induced_cell_growth,0,1,0.0
anti-aim_mab,0,1,0.0
clone_pat_133,0,1,0.0
adt_pretreatment,0,1,0.0
nf-kappa_b_family_protein,0,1,0.0
ets-related_gene,0,1,0.0
kinase-deficient_mutant,0,1,0.0
msr_promoter-reporter_gene_construct,0,1,0.0
human_cdna,0,1,0.0
activated_eosinophil,0,1,0.0
cam_kinase,0,1,0.0
interleukin_(il)-2_gene_induction,0,1,0.0
flowerhead,0,1,0.0
il-4_receptor_alpha-chain_cytoplasmic_domain,0,1,0.0
responsive_dna_element,0,1,0.0
t_cell_hypoactivity,0,1,0.0
follicular_lymphoma,0,1,0.0
chemotherapy_drug,0,1,0.0
nonpilus_adhesin,0,1,0.0
p_sequence-driven_reporter_plasmid,0,1,0.0
progenitor_proliferation,0,1,0.0
t_cell_anergy,0,1,0.0
ta-rich_sequence,0,1,0.0
cortisol_production,0,1,0.0
hb,0,1,0.0
gata-3_transcriptional_initiation_site,0,1,0.0
upper_spinous_layer,0,1,0.0
thp-1_mature_monocytic_cell_line,0,1,0.0
potent_suppressive_property,0,1,0.0
stem_cell_factor_(scf)_receptor,0,1,0.0
nf-il-6_dna_binding_activity,0,1,0.0
lipopolysaccharide,0,1,0.0
estradiol-dependent_activation,0,1,0.0
9-mer_peptide,0,1,0.0
human_cell_partner,0,1,0.0
alzheimer's_disease,0,1,0.0
adulthood,0,1,0.0
cell-free_system,0,1,0.0
es_cell,0,1,0.0
chronic_virus_replication,0,1,0.0
t-cell_oncogenic_protein_hox11,0,1,0.0
prl_gene_expression,0,1,0.0
restriction_enzyme,0,1,0.0
viral_pathogenesis,0,1,0.0
-795_bp,0,1,0.0
fetal_hemoglobin,0,1,0.0
c._albicans,0,1,0.0
t-cell_signal_transduction,0,1,0.0
nt3r,0,1,0.0
allosteric_drug,0,1,0.0
ebna2_positive_cell_extract,0,1,0.0
lymphocyte_culture,0,1,0.0
human_gm-csf_promoter,0,1,0.0
g0/g1,0,1,0.0
human_mhc_class_ii_gene,0,1,0.0
aged_long-distance_runner,0,1,0.0
jun-d,0,1,0.0
local_cellular_immune_response,0,1,0.0
adp,0,1,0.0
t(11;17)(q23;q21),0,1,0.0
map-erk_cascade,0,1,0.0
[3h]ru-1881,0,1,0.0
glutathione_precursor,0,1,0.0
nf_kappa_b_induction,0,1,0.0
non-specific_manner,0,1,0.0
logarithmic_growth_phase,0,1,0.0
42_bp_fragment,0,1,0.0
residue_418,0,1,0.0
cd44_induction,0,1,0.0
tyr477,0,1,0.0
peripheral_t_cell,0,1,0.0
viral_clearance,0,1,0.0
steroid-mr_complex,0,1,0.0
transcriptional_silencer,0,1,0.0
mammalian_cell,0,1,0.0
gr-mediated_response,0,1,0.0
scrambled_sequence,0,1,0.0
pao,0,1,0.0
supt,0,1,0.0
synergistic_activation,0,1,0.0
thymocyte_maturation,0,1,0.0
human_immunodeficiency_virus_type_1_(hiv-1)_long_terminal_repeat,0,1,0.0
il-4-positive_t_cell,0,1,0.0
icam-1/beta_2_integrin-dependent_fashion,0,1,0.0
cytokine_interleukin-2,0,1,0.0
adenoidal_tissue,0,1,0.0
3'_c,0,1,0.0
prolactin_receptor,0,1,0.0
dna-bound_stat6,0,1,0.0
multicomponent_cytokine_receptor,0,1,0.0
a1,0,1,0.0
ikk_complex,0,1,0.0
nf_kappa_b_site,0,1,0.0
hepatic_nuclear_factor_3_beta,0,1,0.0
transcription_(stat)_protein,0,1,0.0
kappa_b_binding_motif,0,1,0.0
exogenous_c-fos,0,1,0.0
zxdb_loci,0,1,0.0
nuclear_factor_for_activated_t_cell,0,1,0.0
polyamine_metabolism,0,1,0.0
nf-_kappab,0,1,0.0
nf-kappa_b_accumulation,0,1,0.0
anti-cd4_mab,0,1,0.0
de_anti-bcr1/25_t_cell_clone,0,1,0.0
downstream_tata_element,0,1,0.0
b_cell-specific_promoter,0,1,0.0
hiv_kappa_b_site,0,1,0.0
dna-receptor_complex_formation,0,1,0.0
dilution_analysis,0,1,0.0
ras_effector_molecule,0,1,0.0
lymphocyte_gcii,0,1,0.0
y315,0,1,0.0
nuclear_stat_protein,0,1,0.0
binding_capacity,0,1,0.0
human_jurkat_t_cell,0,1,0.0
tumor_necrosis_factor_receptor-activated_factor_6,0,1,0.0
hemin_induction,0,1,0.0
nuclear_factor_kappab_(nf-kappab)-inducing_kinase,0,1,0.0
metabolism,0,1,0.0
mapk_kinase,0,1,0.0
pge2_modulation,0,1,0.0
circulating_human_mononuclear_leukocyte,0,1,0.0
nuclear_factor.kappa_b,0,1,0.0
basal_activity,0,1,0.0
chromosome_17p,0,1,0.0
cemx174_cell,0,1,0.0
activation-induced_expression,0,1,0.0
element_alpha/delta_1,0,1,0.0
srf_binding_site,0,1,0.0
freshly_isolated_t_cell,0,1,0.0
ad5,0,1,0.0
tgase,0,1,0.0
cytoplasmic_inhibitory_molecule,0,1,0.0
cpkc-alpha,0,1,0.0
b_cell-specific_enhancer_elements,0,1,0.0
ecori_digested_chromosome_5_library,0,1,0.0
nf-kappab/nfat_protein,0,1,0.0
human_t_lymphoblastic_tumor_cell_line,0,1,0.0
atopic_dermatitis,0,1,0.0
ig_gene_superfamily,0,1,0.0
oxidizing_agent,0,1,0.0
1g11,0,1,0.0
th1_cell,0,1,0.0
unstimulated_t_lymphocyte,0,1,0.0
death_ligand,0,1,0.0
single-positive_population,0,1,0.0
tnf-alpha_independent,0,1,0.0
in_vitro_transformation,0,1,0.0
rar-alpha,0,1,0.0
km,0,1,0.0
nf-kappa_b_heterodimer,0,1,0.0
steroid_addition,0,1,0.0
endogenous_ifn_activity,0,1,0.0
point_mutation,0,1,0.0
usf-related_transcription_factor,0,1,0.0
human_dendritic_cell,0,1,0.0
lps-stimulated_human_monocytic_cell_line,0,1,0.0
c/ebp_family,0,1,0.0
affinity,0,1,0.0
cd57+_cell,0,1,0.0
c-fos_and_jun_b_mrna,0,1,0.0
pml,0,1,0.0
cos7_cell,0,1,0.0
nf-kappa_b_(p50/p50)_homodimer,0,1,0.0
xenotransplanted_tissue,0,1,0.0
bi-_or_multi-functional_domain_protein,0,1,0.0
cd336,0,1,0.0
basic_region/leucine_zipper_(bzip)_dna-binding,0,1,0.0
nf-at1_transcription_factor_complex,0,1,0.0
human_cd14-transfected_chinese_hamster_ovary_fibroblast,0,1,0.0
stat_1,0,1,0.0
phase_s,0,1,0.0
iarc_301,0,1,0.0
herpesvirus_saimiri,0,1,0.0
i_kappa_b_alpha_phosphorylation,0,1,0.0
ppar_activator,0,1,0.0
apoptosis-resistant_t-cell_transfectant,0,1,0.0
autoregulatory_loop,0,1,0.0
tumorigenesis,0,1,0.0
tf_gene,0,1,0.0
elf1,0,1,0.0
6_kilobases_(kb)_upstream,0,1,0.0
protein_kinase_c_inhibitor,0,1,0.0
non-consensus_gas_motif,0,1,0.0
b_cell-specific_transcriptional_activity,0,1,0.0
palindromic_thyroid_hormone_responsive_element,0,1,0.0
human_prointerleukin_1_beta_(proil-1_beta)_gene,0,1,0.0
alpha-tcp-induced_decrease_in_activation,0,1,0.0
monocytes/macrophages,0,1,0.0
t(15;17)_translocation,0,1,0.0
thr_alpha-ppar_heterodimer,0,1,0.0
wild-type_tsap_binding_site,0,1,0.0
nip_site,0,1,0.0
cushingoid_feature,0,1,0.0
type_b_ebv,0,1,0.0
progesterone-induced_immunosuppression,0,1,0.0
b-lymphocyte_growth_transformation,0,1,0.0
immunoglobulin_g_immune_complex,0,1,0.0
death-promoting_member,0,1,0.0
dl343,0,1,0.0
ebv_transactivators,0,1,0.0
-140_to_-92_bp,0,1,0.0
bp_-34_to_-52,0,1,0.0
t3-unresponsive_jeg-3_cell,0,1,0.0
ets-related_protein,0,1,0.0
nuclear_activated_stat3,0,1,0.0
fl_monocytic_progenitor,0,1,0.0
neutrophil_function,0,1,0.0
defective_pathway,0,1,0.0
reactivated_virus,0,1,0.0
interferon_isotype,0,1,0.0
dna_consensus_sequence,0,1,0.0
map_kinase_p38,0,1,0.0
il-6_kappa_b_motif,0,1,0.0
stat_pathway,0,1,0.0
thromboxane_receptor_promoter_activity,0,1,0.0
nf-kappa_b_activatio,0,1,0.0
leukemia,0,1,0.0
dapsone,0,1,0.0
retinoic_acid_receptor_(rar)-selective_antagonist,0,1,0.0
fetal_liver_culture,0,1,0.0
hashimoto's_thyroiditis,0,1,0.0
metamyelocyte,0,1,0.0
hs_i,0,1,0.0
epithelial_tumor_ag,0,1,0.0
tcrzeta_associated_molecule,0,1,0.0
v-erba_oncogene,0,1,0.0
ap1_motif,0,1,0.0
cotransfection_study,0,1,0.0
mhc_class_1_gene_expression,0,1,0.0
peptide_binding,0,1,0.0
immunoglobulin_heavy_chain_(igh)_gene,0,1,0.0
naive_th_cell,0,1,0.0
cytoplasmic_tail,0,1,0.0
bob.1/obf.1,0,1,0.0
human_host,0,1,0.0
normal_breast_ducts,0,1,0.0
megakaryocytic_feature,0,1,0.0
upstream_site,0,1,0.0
phosphotyrosine_phosphatase_activity,0,1,0.0
heterotrimeric_nfatp,0,1,0.0
th_development,0,1,0.0
tcr_constant_region_c_beta_1,0,1,0.0
rbp-jkappa-binding_site,0,1,0.0
conformational_change,0,1,0.0
cell-cycle_motif,0,1,0.0
vdr_expression,0,1,0.0
pentazocine,0,1,0.0
epstein-barr_viral_dna,0,1,0.0
dominant-negative_version,0,1,0.0
ppargamma_activation,0,1,0.0
aids_iblp_tumor,0,1,0.0
virus-infected_human_t_cell_line,0,1,0.0
ifnalpha,0,1,0.0
lysp100_structure,0,1,0.0
protein-protein_interaction,0,1,0.0
hgata-3_expression_plasmid,0,1,0.0
galectin-3_level,0,1,0.0
tissue-specific_down-regulation,0,1,0.0
platelet-activating_factor,0,1,0.0
two-dimensional_gel_electrophoresis_system,0,1,0.0
fetal_development,0,1,0.0
b_cell-specific_coactivator,0,1,0.0
cd4_positive_t_cell,0,1,0.0
cd4_coreceptor,0,1,0.0
viral_transcriptional_transactivator,0,1,0.0
maximal_binding_capacity,0,1,0.0
mouse_srg3,0,1,0.0
minimal_repression_domain,0,1,0.0
electrophoretic_mobility_shift_assay,0,1,0.0
jurkat_t-cell_line,0,1,0.0
bandshift_experiment,0,1,0.0
ebs2,0,1,0.0
b-1_lymphocyte,0,1,0.0
murine_nfatp,0,1,0.0
sivmac239,0,1,0.0
serum_testosterone_concentration,0,1,0.0
ciita-independent,0,1,0.0
l227,0,1,0.0
limiting-dilution_analysis,0,1,0.0
bzlf1-encoded_transcription_factor,0,1,0.0
subject,0,1,0.0
celiac_sprue,0,1,0.0
destructive_mechanism,0,1,0.0
immunoglobulin_kappa_3'_enhancer,0,1,0.0
neutrophilic_granulocyte,0,1,0.0
cd4_transduction_pathway,0,1,0.0
viral_cycle,0,1,0.0
htlv-i-associated_disease,0,1,0.0
cytokine_stimulation,0,1,0.0
2'-5'_oligoadenylate_synthetase,0,1,0.0
a/r,0,1,0.0
cytokine_inducible,0,1,0.0
fas_ligation,0,1,0.0
octamer-binding_factor,0,1,0.0
1_cytokine,0,1,0.0
recombinant_adeno-associated_virus,0,1,0.0
immunohistochemical_study,0,1,0.0
pc4,0,1,0.0
il-1beta_production,0,1,0.0
pma/iono-stimulated_il-2_transcription,0,1,0.0
differentiation-blocked_erythroblast,0,1,0.0
concomitant_inhibitory_effect,0,1,0.0
b-lymphocyte,0,1,0.0
lyme_disease,0,1,0.0
il-4-induced_effect,0,1,0.0
anti-human_aortic_ec_activity,0,1,0.0
cdc42,0,1,0.0
ros),0,1,0.0
3q21,0,1,0.0
cellular_initiator,0,1,0.0
nf_kappa_b2_motif,0,1,0.0
il-4r_alpha,0,1,0.0
vd3,0,1,0.0
allele-specific_regulation,0,1,0.0
l132_fibroblast,0,1,0.0
peptide-loaded_dendritic_cell,0,1,0.0
hematopoietic_progenitor_cell,0,1,0.0
35s-methionine_labelled_protein,0,1,0.0
fetal_liver,0,1,0.0
apoptotic_vsmc-myc_cell,0,1,0.0
tumor_development,0,1,0.0
acute_ethanol_treatment,0,1,0.0
5'_sequence,0,1,0.0
purified_tax,0,1,0.0
vincristine,0,1,0.0
non-cytokine_gene,0,1,0.0
six_viral_nuclear_antigen,0,1,0.0
ifn-alpha5,0,1,0.0
cd95_ligand,0,1,0.0
steroid-responsive_cell,0,1,0.0
hiv_genomic_rna,0,1,0.0
gssg_action,0,1,0.0
plasma_anh_level,0,1,0.0
transient_increase,0,1,0.0
decidualization,0,1,0.0
alternative_promoter_site,0,1,0.0
cell_membrane,0,1,0.0
il-5_receptor,0,1,0.0
egr-1_transcription,0,1,0.0
genital_hsv-2_lesion,0,1,0.0
major_histocompatibility_complex_class_ii,0,1,0.0
ap-1_activity,0,1,0.0
t_cell_surface_molecule,0,1,0.0
type_a_ebv,0,1,0.0
gssg_deficiency,0,1,0.0
lymphoid_enhancer-binding_factor_1,0,1,0.0
"monocytoid_(u937,thp-1)_cell_lines",0,1,0.0
index_absorptive_hypercalciuric_patient,0,1,0.0
proliferating_cell,0,1,0.0
c-raf-induced_phosphorylation,0,1,0.0
exocytosis,0,1,0.0
hla_stabilization_experiment,0,1,0.0
positive_regulatory_region,0,1,0.0
hiv-1_latency_reactivation,0,1,0.0
cd28-dependent_elevation,0,1,0.0
early_growth_response_1_(egr-1)_gene,0,1,0.0
heart_disease,0,1,0.0
octamer-binding_(oct)_protein,0,1,0.0
ap-1/octamer,0,1,0.0
signal_transduction_study,0,1,0.0
antiatherogenic_effect,0,1,0.0
myeloid-specific_factor,0,1,0.0
cbf_alpha_subunit,0,1,0.0
gamma-ifn_inducible_dna_binding_activity,0,1,0.0
monocyte-derived_il-1beta,0,1,0.0
fibromyalgia,0,1,0.0
phorbol_12-myristate_13-acetate_(pma)/alpha-cd28_stimulation,0,1,0.0
heteromeric_kappa_b-binding_complex,0,1,0.0
p40-kappab_site,0,1,0.0
icer,0,1,0.0
gsh_level,0,1,0.0
monocytic_phenotype,0,1,0.0
dq8,0,1,0.0
cd437,0,1,0.0
stat_serine_phosphorylation,0,1,0.0
u937_macrophage_cell_line,0,1,0.0
il2r_gamma,0,1,0.0
kappab_dna_binding_activity,0,1,0.0
receptor_level,0,1,0.0
anti-cd3_mab-induced_proliferation,0,1,0.0
nf-kappa_b-related_transcription_factor,0,1,0.0
human_toll-like_receptor_2_(tlr2),0,1,0.0
vzv_ge-hsv,0,1,0.0
nf-kappa_b/rel_transcription_factor,0,1,0.0
hsv-2_vp16_protein,0,1,0.0
egr-1_rna,0,1,0.0
tur_cell,0,1,0.0
various_dna,0,1,0.0
luciferase_assay,0,1,0.0
t_helper_cell,0,1,0.0
staurosporine,0,1,0.0
cultured_human_endothelial_cell,0,1,0.0
mutated_p-like_element,0,1,0.0
vitro-cultured_t_cell,0,1,0.0
p39c-jun,0,1,0.0
octamer-dependent_enhancer,0,1,0.0
reactive_intermediate,0,1,0.0
gata-3,0,1,0.0
multiple_dna-protein_complex,0,1,0.0
transcription_activity,0,1,0.0
nuclear_translocation_signal,0,1,0.0
architectural_protein,0,1,0.0
ifn_regulatory_factor_1_promoter,0,1,0.0
xanthine_oxidase,0,1,0.0
bcl-2+_cell,0,1,0.0
burkitt_lymphoma_cell_line,0,1,0.0
nk_cell-mediated_ec_activation,0,1,0.0
bacterial_pathogen,0,1,0.0
latent_growth-transforming_infection,0,1,0.0
ebna2,0,1,0.0
simian_ebv,0,1,0.0
metabolic_step,0,1,0.0
differentiation_stage,0,1,0.0
tnf-alpha_mrna_level,0,1,0.0
myeloid_blast_cell,0,1,0.0
anti-cd28_mab,0,1,0.0
monocyte_infiltration,0,1,0.0
nt_4519_to_4545,0,1,0.0
normal_t_lymphocyte,0,1,0.0
adaptor_molecule,0,1,0.0
transforming_ability,0,1,0.0
normal_adult_hematopoiesis,0,1,0.0
human_breast_cancer_cell_line,0,1,0.0
cell_surface_cd4,0,1,0.0
jak-1-deficient_hela_cell,0,1,0.0
re/ap,0,1,0.0
transwell_system,0,1,0.0
ikk_activity,0,1,0.0
t_cell_model_system,0,1,0.0
junb_phosphorylation,0,1,0.0
defensin,0,1,0.0
18-deoxy-19-noraldosterone,0,1,0.0
transcriptional_regulating_protein,0,1,0.0
-512_to_+40_lmp1_dna,0,1,0.0
human_beta-globin,0,1,0.0
porphyromonas_gingivalis_lipopolysaccharide,0,1,0.0
"nucleotide_2,317",0,1,0.0
3h-tdr_incorporation,0,1,0.0
human_immunodeficiency_virus_type_1_infection,0,1,0.0
screening_system,0,1,0.0
pat_133,0,1,0.0
donor's_somatic_dna,0,1,0.0
tcf_transcription,0,1,0.0
stat3_antibody,0,1,0.0
c-fos_production,0,1,0.0
mitogenic_pair,0,1,0.0
tax-response_element,0,1,0.0
primary_leukemic_cell,0,1,0.0
loss-of-function_mutation,0,1,0.0
transcription-activating_domain,0,1,0.0
p100-mediated_cytoplasmic_sequestration,0,1,0.0
platelet-activating_factor_(paf)-_receptor_antagonist,0,1,0.0
ki-67,0,1,0.0
thymus-derived_lymphocyte,0,1,0.0
enhancer-blocking_element,0,1,0.0
sv40_core_sequence,0,1,0.0
il-1_beta_gene,0,1,0.0
suramin,0,1,0.0
footprinted_binding_site,0,1,0.0
intracellular_signaling_pathway,0,1,0.0
binding_motif,0,1,0.0
membrane_vesicle,0,1,0.0
b-cell_line,0,1,0.0
monocytic_i_kappa_b_alpha/mad-3_mrna_level,0,1,0.0
radioligand,0,1,0.0
pmn,0,1,0.0
lps-mediated_viral_production,0,1,0.0
human_ige_germline_promoter,0,1,0.0
nuclear_factor_of_activated_t_lymphocytes_(nfat)-induced_fas_ligand_transcription,0,1,0.0
neuronal_nos,0,1,0.0
pu-sf_complex,0,1,0.0
u2_snrna-encoding_gene_activation,0,1,0.0
proline-rich_region,0,1,0.0
novel_b_cell-derived_coactivator,0,1,0.0
benzene_induction,0,1,0.0
extrathymic_development,0,1,0.0
protoenhancer,0,1,0.0
hl-60_myelomonocytic_differentiation,0,1,0.0
abelson_murine_leukemia_virus,0,1,0.0
chicken_nf-m,0,1,0.0
elderly_subject,0,1,0.0
p94,0,1,0.0
murine_erythroleukemia_cell,0,1,0.0
organ_infitration,0,1,0.0
oligonucleotide_sequence,0,1,0.0
503-amino-acid-long_acidic_protein,0,1,0.0
inflammatory_pathway,0,1,0.0
downstream_effector,0,1,0.0
retinoblastoma_family,0,1,0.0
human_aortic_ec,0,1,0.0
hla-dr/-dq_positive_parental_cell_line,0,1,0.0
lam,0,1,0.0
primary_human_blood_lymphocyte,0,1,0.0
40_kb_upstream,0,1,0.0
cis-linked_cat_gene,0,1,0.0
microbicidal_pathway,0,1,0.0
eukaryotic_dna-binding_protein,0,1,0.0
oct-2_expression_vector,0,1,0.0
ngal_gene,0,1,0.0
fasl_promoter,0,1,0.0
serine_phosphorylation,0,1,0.0
fetal-to-adult_globin_gene_switching,0,1,0.0
platelet_integrin,0,1,0.0
obf-1,0,1,0.0
yeast_two-hybrid_screen,0,1,0.0
negative_regulatory_element,0,1,0.0
il-5_stimulation,0,1,0.0
defective_nuclear_translocation,0,1,0.0
nuclear_complex,0,1,0.0
mitotic_signaling,0,1,0.0
ikk-beta,0,1,0.0
activator_protein_(ap)-1_family_protein,0,1,0.0
p105/p50,0,1,0.0
anti-inflammatory_(non_t)_effect,0,1,0.0
cd1a+cell,0,1,0.0
anti-igm_crosslinking,0,1,0.0
myeloid_cell_development,0,1,0.0
elongation_block,0,1,0.0
transfection_and_assay,0,1,0.0
corticosteroid_receptor_characteristic,0,1,0.0
cd3_mab,0,1,0.0
hematopoietic_cell-specific_transcription_factor,0,1,0.0
recombinant_hugata-3,0,1,0.0
childhood_b_lineage_leukemia,0,1,0.0
mouse_osteocalcin_gene,0,1,0.0
epo-responsiveness,0,1,0.0
ebna-2-positive_cell_line,0,1,0.0
wild-type_shp2,0,1,0.0
human_jurkat_lymphoblastic_t_cell,0,1,0.0
interleukin-2_il-2_receptor_beta-chain,0,1,0.0
ebna-2_responsiveness,0,1,0.0
coping_strategy,0,1,0.0
human_granulocyte_macrophage-colony_stimulating_factor,0,1,0.0
upregulation,0,1,0.0
tartrate-resistant_acid_phosphatase-positive_osteoclast-like_multinucleated_giant_cell,0,1,0.0
ethidium_bromide,0,1,0.0
il-9_promoter_activity,0,1,0.0
damaged_blood_vessel,0,1,0.0
nf-kappa_b_domain,0,1,0.0
bacterially-produced_mr_construct,0,1,0.0
cathepsin_g-stimulated_platelet,0,1,0.0
nontolerant_cell,0,1,0.0
human_bruton's_agammaglobulinemia_tyrosine_kinase_gene,0,1,0.0
quiescent_human_b-lymphocyte,0,1,0.0
tyrosine_phosphatase_specific_inhibitor,0,1,0.0
nfatp,0,1,0.0
biological_oxidation,0,1,0.0
autocrine_mechanism,0,1,0.0
pu.1_ggaa_core_sequence,0,1,0.0
phospholipid_analysis,0,1,0.0
primary_macrophage_culture,0,1,0.0
jm_t_cell,0,1,0.0
human_thymus,0,1,0.0
p50/p105-nf-kappa_b,0,1,0.0
gr_affinity,0,1,0.0
nuclear_factor-il-6beta-ig/ebp-1_heterodimer,0,1,0.0
lyonization,0,1,0.0
immunohistochemical_evidence,0,1,0.0
retroviral_particle,0,1,0.0
picornavirus,0,1,0.0
1053_base_pairs_upstream,0,1,0.0
hiv-infected_adult,0,1,0.0
memory_(cd45ro+)_cell,0,1,0.0
leukemic_dna,0,1,0.0
ebna2_responsive_element,0,1,0.0
human_monocyte_cell_line_thp-1,0,1,0.0
cyto-differentiating_treatment,0,1,0.0
vascular_wall_cell,0,1,0.0
alpha-tcp,0,1,0.0
"regulated_upon_activation,_normal_t_cell_expressed_and_secreted",0,1,0.0
alternative_splicing,0,1,0.0
elk-1_gene,0,1,0.0
c-terminal_sh2_domain,0,1,0.0
92-bp_cd11b_promoter,0,1,0.0
hs1_phosphorylation,0,1,0.0
il-12_heterodimer,0,1,0.0
mammary_tissue,0,1,0.0
epstein-barr_virus_(ebv)_latency,0,1,0.0
phospholipase_c-gamma1,0,1,0.0
ifn-gamma-producing_cell,0,1,0.0
sp-1_consensus_sequence,0,1,0.0
dna_binding_protein,0,1,0.0
metal_gold,0,1,0.0
ews/fli-1_fusion_protein,0,1,0.0
lt-293_cat_activity,0,1,0.0
transcriptional_regulator,0,1,0.0
ba/f3,0,1,0.0
organized_tissue_microenvironment,0,1,0.0
e2f-1/dp1_complex,0,1,0.0
nf_kappa_b_enhance,0,1,0.0
hla_class_ii_antigen,0,1,0.0
hormone-inducible_trans-activating_protein,0,1,0.0
glutathione_synthesis,0,1,0.0
cortisol,0,1,0.0
immunologic_parameter,0,1,0.0
corticosteroid,0,1,0.0
au_motif,0,1,0.0
sucrose_gradient_fraction,0,1,0.0
genetically_modified_hematopoietic_stem_cell,0,1,0.0
17_beta-hydroxysteroid_dehydrogenase,0,1,0.0
human_pbmc,0,1,0.0
sp1-binding_site,0,1,0.0
immunoprecipitation_study,0,1,0.0
uracil-dna_glycosylase_(udg)_gene,0,1,0.0
differentiation/activation_stimuli,0,1,0.0
viral_gene_regulatory_mechanism,0,1,0.0
stage_selector_activity,0,1,0.0
gssg,0,1,0.0
nf-kappa_b_binding_motif,0,1,0.0
cd4(+)_t-cell_clone,0,1,0.0
untreated_hl-60_cell,0,1,0.0
baby,0,1,0.0
tax-responsive_element-1,0,1,0.0
oct-2b,0,1,0.0
monocyte_recruitment,0,1,0.0
15b-7_cdna,0,1,0.0
antitumor_immunity,0,1,0.0
reverse_transcription_nested_polymerase_chain_reaction,0,1,0.0
p-creb,0,1,0.0
alphaiib_subunit_heavy_chain,0,1,0.0
galectin-3_expression,0,1,0.0
hydrophobicity,0,1,0.0
adenovirus_gene_therapy_vector,0,1,0.0
htlv-1-transfected_t_lymphocyte,0,1,0.0
"1,100_amino_acid",0,1,0.0
myeloid-_and_b-cell_specific_transcription_factor,0,1,0.0
histocompatibility_complex_class_ii-associated_invariant-chain_gene,0,1,0.0
cyclin_e-dependent_kinase_activity,0,1,0.0
early_b-lymphoid_progenitor,0,1,0.0
cd14_mrna,0,1,0.0
mantle_zone_b_cell,0,1,0.0
hlh-2,0,1,0.0
matrix-associated_region,0,1,0.0
mouse_t-cell_line_ctll-2,0,1,0.0
g1-to-s_phase,0,1,0.0
nuclear_factor_of_activated_t_cell_(nfat)_family_members,0,1,0.0
alternating_rcgcrygcgy_consensus,0,1,0.0
splenocyte_blastogenic_response,0,1,0.0
trans-activating_domain,0,1,0.0
virus-infected_cell,0,1,0.0
ras-dependent_manner,0,1,0.0
complement_c5a,0,1,0.0
anti-cd2-mediated_activation,0,1,0.0
staurosporine-sensitive_kinase,0,1,0.0
hiv_ltr_cat,0,1,0.0
lineage-specific_gene,0,1,0.0
aml-1_protein,0,1,0.0
x-linked_combined_immunodeficiency_disease,0,1,0.0
virus_reactivation,0,1,0.0
hemorrhagic_shock,0,1,0.0
lymphoma_cell,0,1,0.0
staphylococcal_enterotoxin_b,0,1,0.0
protein_kinase_a_signaling_pathway,0,1,0.0
ra_sensitivity,0,1,0.0
large_case-control_study,0,1,0.0
bp2,0,1,0.0
calcium-activated_ie_gene_induction,0,1,0.0
specific_complex,0,1,0.0
ces-2_cell-death_specification_protein,0,1,0.0
fc_gamma_riia_cross-linking,0,1,0.0
abl_sh3-interacting_protein,0,1,0.0
untreated_euthymic_patient,0,1,0.0
ym268,0,1,0.0
genomic_clone,0,1,0.0
simian_ebv_lmp1,0,1,0.0
hiv-1-infected_patient,0,1,0.0
32-34_kda_protein,0,1,0.0
iv_dosing,0,1,0.0
7-base-pair_mutation,0,1,0.0
putative_guanine_nucleotide_exchange_domain,0,1,0.0
mediating_diverse_immune_response,0,1,0.0
immune_activation,0,1,0.0
dna_binding_subunit,0,1,0.0
cd4-cd8-_t_lymphocyte,0,1,0.0
stimulated_endothelial_cell,0,1,0.0
pfp9a20,0,1,0.0
viral_reactivation,0,1,0.0
sscp,0,1,0.0
polyamine,0,1,0.0
unlabeled_amplicon,0,1,0.0
erythropoietin-induced_erythroid_differentiation,0,1,0.0
hyaluronan,0,1,0.0
b_cell-specific_gene,0,1,0.0
cloning,0,1,0.0
g0s2_expression,0,1,0.0
il-10_pre-treatment,0,1,0.0
signaling_pathway_molecule_analysis,0,1,0.0
atd,0,1,0.0
memory_t_cell,0,1,0.0
3-methylcholanthrene,0,1,0.0
serine/threonine_kinase_akt/pkb,0,1,0.0
murine_c-fos_promoter,0,1,0.0
chronic_autoimmune_inflammatory_disease,0,1,0.0
hmds,0,1,0.0
cml_cell,0,1,0.0
gp_ib_alpha_promoter,0,1,0.0
mineralocorticoid_action,0,1,0.0
mzf-2,0,1,0.0
fas-fas_ligand_interaction,0,1,0.0
jun_phosphorylation,0,1,0.0
il-4-induced_nuclear-activating_factor,0,1,0.0
'latency_i',0,1,0.0
non-proliferating_cell,0,1,0.0
chromosomal_translocation,0,1,0.0
phorbol_ester-induced_differentiation,0,1,0.0
il-2_promoter_factor,0,1,0.0
class_ii_determinant,0,1,0.0
trans-activating_effect,0,1,0.0
pkc-zeta(mut),0,1,0.0
mrp14_promoter,0,1,0.0
tissue-specific_primary_transcriptional_response,0,1,0.0
lt-293_activity,0,1,0.0
3-o-mg,0,1,0.0
heterotrans-activation,0,1,0.0
fetal_liver_library,0,1,0.0
ca2+/calmodulin-dependent_protein_kinase_iv,0,1,0.0
mature_erythrocyte,0,1,0.0
adapter_molecule,0,1,0.0
affinity_receptor,0,1,0.0
il-4-induced_gene_transcription,0,1,0.0
-200_to_-100_bp,0,1,0.0
rel-related_65-kd_protein,0,1,0.0
glyocophorin_a,0,1,0.0
il-1rii_gene,0,1,0.0
basic_helix-loop-helix_(bhlh)_protein,0,1,0.0
ifn_a,0,1,0.0
[3h]thymidine_incorporation,0,1,0.0
lncap_human_prostate_cancer_cell,0,1,0.0
il-9_gene_expression,0,1,0.0
cyclin-dependent_kinase_4,0,1,0.0
sickle_erythrocyte,0,1,0.0
unilineage_differentiation,0,1,0.0
blk,0,1,0.0
ccaat-box_binding_factor,0,1,0.0
iso,0,1,0.0
markers_of_differentiation,0,1,0.0
secondary_neutrophilia,0,1,0.0
computer_algorithm,0,1,0.0
intracellular_ca2+_concentration,0,1,0.0
e2a_protein_expression,0,1,0.0
paxillin,0,1,0.0
thymus-dependent_humoral_immune_response,0,1,0.0
memory_phenotype,0,1,0.0
il-12_receptor_(il-12r)_beta_2_subunit,0,1,0.0
escherichia_coli_lipopolysaccharide,0,1,0.0
human_adenovirus,0,1,0.0
neuroectodermal_origin,0,1,0.0
cellular_stimulation,0,1,0.0
5'-end_termini,0,1,0.0
hhv-8,0,1,0.0
corneal_endothelium,0,1,0.0
thyroid_function,0,1,0.0
50-kda_hlp-1_protein,0,1,0.0
trans-disulfide,0,1,0.0
il-5_gene,0,1,0.0
regulatory_pathway,0,1,0.0
receptor-associated_protein_kinase,0,1,0.0
tcr-beta,0,1,0.0
47.10_cell,0,1,0.0
normal_blood_donor,0,1,0.0
p56(lck),0,1,0.0
men,0,1,0.0
qr,0,1,0.0
nf,0,1,0.0
nephropathies,0,1,0.0
glycosylphosphatidylinositol-linked_antigen,0,1,0.0
adult_chronic_bronchitis,0,1,0.0
non-b_lymphoma,0,1,0.0
interleukin-6,0,1,0.0
ets_member,0,1,0.0
tumor_suppressor,0,1,0.0
antigen-processing_pathway,0,1,0.0
i_kappa_b_alpha/mad-3_gene_transcription,0,1,0.0
unwanted_cell,0,1,0.0
membrane-proximal_proline-rich_sequence_motif,0,1,0.0
nf-kappab-regulated_promoter,0,1,0.0
loss-_and_gain-of-function_mutation,0,1,0.0
gata-binding_protein_family_member,0,1,0.0
tcr_beta_enhancer,0,1,0.0
consensus_motif,0,1,0.0
t-cell_regulatory_cytokine,0,1,0.0
signal_transducers_and_activators_of_transcription_(stat)_6,0,1,0.0
blood-brain_barrier,0,1,0.0
binding_sequence,0,1,0.0
antigenic_challenge,0,1,0.0
nf-kappab_induction,0,1,0.0
peripheral_lymphocyte_receptor,0,1,0.0
philadelphia_chromosome,0,1,0.0
nm23_expression,0,1,0.0
ferritin_h-chain_gene_promoter,0,1,0.0
low-dose_il-3/gm-csf,0,1,0.0
mouse_hybridoma,0,1,0.0
ap1_transcription_factor,0,1,0.0
monocyte_adhesion,0,1,0.0
bone_mineralization,0,1,0.0
major_histocompatibility_class_ii_gene,0,1,0.0
breast_tumor_associated_lymphocyte,0,1,0.0
sp1_concatamer,0,1,0.0
23_amino_acid,0,1,0.0
ifn-stimulated_gene_factor_3_transcription_factor_complex,0,1,0.0
lcl,0,1,0.0
ocim1_cell,0,1,0.0
leukocyte-derived_oxidant,0,1,0.0
steady-state_immunoglobulin_heavy-chain_mrna,0,1,0.0
tat_cdna,0,1,0.0
nf-kappab-dependent_up-regulation,0,1,0.0
cytokine_signal_network,0,1,0.0
il-3-regulated_factor,0,1,0.0
814_bp_upstream,0,1,0.0
s._cerevisiae,0,1,0.0
complete_haematological_remission,0,1,0.0
growth_factor-beta,0,1,0.0
vpr_product,0,1,0.0
multiple_myeloma,0,1,0.0
dna_response_element,0,1,0.0
pparbeta,0,1,0.0
primitive_hpc,0,1,0.0
sds-polyacrylamide_gel_electrophoresis,0,1,0.0
cytokine_signaling,0,1,0.0
murine_t_cell,0,1,0.0
gata3_gene_regulation,0,1,0.0
asymmetric_division,0,1,0.0
htlv-i-negative_human_t-cell_line,0,1,0.0
rnaase,0,1,0.0
toxic_shock_syndrome_toxin-1,0,1,0.0
hla_class_i,0,1,0.0
dihydrofolate_reductase_gene_homolog,0,1,0.0
delta-domain,0,1,0.0
relb,0,1,0.0
bacterial_surface,0,1,0.0
mutant_line,0,1,0.0
anti-cd3-induced_proliferation,0,1,0.0
"15-deoxy-delta(12,14)-prostaglandin_j(2)",0,1,0.0
human_promyelocytic_leukemia_cell,0,1,0.0
nuclear_export_signal,0,1,0.0
th1,0,1,0.0
rat_t-cell_line,0,1,0.0
beta-like_globin_cluster,0,1,0.0
thyroid_disease,0,1,0.0
dna_binding_assay,0,1,0.0
acute_phase_protein,0,1,0.0
polyomavirus_enhancer-binding_protein_2,0,1,0.0
unilateral_x_inactivation,0,1,0.0
antiinflammatory_mechanism,0,1,0.0
mature_t_lymphocyte,0,1,0.0
human_vacuolar_h(+)-atpase,0,1,0.0
eklf-/-_es_cell,0,1,0.0
p45_nf-e2,0,1,0.0
beta-galactosidase_gene,0,1,0.0
lt_gene_expression,0,1,0.0
chemically_induced_erythroid_differentiation,0,1,0.0
myelogenous_leukemia_1-evi1_fusion,0,1,0.0
nf-kappab-directed_transcription,0,1,0.0
female,0,1,0.0
interleukin-2_receptor_alpha-chain_enhancer,0,1,0.0
immunogenetic_basis,0,1,0.0
5'hs1-5,0,1,0.0
hemizygosity,0,1,0.0
mycobacterial_cell_wall,0,1,0.0
dhea_receptor,0,1,0.0
low-level_expression,0,1,0.0
glioblastoma_cell,0,1,0.0
immediate-early_gene,0,1,0.0
macrophage_inflammatory_protein-1alpha,0,1,0.0
oxidant-induced_nf-kappa_b_activation,0,1,0.0
proteasome_activity,0,1,0.0
nuclear_run-on_assay,0,1,0.0
tcl1_and_mtcp1_putative_oncogene,0,1,0.0
dr_alpha_proximal_promoter,0,1,0.0
nuclear_factor_kappa_b_subunit_p65_mrna,0,1,0.0
il-2_mrna_expression,0,1,0.0
hbx-specific_peptide_elisa,0,1,0.0
e1a_transfection,0,1,0.0
interleukin_10,0,1,0.0
pathological_model,0,1,0.0
cell_lipid,0,1,0.0
chronic_hepatitis,0,1,0.0
exogenous_fibrinogen,0,1,0.0
autosomal_xy_sex_reversal,0,1,0.0
oct-2_expression,0,1,0.0
il-12r_beta_2_expression,0,1,0.0
delta19_beta-catenin_mutant,0,1,0.0
cd3-cd16+_cell,0,1,0.0
th2-associated_cytokine,0,1,0.0
heterodimeric_activator_protein-1_transcription_complex,0,1,0.0
p72,0,1,0.0
fasl_promoter-dependent_reporter_constructs,0,1,0.0
granulocytic/neutrophillic_differentiation,0,1,0.0
xist_transcription,0,1,0.0
pbl,0,1,0.0
il-6-mediated_mm_cell_growth,0,1,0.0
amlcg86/92_protocol,0,1,0.0
long-term_phorbol_12_myristate_13-acetate_treatment,0,1,0.0
tcp_succinate,0,1,0.0
tyr427,0,1,0.0
stat5_recruitment,0,1,0.0
pmn_infiltration,0,1,0.0
e1a-_adenovirus_(ad)_type_2-,0,1,0.0
gene_regulatory_(e_box)_sequence,0,1,0.0
truncated_form_of_p85,0,1,0.0
haematopoiesis,0,1,0.0
microgranular_variant,0,1,0.0
between_glutamine-rich_regions_2_and_3,0,1,0.0
normal_peripheral_blood,0,1,0.0
tax1-related_antigen_molecule,0,1,0.0
calyculin_a,0,1,0.0
wild-type_cem_cell,0,1,0.0
cadmium_treatment,0,1,0.0
cell-specific_heterogeneity,0,1,0.0
nodal_involvement,0,1,0.0
tramp,0,1,0.0
microe5/kappa_2_motif,0,1,0.0
il-16,0,1,0.0
rel-/-_splenic_t_cell_culture,0,1,0.0
neuroendocrine_cell,0,1,0.0
immunosuppressive_agents,0,1,0.0
socs/cis/ssi_family,0,1,0.0
burkitt's_cell_line_namalwa,0,1,0.0
hsf3_dna-binding_activity,0,1,0.0
pbeta,0,1,0.0
s-x-y_regulatory_region,0,1,0.0
dexamethasone_treatment,0,1,0.0
endogenous_immunoglobulin_surrogate_light_chain_gene,0,1,0.0
"antiviral,_antiproliferative_and_immunoregulatory_activity",0,1,0.0
cd40-mediated_differentiation,0,1,0.0
late-onset_type_2_diabetes,0,1,0.0
primary_human_breast_tumor,0,1,0.0
p21,0,1,0.0
rrna_processing,0,1,0.0
recombinant_ori_lyt_element,0,1,0.0
il-2-induced_ifn-gamma_production,0,1,0.0
cooh-terminally_truncated_raralpha,0,1,0.0
cytogenetics,0,1,0.0
ap3-l_site,0,1,0.0
nfat-driven_chloramphenicol_acetyltransferase_(cat)_construct,0,1,0.0
lps-induced_tnf-alpha_factor,0,1,0.0
cellular_level,0,1,0.0
therapeutic_strategy,0,1,0.0
ap-1_mutant_construct,0,1,0.0
in_vitro_culture,0,1,0.0
1p36_under-representation,0,1,0.0
cem_c1,0,1,0.0
human_t-cell_leukemia_virus_type_1_(htlv-1)-derived_tax_trans-activator,0,1,0.0
il-2_synthesis,0,1,0.0
-516_motif,0,1,0.0
anti-cd95_ab_treatment,0,1,0.0
proteasome_inhibitor,0,1,0.0
apoplexy,0,1,0.0
mhc_class_ii_transcription_factor,0,1,0.0
tp1_promoter-reporter_gene_construct,0,1,0.0
switch_region,0,1,0.0
59-kda_protein,0,1,0.0
purified_peripheral_eosinophil,0,1,0.0
nonimmunoglobulin_gene_hypermutation,0,1,0.0
srg3_mrna,0,1,0.0
ifn-gamma_secretion,0,1,0.0
t-cell-specific_promoter_sequence,0,1,0.0
cathepsin_g,0,1,0.0
survival_mechanism,0,1,0.0
ad5e1a-peptide,0,1,0.0
endometriotic_lesion,0,1,0.0
mobility_shift,0,1,0.0
caax_deleted,0,1,0.0
gggatttcacc_motif,0,1,0.0
non-human_primate,0,1,0.0
hiv_promoter_activity,0,1,0.0
nk_cell_development,0,1,0.0
clonal_cell_growth,0,1,0.0
epstein-barr_virus_nuclear_protein_2_transactivation,0,1,0.0
inert_monomer,0,1,0.0
promoter_2,0,1,0.0
cytokine_dysregulation,0,1,0.0
purified_quiescent_human_blood_t_lymphocyte,0,1,0.0
tnf-alpha_stimulation,0,1,0.0
t_lineage-specific_expression,0,1,0.0
immunoglobulin_heavy_chain_enhancer,0,1,0.0
hla_binding_motif,0,1,0.0
lymphotropic_virus,0,1,0.0
cd40-mediated_up-regulation,0,1,0.0
alpha-naphthyl_butyrate_esterase_staining,0,1,0.0
activated_monocyte,0,1,0.0
human_prostatic_epithelial_cell,0,1,0.0
nfat_homology_domain,0,1,0.0
adult_erythroid_mel_cell,0,1,0.0
ebv_transactivating_factor,0,1,0.0
mature_b_cell,0,1,0.0
nonmyeloid_cell_type,0,1,0.0
nf-kappab-dependent_gene_expression,0,1,0.0
myb-transformed_hemopoi-etic_cell,0,1,0.0
342_nt,0,1,0.0
motheaten_mouse,0,1,0.0
e2,0,1,0.0
tissue-specific_metabolism,0,1,0.0
nf-kappa_b-dependent_gene_expression,0,1,0.0
human_th2-type_lymphocyte,0,1,0.0
precursor,0,1,0.0
1-kb_region,0,1,0.0
phosphorylated_(inactivated)_prb,0,1,0.0
activation_cascade,0,1,0.0
j393,0,1,0.0
interleukin-2_receptor_alpha_chain_expression,0,1,0.0
anti-oxidative_effect,0,1,0.0
microorganism,0,1,0.0
globin,0,1,0.0
molecular_model,0,1,0.0
nh2-terminal_kinase_activity,0,1,0.0
arnt,0,1,0.0
human_monocytic_line,0,1,0.0
deflazacort_(dfc),0,1,0.0
cll,0,1,0.0
trimester_human_pregnancy,0,1,0.0
between_exons_4_and_5,0,1,0.0
seven_exons_and_six_introns,0,1,0.0
exon_4,0,1,0.0
insulin_concentration_change,0,1,0.0
hb9_homeodomain,0,1,0.0
bcl-xl_expression,0,1,0.0
activin_a-induced_smad2_phosphorylation,0,1,0.0
200-bp_enhancer_domain,0,1,0.0
nf-kappa_b_mrna_level,0,1,0.0
native_human_erythrocyte_ndp_kinase_protein,0,1,0.0
il-8_gene,0,1,0.0
hsf2,0,1,0.0
established_human_b_cell_lymphoma_line,0,1,0.0
conditionally_transformed_erythroid_progenitors_cell,0,1,0.0
nucleotide_substitution,0,1,0.0
wehi-231,0,1,0.0
cos-1_cell,0,1,0.0
in_vivo_genomic_dms_footprinting,0,1,0.0
mifepristone,0,1,0.0
tartrate-resistant_acid_phosphatase_(trap)-positive_osteoclast-like_multinucleated_giant_cell,0,1,0.0
aids-gr_patient,0,1,0.0
zeta_2_globin_promoter,0,1,0.0
diminished_biological_effect,0,1,0.0
neutrophilic_inflammation,0,1,0.0
c-terminus,0,1,0.0
differentiation_program,0,1,0.0
tcr-induced_phosphorylation,0,1,0.0
leukemic_cell_line,0,1,0.0
osteoclast_marker,0,1,0.0
gata-1_gene_disruption,0,1,0.0
n-irak,0,1,0.0
e1a-conserved_region,0,1,0.0
human_antigen-specific_cd4+_t-cell_line,0,1,0.0
prolactin-responsive_element,0,1,0.0
tcrg,0,1,0.0
western_blotting_analysis,0,1,0.0
dtc,0,1,0.0
peptide,0,1,0.0
gamma_delta_t_cell_development,0,1,0.0
hepatitis_b_virus_core_promoter,0,1,0.0
il-6-responsive_element,0,1,0.0
il-2-driven_cell_growth,0,1,0.0
glucocorticoid-induced_membrane_perturbation,0,1,0.0
gh-induced_inhibitory_effec,0,1,0.0
caccc,0,1,0.0
e1a_conserved_region_2,0,1,0.0
flc,0,1,0.0
d5_tumor_cell,0,1,0.0
t_cell_antigen_receptor_signal,0,1,0.0
mature_macrophage,0,1,0.0
9.3,0,1,0.0
class_ii-deficient_congenital_immunodeficiency,0,1,0.0
stat_factor,0,1,0.0
ap-2_response_element,0,1,0.0
dna_topoisomerase_ii,0,1,0.0
whole-cell_method,0,1,0.0
subcellular_localization,0,1,0.0
nuclear_factor-kappa_b_factor,0,1,0.0
granulocyte-macrophage_colony-stimulating_factor_gene_expression,0,1,0.0
cbf_alpha_2-encoded_subunit,0,1,0.0
d20s42,0,1,0.0
cytokine_promoter_region,0,1,0.0
depressed_patient,0,1,0.0
aging_change,0,1,0.0
inhibin_a,0,1,0.0
gp160-mediated_activation,0,1,0.0
polymorphonuclear_cell,0,1,0.0
cd8+_t-pll,0,1,0.0
rev,0,1,0.0
cytokine_expression,0,1,0.0
c-type_lectin_receptor,0,1,0.0
"18,21-anhydroaldosterone",0,1,0.0
nfatc.alpha,0,1,0.0
interleukin-1_production,0,1,0.0
biological_characteristic,0,1,0.0
mhc_class_i_expression,0,1,0.0
ig_level,0,1,0.0
nl,0,1,0.0
lymphoma_precursor_cell,0,1,0.0
phk,0,1,0.0
cytotoxic_cytokine,0,1,0.0
multifactor_cis-dominant_negative_regulation,0,1,0.0
adult_t-cell_leukemia_cell,0,1,0.0
lsp1,0,1,0.0
brain,0,1,0.0
"differentiated,_plasma_cell-like_b_cell",0,1,0.0
b-lymphoblastoid_cell_line,0,1,0.0
il-2r_beta_chain_expression,0,1,0.0
cd4+_lymphocyte,0,1,0.0
monocytic_cell_type-specific_transcriptional_induction,0,1,0.0
mnp,0,1,0.0
kappa_b_response_element,0,1,0.0
-155_and_-193,0,1,0.0
d1/cdr2-loop,0,1,0.0
chronic_inflammatory_reaction,0,1,0.0
src_homology_2_(sh2)_domain,0,1,0.0
small_deletion_hotspot,0,1,0.0
rna_analysis,0,1,0.0
glucocorticoid-resistant_cem-c1_cell,0,1,0.0
lps-stimulated_raw_264.7_cell,0,1,0.0
transactivating_region,0,1,0.0
cellular_stress_agent,0,1,0.0
ubiquitous_nuclear_component,0,1,0.0
docking_site,0,1,0.0
highly_efficient_class_ii_processing,0,1,0.0
anti-ig_induction,0,1,0.0
tis-8,0,1,0.0
nuclear_protooncogene,0,1,0.0
human_monocyte_il-1_receptor_antagonist,0,1,0.0
gsh:oxidized_gsh_(gssg)_ratio,0,1,0.0
ifn-gamma_activation,0,1,0.0
t_alpha_1_motif,0,1,0.0
protease_inhibitor,0,1,0.0
b29_gene,0,1,0.0
phospholipase_c/protein_kinase_c_pathway,0,1,0.0
kappa_b_enhancer,0,1,0.0
t-antigen,0,1,0.0
glucocorticoid_recognition_sequence,0,1,0.0
dr._dezube,0,1,0.0
il-13ralpha1_chain,0,1,0.0
recombinant_retrovirus,0,1,0.0
beta-interferon_gene,0,1,0.0
site-directed_mutagenesis,0,1,0.0
stress,0,1,0.0
viral_evasion_mechanism,0,1,0.0
immediate/early_gene_family,0,1,0.0
peroxidase-negative_granule,0,1,0.0
gata-1_fluorescence,0,1,0.0
proteolytic_stability,0,1,0.0
cation,0,1,0.0
alternative_la_mrna,0,1,0.0
lmp1_dna_fragment,0,1,0.0
lymphoid_cem_line,0,1,0.0
class_ii_mhc_antigen,0,1,0.0
human_lymphoid_cell,0,1,0.0
oligonucleotide-directed_triple_helix_formation,0,1,0.0
ifn-alpha_therapy,0,1,0.0
dna_recombination,0,1,0.0
ebv-transformed_b_cell,0,1,0.0
sla-dra,0,1,0.0
tryptophan_photoproduct,0,1,0.0
cell_permeable_inhibitory_peptide,0,1,0.0
stimulation,0,1,0.0
hpc,0,1,0.0
cell_lineage,0,1,0.0
major_depression,0,1,0.0
entamoeba_histolytica_infection,0,1,0.0
programmed_cell_death,0,1,0.0
mobility-shift,0,1,0.0
nontransformed_b_lymphocyte,0,1,0.0
cr,0,1,0.0
dxm,0,1,0.0
y341,0,1,0.0
ferritin_h-gene_promoter,0,1,0.0
tcr-initiated_signal_transduction,0,1,0.0
g,0,1,8.333333333333334
heterokaryon,0,1,0.0
beta-promoter_activity,0,1,0.0
ige_isotype_switching,0,1,0.0
nf-kappab-like_nuclear_transcription_factor,0,1,0.0
hnf-1_alpha_dimer,0,1,0.0
proto-oncogene,0,1,0.0
regulatory_pair,0,1,0.0
t_cell_receptor_alpha,0,1,0.0
meta(d-),0,1,0.0
eosinophil-derived_neurotoxin,0,1,0.0
lymphocyte-specific_transcription_factor,0,1,0.0
transfected_nonlymphoid_cell,0,1,0.0
low-density_lipoprotein_modulation,0,1,0.0
gtp-binding_protein,0,1,0.0
primary_site_of_infection,0,1,0.0
rel_oncogene,0,1,0.0
notch-1,0,1,0.0
wild-type_protein,0,1,0.0
antigen_responsiveness,0,1,0.0
t_cell_leukemia,0,1,0.0
nf-_kappab_site,0,1,0.0
tcr-mediated_activation,0,1,0.0
rodent_thermosensitive_mutant_cell,0,1,0.0
gamma-globin_transcript,0,1,0.0
noncytoxic_concentration,0,1,0.0
receptor_allele,0,1,0.0
b-cell-specific_activator_protein,0,1,0.0
tnf-alpha-treated_t_lymphocyte,0,1,0.0
key_protein,0,1,0.0
single_polypeptide_chain,0,1,0.0
pu.1_binding_sites,0,1,0.0
il-6_gene_transcription,0,1,0.0
translocation_t(10;11)(p13;q14),0,1,0.0
reverse_transcriptase_polymerase,0,1,0.0
maximal_mrna_level,0,1,0.0
cellular_dna-binding_protein,0,1,0.0
nucleolin,0,1,0.0
fc_gamma_ric_promoter_sequence,0,1,0.0
monocytic_(u937)_cell_line,0,1,0.0
adipocyte_fatty_acid_binding_protein,0,1,0.0
mo_t-lymphoid_htlv-ii_infected_cell,0,1,0.0
lmp-1-triggered_signaling,0,1,0.0
pwm-generated_b-cell_proliferation,0,1,0.0
between_amino_acids_201_and_367,0,1,0.0
gel_mobility_shift_assay,0,1,0.0
hepo,0,1,0.0
abundant_nucleolar_protein,0,1,0.0
intrafollicular_t_cell,0,1,0.0
position_-95,0,1,0.0
shp2,0,1,0.0
atl16t(-)_cell,0,1,0.0
viral_oncogenesis,0,1,0.0
chickens,1,0,0.0
nf-atp/ap-1_complex,0,1,0.0
c-mpl,0,1,0.0
potential_transcriptional_regulator,0,1,0.0
nuclear_protein-binding_activity,0,1,0.0
erk1/2,0,1,0.0
il-1beta_protein,0,1,0.0
synergistic_proinflammatory_effect,0,1,0.0
epo-dependent_differentiation,0,1,0.0
spironolactone,0,1,0.0
human_pulmonary_alveolar_macrophage,0,1,0.0
t-cell_prolymphocytic_leukemia,0,1,0.0
insertion_mutation,0,1,0.0
dq2_binding,0,1,0.0
i-factor/nm23_protein,0,1,0.0
plasma_aldosterone_level,0,1,0.0
progesterone-induced_blocking_factor_(pibf)_expression,0,1,0.0
hit_cell,0,1,0.0
t_cell_leukemia/lymphoma_development,0,1,0.0
ra-induced_down-modulation,0,1,0.0
prl,0,1,0.0
colony-stimulating_factor_1,0,1,0.0
pan_gene,0,1,0.0
recombinant_protein,0,1,0.0
lipocalin_ngal,0,1,0.0
leukocyte_subset,0,1,0.0
subdomain,0,1,0.0
ca(2+)-regulated_activator,0,1,0.0
aml_m4,0,1,0.0
oct-2_gene,0,1,0.0
c-myb_binding_site,0,1,0.0
myelomonocytic_cell_line,0,1,0.0
constitutive_pkr_activity,0,1,0.0
pmlraralpha_transgene,0,1,0.0
wild-type_cbp,0,1,0.0
tobacco_smoke,0,1,0.0
cytoplasmic_transcription_factor,0,1,0.0
chronically_infected_monocytic_cell_line,0,1,0.0
mutant_ltr,0,1,0.0
zinc_finger_domain,0,1,0.0
interleukin_(il)-1_beta,0,1,0.0
b-2_cell,0,1,0.0
differential_gene_expression,0,1,0.0
igkappa,0,1,0.0
phosphotyrosine_antibody,0,1,0.0
translocation_t(10;11),0,1,0.0
enhancer_mutation,0,1,0.0
cell_cycle_arrest,0,1,0.0
round_nucleus,0,1,0.0
nuclear_fraction,0,1,0.0
neuro-immuno_interaction,0,1,0.0
avian_sarcoma/leukemia_virus,0,1,0.0
cytosol,0,1,0.0
cytokine_receptor_dimerization,0,1,0.0
functional_activity,0,1,0.0
in_vivo_dimethyl_sulfate_footprinting,0,1,0.0
mouse_granulocyte/macrophage_colony-stimulating_factor_gene,0,1,0.0
receptor_activator_of_nf-kappab,0,1,0.0
rapl,0,1,0.0
p38_mapk_activation,0,1,0.0
hypotonic_extract,0,1,0.0
apoptotic_vsmc,0,1,0.0
b_cell-specific_blk_gene_promoter,0,1,0.0
sense_orientation,0,1,0.0
positive_transcription_factor,0,1,0.0
stat5b,0,1,0.0
immediate-early_factor,0,1,0.0
herpes_simplex_virus_immediate-early_gene,0,1,0.0
receptor_synthesis,0,1,0.0
erythropoietin,0,1,0.0
cycloheximide/polyinosinic-polycytidylic_acid,0,1,0.0
clathrin_assembly_lymphoid_myeloid_leukemia_gene,0,1,0.0
c-fos_mrna_level,0,1,0.0
glioblastoma_line,0,1,0.0
growth_inhibition,0,1,0.0
follicular_dendritic_cell,0,1,0.0
ed50,0,1,0.0
127-137,0,1,0.0
burkitt's_lymphoma,0,1,0.0
mapk-dependent,0,1,0.0
aldosterone_binding,0,1,0.0
ptk_substrate,0,1,0.0
idiopathic_myelofibrosis,0,1,0.0
regulator,0,1,0.0
atp,0,1,0.0
monoblastoid_cell,0,1,0.0
epstein-barr_virus_(ebv)_replicative_gene_expression,0,1,0.0
ebv_replication,0,1,0.0
acute_lymphoblastic_leukemia_cell_line_reh,0,1,0.0
icam-i_gene,0,1,0.0
direct_sequencing,0,1,0.0
ras-aiolos_interaction,0,1,0.0
diffuse_lymphoma,0,1,0.0
primary_melanoma,0,1,0.0
c-fos_and_c-jun_protein,0,1,0.0
adherent_colony,0,1,0.0
highly_tissue-specific_rna_polymerase_ii,0,1,0.0
cd45_ptpase,0,1,0.0
-182_to_-162_bp,0,1,0.0
il-2ralpha_promoter,1,1,0.0
plasma_cortisol,0,1,0.0
message-destabilizing_element,0,1,0.0
lymphoid_system,0,1,0.0
novel_target_site,0,1,0.0
pebp2_alpha/aml-1_transcription_factor,0,1,0.0
nf-at_dna_binding_complex,0,1,0.0
cross-competition_assay,0,1,0.0
flre,0,1,0.0
constitutive_pkb/akt_activity,0,1,0.0
nf45,0,1,0.0
mental_retardation,0,1,0.0
ap-1-dna_binding_activity,0,1,0.0
rank-dependent_induction,0,1,0.0
t(3;12),0,1,0.0
ea/s,0,1,0.0
u937_monocytic_cell_line,0,1,0.0
t-prolymphocytic,0,1,0.0
type-ii_estrogen_binding_site,0,1,0.0
rj2.2.5,0,1,0.0
mannose-capped_lipoarabinomannan,0,1,0.0
octamer_(octa)-nucleotide_motif,0,1,0.0
x-linked_marker,0,1,0.0
alpha-helix,0,1,0.0
e2f-dna_binding_complex,0,1,0.0
recombinant_polypeptide,0,1,0.0
il-5-specific_regulatory_mechanism,0,1,0.0
t_cell-dependent_b_cell_maturation,0,1,0.0
erk2_protein_levels,0,1,0.0
'pre-activation',0,1,0.0
ethyl-methanesulfonate-treated_cem_subclone,0,1,0.0
protein_substrate,0,1,0.0
bcl-6_protein_level,0,1,0.0
decreased_receptor_concentration,0,1,0.0
inhibitory_action,0,1,0.0
thrombin_inducibility,0,1,0.0
pan/e2a_protein,0,1,0.0
glucocorticoid_induced_apoptosis,0,1,0.0
lymphotoxin_(lt;_tnf-beta)_gene_induction,0,1,0.0
proteolytic_attack,0,1,0.0
embryonic-fetal_liver,0,1,0.0
tgf-beta2,0,1,0.0
active_vitamin_d3_metabolite,0,1,0.0
ligand_binding,0,1,0.0
erythroleukemia_cell_line_k562,0,1,0.0
nr2_hybrid,0,1,0.0
nf-at1_mrna,0,1,0.0
-70_gata_site,0,1,0.0
calyculin_a-treated_cell,0,1,0.0
nf-kappa_b-like_nuclear_factor,0,1,0.0
cd28-mediated_activation,1,1,0.0
retroviral_mediated_transfer,0,1,0.0
il-6_gene_expression,0,1,0.0
beas-2b_cell,0,1,0.0
position_12,0,1,0.0
"[3h]1,25(oh)2d3",0,1,0.0
ldl_receptor_gene_expression,0,1,0.0
bp_-267_to_+12_construct,0,1,0.0
myeloid_commitment,0,1,0.0
severe_malaria,0,1,0.0
mhc-peptide_ligand_interaction,0,1,0.0
bhlh-pas_partner_factor,0,1,0.0
(lps)-induced_human_monocyte_tnf-alpha_production,0,1,0.0
ltr_activity,0,1,0.0
thr-15,0,1,0.0
restimulation,0,1,0.0
tnf_alpha_treatment,0,1,0.0
hcleo_and_nf-kappa_b_region,0,1,0.0
mycoplasma_fermentans_lipid-associated_membrane_protein,0,1,0.0
nucleolar_staining,0,1,0.0
bzlf1_gene,0,1,0.0
isolated_cytosol,0,1,0.0
high_density_lipoprotein,0,1,0.0
mononitrosyl_iron_complex,0,1,0.0
atherosclerotic_plaque_formation,0,1,0.0
immune_cell,0,1,0.0
order-dependent_stem-loop_potential,0,1,0.0
antibody_super-shift_reaction,0,1,0.0
gamma_delta_t_cell,0,1,0.0
differential_lymphokine_expression,0,1,0.0
alas_mrna,0,1,0.0
ribosomal_binding,0,1,0.0
viral_long_terminal_repeat,0,1,0.0
nuclear_association,0,1,0.0
p75tnf-r,0,1,0.0
heterozygous_carrier,0,1,0.0
immunoglobulin_enhancer,0,1,0.0
myeloid_lineage_development,0,1,0.0
immune_homeostasis,0,1,0.0
b4-2_dna,0,1,0.0
peripheral_adaptation,0,1,0.0
vitamin_d-resistant_new_world_primate_cell,0,1,0.0
putative_intracellular_receptor,0,1,0.0
32.2_kda,0,1,0.0
glucocorticoid_receptor_binding,0,1,0.0
beta-casein_gene_promoter,0,1,0.0
signal_transduction_element,0,1,0.0
fasl_induction,0,1,0.0
nfat-1-dependent_gene_expression,0,1,0.0
primary_myelodysplastic_syndromes,0,1,0.0
human_neutrophil_granulocyte,0,1,0.0
cell_surface_hla-dr_antigen,0,1,0.0
human_c/ebp-epsilon,0,1,0.0
"3,5,3'-triiodothyronine_receptor",0,1,0.0
beta_interferon_kappa_b_site,0,1,0.0
s_element,0,1,0.0
interferon_regulatory_factor-1_gene_expression,0,1,0.0
sigm,0,1,0.0
transcriptional_mechanism,0,1,0.0
nf-kappab/ikappab_complex,0,1,0.0
cellular_oxidant_stress,0,1,0.0
fas/apo-1/cd95-mediated_death,0,1,0.0
residue,0,1,0.0
t-cell-specific_factor,0,1,0.0
gene_activity,0,1,0.0
cd40-_traf2_interaction,0,1,0.0
monocyte-binding_receptor,0,1,0.0
cis-acting_regulatory_element,0,1,0.0
binding_domain,0,1,0.0
il-5_signaling,0,1,0.0
specific_positive_regulation,0,1,0.0
apoptotic_effect,0,1,0.0
aagtga,0,1,0.0
heme_biosynthetic_pathway,0,1,0.0
rat_liver,0,1,0.0
uv-irradiated_jurkat_cell,0,1,0.0
il-5-inducible_gene,0,1,0.0
atopic_asthma_patient,0,1,0.0
alg-4f,0,1,0.0
psptspt,0,1,0.0
bcl-6(-_)/syn-1(+)_phenotype,0,1,0.0
spontaneous_cytotoxicity,0,1,0.0
chemotherapeutic_potential,0,1,0.0
manlam-mediated_activation,0,1,0.0
dna-protein_interaction,0,1,0.0
hyperplastic_germinal_center,0,1,0.0
mmtv_ltr,0,1,0.0
mobility_group_1_(hmg)_box,0,1,0.0
lmp-2a,0,1,0.0
leucine-rich_repeat_(lrr)_domain,0,1,0.0
proviral_genome,0,1,0.0
naive_cd4(+)_t_cell,0,1,0.0
megakaryocytic_gene_expression,0,1,0.0
corticotropin_releasing_hormone_(crh)_gene,0,1,0.0
antibody_to_cd3,0,1,0.0
drosophila_homeodomain,0,1,0.0
xpb_helicase,0,1,0.0
nb4,0,1,0.0
class_ii_major_histocompatibility_complex,0,1,0.0
leucocytic_estrogen_receptor,0,1,0.0
healthy_children,0,1,0.0
hyaluronic_acid,0,1,0.0
normal_hematopoiesis,0,1,0.0
fasl-mediated_apoptosis,0,1,0.0
p56lck-independent_pathway,0,1,0.0
nf-at(rel)_family_member,0,1,0.0
il-10_concentration,0,1,0.0
cox-2_protein_expression,0,1,0.0
go-6976,0,1,0.0
enhanced_prooxidant_state,0,1,0.0
human_interleukin_2,0,1,0.0
egr-1_mrna_expression,0,1,0.0
40-kda_protein,0,1,0.0
gata-3_binding_site,0,1,0.0
nf-_kappab_activation,0,1,0.0
human_toll_signaling_pathway,0,1,0.0
msr_promoter_activity,0,1,0.0
vitamin_d-responsive_element-regulated_reporter_gene,0,1,0.0
pouhd_moiety,0,1,0.0
icam-i_promoter,0,1,0.0
dc_differentiation,0,1,0.0
hydrochlorothiazide_therapy,0,1,0.0
b-cell_development,0,1,0.0
benzene_contaminating_water,0,1,0.0
ngfi-b/nur77,0,1,0.0
cell_signaling,0,1,0.0
nf-kappab-dependent_pathway,0,1,0.0
-120_region,0,1,0.0
c57bl/10snj_[h-2b],0,1,0.0
oncogenic_ras,0,1,0.0
"hla-a2-restricted,_melana/mart-1-specific_ctl_clone",0,1,0.0
mandatory_proximal_step,0,1,0.0
c_terminal_peptide,0,1,0.0
inducible_promoter_activity,0,1,0.0
human_t_cell_leukemia_virus-i_(htlv-i)_tax-mediated_apoptosis,0,1,0.0
self-renewal_event,0,1,0.0
glycogen_synthase_kinase-3beta,0,1,0.0
tar-independent_pathway,0,1,0.0
vascular_remodeling,0,1,0.0
cd2_pathway,0,1,0.0
transcription_factor_nfkappab,0,1,0.0
hydrochlorothiazide,0,1,0.0
lineage-restricted_ets_transcription_factor,0,1,0.0
gata_protein,0,1,0.0
vcam-1_promoter_reporter_gene_construct,0,1,0.0
tumor_necrosis_factor_receptor-associated_death_domain_protein,0,1,0.0
janus_kinase-signal_transducer_activator_of_transcription_signaling_pathway,0,1,0.0
gene_transcription_activation,0,1,0.0
kinetic_study,0,1,0.0
3863_base,0,1,0.0
lt_remission,0,1,0.0
"1,24-dihydroxy-22-ene-24-cyclopropyl-vitamin_d3",0,1,0.0
sedimenting_gradient,0,1,0.0
cytokine_gene_cluster,0,1,0.0
sp3-dependent_expression,0,1,0.0
cell_suicide,0,1,0.0
binding_protein,0,1,0.0
superoxide_formation,0,1,0.0
inducer-mediated_stimulation,0,1,0.0
interleukin-6_level,0,1,0.0
hmr,0,1,0.0
profound_pathogenesis,0,1,0.0
"ebv-associated,_hla-b8-restricted_latent_epitope",0,1,0.0
il-13_mrna_expression,0,1,0.0
functional_region,0,1,0.0
cysteine-rich_region,0,1,0.0
il-4ralpha_chain,0,1,0.0
t(11;17),0,1,0.0
bsap_site,0,1,0.0
promonocytic_u937_cell,0,1,0.0
congenital_malformation,0,1,0.0
tax-expressing_cell,0,1,0.0
lps-induced_nf-kappab_activation,0,1,0.0
proliferation_activity,0,1,0.0
f(ab')2_fragment,0,1,0.0
putative_systemic_disorder,0,1,0.0
t_cell_receptor,0,1,0.0
aldh1_mrna,0,1,0.0
hiv-ltr,0,1,0.0
functional_binding_site,0,1,0.0
mhc_class_1_gene,0,1,0.0
peripheral_blood_t_cell_proliferation,0,1,0.0
thiazolidinedione_derivative,0,1,0.0
growth-inhibitory_effect,0,1,0.0
wild-type_es_cell,0,1,0.0
parental_cell,0,1,0.0
monocyte_tissue_factor_activation,0,1,0.0
calyculin_a-induced_stat3_phosphorylation,0,1,0.0
gr-responsive_element,0,1,0.0
ectopic_tissue,0,1,0.0
biologic_inhibitory_concentration,0,1,0.0
downstream_t_lymphocyte-specific_enhancer_element,0,1,0.0
cellular_organelle,0,1,0.0
id2,0,1,0.0
b-cell_development_and_differentiation,0,1,0.0
hemoglobin_concentration,0,1,0.0
cognate_receptor,0,1,0.0
biochemical_modification,0,1,0.0
supershift_experiment,0,1,0.0
mechanism_of_inflammation,0,1,0.0
prdii_element,0,1,0.0
stat_family,0,1,0.0
p130,0,1,0.0
"[3h]1_alpha,25-dihydroxyvitamin_d3",0,1,0.0
irf,0,1,0.0
h2_receptor,0,1,0.0
steroid-resistant_bronchial_asthma,0,1,0.0
gata1_mrna_induction,0,1,0.0
interleukin_2_gene_enhancer,0,1,0.0
cd2_marker,0,1,0.0
second_aids_retrovirus,0,1,0.0
tubulointerstitial_disease,0,1,0.0
inhibitory_nls_peptide,0,1,0.0
dra_transcription,0,1,0.0
activated_mouse_epor(r129c),0,1,0.0
serum-independent_hl60_cell_line,0,1,0.0
pyrimidine-rich_element,0,1,0.0
d3,0,1,0.0
normal_person,0,1,0.0
5'-ggccaatggg-3',0,1,0.0
lmp1+_clone,0,1,0.0
tobacco_smoking,0,1,0.0
tyrosine_kinase_activity,0,1,0.0
vitamin_c,0,1,0.0
human_and_murine_b29_promoter,0,1,0.0
e_box-binding_activity,0,1,0.0
cellular_factors,0,1,0.0
"vitamin_d-dependent_rickets,_type_ii",0,1,0.0
chronically_infected_cell,0,1,0.0
ctll-2_cell,0,1,0.0
surrogate_gamma'-chain,0,1,0.0
kappa_b_domain,0,1,0.0
lymphoid/dc_precursor,0,1,0.0
cd3_pathway,0,1,0.0
lfa-i_beta_chain,0,1,0.0
phosphatidylserine_exposure,0,1,0.0
advanced_malignancy,0,1,0.0
atherosclerotic_plaque_development,0,1,0.0
pma/pha_stimulated_tax_transfected_cell,0,1,0.0
terminal_granulocytic_differentiation,0,1,0.0
jak_tyrosine_kinase,0,1,0.0
apoptosis_sensitivity,0,1,0.0
mutated_pp_repeat_element,0,1,0.0
polypryrimidine-binding_factor,0,1,0.0
constitutive_expression,0,1,0.0
wuchereria_banerofti_infection,0,1,0.0
pxqxt/s-containing_sequence,0,1,0.0
signalling_pathway,0,1,0.0
pbsc_harvest,0,1,0.0
ebna-2-positive_cell_extract,0,1,0.0
murine_thy-1_gene_promoter,0,1,0.0
polymerase_chain_reaction_analysis,0,1,0.0
h287a,0,1,0.0
ca2+_concentration,0,1,0.0
tnf_receptor_system,0,1,0.0
insulin_secretion,0,1,0.0
hsp_gene_expression,0,1,0.0
interleukin-10_(il-10)_production,0,1,0.0
mrp,0,1,0.0
protein_kinase_c_(pkc)_enzymatic_activity,0,1,0.0
g0/g1_phase,0,1,0.0
ad5_infection,0,1,0.0
t-cell-derived_chromosome_encoding_a_factor,0,1,0.0
fibrinogen,0,1,0.0
mapk_activation,0,1,0.0
tnfrii,0,1,0.0
atherosclerotic_process,0,1,0.0
mouse_aml1/pebp2_alpha_b,0,1,0.0
29-kda_protein,0,1,0.0
nf-_kappa_b,0,1,0.0
nf-kappa_b/rel_protein,0,1,0.0
cemx174_culture,0,1,0.0
myeloid_cell,0,1,0.0
ischemia/reperfusion,0,1,0.0
nonatopic_control_subject,0,1,0.0
stat6_phosphorylation,0,1,0.0
tsp_1_gene,0,1,0.0
double-stranded_kappab_phosphorothioate_oligonucleotide,0,1,0.0
gos19_promoter,0,1,0.0
lyn_expression,0,1,0.0
region_c,0,1,0.0
tumour_associated_cell_surface_antigen,0,1,0.0
peptide_length,0,1,0.0
n-terminal_(1-60)_peptide,0,1,0.0
interleukin-12_receptor_component,0,1,0.0
housekeeping_gene,0,1,0.0
distal_nf-at_site,0,1,0.0
ifn-gamma_receptor,0,1,0.0
paf-receptor_antagonist,0,1,0.0
cell_cytoplasm,0,1,0.0
monocyte_interleukin-1_receptor,0,1,0.0
subtractive_cloning,0,1,0.0
phorbol-di-butyrate,0,1,0.0
activated_normal_human_t_cell,0,1,0.0
ikappab_alpha,0,1,0.0
hla-do,0,1,0.0
polymorphism,0,1,0.0
leukocyte_alkaline_phosphatase,0,1,0.0
hel_cell,0,1,0.0
bud,0,1,0.0
human_immunoglobulin_heavy-chain_enhancer,0,1,0.0
megakaryocytic-specific_gene,0,1,0.0
arsenic,0,1,0.0
bacterial_toxin,0,1,0.0
promyelocyte-late_myeloblast-derived_lambda_gt11_library,0,1,0.0
cell-type-specific_transcription,0,1,0.0
5'-ggaacctccccc-3',0,1,0.0
kruppel-related_zinc_finger_gene,0,1,0.0
mhc_ii_transcript,0,1,0.0
cell_surface_antigen,0,1,0.0
inflammatory_effect,0,1,0.0
stat4-containing_complex,0,1,0.0
tumor_necrosis_factor-alpha_production,0,1,0.0
non-t_immune_cell,0,1,0.0
interleukin_3,0,1,0.0
tcf-dependent_transcription,0,1,0.0
sexually_active_women,0,1,0.0
molecular_cloning,0,1,0.0
fev1,0,1,0.0
malignant_cell,0,1,0.0
nnos,0,1,0.0
3h-r1881,0,1,0.0
immunoreaction,0,1,0.0
lmp1-_induced_effect,0,1,0.0
scid,0,1,0.0
high_molecular_weight_dextran_sulfate,0,1,0.0
cyclosporin_a-resistant_transactivation,0,1,0.0
carboxy-terminal_region,0,1,0.0
antigen_driven_response,0,1,0.0
src-family_kinase,0,1,0.0
myd88,0,1,0.0
interleukin_2_transcription,0,1,0.0
cytolytic_susceptibility,0,1,0.0
dexamethasone,0,1,0.0
early_embryonic_development,0,1,0.0
sds_gel_electrophoresis,0,1,0.0
nfat_oligonucleotide,0,1,0.0
egr-1_protein,0,1,0.0
biological_function,0,1,0.0
human_platelet-activating_factor_receptor,0,1,0.0
dna_binding_capacity,0,1,0.0
ikappabs,0,1,0.0
oxygen,0,1,0.0
tata-box,0,1,0.0
pax-5_transcript,0,1,0.0
t-cell_receptor_(tcr)_stimulation,0,1,0.0
human_whole_blood,0,1,0.0
intracellular_electrolyte,0,1,0.0
human_adenosine_deaminase_(ada)_gene_first_intron,0,1,0.0
c-terminal_pou-specific_homeodomain,0,1,0.0
age-related_lymphocyte_dysfunction,0,1,0.0
inducible_nuclear_import,0,1,0.0
cytoplasmic_side,0,1,0.0
acyclovir,0,1,0.0
thymidine_kinase_mrna_expression,0,1,0.0
nfat_activation,0,1,0.0
gene_repression,0,1,0.0
neutralizing_anti-il-6_abs,0,1,0.0
oct2_isoform,0,1,0.0
cag_repeat_region,0,1,0.0
mlr,0,1,0.0
plasma_growth_hormone_concentration,0,1,0.0
human_t-cell_lymphotropic_virus_type_i,0,1,0.0
5'-flanking_dna,0,1,0.0
b-cell_fc_gamma_rii,0,1,0.0
tumor_necrosis_factor_receptor_1_(tnfr1)-associated_death_domain_protein,0,1,0.0
inactive_cytoplasmic_form,0,1,0.0
gammac_basal_promoter_activity,0,1,0.0
stat3alpha,0,1,0.0
stat-mediated_gene_transcription,0,1,0.0
protein-tre-dna_interaction,0,1,0.0
urinary_cortisol_excretion,0,1,0.0
x2_box,0,1,0.0
vav_protooncogene_product,0,1,0.0
c-myc_promoter,0,1,0.0
putative_tumour_suppressor_gene,0,1,0.0
vivo_protein-dna_interaction,0,1,0.0
pu.1-_/-_mouse,0,1,0.0
ds-oligonucleotide,0,1,0.0
gamma_motif,0,1,0.0
sense_cell_line,0,1,0.0
nf-atc,0,1,0.0
globin_mrna,0,1,0.0
pb1_nuclear_protein-binding_complex,0,1,0.0
human_myeloid_cell_nuclear_differentiation_antigen_promoter,0,1,0.0
residual_disease,0,1,0.0
antigen-specific_human_t_cell_line,0,1,0.0
mapk_pathway,0,1,0.0
endothelial_cell_(ec)_surface,0,1,0.0
thrombosis,0,1,0.0
monocyte_chemotactic_protein-1_secretion,0,1,0.0
t-_cell_mitogen,0,1,0.0
17q,0,1,0.0
rna_splice,0,1,0.0
cd8+_t_cell_prolymphocytic_leukemia_cell,0,1,0.0
ap-1(iii),0,1,0.0
tsst-1,0,1,0.0
t_cell-specific_factor,0,1,0.0
act-1_site,0,1,0.0
developmental_stage-specific_nuclear_factor-dna_complexes,0,1,0.0
octamer_element,0,1,0.0
transduction/transcription_factor,0,1,0.0
human_t_cell_leukemia_virus_type_1_(htlv-1)_tax_protein,0,1,0.0
huvec_adhesion_molecule,0,1,0.0
k562_human_erythroleukemia_cell,0,1,0.0
immunologically_mediated_clinical_syndrome,0,1,0.0
dna-protein_complex,0,1,0.0
smoking_menopausal_patient,0,1,0.0
902_antibody,0,1,0.0
cortisol-dependent_ba,0,1,0.0
constitutive_mhc_class_ii_mrna_expression,0,1,0.0
dem,0,1,0.0
monocyte/macrophage_activation,0,1,0.0
granulosa_cell_tumor,0,1,0.0
aberrant_pml_gene_product,0,1,0.0
microbial_lipoprotein,0,1,0.0
responder,0,1,0.0
irs-2,0,1,0.0
nf-at_site,0,1,0.0
thrombospondin,0,1,0.0
il-4_receptor_alpha-chain,0,1,0.0
retinoic_acid_receptor-alpha,0,1,0.0
t_cell-specific_transcription_factor,0,1,0.0
mg-132,0,1,0.0
male_combat_vietnam_veteran,0,1,0.0
cell-specific_gene_expression,0,1,0.0
eb1,0,1,0.0
erythrocyte-specific_gene,0,1,0.0
pou_dna-binding_motif,0,1,0.0
vcam,0,1,0.0
gabpalpha,0,1,0.0
17_beta-estradiol,0,1,0.0
cn_activity,0,1,0.0
daunomycin,0,1,0.0
lac+clone,0,1,0.0
family,0,1,0.0
hiv-2_gene_expression,0,1,0.0
chromosome_9p21,0,1,0.0
ml-1_cell,0,1,0.0
cushing's_patient,0,1,0.0
immortal_cell_line,0,1,0.0
receptor_binding_site,0,1,0.0
fusion_protein_aml1/mds1/evi1,0,1,0.0
caii,0,1,0.0
bifunctional_regulator,0,1,0.0
ebv_episomal_vector_pmep4,0,1,0.0
virus_carrier,0,1,0.0
m-csf_receptor_promoter,0,1,0.0
neutralizing_anti-tnf_alpha_monoclonal_antibody,0,1,0.0
long_term_glucocorticoid_treatment,0,1,0.0
serine-threonine_phosphatase,0,1,0.0
dead_cell,0,1,0.0
soluble_peptide_inhibitor,0,1,0.0
ankyrin_repeat_region,0,1,0.0
clinical_trial,0,1,0.0
coinfected_human_t_cell,0,1,0.0
pax-5e,0,1,0.0
polyomavirus_enhancer-binding_protein_2/core-binding_factor_(pebp2/cbf)_family,0,1,0.0
pcr_administration,0,1,0.0
bcl-6,0,1,0.0
il2_mrna,0,1,0.0
du_145,0,1,0.0
t_helper_type_1_(th1)_cell,0,1,0.0
ad2_early_gene,0,1,0.0
sorted_cd34+thy-1+_single_cell,0,1,0.0
cox_multivariate_analysis,0,1,0.0
hiv-infected_patient,0,1,0.0
anae,0,1,0.0
cellular_transcription_factor,0,1,0.0
nuclear_localization_sequence,0,1,0.0
herpesvirus_saimiri_immortalized_gamma_delta_t_cell_line,0,1,0.0
healthy_adult,0,1,0.0
human_progesterone_receptor_(hpr)_cdna_probe,0,1,0.0
western-blot_analysis,0,1,0.0
dna-binding_site_specificity,0,1,0.0
cbf_beta-187,0,1,0.0
remote_enhancer_position,0,1,0.0
cytotoxic_effect,0,1,0.0
ikappabalpha_molecule,0,1,0.0
rel-a_translocation,0,1,0.0
enhanced_proliferation,0,1,0.0
cpo_gene_promoter,0,1,0.0
endotoxin-stimulated_cell,0,1,0.0
targeted_gene_inactivation,0,1,0.0
human_lcr_hs,0,1,0.0
rhu_tnfr:fc,0,1,0.0
b7.1_expression,0,1,0.0
nih-3t3_cell,0,1,0.0
phenol/chloroform,0,1,0.0
mab_9.3,0,1,0.0
nf-kappa_b1_dimer,0,1,0.0
cellular_thiol_level,0,1,0.0
hla_dqa1*0501,0,1,0.0
short_tandem_repeat,0,1,0.0
wild-type_hlf_protein,0,1,0.0
interleukin-6_site,0,1,0.0
leukocyte_integrin_gene,0,1,0.0
primary_site,0,1,0.0
t(3;3)(q21;q26),0,1,0.0
squirrel_monkey_f774l_receptor,0,1,0.0
cat_gene_expression,0,1,0.0
jun/fos,0,1,0.0
hodgkin's_disease,0,1,0.0
brdu_incorporation,0,1,0.0
erythroid_cell_development,0,1,0.0
ebv_activation,0,1,0.0
tgf-beta_receptor,0,1,0.0
hnf-3alpha,0,1,0.0
monocyte-like_hl-60_cell,0,1,0.0
cd69,0,1,0.0
thp,0,1,0.0
polyclonal_antibody,0,1,0.0
adherence-isolated_monocyte,0,1,0.0
erythroid_cell-specific_gene,1,1,0.0
chemotherapy_maintained_complete_remission,0,1,0.0
hematopoietic_precursor_cell_line_32dcl3,0,1,0.0
epstein-barr_virus_(ebv)_early-lytic-cycle_protein,0,1,0.0
cytoplasmic_hela_extract,0,1,0.0
associated_general_factor,0,1,0.0
vzv_glycoprotein_e,0,1,0.0
immunostaining,0,1,0.0
disorder,0,1,0.0
human_cd34+_hematopoietic_progenitor_cell,0,1,0.0
tnf_gene,0,1,0.0
"ap-1(i,ii,iii)",0,1,0.0
nordihydroquairetic_acid,0,1,0.0
il-13r_alpha_chain,0,1,0.0
tumor_necrosis_factor_alpha_(tnf-alpha)-responsive_nf-kappab/c-ebp_composite_element,0,1,0.0
macrophage-like_morphology,0,1,0.0
b_cell_membrane_protein,0,1,0.0
retrovirus-like_particle,0,1,0.0
transient-transfection_assay,0,1,0.0
nfat_dna_binding,0,1,0.0
sodium/proton-exchanger,0,1,0.0
specific_mean_fluorescence_intensity,0,1,0.0
g76:gpltplpv,0,1,0.0
hla-dr_chain,0,1,0.0
human_interleukin-5,0,1,0.0
ap-2_site_mutation,0,1,0.0
human_beta-globin_gene_cluster,0,1,0.0
ria,0,1,0.0
u9-iiib,0,1,0.0
immunoregulatory_hormone,0,1,0.0
hematopoietic_human_erythroleukemia_cell,0,1,0.0
cd14-mediated_translocation,0,1,0.0
myb,0,1,0.0
myeloid_cell_precursor,0,1,0.0
monocyte_chemotactic_activity,0,1,0.0
interleukin_(il)-12,0,1,0.0
x-scid,0,1,0.0
104-522_ppt_i-te,0,1,0.0
ab_supershift_assay,0,1,0.0
major_histocompatibility_complex_(mhc)_class_ii_molecule,0,1,0.0
ca2+-dependent_induction,0,1,0.0
protein_kinase_c_activator,0,1,0.0
21_bp_repeat_element,0,1,0.0
hb9_rna_transcript,0,1,0.0
breast_carcinoma_cell,0,1,0.0
human_t_cells,0,1,0.0
c-jun_delta-domain,0,1,0.0
blood-thyroid_hormone_concentration,0,1,0.0
nuclear_protooncogenes,0,1,0.0
ebna-2-positive_cell,0,1,0.0
mitogen-stimulated_cell,0,1,0.0
t-cell_acute_lymphoblastic_leukemia,0,1,0.0
creb_phosphorylation,0,1,0.0
9q33-34.1,0,1,0.0
cd40-mediated_immunoglobulin,0,1,0.0
protein_synthesis_inhibitor,0,1,0.0
aldh1_gene_expression,0,1,0.0
ethanol_treatment,0,1,0.0
"2,738_nucleotide",0,1,0.0
small_molecule_s9a,0,1,0.0
htlv-iiib,0,1,0.0
ran-binding_domain,0,1,0.0
inducible_protein,0,1,0.0
interleukin_2_(il-2)-dependent_activation,0,1,0.0
ebv-transformed_lymphoblastoid_cell_lines,0,1,0.0
gr_site,0,1,0.0
dual_colour_fish_analysis,0,1,0.0
tnf_receptor-associated_factor_6,0,1,0.0
pil-5(-511)luc,0,1,0.0
reverse_transcription-polymerase_chain_reaction_(rt-pcr)_assay,0,1,0.0
adenoviral_e1a_oncoprotein,0,1,0.0
adherent_leukocyte,0,1,0.0
dna-binding_capacity,0,1,0.0
"120,000-140,000_mw_antigen",0,1,0.0
h-cam,0,1,0.0
59_cdna_fragment,0,1,0.0
downstream_signaling,0,1,0.0
undifferentiated_spindle-shaped_basal_cell_epithelioma,0,1,0.0
ubiquitous_ap1_factor,0,1,0.0
dna_methyltransferase,0,1,0.0
aml1/pebp2_alpha_b_expression,0,1,0.0
t_cell_receptor-derived_type_i_pathway,0,1,0.0
interfollicular_bcl-6+/cd3+_cell,0,1,0.0
th1_function,0,1,0.0
higher_mobility_complex,0,1,0.0
human_motor_activity,0,1,0.0
diminished_proliferative_activity,0,1,0.0
carboxylesterase,0,1,0.0
nf-at-binding_activity,0,1,0.0
lymphokine_gene_expression,0,1,0.0
granulocyte-colony-stimulating_factor_receptor,0,1,0.0
common_gamma_chain,0,1,0.0
isg15_ltr,0,1,0.0
13_kda,0,1,0.0
activated_blood_mononuclear_cell,0,1,0.0
ldl,0,1,0.0
primary_tumour,0,1,0.0
cre-binding_protein,0,1,0.0
tk_activity,0,1,0.0
wnt_signaling_cascade,0,1,0.0
16p13.3_marker,0,1,0.0
mesenchymal_cell,0,1,0.0
transmission_electron_microscopy,0,1,0.0
cyp-40,0,1,0.0
human_burkitt's_lymphoma,0,1,0.0
multipotential_cell_line,0,1,0.0
il-2-independent_activation,0,1,0.0
jeg-3_human_choriocarcinoma_cell_line_supernatant,0,1,0.0
early_and_the_late_il-6-induced_junb_transcription_wave,0,1,0.0
fos/jun-containing_nf-at_complex,0,1,0.0
eklf,0,1,0.0
udg,0,1,0.0
kappab-sp1_composite_site,0,1,0.0
dysrhythmia,0,1,0.0
ph_variation,0,1,0.0
corticosteroid_producing_50%_inhibition,0,1,0.0
betaherpesvirus,0,1,0.0
transient_pulse,0,1,0.0
inhibitory_receptor,0,1,0.0
cd40_ligand_(cd40l)_expression,0,1,0.0
anti-igm_ab-induced_b104_growth_inhibition,0,1,0.0
-408_to_-386,0,1,0.0
dna_demethylation,0,1,0.0
mycoplasma_fermentans-derived_high-molecular-weight_material,0,1,0.0
murine_cdna_probe,0,1,0.0
nac,0,1,0.0
dominant_negative_activity,0,1,0.0
ap-1_and_kappa_b-like_site,0,1,0.0
alphacd28,0,1,0.0
flunisolide,0,1,0.0
ra-induced_change,0,1,0.0
primary_human_bone_marrow_culture,1,1,0.0
transforming_growth_factor-beta_family,0,1,0.0
4.5-kilobase_pair_mrna,0,1,0.0
transcription_(stat)_pathway,0,1,0.0
csf-1-dependent_proliferation,0,1,0.0
vitamin_d_receptor_content,0,1,0.0
ifn-gamma_induced_re-expression,0,1,0.0
major_histocompatibility_complex_(mhc)_haplotype,0,1,0.0
gata_factor,0,1,0.0
z-lll-h,0,1,0.0
aug_codons,0,1,0.0
p45_expression,0,1,0.0
loop_peptides,0,1,0.0
p53-conjugating_ligase,0,1,0.0
slp-76-associated_phosphoprotein,0,1,0.0
ifn-gamma-dependent_up-regulation,0,1,0.0
lymphoid-specific_element,0,1,0.0
regulatory_hierarchy,0,1,0.0
saos_2_cell,0,1,0.0
cytokine_receptor_gamma_chain,0,1,0.0
compensatory_response,0,1,0.0
g-protein-coupled_receptor,0,1,0.0
site_mutation,0,1,0.0
pip/lsirf,0,1,0.0
12-o-tetradecanoyl_phorbol_13-acetate,0,1,0.0
adult_stage-specific_interaction,0,1,0.0
mesencephalon,0,1,0.0
megakaryoblastic/erythroid_cell_line,0,1,0.0
flice,0,1,0.0
nuclear_envelope,0,1,0.0
expression_cloning,0,1,0.0
class_ii_transactivator-independent_endothelial_cell_mhc_class_ii_gene_activation,0,1,0.0
human_105k_precursor,0,1,0.0
lipopolysaccharide_(lps)-mediated_immune_response,0,1,0.0
tcr_beta_clonotype,0,1,0.0
suppressor_function,0,1,0.0
growth_regulation,0,1,0.0
quiescent_progenitor,0,1,0.0
strongest_inducible_activity,0,1,0.0
nonthyroidal_disease,0,1,0.0
b-cll_patient,0,1,0.0
immune_recognition,0,1,0.0
tf_mrna_expression,0,1,0.0
human_neutrophil_elastase,0,1,0.0
activating_protein-1_binding,0,1,0.0
hs2_enhancer_function,0,1,0.0
immunoglobulin_heavy-chain_promoter,0,1,0.0
immunohistochemistry,0,1,0.0
tsh,0,1,0.0
cd4+_t-cell_line,0,1,0.0
monospecific_antibody,0,1,0.0
b-cell_antigen_receptor_complex,0,1,0.0
ra-induced_regulation,0,1,0.0
peripheral_human_mononuclear_cell,0,1,0.0
self-distructed_immune_response,0,1,0.0
prostate_epithelia,0,1,0.0
ca2+/calmodulin-dependent_protein_kinase_ii,0,1,0.0
rel/nuclear_factor_kappab,0,1,0.0
long-lasting_activation,0,1,0.0
fluorescence_hplc,0,1,0.0
previously_identified_human_placental_cdna,0,1,0.0
tcrg_mrna_level,0,1,0.0
cellular_factor_cbf1/rbp-jkappa,0,1,0.0
ap-1-like_complex,0,1,0.0
glucocorticoid-based_drug,0,1,0.0
duffy_antigen/chemokine_receptor_gene,0,1,0.0
jurkat_t_cell_complementary_dna,0,1,0.0
hbxag_protein,0,1,0.0
northern_hybridization,0,1,0.0
dna_damage,0,1,0.0
icsa-n-wasp-arp2/3_complex,0,1,0.0
bacterially_produced_ap-2,0,1,0.0
th2_subset,0,1,0.0
reinfusion,0,1,0.0
tnf-alpha-induced_vcam-1,0,1,0.0
cd8+cd56+/cd57+,0,1,0.0
serum_response_factor,0,1,0.0
dhea_sulfate,0,1,0.0
allele-specific_mrna_stability,0,1,0.0
gtp-binding_motif,0,1,0.0
er-:_mda-mb-231,0,1,0.0
helical_turn,0,1,0.0
aldosteronism,0,1,0.0
human_cytomegalovirus,0,1,0.0
mature_monocyte,0,1,0.0
oca-b/oct-1-dependent_transcription,0,1,0.0
5'_negative_regulatory_dna_sequence,0,1,0.0
nuclear-located_kruppel-type_zinc_finger_protein,0,1,0.0
evolutionarily_conserved_sequence,0,1,0.0
bactericidal/permeability-increasing_protein,0,1,0.0
molecular_mechanism,0,1,0.0
phorbol_ester-induced_cell,0,1,0.0
depression,0,1,0.0
ubiquitous_otf-1_factor,0,1,0.0
pma-induced_activation,0,1,0.0
in_vivo_antigen_challenge,0,1,0.0
"hla_dq_2,7_individual",0,1,0.0
clc,0,1,0.0
staphylococcal_enterotoxin_a,0,1,0.0
nucleotides_-124_to_-117,0,1,0.0
dna-binding_regulatory_factor,0,1,0.0
il-10,0,1,0.0
normal_second_messenger_system,0,1,0.0
bzlf-1,0,1,0.0
-294_to_-251_bp,0,1,0.0
t-cell_growth_factor_interleukin_(il)-2,0,1,0.0
infiltrating_ductal_carcinoma,0,1,0.0
antisense_rxr-alpha_cdna,0,1,0.0
lupus_t_cell,0,1,0.0
hiv-1_ltr-mediated_reporter_gene_activity,0,1,0.0
urinary_protein_excretion,0,1,0.0
haec_vcam-1_expression,0,1,0.0
ultraviolet_absorbance_maxima_shift,0,1,0.0
ah-receptor_agonist,0,1,0.0
il-13-induced_expression,0,1,0.0
erythroid_gene_expression,0,1,0.0
reporter_chloramphenicol_acetyltransferase_plasmid,0,1,0.0
cd16_ligand_binding,0,1,0.0
fos_peptide,0,1,0.0
cd38_protein_level,0,1,0.0
transduced_cell,0,1,0.0
ut-7/gmt_cell,0,1,0.0
uv-induced_cyp1a1_gene_expression,0,1,0.0
transcriptional_complex,0,1,0.0
nuclear_localization_signal,0,1,0.0
olomoucine,0,1,0.0
zeta-chain,0,1,0.0
granulopoiesis,0,1,0.0
cyclosporine,0,1,0.0
cytokine-induced_activation,0,1,0.0
cyclosporin_a-sensitive_dnase_i-hypersensitive_site,0,1,0.0
548_bp_il-2_promoter-_luciferase_reporter_construct,0,1,0.0
interleukin-2_receptor,1,1,0.0
il-2-induced_il-6_mrna_expression,0,1,0.0
nondividing_peripheral_blood_lymphocyte,0,1,0.0
ifn_regulating_factor-1_(irf-1),0,1,0.0
c-myc_mrna_accumulation,0,1,0.0
gr_binding_parameter,0,1,0.0
chromosome_16p13.3,0,1,0.0
chimeric_gal4-hsf3_protein,0,1,0.0
expression_cdna_cloning,0,1,0.0
vitamin_d-dependent_gene_regulation,0,1,0.0
stem_cell_proliferation,0,1,0.0
nf-kappa_b_mobilization,0,1,0.0
chimeric_tcr_gene,0,1,0.0
dendritic_antigen-presenting_cell,0,1,0.0
human_granulocyte-macrophage_csf,0,1,0.0
adult_cell,0,1,0.0
hla-cw*0702,0,1,0.0
hypothalamo-pituitary-adrenal_axis_function,0,1,0.0
spinal_cord,0,1,0.0
h2o2-induced_nuclear_translocation,0,1,0.0
chemically-exposed_group,0,1,0.0
acute_leukemia_patient,0,1,0.0
paec,0,1,0.0
dna-mobility-shift_assay,0,1,0.0
dnase_i_protection,0,1,0.0
eosinophilopoiesis,0,1,0.0
sterol_dependent_ldl-receptor_gene_transcription,0,1,0.0
tnfr_superfamily,0,1,0.0
trancriptional_role,0,1,0.0
c-fos_synthesis,0,1,0.0
danazol_therapy,0,1,0.0
early_mouse_development,0,1,0.0
ester_derivative,0,1,0.0
interleukin-2_synthesis,0,1,0.0
calmodulin-dependent_phosphatase,0,1,0.0
primary_peripheral_blood_mononuclear_cell,0,1,0.0
gel_mobility_shift_assays,0,1,0.0
pu.1-interaction_partner,0,1,0.0
fibrillar_collagen,0,1,0.0
oral_salt_supplementation,0,1,0.0
internal_repression_domain,0,1,0.0
immunohistochemical_staining,0,1,0.0
myristoyl_fatty_acid,0,1,0.0
proerythroblast,0,1,0.0
stress-activated_protein_kinase/c-jun_nh2-terminal_kinase,0,1,0.0
mbp_promoter,0,1,0.0
tnf_alpha_gene_promoter,0,1,0.0
proil-1_beta_enhancer,0,1,0.0
asymptomatic,0,1,0.0
bcl-6_rearrangement,0,1,0.0
p-lps,0,1,0.0
pma-induced_superoxide_release,0,1,0.0
promoter_chromatin_structure,0,1,0.0
mhc-i,0,1,0.0
ap-2_consensus_binding_sequences,0,1,0.0
hsv,0,1,0.0
mineralocorticoid_receptor_(mr)_count,0,1,0.0
hnf-4gamma,0,1,0.0
c-erba/tr,0,1,0.0
cell_cytotoxicity,0,1,0.0
cosmid_probe,0,1,0.0
tat-_hiv-1,0,1,0.0
nuclear_calcium/calmodulin-dependent_protein_kinase_ii,0,1,0.0
dna_intercalating_agent,0,1,0.0
erythroid_progenitor_cell,1,1,0.0
gr_n_terminus,0,1,0.0
immune_dysregulation,0,1,0.0
cd8_interaction,0,1,0.0
nf-il6beta_expression,0,1,0.0
electrophoretic_mobility_shift_assay_analysis,0,1,0.0
anti-z_epstein-barr_replicative_activator,0,1,0.0
ikappabalpha_gene,0,1,0.0
human_c-mpl,0,1,0.0
rbtn-2_binding_region,0,1,0.0
immunoglobulin,0,1,0.0
non-smoker,0,1,0.0
pma_exposure,0,1,0.0
326_amino_acids,0,1,0.0
cytoplasmic_carboxyl_terminus,0,1,0.0
inactive_heterodimer,0,1,0.0
3bp2,0,1,0.0
5'-regulatory_region,0,1,0.0
estriol,0,1,0.0
putative_membrane-spanning_domain,0,1,0.0
performance_status,0,1,0.0
cd4-positive_lymphocyte_cell_line,0,1,0.0
jak_2-stat_1_signaling_pathway,0,1,0.0
antiinflammatory_alkaloid,0,1,0.0
hiv-1_gp41-induced_il-10_up-regulation,0,1,0.0
hypothyroid_relative,0,1,0.0
cholecystokinin,0,1,0.0
e1a_oncoprotein,0,1,0.0
polyamine_level,0,1,0.0
acute_phase_of_viral_infection,0,1,0.0
cellular_differentiation,0,1,0.0
pluripotent_islet_culture,0,1,0.0
molecular_structure,0,1,0.0
p50-p56_heterodimer,0,1,0.0
tbp,0,1,0.0
stat3_binding_motif,0,1,0.0
u937_promonocytic_cell_line,0,1,0.0
syphilitic_chancre,0,1,0.0
pioglitazone,0,1,0.0
hemoglobin_synthesis,0,1,0.0
human_paf_receptor_transcript_1,0,1,0.0
hnf-3beta,0,1,0.0
nf-kappab-driven_reporter_activation,0,1,0.0
phosphatidyl_inositol_3-kinase,0,1,0.0
"e1a-negative,_parental_cell_line",0,1,0.0
paired_domain_protein,0,1,0.0
icam-1_gene,0,1,0.0
transient_membrane_hyperpolarization,0,1,0.0
mouse_lung_tissue,0,1,0.0
e1a-induced_cytolytic_susceptibility,0,1,0.0
50-kda_nf-kappa_b_dimer,0,1,0.0
wehi-3b/d+,0,1,0.0
rt-_pcr,0,1,0.0
inducible_t-cell_gene,0,1,0.0
children,0,1,0.0
interleukin-1_beta,0,1,0.0
class_i_antigen,0,1,0.0
specific_kappa_b_motif,0,1,0.0
october_sequence,0,1,0.0
glucocorticoid_sensitivity,0,1,0.0
transcriptional_control_element,0,1,0.0
ifn_alpha_production,0,1,0.0
endogenous_sp3_expression,0,1,0.0
signal_transducing_protein,0,1,0.0
taxi_gene,0,1,0.0
tripartite_complex,0,1,0.0
adherent_cell,0,1,0.0
t_cell-specific_expression,0,1,0.0
serum_response_element,0,1,0.0
exons_1-4,0,1,0.0
met_treatment,0,1,0.0
elf-1_binding_site,0,1,0.0
yranscription_factor,0,1,0.0
bteb2,0,1,0.0
qi-invigorating,0,1,0.0
gpc91-phox_gene_expression,0,1,0.0
epo-dependent_hcd57_erythroid_cell,0,1,0.0
adenovirus_serotype_5,0,1,0.0
gln,0,1,0.0
superoxide_anion,0,1,0.0
resistant_icr27tk.3,0,1,0.0
nf-kappa_b/rel_nuclear_activity,0,1,0.0
htlv-i_promoter,0,1,0.0
human_coronary_atherosclerotic_plaque,0,1,0.0
lps-inducible_factor_nf-kappa_b,0,1,0.0
"anti-38,000-m(r)_serum",0,1,0.0
anti-cd3+_anti-cd28-mediated_stimulation,0,1,0.0
il-1_receptor_(il-1r)-initiated_signal,0,1,0.0
p19_cell,0,1,0.0
human_genomic_library,0,1,0.0
low_molecular_nuclear_protein,0,1,0.0
phe50-tyr65,0,1,0.0
n-terminal_poz_domain,0,1,0.0
er_positive_monocyte,0,1,0.0
exogenous_promoter,0,1,0.0
rel/nuclear_factor_kappab_(nf-kappab)_factors,0,1,0.0
cognate_cdna_sequence,0,1,0.0
germinal_center_formation,0,1,0.0
hot_aqueous_phenol_extraction,0,1,0.0
p53-null_cell,0,1,0.0
hemopoietic_myeloid_cell_differentiation,0,1,0.0
oligonucleotide_competition_experiment,0,1,0.0
interleukin-2_nfat-driven_reporter_gene,0,1,0.0
c-kit,0,1,0.0
adenylate_cyclase,0,1,0.0
transplantation,0,1,0.0
granulocyte/_macrophage_colony-stimulating_factor,0,1,0.0
pax-5a,0,1,0.0
il-7r_function,0,1,0.0
hiv-1_virus,0,1,0.0
small_lipophilic_substance,0,1,0.0
bone_density,0,1,0.0
flexi-12,0,1,0.0
protein_kinase_a-related_camp_response_element,0,1,0.0
p38_mapk_isoform,0,1,0.0
sephacryl_g-200_ultrafiltration,0,1,0.0
immunoglobulin_isotype_class_switching,0,1,0.0
healthy_pregnant_women,0,1,0.0
lps-induced_il-6_mrna_and_protein_expression,0,1,0.0
ifn-beta_induction,0,1,0.0
epo-r_mrna,0,1,0.0
b_cell_neoplasia,0,1,0.0
atopy,0,1,0.0
triangle_uplngfr,0,1,0.0
immediate-early_cytokine_gene,0,1,0.0
(p65)-mediated_induction,0,1,0.0
tnf-alpha-dose_dependency,0,1,0.0
serum-free_grown_hl60_cell,0,1,0.0
ldb-1,0,1,0.0
inhibitor_of_dna_binding_and_differentiation,0,1,0.0
cle0_sequence,0,1,0.0
tnfri_death_domain_interacting_protein,0,1,0.0
ar_allele,0,1,0.0
open-reading_frame,0,1,0.0
il-12_induced_developmental_stage,0,1,0.0
erythroleukaemia_cell,0,1,0.0
ltr_construct,0,1,0.0
nf-il6beta,0,1,0.0
pregnancy-induced_hypertension,0,1,0.0
normal_mesothelial_cell,0,1,0.0
megakaryocyte-specific_promoter,0,1,0.0
pcr-based_technique,0,1,0.0
293t_kidney_fibroblast,0,1,0.0
lps_induction,0,1,0.0
periplasmic_domain,0,1,0.0
12-day_fetal_liver,0,1,0.0
hiv-1/siv,0,1,0.0
dominant-negative_effect,0,1,0.0
nf1,0,1,0.0
5-aminolevulinate_synthase,0,1,0.0
acute_t-cell_malignancy,0,1,0.0
coding_region,0,1,0.0
c-terminal_antibody,0,1,0.0
il-2-induced_activation,0,1,0.0
hyperlipidemic_patient,0,1,0.0
human_neoplasia,0,1,0.0
single_c_motif-1_(scm-1)/lymphotactin,0,1,0.0
chicken_immature_erythrocyte_nuclear_extracted_protein,0,1,0.0
bronchitis,0,1,0.0
gm-csf_expression,0,1,0.0
synchronized_fibroblast,0,1,0.0
tuberculous_patient,0,1,0.0
gm-csf_receptor_beta_common_subunit,0,1,0.0
thyrotropin_receptor,0,1,0.0
hiv_promoter_construct,0,1,0.0
virus_production,0,1,0.0
interleukin_1beta_protein_production,0,1,0.0
pkc-mediated_signaling_event,0,1,0.0
monocytoid_u937_cell,0,1,0.0
malt,0,1,0.0
epstein-barr_virus_(ebv)_transforming_protein_lmp1,0,1,0.0
nadph,0,1,0.0
ut-7/gm_cell,0,1,0.0
proximal_mouse_chromosome_11,0,1,0.0
viral_coreceptor,0,1,0.0
dna_regulatory_motif,0,1,0.0
jak3/stat_activation,0,1,0.0
common_regulatory_mechanism,0,1,0.0
affinity_purification,0,1,0.0
b-cell_apoptosis,0,1,0.0
progesterone_status,0,1,0.0
human_alpha-globin_promoter,0,1,0.0
tcf-1/lef-1,0,1,0.0
human_disorder,0,1,0.0
m-tat/gm-csf_cell,0,1,0.0
viral_load,0,1,0.0
hiv-1_rna,0,1,0.0
gail_risk,0,1,0.0
ra-resistant_subclone,0,1,0.0
bm,0,1,0.0
gm2/gc-box_sequence,0,1,0.0
diurnal_change,0,1,0.0
hiv-1_promoter,0,1,0.0
tax-induced_transactivation,0,1,0.0
second_exon_of_tat,0,1,0.0
hml,0,1,0.0
nf-_kappab/rel_family_member,0,1,0.0
ubiquitinylation_pathway,0,1,0.0
heterodimerization_partner,0,1,0.0
dna_fragment,0,1,0.0
"malignant_lymphoma,_diffuse,_large_cell_type",0,1,0.0
e-selectin_gene,0,1,0.0
lesion-derived_cd4+_t-cell_clone,0,1,0.0
plasma_cortisol_level,0,1,0.0
il-10_receptor_expression,0,1,0.0
ligand_activation,0,1,0.0
gold_ion,0,1,0.0
anti-cd2_mab,0,1,0.0
low_proliferative_activity,0,1,0.0
histopathological_analysis,0,1,0.0
cis-acting_sequence,0,1,0.0
interleukin-2-receptor_alpha-subunit_enhancer,0,1,0.0
differentiative_fate,0,1,0.0
pancreatic_islet_expression_study,0,1,0.0
intrapulmonary_activation,0,1,0.0
metastase,0,1,0.0
hiv-1_transcriptional_enhancer,0,1,0.0
syn-1,0,1,0.0
platelet_gpiib_gene,0,1,0.0
tax-mediated_transcription,0,1,0.0
differentiation-promoting_substance,0,1,0.0
promoter_domain,0,1,0.0
nf_kappa_b-i_kappa_b_complex,0,1,0.0
full-length_bob.1/obf.1,0,1,0.0
tre_structure,0,1,0.0
dehydroascorbate,0,1,0.0
developmental_stage_homogeneity,0,1,0.0
nk_cell-mediated_cytolysis,0,1,0.0
kappab3_site,0,1,0.0
ligand-activated_il-10_receptor,0,1,0.0
th1_response,0,1,0.0
t-cell-activating_signal,0,1,0.0
androgen-modulated_rat_ventral_prostate_tissue,0,1,0.0
il-2r_gamma_chain,0,1,0.0
v-erb_a_oncogene,0,1,0.0
resting_monocyte,0,1,0.0
cellular_repressor,0,1,0.0
rat_irf-1_gene,0,1,0.0
junb_gene,0,1,0.0
gata-1_dna_binding_activity,0,1,0.0
baf155,0,1,0.0
human_gata-3_gene,0,1,0.0
butyric_acid,0,1,0.0
psoriasis,0,1,0.0
gammac_chain_deficiency,0,1,0.0
adenomyotic_lesion,0,1,0.0
monoclonal_anti-hsp_antibody,0,1,0.0
egfr,0,1,0.0
annexin-v_staining,0,1,0.0
p16(ink4a),0,1,0.0
nf-kappab/rel_family_member,0,1,0.0
chan'su,0,1,0.0
ac-devd-fmk,0,1,0.0
5'-untranslated_region,0,1,0.0
alpha_4_integrin,0,1,0.0
nf-atc_isoform,0,1,0.0
peptide_elisa,0,1,0.0
defensin_resistance,0,1,0.0
hybrid,0,1,0.0
weight_loss,0,1,0.0
primary_human_lymphocyte,0,1,0.0
amino_acid_residue,0,1,0.0
aldosterone-specific_membrane_receptor,0,1,0.0
low_copy_repeat,0,1,0.0
p50_dna_binding_domain,0,1,0.0
caspase_substrate_poly_(adp-ribose)_polymerase,0,1,0.0
signal_transducer_and_activator_of_transcription_4,0,1,0.0
oap/octamer_cis-element,0,1,0.0
sba,0,1,0.0
quantitative_competitive_reverse_transcription_pcr,0,1,0.0
kappa_b-3,0,1,0.0
b_lymphopoiesis,0,1,0.0
cd2_antigen-derived_signal,0,1,0.0
peptidylprolyl_cis-trans_isomerase,0,1,0.0
[3h]_dex,0,1,0.0
dnasei_footprinting,0,1,0.0
hydrocortisone-induced_apoptosis,0,1,0.0
x_box-dependent_transcriptional_pathway,0,1,0.0
proximal_signal_transduction_defect,0,1,0.0
raji_cell,0,1,0.0
c-jun_proto-oncogene_product,0,1,0.0
chromosome_16_abnormality,0,1,0.0
el-4_cell,0,1,0.0
reversed_blood_pressure_pattern,0,1,0.0
mhc_class_ii-restricted_antigen_processing,0,1,0.0
dqa1*0501/dqb1*0201_heterodimer,0,1,0.0
simple_tandem_repeat_dna_polymorphism,0,1,0.0
asparagine,0,1,0.0
mhc_class_ii_transcription,0,1,0.0
normal_t_cell,0,1,0.0
biochemical_pathway,0,1,0.0
pebp2/cbf_site,0,1,0.0
caat/enhancer,0,1,0.0
alas-e,0,1,0.0
gc-r_number,0,1,0.0
piec,0,1,0.0
nf-kappa_b_target_gene,0,1,0.0
"binding_ability,",0,1,0.0
receptor_tyrosine_kinase,0,1,0.0
total_rna,0,1,0.0
chronic_lymphatic_leukemia,0,1,0.0
native_promoter,0,1,0.0
major_histocompatibility_complex_class_ii_gene,0,1,0.0
inflammatory_mechanism,0,1,0.0
ubiquitous_cyclic_amp-responsive_element,0,1,0.0
il-12,0,1,0.0
ap-1_enhancer,0,1,0.0
truncated_surface_domain,0,1,0.0
camp_activator,0,1,0.0
pml_gene_product,0,1,0.0
cytoskeleton,0,1,0.0
hiv-1_nf-kappab_site,0,1,0.0
tyrosine_hydroxylase,0,1,0.0
intact_t_cell,0,1,0.0
purified_viral_ligand_binding,0,1,0.0
ebv_sm_protein,0,1,0.0
r-276,0,1,0.0
tnf-induced_nf-kappa_b_mobilization,0,1,0.0
acute_promyelocytic_leukemia_pml-retinoic_acid_receptor_alpha,0,1,0.0
wt19_cell,0,1,0.0
infected_t-cell,0,1,0.0
steroid_dose_sparing,0,1,0.0
negative_modulator,0,1,0.0
spxx_motif,0,1,0.0
megakaryocytopoiesis,0,1,0.0
human_immunoglobulin_heavy-chain,0,1,0.0
h-7,0,1,0.0
p65-rela_protein_expression,0,1,0.0
latent_cytoplasmic_precursor,0,1,0.0
inflammatory_infiltrate,0,1,0.0
nf-kappab2_p100,0,1,0.0
transformed_t_cell,0,1,0.0
thymus-derived_t-cell_homeostasis,0,1,0.0
human_thymocyte,0,1,0.0
tnf-alpha_rna,0,1,0.0
cp-2,0,1,0.0
gd,0,1,0.0
calcium_stimulation,0,1,0.0
anh,0,1,0.0
3'_flanking_region,0,1,0.0
immune_inflammatory_state,0,1,0.0
isoform_nf-atc/a,0,1,0.0
pkc_subfamilies,0,1,0.0
macrophage_pathway,0,1,0.0
allergic_reaction,0,1,0.0
major_initiation_site,0,1,0.0
steroid/thyroid_hormone_receptor_response_element,0,1,0.0
distant_enhancer,0,1,0.0
autoregulatory_enhancer,0,1,0.0
janus_kinase_function,0,1,0.0
tax-stimulated_nuclear_expression,0,1,0.0
confocal_laser_scanning_microscopy,0,1,0.0
hiv_protease_cleavage_site,0,1,0.0
recombinant_zebra_protein,0,1,0.0
b_cell-specific_activity,0,1,0.0
early_lytic_cycle,0,1,0.0
differentiated_lymph_node_interdigitating_dc,0,1,0.0
hl-60_promyelocytic_leukemia_cell_line,0,1,0.0
il-12_production,0,1,0.0
mgf-stat5-like_transcription_factor,0,1,0.0
e2f_activation,0,1,0.0
b29_(immunoglobulin_beta-chain)_gene,0,1,0.0
palindromic_arrangement,0,1,0.0
irf-1_gamma,0,1,0.0
lps-stimulated_tnf_production,0,1,0.0
vitamin_d3_(vitd3),0,1,0.0
p3hr-1_strain,0,1,0.0
esc,0,1,0.0
platelet_transfusion,0,1,0.0
human_b_lymphocyte,0,1,0.0
cd40-positive_mm,0,1,0.0
marked_basophilia,0,1,0.0
gata1,0,1,0.0
atopic_th2_cell,0,1,0.0
gt_motif,0,1,0.0
human_anti-porcine_t-cell_immune_response,0,1,0.0
2.6-kilobase_messenger_rna,0,1,0.0
mammalian_stress_response,0,1,0.0
early_hematopoietic_progenitor,0,1,0.0
purine_box_1,0,1,0.0
syphilis,0,1,0.0
5'_utr,0,1,0.0
nf-kappa_b_induction,0,1,0.0
murine_leukemia_virus_enhancer_core,0,1,0.0
multimerized_short_binding_motif,0,1,0.0
juxtaposed_sp1_site,0,1,0.0
clinical_immunosuppressive_drug,0,1,0.0
mammalian_oncogenic_virus,0,1,0.0
e1a_sequence,0,1,0.0
type_i_interferon,0,1,0.0
adult_t-cell_leukemia/lymphoma,0,1,0.0
fcr-mediated_nuclear_factor_activation,0,1,0.0
primary_breast_cancer,0,1,0.0
cd40_antigen_expression,0,1,0.0
transmembrane_domain,0,1,0.0
granular_er_staining,0,1,0.0
interleukin-2_expression,0,1,0.0
medulla,0,1,0.0
scya3r,0,1,0.0
il,0,1,0.0
mucosal_hgr_level\,0,1,0.0
human_breast_tumor,0,1,0.0
ca(2+)-dependent_phosphatase,0,1,0.0
human_cd36_gene_promoter,0,1,0.0
re/ap_construct_expression,0,1,0.0
murine_il-2-responsive_element,0,1,0.0
lps_binding_protein,0,1,0.0
-107_bp,0,1,0.0
mutational_inactivation,0,1,0.0
methylation_study,0,1,0.0
p24_antigen_production,0,1,0.0
"extra-renal_1,25(oh)2d3_production",0,1,0.0
t-cell_stimulation_defect,0,1,0.0
antigenic_stimulus,0,1,0.0
blk_promoter_activity,0,1,0.0
vdr_retention,0,1,0.0
tetrameric_complex,0,1,0.0
l_gene,0,1,0.0
recombinant_truncated_glycoprotein_b,0,1,0.0
rssb,0,1,0.0
icam-1_kappa_b_site,0,1,0.0
oct1,0,1,0.0
drosophila,0,1,0.0
binding_site_for_ap1,0,1,0.0
il-13,0,1,0.0
tgf_expression,0,1,0.0
creb_complex,0,1,0.0
immediate-early_ebv_zebra_gene,0,1,0.0
ciprofibrate,0,1,0.0
caspase-6,0,1,0.0
inositoltrisphosphate,0,1,0.0
gig10,0,1,0.0
t-cell_mitogen,0,1,0.0
abnormal_glucocorticoid_receptor,0,1,0.0
rar_beta/rxr_heterodimer,0,1,0.0
yhiol_modifying_agent,0,1,0.0
nb4_cell_line,0,1,0.0
il-3_deprivation,0,1,0.0
bms2.4,0,1,0.0
jcam_cell,0,1,0.0
ebv_antigen,0,1,0.0
gamma-globin_promoter/luciferase_gene_expression,0,1,0.0
ligand-induced_plasticity,0,1,0.0
gel_retardation_assay,0,1,0.0
bipartite_il-4r,0,1,0.0
dexamethasone-induced_transcriptional_activation,0,1,0.0
hla-dq,0,1,0.0
primed_state,0,1,0.0
ccaat_element,0,1,0.0
adhesion-dependent_pathway,0,1,0.0
26s_protease,0,1,0.0
tnf-alpha_gene_expression,0,1,0.0
mll/af10_fusion,0,1,0.0
erk2_activation,0,1,0.0
open_reading_frame_brlf1,0,1,0.0
hbxag_stimulation,0,1,0.0
protein-dna_interaction,0,1,0.0
nf-kappa_b_prototypic_probe,0,1,0.0
cd13,0,1,0.0
cbf_beta-148,0,1,0.0
p50/p50_homodimers,0,1,0.0
il3_colony,0,1,0.0
oct-2-directed_transcription,0,1,0.0
j_kappa_recognition_sequence,0,1,0.0
nuclear_vitamin_d_receptor,0,1,0.0
60_residues,0,1,0.0
peripheral_circulation,0,1,0.0
octamer_binding_factor,0,1,0.0
multimerized_nf-kappa_b_sequence,0,1,0.0
zymosan,0,1,0.0
ecs,0,1,0.0
dra_gene_transcription,0,1,0.0
"1-(5-chloronaphthalene-1-sulfonyl)-1h-hexahydro-1,4-diazepine_hydrochloride",0,1,0.0
lytic_ebv_dna_replication,0,1,0.0
cytokine-induced_vascular_cell_adhesion_molecule-1_expression,0,1,0.0
immunosuppressive_activity,0,1,0.0
reticuloendotheliosis_virus,0,1,0.0
adult_cd4+cd45ro-_t_cell,0,1,0.0
integrin_alpha_4_beta_1,0,1,0.0
rar_beta/rxr_dna_binding,0,1,0.0
antigen_stimulation,0,1,0.0
sodium_diclofenac,0,1,0.0
quantitative_control,0,1,0.0
cyclic_amp_response_element,0,1,0.0
liposome-encapsulated_dichloromethylene_diphosphonate,0,1,0.0
kappab-alpha,0,1,0.0
normal_lymphokine,0,1,0.0
plasma_estradiol_level,0,1,0.0
mid-late_g1,0,1,0.0
menstrual_cycle,0,1,0.0
asymptomatic_infection,0,1,0.0
gata-3_protein,0,1,0.0
silencer,0,1,0.0
hit-t15_cell,0,1,0.0
kmt,0,1,0.0
32dc13_myeloid_cell,0,1,0.0
surface_igm,0,1,0.0
cd4+_cell_depletion,0,1,0.0
trilineage_potential,0,1,0.0
nef_gene,0,1,0.0
pax-8,0,1,0.0
htlv-i-associated_myelopathy,0,1,0.0
antagonistic_anti-tr55_antibody,0,1,0.0
b-cell_repertoire,0,1,0.0
hlp-1_binding_activities,0,1,0.0
i_kappa_b_protein_level,0,1,0.0
photoaffinity_labeling,0,1,0.0
fibrogenesis,0,1,0.0
active_oxygen_specie,0,1,0.0
dna_binding_specificity,0,1,0.0
pou(s)_domain,0,1,0.0
acute_promyelocytic_leukemia_patient,0,1,0.0
antigen-induced_allergic_airway_hyperresponsiveness,0,1,0.0
jun_gene_family,0,1,0.0
il-2_promoter_element,0,1,0.0
quantitative_immunofluorescence,0,1,0.0
chloramphenicol_acetyltransferase,0,1,0.0
heterologous_promoter_construct,0,1,0.0
protein_expression,0,1,0.0
tax_protein,0,1,0.0
nfat-luc_assay,0,1,0.0
carborane,0,1,0.0
il-1alpha_promoter_construct,0,1,0.0
ile50val_variant,0,1,0.0
vdr_concentration,0,1,0.0
histone_h4_gene,0,1,0.0
t_cell_commitment,0,1,0.0
methylation_interference,0,1,0.0
cbl-b,0,1,0.0
binary_fate_decisions,0,1,0.0
cross-competition_electrophoretic_mobility_shift_assay,0,1,0.0
cellular_function,0,1,0.0
ptk,0,1,0.0
interphase_nuclei,0,1,0.0
functionality,0,1,0.0
secreted_form,0,1,0.0
er_content,0,1,0.0
nf-kappab1_p105/p50_level,0,1,0.0
as2o3-induced_atp_depletion,0,1,0.0
nuclear_factor-kappab_(nf-kappab)_regulation,0,1,0.0
cd4+_cd8int/-_cell_population,0,1,0.0
retroviral_vector,0,1,0.0
granulocyte_subset,0,1,0.0
alphaiibbeta3_activation,0,1,0.0
immunohistology,0,1,0.0
myosin_light_chain_kinase,0,1,0.0
sil,0,1,0.0
nf-kappab_protein,0,1,0.0
viral_dna_fragment,0,1,0.0
pd_98059,0,1,0.0
acidic_terminal_segment,0,1,0.0
palmar_fibromatosis,0,1,0.0
clb-cd28/1,0,1,0.0
tat-mediated_activation,0,1,0.0
"1_alpha,25-(oh)2d3",0,1,0.0
endogenous_cytokine_gene,0,1,0.0
box1,0,1,0.0
nf-microb,0,1,0.0
stat_binding_factor,0,1,0.0
tar_independent_activation,0,1,0.0
smaller_second_messenger_response,0,1,0.0
integrin-mediated_cell_adhesion,0,1,0.0
3-o-methyl-d_glucose,0,1,0.0
igh-luciferase_construct,0,1,0.0
artery_wall,0,1,0.0
transcription_factor_nuclear_factor_of_activated_t_cells,0,1,0.0
monoclonal_gammopathy,0,1,0.0
ggaaagtccc,0,1,0.0
nuclear_factor-kappab,0,1,0.0
hypothalamic-pituitary-adrenocortical_(hpa)_axis_functioning,0,1,0.0
lmp-1_promoter,0,1,0.0
site_b,0,1,0.0
b_cell_follicle,0,1,0.0
ifn-gamma_synthesis,0,1,0.0
2.3-kb_cdna,0,1,0.0
immunologically_related_octamer-binding_protein,0,1,0.0
atf-1,0,1,0.0
hepatic_gr,0,1,0.0
phorbol_12-myristate_13-acetate_(pma)-differentiated_thp-1_monocytic_cell,0,1,0.0
light-chain_gene_structure,0,1,0.0
monocytic/myeloid_leukemia-derived_cell_line,0,1,0.0
lymphocytic_mineralocorticoid_receptor,0,1,0.0
disease-susceptible_rhesus_macaque,0,1,0.0
nf-kappab_p50-p65,0,1,0.0
restriction_fragment_length_polymorphism,0,1,0.0
pax-5_allele,0,1,0.0
major_depressive_disorder,0,1,0.0
abnormal_effector_mechanism,0,1,0.0
sh-sy5y_neuroblastoma_cell_line,0,1,0.0
nfat4,0,1,0.0
tnf_translational_regulation,0,1,0.0
linked_beta-promoter,0,1,0.0
ca(2+,0,1,0.0
neutrophil_infiltration,0,1,0.0
tissue_hypoxia,0,1,0.0
platelet_membrane,0,1,0.0
photoproduct,0,1,0.0
natural_retinoid,0,1,0.0
hmg-y,0,1,0.0
monocyte-macrophage_lineage,0,1,0.0
site_alpha,0,1,0.0
mucolytic_agent,0,1,0.0
megakaryocytic_lineage_cell,0,1,0.0
germinal_center_region,0,1,0.0
2-methylhistamine,0,1,0.0
anti-il-8,0,1,0.0
ionomycin-evoked_ca2+_release,0,1,0.0
nacetylcysteine,0,1,0.0
genetically_modified_variant,0,1,0.0
scf_+_epo-stimulated_bfu-e_colony_growth,0,1,0.0
ikk-gamma,0,1,0.0
peroxisome_proliferator-activated_receptor_alpha,0,1,0.0
rj_2.2.5_x_mouse_spleen_cell_hybrid,0,1,0.0
estrogen_binding_site,0,1,0.0
thymic_t_cell,0,1,0.0
upstream_activator,0,1,0.0
immunoreactivity,0,1,0.0
androgen_insensitive_human_prostatic_carcinoma_cell_line,0,1,0.0
ap-1_component,0,1,0.0
[3h]glycosaminoglycan_synthesis,0,1,0.0
androgen-bound_receptor_protein,0,1,0.0
haloperidol,0,1,0.0
hlh_protein,0,1,0.0
-326_to_-615_region,0,1,0.0
globin_chain,0,1,0.0
a6h_molecule,0,1,0.0
xpg,0,1,0.0
dlcl,0,1,0.0
gabp_alpha)/gabp_beta,0,1,0.0
fy(a-b-)_phenotype,0,1,0.0
myeloid_integrin_cd11b,0,1,0.0
glucocorticoid_binding,0,1,0.0
human_peripheral_blood_monocyte,0,1,0.0
immunofluorescence,0,1,0.0
endogenous_transcription_factor,0,1,0.0
nf-kappa_b/rel_family_protein,0,1,0.0
ca(2+)-independent,0,1,0.0
breast_tissue_abnormality,0,1,0.0
kox_4,0,1,0.0
human_t-cell_leukemia_virus_type-i,0,1,0.0
virus_progeny,0,1,0.0
infected_u1_cell,0,1,0.0
dh42,0,1,0.0
growth_factor_deprivation_apoptosis,0,1,0.0
m-csf_expression,0,1,0.0
gastroenterology,0,1,0.0
c1-c3_formation,0,1,0.0
heterogeneous_clinical_manifestations,0,1,0.0
ag-pulsed_accessory_cell,0,1,0.0
intracellular_calcium_concentration,0,1,0.0
non-depressed_psychiatric_control,0,1,0.0
alpha_b1/alpha_b2_ratio,0,1,0.0
cyclin-dependent_kinase_(cdk)_inhibitor,0,1,0.0
polarized_t-helper_cell,0,1,0.0
gamma_c_gene,0,1,0.0
"1,25(oh)2d3_treatment",0,1,0.0
lineage-dependent_maintenance_or_suppression,0,1,0.0
t_cell_antigen_receptor-induced_protein,0,1,0.0
lcr_hs,0,1,0.0
drug-immunophilin_complex,0,1,0.0
tax-dependent_transcriptional_control,0,1,0.0
germinal_centre,0,1,0.0
lymphoid_cell-specific_transcription_factor,0,1,0.0
2b,0,1,0.0
immunoglobulin_promoter,0,1,0.0
b_cell-specific_transcriptional_coactivator,0,1,0.0
iddm,0,1,0.0
ra-responsive_gene,0,1,0.0
ose2,0,1,0.0
nf-kappab_motif,0,1,0.0
t-cell_activation_signal,0,1,0.0
radiation_injury,0,1,0.0
nf-ya_protein,0,1,0.0
human_immunodeficiency_virus_(hiv)_type_1,0,1,0.0
e2f_site,0,1,0.0
long_terminal_repeat_(ltr)_region,0,1,0.0
ach-2_t_cell,0,1,0.0
x-linked_combined_immunodeficiency,0,1,0.0
human_c-fes_gene,0,1,0.0
gata-binding_sites,0,1,0.0
human_chromosome_4,0,1,0.0
cytokine_modulating_activity,0,1,0.0
secondary_lymphoid_tissue_development,0,1,0.0
sf-2_strain,0,1,0.0
gcr_count,0,1,0.0
thyroid_hormone_(th)_action,0,1,0.0
insulin-gene_activity,0,1,0.0
human_peripheral_mononuclear_cell,0,1,0.0
endogenous_nf-kappa_b_p50_subunit,0,1,0.0
mammalian_gene,0,1,0.0
steroid-regulated_gene_network,0,1,0.0
p27rex/p21rex,0,1,0.0
ki-67_antigen,0,1,0.0
reverse-transcription_pcr_differential_display,0,1,0.0
activated_b_cell,0,1,0.0
lymphotoxin-alpha,0,1,0.0
common_stem_cell,0,1,0.0
hybridization_pattern,0,1,0.0
jpx-9_cell,0,1,0.0
anti-tumor_ctl_response,0,1,0.0
classic_glucocorticoid,0,1,0.0
classical_interferon-gamma-activated_site,0,1,0.0
p92,0,1,0.0
antisense_cell_line,0,1,0.0
km-h2_cell,0,1,0.0
actin-based_motility,0,1,0.0
n_termini,0,1,0.0
murine_pro-b_cell_line,0,1,0.0
rna_polymerase_ii-_and_rna_polymerase_iii-transcribed_mammalian_small_nuclear_rna_(snrna)_gene,0,1,0.0
ems,0,1,0.0
c5a-induced_kappab_binding_activity,0,1,0.0
low_receptor_affinity,0,1,0.0
mycotoxin,0,1,0.0
microtitre_assay_system,0,1,0.0
nfkappab_activity,0,1,0.0
hlf_consensus_binding_site,0,1,0.0
il-2_receptor_alpha_chain_promoter,0,1,0.0
nfat_dna-binding_activity,0,1,0.0
t3-responsive_pituitary_(gh3)_cell,0,1,0.0
cd95_(apo-1/fas)_ligand,0,1,0.0
+195_to_+240,0,1,0.0
putative_chicken_shc_homologue,0,1,0.0
early_b-cell_progenitor,0,1,0.0
proline/serine/threonine-rich_domain,0,1,0.0
aids_nhl,0,1,0.0
1-(5-isoquinolinylsulphonyl)-2-methylpiperazine_dihydrochloride,0,1,0.0
ngre,0,1,0.0
70-base-pair_fragment,0,1,0.0
immediate_preovulatory_period,0,1,0.0
yang_deficient_patient,0,1,0.0
anti-cd28_moab,0,1,0.0
embryonic_cardiac_cell,0,1,0.0
germline_transcript,0,1,0.0
squirrel_monkey_cell,0,1,0.0
bk_virus_vector,0,1,0.0
paired_dna-binding_domain,0,1,0.0
pwm,0,1,0.0
proline-rich_domain,0,1,0.0
drip_coactivator_complex,0,1,0.0
palindromic_sequence,0,1,0.0
human_monocyte_il-1_receptor_antagonist_(il-1ra)_messenger_ribonucleic_acid,0,1,0.0
primary_rna_transcript,0,1,0.0
viral_antigen,0,1,0.0
n-terminal_region,0,1,0.0
tax-mediated_dna_damage,0,1,0.0
microbial_pathogen,0,1,0.0
g1_to_s_phase,0,1,0.0
annexin_v_protein_level,0,1,0.0
interleukin_(il)-4,0,1,0.0
hepatitis_b_virus_(hbv)_core_promoter,0,1,0.0
ter_119_positive_cell,0,1,0.0
mutagenized_promoter,0,1,0.0
chromosome_10,0,1,0.0
cd28,1,1,0.0
nf-atp-deficient_mouse,0,1,0.0
nuclear_regulatory_protein,0,1,0.0
primary_human_peripheral_blood_mononuclear_cell,0,1,0.0
tcrzeta-associated_signaling_element,0,1,0.0
uv,0,1,0.0
cd8(+)-t-cell_target,0,1,0.0
nucleotide_sequence_requirement,0,1,0.0
e(gre)_motif,0,1,0.0
nuclear_membrane_protein,0,1,0.0
cytokine_pattern,0,1,0.0
primary_ebv_infection,0,1,0.0
myc,0,1,0.0
mutant_jak1-deficient_hela_cell_line,0,1,0.0
ap-1_enhancer_element,0,1,0.0
th1/th2_balance,0,1,0.0
ebv-encoded_nuclear_antigen_(ebna)-1,0,1,0.0
phd/ttc_domain,0,1,0.0
gggaactacc,0,1,0.0
47-kd_mature_glycoprotein,0,1,0.0
stat_binding_sequence,0,1,0.0
ap-1_protein,0,1,0.0
extracellular_hiv-1_tat_protein,0,1,0.0
p40_transcript,0,1,0.0
fcs(-)-culture_condition,0,1,0.0
cryptococcosis,0,1,0.0
glutamine_synthetase,0,1,0.0
jurkat_t-cell_clone,0,1,0.0
activated_shp1,0,1,0.0
infected_t_cell,0,1,0.0
theileria_parva,0,1,0.0
eukaryotic_nucleus,0,1,0.0
(ca2+)i_requirement_for,0,1,0.0
"naive,_dc-mediated_response",0,1,0.0
t_cell-specific_component,0,1,0.0
t-all,0,1,0.0
b-lymphoid_tissue,0,1,0.0
bp_-245_to_+12_construct,0,1,0.0
stat_dna-binding_activity,0,1,0.0
hippocampus,0,1,0.0
alpha_4,0,1,0.0
oligonucleotide_probe,0,1,0.0
rag-1_rna,0,1,0.0
gr_dna-binding_domain,0,1,0.0
disease_pathogenesis,0,1,0.0
il-2_receptor_alpha_(il-2r_alpha)_gene,0,1,0.0
b-chronic_lymphocytic_leukemia_(b-cll)_cell,0,1,0.0
apoptosis-linked_gene_4,0,1,0.0
ief-1,0,1,0.0
il-2_binding,0,1,0.0
interleukin-6-induced_apoptosis,0,1,0.0
wgatar_consensus_motif,0,1,0.0
jak-_stat_pathway,0,1,0.0
h9_t_cell,0,1,0.0
mouse_fibroblast,0,1,0.0
nonlymphoid_(hela)_cell_line,0,1,0.0
glucocorticoid_treatment,0,1,0.0
nf-y_binding,0,1,0.0
osteoblast-specific_cis-acting_element,0,1,0.0
"wild-type,_unfused_ebna3c",0,1,0.0
t_cell_restricted_cytoplasmic_factor,0,1,0.0
dominant_negative_mutant_ikk1,0,1,0.0
nf-at/dna_binding_defect,0,1,0.0
erythroblastic_progeny,0,1,0.0
nuclear_factor_kappa_b_transcription_factor_family,0,1,0.0
mbcl6_gene,0,1,0.0
u9-iiib_cell,0,1,0.0
receptor_quantitation,0,1,0.0
inefficient_nf-kappab_activation,0,1,0.0
splice_alternative,0,1,0.0
erythroid_progenitor_cell_differentiation,0,1,0.0
h+-atpase_b2_subunit,0,1,0.0
nfat-1-mediated_beta-galactosidase_activity,0,1,0.0
ebv-transformed_b_cell_line,0,1,0.0
3'_portion,0,1,0.0
anti-e._chaffeensis_immunoglobulin_g,0,1,0.0
intracellular_substrate,0,1,0.0
branchial_myoblast,0,1,0.0
hil-5_promoter_activity,0,1,0.0
cytokine_stimulating_growth,0,1,0.0
srg3_protein,0,1,0.0
nuclear_factor_nf-il6,0,1,0.0
pcd41,0,1,0.0
cd40_expression,0,1,0.0
zn++_ion,0,1,0.0
nf-il-6_activity,0,1,0.0
tumor_necrosis_factor_alpha_gene_expression,0,1,0.0
tissue-specific_transcriptional_control,0,1,0.0
muscle_contraction,0,1,0.0
sickle_cell_anemia,0,1,0.0
human_immunodeficiency_virus_(hiv)_enhancer,0,1,0.0
host_defense,0,1,0.0
deoxycholate,0,1,0.0
human_peripheral_blood_burst-forming_unit-erythroid,0,1,0.0
dor1,0,1,0.0
interleukin-1_beta_production,0,1,0.0
endothelial_tethering_factor,0,1,0.0
cell_type,0,1,0.0
human_t-cell_leukemia_virus_type_1_tax_protein,0,1,0.0
v-atpase,0,1,0.0
toxic_metabolite,0,1,0.0
promoter_sequence_polymorphism,0,1,0.0
ig/ebp-1,0,1,0.0
anti-apoptotic_transcription_factor,0,1,0.0
malignant_phenotype,0,1,0.0
tip_function,0,1,0.0
radio-ligand_binding_method,0,1,0.0
"1alpha,25-dihydroxy-lumisterol3",0,1,0.0
nuclear_compartment,0,1,0.0
tfg-beta_2_promoter,0,1,0.0
recall_infection,0,1,0.0
pkc_stimulator,0,1,0.0
phosphatase_2a-sensitive_site,0,1,0.0
nuclear_kappab_dna-binding_activity,0,1,0.0
pcv,0,1,0.0
erythroid_development,0,1,0.0
c-myb_site,0,1,0.0
e2f-4,0,1,0.0
inflammatory_synovitis,0,1,0.0
morphologic_risk_factor,0,1,0.0
tat_22/s,0,1,0.0
hek_293_cell,0,1,0.0
egr2,0,1,0.0
epstein-barr_virus_(ebv)_immediate-early_protein,0,1,0.0
ha1004,0,1,0.0
adenosine_deaminase,0,1,0.0
gp350/220,0,1,0.0
transcript_stabilization,0,1,0.0
phosphorylation-dependent_signal,0,1,0.0
regulatory_sequence,0,1,0.0
(gamma(c))-like_molecule,0,1,0.0
negative_element,0,1,0.0
mammalian_pax_gene,0,1,0.0
gamma_globin,0,1,0.0
conserved_upstream_sequence,0,1,0.0
transforming_growth_factor_(tgf)-beta1_responsiveness,0,1,0.0
normal_rbc,0,1,0.0
50_kda/65_kda_(p50/p65)_heterodimer,0,1,0.0
salt_concentration,0,1,0.0
human_immunodeficiency_virus_type_1_provirus,0,1,0.0
pregnant_women,0,1,0.0
glucuronide,0,1,0.0
ra-resistant_hematopoietic_cell,0,1,0.0
stat_heterodimer,0,1,0.0
retinoid_x_receptor_alpha,0,1,0.0
plzf-rar_alpha_fusion_protein,0,1,0.0
il-4_target_gene,0,1,0.0
bha,0,1,0.0
monocyte/macrophage_function,0,1,0.0
xenotransplantation,0,1,0.0
mouse_mammary_tumor_virus_long_terminal_repeat,0,1,0.0
grr_element,0,1,0.0
metastatic_capacity,0,1,0.0
glucocorticoid_receptor_activation,0,1,0.0
oxidized_ldl,0,1,0.0
ets-family,0,1,0.0
akata_cell,0,1,0.0
"(-)-skf_10,047",0,1,0.0
2'-5'_oligoadenylate_synthetase_(oas)_gene_expression,0,1,0.0
b-cell-specific_complex,0,1,0.0
cd34(2+)/cd38-,0,1,0.0
human_cd34+_hpc,0,1,0.0
metalloproteinase_inhibitor,0,1,0.0
nucleotide_sequence,0,1,0.0
cell_hemoglobinization,0,1,0.0
ets-2,0,1,0.0
curry_spice,0,1,0.0
tyrosine-phosphorylated,0,1,0.0
cd8+_t_lymphocyte,0,1,0.0
il-2r_alpha_transcript,0,1,0.0
t_cell_area,0,1,0.0
extracellular_matrix_component,0,1,0.0
disease-resistant_background,0,1,0.0
human_endometrium,0,1,0.0
w_box_promoter_element,0,1,0.0
sl3,0,1,0.0
polymorphonucleate_cell,0,1,0.0
infectious_pathogen,0,1,0.0
ehrlichia_chaffeensis,0,1,0.0
random_x-inactivation,0,1,0.0
constitutive_nf-kappab_activity,0,1,0.0
ligand-inducible_transactivation_function,0,1,0.0
ccaat/enhancer_binding_protein_(c/ebp)_epsilon,0,1,0.0
interleukin_2_receptor_alpha_(il-2r_alpha)_chain,0,1,0.0
bp_-61_to_-65,0,1,0.0
up-regulated_monocyte_gene_expression,0,1,0.0
growth_hormone_receptor,0,1,0.0
nuclear_factor-kappa_b_(nf-kappa_b)/rel_protein,0,1,0.0
in_vivo_dnase_i_footprint,0,1,0.0
la(ssb),0,1,0.0
m47_mutation,0,1,0.0
cd2_signalling_pathway,0,1,0.0
nk_cell_cytotoxicity,0,1,0.0
cd4(+)_human_t_cell,0,1,0.0
erythroid-expressed_gene,0,1,0.0
i_kappa_b-induced_nuclear_exclusion,0,1,0.0
gr,0,1,0.0
hel/s_cell,0,1,0.0
blood_histamine_response,0,1,0.0
rag-2_rna,0,1,0.0
anti-capsular_antibody,0,1,0.0
signal_transduction_mechanism,0,1,0.0
1a9-m,0,1,0.0
erk_activation,0,1,0.0
glial_cell,0,1,0.0
unstimulated_nk_cell,0,1,0.0
11,0,1,0.0
er-_tumor,0,1,0.0
il-7_signaling_pathway,0,1,0.0
ikb,0,1,0.0
human_il-4r_alpha,0,1,0.0
mammalian_runt_product,0,1,0.0
erbeta,0,1,0.0
tonsil,0,1,0.0
tbp-associated_factor_tafii32,0,1,0.0
ciita-induced_occupation,0,1,0.0
lymphoma_cell_line,0,1,0.0
human_t_cell_lymphotropic_virus_type_i_(htlv-i)_long_terminal_repeat,0,1,0.0
tyrphostin_ag-490,0,1,0.0
human_and_murine_t-cell_line,0,1,0.0
il-4-induced_stat6_phosphorylation,0,1,0.0
adenovirus_vector,0,1,0.0
neutrophil_stimulation,0,1,0.0
nf-kappab_dna_binding_activity,0,1,0.0
cepharanthine,0,1,0.0
interferon_(ifn)-gamma,0,1,0.0
unrelated_protein,0,1,0.0
dna_sequence_information,0,1,0.0
ppargamma_mrna,0,1,0.0
relb_translocation,0,1,0.0
cysteine_residue,0,1,0.0
leukemia_cell,0,1,0.0
major_histocompatibility_complex_class_ii_dra_promoter,0,1,0.0
vascular_cell_adhesion_molecule,0,1,0.0
[3h]dihydrotestosterone,0,1,0.0
dominant-negative_(dn),0,1,0.0
non-monocytic_cell,0,1,0.0
e15_embryonic_liver,0,1,0.0
lymph-node_involvement,0,1,0.0
interferon_(ifn)-activated_nk_cell,0,1,0.0
h-2kb,0,1,0.0
kbf1/p50,0,1,0.0
gr_expression_level,0,1,0.0
lps-responsive_enhancer_element,0,1,0.0
calcium_metabolism,0,1,0.0
anti-cd3-induced_increase,0,1,0.0
gzero/g1_cell_cycle_phase,0,1,0.0
actinomycin_d_treatment,0,1,0.0
dominant-acting_repressor_molecule,0,1,0.0
b1_transcript,0,1,0.0
[35s]methionine,0,1,0.0
mouse_mhc_class_ii_gene,0,1,0.0
mycobacterium_tuberculosis-_induced_interleukin-2_receptor_expression,1,1,0.0
morning_plasma_cortisol,0,1,0.0
ctl_clone,0,1,0.0
5'-race,0,1,0.0
nf-kappab/rel_family_protein,0,1,0.0
ferritin,0,1,0.0
nf-at4_mrna,0,1,0.0
human_herpesvirus_6,0,1,0.0
clinical_xenotransplantation,0,1,0.0
hla_class_ii_expression,0,1,0.0
androgen_receptor_gene,0,1,0.0
p50/rela(p65)_heterodimer,0,1,0.0
zpcat,0,1,0.0
adhesive_(icam-1)_property,0,1,0.0
[3h]pyrilamine_binding,0,1,0.0
mcd14,0,1,0.0
aml1/eto_transcript,0,1,0.0
new_ets-1-containing_complex,0,1,0.0
nfil2_b,0,1,0.0
d1/cdr3-loop,0,1,0.0
60_base_pairs_of_sequence,0,1,0.0
high_mitotic_rate,0,1,0.0
mody,0,1,0.0
granulomatous_disease,0,1,0.0
mycobacterial_cell,0,1,0.0
human_t-lymphoblastoid_cell,0,1,0.0
two-dimensional_gel_analysis,0,1,0.0
fcm,0,1,0.0
tnf-alpha-stimulated_nuclear_factor-kappa_b,0,1,0.0
lps_group,0,1,0.0
hcmv_dna_replication,0,1,0.0
il-2r_alpha_promoter_construct,0,1,0.0
cem-icr_27_leukemic_lymphoblast,0,1,0.0
cd3/cd28_coligation,0,1,0.0
il-12p40,0,1,0.0
cancer_prevention,0,1,0.0
consensus_dna_sequence,0,1,0.0
scm-1-producer_t_cell_line,0,1,0.0
il_6-induced_differentiation,0,1,0.0
in_vitro_binding_site_selection_procedure,0,1,0.0
codon_10_polymorphic_site,0,1,0.0
p38_mitogen-activated_protein_(map)_kinase,0,1,0.0
cytokine_signal,0,1,0.0
mg2+,0,1,0.0
cadmium_chloride,0,1,0.0
multiple_host_defense_gene,0,1,0.0
raf-1_activity,0,1,0.0
selenium-mediated_inhibition,0,1,0.0
transcript_deletion,0,1,0.0
transcription_factor_nuclear_factor-kappa_b,0,1,0.0
ifn-gamma_responsive_element,0,1,0.0
thp-1-hgh-transfected_cell,0,1,0.0
97_kda_ca(2+)-atpase,0,1,0.0
ccaat_site,0,1,0.0
"1,_25-dihydroxyvitamin_d3_[1,25(oh)2d3]_receptor",0,1,0.0
ngf-r:lmp1_chimera,0,1,0.0
hyperthermia,0,1,0.0
serine/threonine_protein_kinase_c,0,1,0.0
global_mechanism,0,1,0.0
topoisomerase,0,1,0.0
b-lymphocyte_cell,0,1,0.0
differentiation-linked_gene_expression,0,1,0.0
interaction_site,0,1,0.0
tnt_system,0,1,0.0
hgata-1_transactivation,0,1,0.0
stat4_expression,0,1,0.0
rapamycin-resistant_mutant,0,1,0.0
hypothalamic-pituitary-adrenal_(hpa)_system,0,1,0.0
adipocyte_fatty_acid_binding_protein_gene,0,1,0.0
bone_metabolism,0,1,0.0
anti-timp-1_antibody,0,1,0.0
erythroid_factor_gata-1,0,1,0.0
anti-jund,0,1,0.0
enzyme-linked_immunosorbent_assay_procedure,0,1,0.0
oct-2_protein,0,1,0.0
t_cell_activation_signals,0,1,0.0
ea,0,1,0.0
v-src-induced_complex,0,1,0.0
plasma_aldosterone,0,1,0.0
luciferase_reporter_construct,0,1,0.0
recombinant_ptf_beta,0,1,0.0
skw6.4_cell,0,1,0.0
human_atheroma,0,1,0.0
lal-mrna,0,1,0.0
reciprocal_translocation,0,1,0.0
il-2r_alpha_activaiton,0,1,0.0
fc_receptor_i,0,1,0.0
leukemic_clone_cem_c1,0,1,0.0
replicative/cytopathic_capacity,0,1,0.0
schizosaccharomyces_pombe,0,1,0.0
pulse-field_gel_electrophoresis_(pfge)_analysis,0,1,0.0
nucleotide_-46,0,1,0.0
nuclear_import,0,1,0.0
primary_immunization,0,1,0.0
pre-b_leukemia_cell,0,1,0.0
histone_h4,0,1,0.0
c-myc_allele,0,1,0.0
clinical_remission,0,1,0.0
ciclosporin,0,1,0.0
e1a_expression,0,1,0.0
blood_vessel_increase,0,1,0.0
superoxide_anion_production,0,1,0.0
nf-kappa_b-like_activity,0,1,0.0
tata_box_promoter_element,0,1,0.0
heparin-like_gag,0,1,0.0
naive_donor,0,1,0.0
heterologous_minimal_promoter,0,1,0.0
glucocorticosteroid_action,0,1,0.0
'octamer'_sequence,0,1,0.0
upstream_portion,0,1,0.0
ada,0,1,0.0
human_cd5_antigen,0,1,0.0
169_base_pair,0,1,0.0
ifn_stimulus_response_element_(isre),0,1,0.0
interferon-gamma,1,1,0.0
committed_t_cell_progenitor,0,1,0.0
tds,0,1,0.0
hsv-1_x_hsv-2_intertypic_recombinant_virus,0,1,0.0
th_cell_development,0,1,0.0
nuclear_t3_receptor,0,1,0.0
human_delta-globin-encoding_gene,0,1,0.0
dendritic_cell,0,1,0.0
bacille_calmette-guerin_vaccine,0,1,0.0
anti-cd4-fitc,0,1,0.0
5'_truncation_mutant,0,1,0.0
interleukin-2_receptor_alpha-chain,0,1,0.0
nfkb_family_member,0,1,0.0
ii-2,0,1,0.0
e-selectin_upregulation,0,1,0.0
pi3-kinase_activity,0,1,0.0
tal-1,0,1,0.0
menopausal_type_ii_diabetes,0,1,0.0
97-kda_protein,0,1,0.0
nf-kappab_nuclear_activation,0,1,0.0
ectopic_endrometrium,0,1,0.0
t_helper_cell_differentiation_system,0,1,0.0
gc-dependent_enhancement,0,1,0.0
multifocality_of_tumor,0,1,0.0
de_novo_infection,0,1,0.0
opioid,0,1,0.0
hela_cdna_library,0,1,0.0
group_i_cell_line,0,1,0.0
rfx5_fusion_protein,0,1,0.0
rar_alpha_protein,0,1,0.0
syndecan-1,0,1,0.0
gm-csfralpha_mutant,0,1,0.0
anti-e.,0,1,0.0
sequence-specific_dna-binding_characteristic,0,1,0.0
wild-type_apc_protein,0,1,0.0
hyperthyroid_patient,0,1,0.0
"activation-dependent,_t_cell-specific_transacting_factor",0,1,0.0
beta-globin_locus,0,1,0.0
ca2+_chelator,0,1,0.0
z_gene_product,0,1,0.0
human_interleukin_2_gene_promoter,0,1,0.0
gh3_extract,0,1,0.0
autoimmune_response,0,1,0.0
c-fos_sense_mrna,0,1,0.0
normal_mammary_gland,0,1,0.0
cellular_process,0,1,0.0
roi_production,0,1,0.0
gata_site_3,0,1,0.0
cell-sorted_monocyte,0,1,0.0
transcription_deficiency,0,1,0.0
biochemical_signal,0,1,0.0
tcr_delta,0,1,0.0
tgf-beta_1-mediated_modulation,0,1,0.0
loosely_adherent_cell,0,1,0.0
nf-atc_expression,0,1,0.0
101_and_130_base_pairs_(bp)_upstream,0,1,0.0
gamma-interferon,0,1,0.0
tal1_allele,0,1,0.0
n-terminal_leu,0,1,0.0
mrna_stability_assay,0,1,0.0
gp,0,1,0.0
electrophoretic_mobility_gel_shift_assay,0,1,0.0
camp-induced_gr_expression,0,1,0.0
in_situ_hybridization,0,1,0.0
trans-activating_phenotype,0,1,0.0
macrophage_chemotactic_protein-1,0,1,0.0
hl60_cell,0,1,0.0
cd40l+_reactive_t_cell,0,1,0.0
molecular_machinery,0,1,0.0
htlv-iii_bh10_clone,0,1,0.0
ankyrin_protein,0,1,0.0
inosine-5'-monophosphate_dehydrogenase_type_ii,0,1,0.0
aids-related_lymphoma,0,1,0.0
nucleoprotein_extract,0,1,0.0
dna_binding,0,1,0.0
nucleosome-assembly_system,0,1,0.0
tag,0,1,0.0
cloning_labile_mrna,0,1,0.0
tax-dependent_correlation,0,1,0.0
okm5,0,1,0.0
pi3k,0,1,0.0
hsv-2_vp-16-derived_peptide,0,1,0.0
refractory_anemia,0,1,0.0
glucocorticoid-sensitive_t_cell,0,1,0.0
t-cell_mediated_response,0,1,0.0
apoptosis-resistant_t_cell,0,1,0.0
tal-1_transcription,0,1,0.0
genetic_alteration,0,1,0.0
phorbol_myristate_acetate/ionomycin,0,1,0.0
heterologous_enhancer/promoters,0,1,0.0
intrinsic_abnormality,0,1,0.0
southwestern_blot,0,1,0.0
seven_exon,0,1,0.0
dnase_i_hypersensitive,0,1,0.0
light_chain_gene,0,1,0.0
alpha_b1,0,1,0.0
normal_human_t_lymphocyte,0,1,0.0
hyperaldosteronism,0,1,0.0
anion_exchange_chromatography,0,1,0.0
il13r,0,1,0.0
isomerase,0,1,0.0
proteasome,0,1,0.0
class_ii_promoter-specific_dna_binding_factor,0,1,0.0
erythroleukemia_cell_line,0,1,0.0
non-prl-secreting_endometrial_stromal_cell,0,1,0.0
proximal_mouse_chr_11,0,1,0.0
purine-rich_binding_site,0,1,0.0
hla_class_ii_dependency,0,1,0.0
human_cell_line_k562,0,1,0.0
tcf-1_mrna,0,1,0.0
gel_shift_complex,0,1,0.0
nk3.3_cell_line,0,1,0.0
"1_alpha,_25-dihydroxy_vitamin_d3",0,1,0.0
raf,0,1,0.0
tumor_necrosis_factor-alpha_promoter,0,1,0.0
cyclosporin_a-treated_human_b_cell,0,1,0.0
grbeta_expression,0,1,0.0
interleukin_2_(il-2)_synthesis,0,1,0.0
recombinant_caspase_3,0,1,0.0
nonasthmatic_individual,0,1,0.0
transcription_factor_nuclear_factor-kappab,0,1,0.0
atra_therapy,0,1,0.0
mammal,0,1,0.0
wild-type_cbl,0,1,0.0
(stat)1,0,1,0.0
sp-1_site,0,1,0.0
-152_to_-147,0,1,0.0
pan-2,0,1,0.0
aids-related_epstein-barr_virus_(ebv)-associated_t_cell_lymphoma,0,1,0.0
hmg-i(y),0,1,0.0
virus-uninfected_human_t_cell_line,0,1,0.0
nf(p)_interaction,0,1,0.0
ball1,0,1,0.0
female_somatic_cell,0,1,0.0
permanent_virus_transcription,0,1,0.0
80-kd_stat5a_molecule,0,1,0.0
ets-like_factor,0,1,0.0
pge2_synthesis,0,1,0.0
abnormal_karyotype,0,1,0.0
chronically_hiv-infected_cell,0,1,0.0
human_organ,0,1,0.0
human_monoclonal_antibody,0,1,0.0
selective_kappa_b_binding_site,0,1,0.0
12-myristate_13-acetate,0,1,0.0
competitive_reverse_transcription_polymerase_chain_reaction,0,1,0.0
ccacc_site,0,1,0.0
gm-csf_receptor_alpha_promote,0,1,0.0
pma/ionomycin_inducible_factor,0,1,0.0
il-3_promoter_construct,0,1,0.0
heat_shock-treated_om10.1,0,1,0.0
p67srf,0,1,0.0
duffy_protein,0,1,0.0
ebv-infected_cell,0,1,0.0
human_purified_cd34+_cell,0,1,0.0
fc-derived_non-hodgkin_lymphoma,0,1,0.0
dna_conformation,0,1,0.0
mediator,0,1,0.0
tat-binding_protein_7,0,1,0.0
u937_human_monoblastic_cell,0,1,0.0
immediate-early_transcript,0,1,0.0
in_vivo_transgenic_model,0,1,0.0
frameshift_mutation,0,1,0.0
"1,25-dihydroxyvitamin_d3_receptor_rna",0,1,0.0
nf-kappab-like_site,0,1,0.0
zip_site,0,1,0.0
noncleavable_alteration,0,1,0.0
707-base_pair_silencer,0,1,0.0
hb24_mrna,0,1,0.0
ick-1_site,0,1,0.0
alpha_beta_lineage,0,1,0.0
acanthamoeba_castellanii,0,1,0.0
gire,0,1,0.0
b_cell_antigen-specific_signaling_response,0,1,0.0
polyclonal_antisera,0,1,0.0
myeloid_lineage-associated_cytokine_receptor,0,1,0.0
crc,0,1,0.0
hiv-1_transcriptional_activation,0,1,0.0
anti-vla-5,0,1,0.0
nf-kappa_b-related_moiety,0,1,0.0
in-leucyl-trna_synthetase,0,1,0.0
situ_lysing_gel,0,1,0.0
intracellular_domain_of_the_il-4_receptor,0,1,0.0
erythroid-specific_aminolaevulinic_acid_synthase_(alas-e)_activity,0,1,0.0
ad_protein,0,1,0.0
multiple_lytic_antigen-specific_reactivity,0,1,0.0
hla_class_ii,0,1,0.0
nf-kappa_b_binding_protein,0,1,0.0
pma-treated_t_lymphocyte,0,1,0.0
human_tumor_necrosis_factor_alpha_gene_regulation,0,1,0.0
cro-ap/3,0,1,0.0
nfat_inhibitor,0,1,0.0
qakwrlqtl,0,1,0.0
nf_kappa_b/rel_family,0,1,0.0
er_codon_10_polymorphism,0,1,0.0
rt-pcr-based_approach,0,1,0.0
camp-regulated_transcriptional_activity,0,1,0.0
nf-at_dna_binding,0,1,0.0
poly(a)+_rna,0,1,0.0
cellular_senescence,0,1,0.0
tgacgtca,0,1,0.0
major_i_gamma_3_transcription_initiation_site,0,1,0.0
bl-2_cell,0,1,0.0
tnf_promoter,0,1,0.0
sc-i,0,1,0.0
group_ii_cid_cell,0,1,0.0
18c7,0,1,0.0
fetus,0,1,0.0
adenovirus_type_2,0,1,0.0
tata_motif,0,1,0.0
anthracycline-treated_cell,0,1,0.0
lncap_cell,0,1,0.0
fas_ligand_transcription,0,1,0.0
major_constitutive_dnase_i-hypersensitive_site,0,1,0.0
death-inducing_ligand,0,1,0.0
gb,0,1,0.0
reporter_cell,0,1,0.0
prostaglandin,0,1,0.0
mouse_thymus,0,1,0.0
32dcl3,0,1,0.0
monocytic_camp_level,0,1,0.0
tumor_necrosis_factor-alpha_(tnf-alpha)_inhibitor,0,1,0.0
mm6,0,1,0.0
il-4_gene_expression_level,0,1,0.0
intercellular_signal_network,0,1,0.0
tcf-1_alpha_protein,0,1,0.0
eicosanoid_metabolite,0,1,0.0
cd28_co-receptor_molecule,0,1,0.0
homologous_porcine_serum,0,1,0.0
translation_start_site,0,1,0.0
host_cell_genome,0,1,0.0
[32p]orthophosphate,0,1,0.0
il-7/il-7r_system,0,1,0.0
rt-pcr,0,1,0.0
hrxr_alpha_receptor,0,1,0.0
basic_helix-loop-helix_(bhlh)_motif,0,1,0.0
domain_analysis,0,1,0.0
c/ebp_protein_lip,0,1,0.0
thioctic_acid,0,1,0.0
193-bp_region,0,1,0.0
t_cell_antigen_receptor_(tcr)-associated_protein_tyrosine_kinase,0,1,0.0
ubiquitin-protein_ligase,0,1,0.0
nf-kappa_b-like_family_of_transcription_factor,0,1,0.0
endobronchial_biopsy,0,1,0.0
icp0,0,1,0.0
vsmc,0,1,0.0
live_hiv-1,0,1,0.0
transfected_cell_line,0,1,0.0
parasite-induced_change,0,1,0.0
hydrophobic_domain,0,1,0.0
gm-csf_receptor_alpha,0,1,0.0
hsv-specific_cd4+_t-cell_clone,0,1,0.0
cell_selectivity,0,1,0.0
ductal_epithelium,0,1,0.0
ec,0,1,0.0
topoisomerases,0,1,0.0
percoll_gradient,0,1,0.0
nb4_apl_cell_line,0,1,0.0
csa_drug_level,0,1,0.0
cd41_immunofluorescence,0,1,0.0
anti-hla-dr_monoclonal_antibody,0,1,0.0
rj_2.2.5,0,1,0.0
microb,0,1,0.0
nucleotide_insertion,0,1,0.0
stat_protein_binding_site,0,1,0.0
cell-type-specific_suppression,0,1,0.0
p65-50_heterodimer,0,1,0.0
hbcl6,0,1,0.0
"0.5-,_1-_and_2-gy_exposure",0,1,0.0
glucocorticoid_replacement,0,1,0.0
glucocorticoid-dependent_stimulation,0,1,0.0
immunomodulatory_stress_response,0,1,0.0
glutathione_s-transferase-tax1_fusion_protein,0,1,0.0
cytoplasmic_105k_precursor,0,1,0.0
ro_25-7386,0,1,0.0
adenovirus_early_region_3_promoter,0,1,0.0
amino-terminal_fragment,0,1,0.0
trophoblast_cell,0,1,0.0
b_cell-specific_nuclear_factor,0,1,0.0
ab-vdr,0,1,0.0
budesonide,0,1,0.0
hla_class_i-mediated_inactivation,0,1,0.0
bcl-6_mrna_level,0,1,0.0
erk2,0,1,0.0
iepsilon,0,1,0.0
rankl-mediated_nf-kappab_activation,0,1,0.0
anti-cd3-activated_peripheral_human_t_lymphocyte,0,1,0.0
stat-specific_antisera,0,1,0.0
cytoplasmic_tyrosine_kinase,0,1,0.0
signaling_pathway_molecule,0,1,0.0
e2a-hepatic_leukemia_factor,0,1,0.0
transactivation_experiment,0,1,0.0
cd95_expression,0,1,0.0
pthrp_promoter,0,1,0.0
hhv-6(gs)p41,0,1,0.0
person,0,1,0.0
healthy_t_cell,0,1,0.0
human_beta-globin_expression,0,1,0.0
ras_pathway,0,1,0.0
cytoplasmic_portion,0,1,0.0
tata-less_blr1_core_promoter,0,1,0.0
cd95_(apo-1/fas)_ligand_promoter,0,1,0.0
transforming_property,0,1,0.0
adrenal_insufficiency,0,1,0.0
chronic_mpd,0,1,0.0
in_vitro_primary_immune_response,0,1,0.0
post-gc_phenotype,0,1,0.0
fos_mrna,0,1,0.0
late_promoter-reporter_fusion,0,1,0.0
receptor_alpha_chain,0,1,0.0
jak2/stat5_activation,0,1,0.0
tbars,0,1,0.0
nf-kappa_b-dependent_gene,0,1,0.0
tolerant_cell,0,1,0.0
human_acute_lymphoblastic_t-cell_line,0,1,0.0
p65_protein,1,1,0.0
bmlf1_transcript,0,1,0.0
scl_gene,0,1,0.0
atherosclerosis,0,1,0.0
peptide_vaccination,0,1,0.0
drosophila_toll_protein,0,1,0.0
t-_and_b-cell_activation,0,1,0.0
cd3-dependent_phosphorylation,0,1,0.0
class_ii_major_histocompatibility_gene,0,1,0.0
rrna,0,1,0.0
time-_and_concentration-dependent_fashion,0,1,0.0
hla_dqa1*0501/dqb1*0201,0,1,0.0
human_erythroid_alas_gene,0,1,0.0
endothelial_receptor,0,1,0.0
monoclonal_reagent,0,1,0.0
tax_transforming_protein,0,1,0.0
immunoglobulin_molecule,0,1,0.0
tnf-alpha_activity,0,1,0.0
dp1,0,1,0.0
dna_binding_activity,0,1,0.0
pmnl,0,1,0.0
cellular_response,0,1,0.0
signal_apoptosis,0,1,0.0
ltr-mediated_transcription,0,1,0.0
gata-2_mrna,0,1,0.0
tinur_gene,0,1,0.0
signal_transducer_and_activator_of_transcription_(stat)_1,0,1,0.0
hormone_responsiveness,0,1,0.0
heat_labile,0,1,0.0
promoter_element,0,1,0.0
upstream_promoter_element,0,1,0.0
globin_gene,0,1,0.0
isoform,0,1,0.0
element-binding_activity,0,1,0.0
thrombin-activated_human_platelet,0,1,0.0
salmonella_typhimurium,0,1,0.0
infectious_virus,0,1,0.0
n-terminal_conserved_region,0,1,0.0
positions_-42_to_+11,0,1,0.0
stromal-derived_cytokine,0,1,0.0
relevant_epitope,0,1,0.0
crh_promoter_activity,0,1,0.0
purine,0,1,0.0
parallel_signal_transduction_pathway,0,1,0.0
recombinant_human_soluble_dimeric_tnf_receptor,0,1,0.0
m7,0,1,0.0
protein/dna_interaction,0,1,0.0
bone_marrow_graft,0,1,0.0
nuclear_rna,0,1,0.0
dqa1*0501,0,1,0.0
ras_expression,0,1,0.0
human_tnf-alpha,0,1,0.0
raji_b_cell,0,1,0.0
u-373_mg_glioblastoma_cell_line,0,1,0.0
cem_c1_cell,0,1,0.0
basolateral_surface,0,1,0.0
consensus_response_element,0,1,0.0
il-2_promoter_repression,0,1,0.0
tumor_cell_infiltration,0,1,0.0
uv_cross-linking,0,1,0.0
blin-1_cell,0,1,0.0
t_cell_receptor-beta_(tcr-beta)_gene_rearrangement,0,1,0.0
transformation_effector_site,0,1,0.0
nonrelated_cell,0,1,0.0
human_myelodysplastic_syndrome,0,1,0.0
janus_family_of_kinase,0,1,0.0
elk-1_transcription,0,1,0.0
in_vitro_suppression,0,1,0.0
inherited_mutation,0,1,0.0
om10.1_cell,0,1,0.0
chromosome_11,0,1,0.0
ad5e1a,0,1,0.0
gcr_level,0,1,0.0
ru_38486,0,1,0.0
pcos,0,1,0.0
m1_cell,0,1,0.0
thyroid_hormone_receptor,0,1,0.0
cd40_signaling,0,1,0.0
heterozygous_mutation,0,1,0.0
coagulation_protease,0,1,0.0
beta-globin,0,1,0.0
murine_il-2_nfat_recognition_sequence,0,1,0.0
thrombin-generation_curve,0,1,0.0
transcription_factor_ap-1,0,1,0.0
ascorbate,0,1,0.0
intron,0,1,0.0
class_ii_transcription,0,1,0.0
hsp70b_promoter,0,1,0.0
butylated_hydroxyanisole,0,1,0.0
ccacc/sp1_family,0,1,0.0
nmr_model,0,1,0.0
atrophy_induction,0,1,0.0
lymphocyte_action,0,1,0.0
phospholipase_c_gamma_1_overexpression,0,1,0.0
t(15;_17),0,1,0.0
cd14_receptor,0,1,0.0
embryo_fibroblast,0,1,0.0
e1a-_adenovirus_vector,0,1,0.0
high-affinity_bsap-binding_site,0,1,0.0
t._parva-transformed_t_cell,0,1,0.0
guamerin-derived_synthetic_peptide,0,1,0.0
nf-kappab-like_factor,0,1,0.0
il-10_secretion,0,1,0.0
transcription_factor_stat1,0,1,0.0
z-vad-fmk,0,1,0.0
leukocyte-endothelium_interaction,0,1,0.0
"n-acetylglucosaminyl-1,6-anhydro-n-acetylmuramyl-l-alanyl-d-_isoglutamyl-m-diaminopimelyl-d-alanine",0,1,0.0
noncomedo_carcinoma,0,1,0.0
-182_bp,0,1,0.0
th2_cytokine_profile,0,1,0.0
tax-expressing_jurkat_cell,0,1,0.0
nf-kappa_b-independent_transcriptional_activation,0,1,0.0
vdr_coding_region,0,1,0.0
domain_e,0,1,0.0
leukocyte_activation,0,1,0.0
cd95l,0,1,0.0
high_stringency_northern_blotting,0,1,0.0
functional_assay,0,1,0.0
trans_relationship,0,1,0.0
cell_cycle-associated_gene,0,1,0.0
monocytic_u937_cell,0,1,0.0
jun_family_member,0,1,0.0
immunoglobulin_g_(igg)_fc_receptor,0,1,0.0
15-mer_as_oligonucleotide,0,1,0.0
alpha-galactosidase_a,0,1,0.0
women,0,1,0.0
egr-1/sp1_site,0,1,0.0
age-related_impairment,0,1,0.0
retinoblastoma_phosphorylation,0,1,0.0
double_point_mutation,0,1,0.0
raw264.7_cell,0,1,0.0
gm-csf_promoter_region,0,1,0.0
live-attenuated_human_immunodeficiency_virus,0,1,0.0
platelet-induced_activation,0,1,0.0
human_b29_gene,0,1,0.0
potential_therapeutic_index,0,1,0.0
factor_family,0,1,0.0
natural_killer_(nk)_cell_line,0,1,0.0
mcd14_binding,0,1,0.0
b-cell-specific_expression,0,1,0.0
sea_urchin,0,1,0.0
ebv_zebra_protein,0,1,0.0
nuclear_matrix-associated_site_iv,0,1,0.0
dihydropyrimidine_dehydrogenase_deficiency,0,1,0.0
fish,0,1,0.0
immunohistochemical_technique,0,1,0.0
facs_analysis,0,1,0.0
12-lipoxygenase,0,1,0.0
in_vivo_footprint_analysis,0,1,0.0
il-6_gene,0,1,0.0
t(x;14)_translocation,0,1,0.0
asn240-leu335,0,1,0.0
human_myeloid_zinc_finger_protein,0,1,0.0
anti-tcf-1_antibody,0,1,0.0
-223_bases,0,1,0.0
tax_expression,0,1,0.0
tat-mediated_transactivation,0,1,0.0
intracellular_killing,0,1,0.0
age-related_defect,0,1,0.0
distinct_immunostaining,0,1,0.0
dna_fragmentation_study,0,1,0.0
protein-1-dependent_transcription,0,1,0.0
ea-d/bhlf1/noti,0,1,0.0
interleukin_2_enhancer,0,1,0.0
bf24,0,1,0.0
nf-il2a,0,1,0.0
id-3l,0,1,0.0
virus-replicative_lesion,0,1,0.0
hiv-1_nf-kb_probe,0,1,0.0
gata-1_level,0,1,0.0
ap-5,0,1,0.0
t-cell_receptor_(tcr)/cd3_engagement,0,1,0.0
dominant-negative_caml_mutant,0,1,0.0
nonmutational_mechanism,0,1,0.0
isgf3_gamma,0,1,0.0
beta-binding_profile,0,1,0.0
full-length_chimeric_receptor,0,1,0.0
normal_immunoregulation,0,1,0.0
transcription_factor_generation,0,1,0.0
transmigration,0,1,0.0
p65-containing_nf-kappa_b,0,1,0.0
-119_to_-88,0,1,0.0
androgen_receptor_behavior,0,1,0.0
platelet_morphogenesis,0,1,0.0
cd40-mediated_upregulation,0,1,0.0
protein-binding_region,0,1,0.0
histamine-induced_[ca2+]i_rise,0,1,0.0
b_cell_transcription_factor,0,1,0.0
cellular_dna_damage,0,1,0.0
il-10_promoter,0,1,0.0
cd71,0,1,0.0
nuclear_envelope_inner_membrane,0,1,0.0
nf-kappa_b_translocation_step,0,1,0.0
microglia,0,1,0.0
skewed_xci_pattern,0,1,0.0
cd38+_cell,0,1,0.0
phenyl_ring,0,1,0.0
selective_mobilization,0,1,0.0
x-chromosome_inactivation_(xci)_pattern,0,1,0.0
ptf,0,1,0.0
human_cbfa2_locus,0,1,0.0
single_signal_transduction_pathway,0,1,0.0
hematopoietic/lymphoid_tissue,0,1,0.0
isre_binding_factor,0,1,0.0
inflammatory_stimuli,0,1,0.0
t_cell_antigen_receptor-induced_mapk_activation,0,1,0.0
nuclear_factor-kappa_b_(nf-kappab)_family,0,1,0.0
c-terminal_607_amino_acid,0,1,0.0
106-kda_component,0,1,0.0
stress_response_system,0,1,0.0
wild_type_430-444,0,1,0.0
hgm-csf,0,1,0.0
m10-expressing_cem_clone,0,1,0.0
signal_transducers_and_activators_of_transcription_(stat)_protein,0,1,0.0
triglyceride,0,1,0.0
tax_activity,0,1,0.0
nf-kappab,1,1,0.0
cle0_element,0,1,0.0
anoxia,0,1,0.0
aug,0,1,0.0
adult_t_cell,0,1,0.0
phorbol_esters,0,1,0.0
unstimulated_pbl,0,1,0.0
il-1-induced_activation,0,1,0.0
il-9,0,1,0.0
vascular_cell_adhesion_molecule_(vcam)-1,0,1,0.0
antioxidant,0,1,0.0
human_i_gamma_1,0,1,0.0
enhancer_region,0,1,0.0
cell_lysis,0,1,0.0
i_kappa_b_alpha_(mad3)-nf-kappa_b_dissociation,0,1,0.0
hashimoto_patient,0,1,0.0
environmental_estrogen,0,1,0.0
hiv-1_upregulation,0,1,0.0
v_beta_t-cell_receptor,0,1,0.0
carboxyl_terminus,0,1,0.0
tumor-eradicating_ctl,0,1,0.0
pu_box,0,1,0.0
bcl-2_family,0,1,0.0
e-box-dependent_bhlh_homo-_or_heterodimer_complex_formation,0,1,0.0
src_homology_3_domain,0,1,0.0
preosteoclast/osteoclast_phenotypic_property,0,1,0.0
cd8+_t-lymphocyte,0,1,0.0
il-2-dependent_line,0,1,0.0
il-1_beta_message_level,0,1,0.0
rfx,0,1,0.0
culture_supernatant,0,1,0.0
macrophage-lymphocyte_interaction,0,1,0.0
post-stimulation,0,1,0.0
prolyl_isomerase_inhibitor,0,1,0.0
cytotoxic_nk_cell_granule,0,1,0.0
il-2_promoter_sequence,0,1,0.0
il-4-independent_fashion,0,1,0.0
st_remission,0,1,0.0
nuclear_factors_of_activated_t-cell_(nfat)_site,0,1,0.0
signaling_cascade,0,1,0.0
chd,0,1,0.0
subendothelium,0,1,0.0
gammac_chain_gene_promoter,0,1,0.0
transcriptional_template,0,1,0.0
7-day_pha-blast,0,1,0.0
fosb,0,1,0.0
human_raji_b_cell_line,0,1,0.0
mitogenic_stimulation,0,1,0.0
il-2-induced_phosphorylation,0,1,0.0
sv40_probe,0,1,0.0
beta-chemokine_family,0,1,0.0
hiv-1_long_terminal_repeat_(ltr)-driven_transcription,0,1,0.0
non-rheumatoid_arthritis,0,1,0.0
viral_isolate,0,1,0.0
leader_protein,0,1,0.0
gata-1_expression_vector,0,1,0.0
ige_secretion,0,1,0.0
purine-box/antigen_receptor_response_element_(arre)/nuclear_factor_of_activated_t-cells_(nf-at)_target_sequence,0,1,0.0
female_steroid_receptor,0,1,0.0
kappa_b-specific_dna_binding_protein,0,1,0.0
cytotoxicity_marker,0,1,0.0
hematopoietic_lineage_commitment,0,1,0.0
hematopoietic_transcription_factor,0,1,0.0
primary_cd45r0_t_cell,0,1,0.0
vwf,0,1,0.0
nf-kappab_activation_mechanism,0,1,0.0
sibling_cd34(+)cd38(-)_cell,0,1,0.0
stat-1,0,1,0.0
hybrid_promoter_construct,0,1,0.0
binding_site_selection,0,1,0.0
cd28_response_element,0,1,0.0
linker_protein,0,1,0.0
lcr_activity,0,1,0.0
steroid_binding_domain,0,1,0.0
aberrant_intracellular_signaling,0,1,0.0
cd4+_t_helper_(pth)_cell,0,1,0.0
rheumatoid_arthritis,0,1,0.0
promoter_factor,0,1,0.0
cox-2-mediated_prostaglandin_e2,0,1,0.0
fdc,0,1,0.0
cellular_mcp-1_content,0,1,0.0
thp-1_differentiation,0,1,0.0
c_terminus,0,1,0.0
amino_acids_26-137,0,1,0.0
scl/tal-1,0,1,0.0
notch_receptor_protein,0,1,0.0
m-csf_mrna,0,1,0.0
endogenous_ig_heavy_chain_enhancer,0,1,0.0
interferon-gamma-induced_nuclear_binding_factor,0,1,0.0
pecam-1_promoter,0,1,0.0
chromosome_analysis,0,1,0.0
dna_sequence_analysis,0,1,0.0
independent_mutation_event,0,1,0.0
sensorgram,0,1,0.0
differentiated_hl60_cell,0,1,0.0
12-o-tetradecanoyl_phorbol-13-acetate,0,1,0.0
monocyte/macrophage_receptor,0,1,0.0
mts1_tumor_suppressor_gene,0,1,0.0
signal_transmission_pathway,0,1,0.0
hiv-infected_human_t_cell,0,1,0.0
mhc-class_i_antigen,0,1,0.0
7q21-q22,0,1,0.0
thp-1_cell_extract,0,1,0.0
cu2+,0,1,0.0
constitutive_redox_status,0,1,0.0
5-lox_enzyme,0,1,0.0
post-translational_regulation,0,1,0.0
"11_alpha-methyl,_11_alpha-fluoromethyl",0,1,0.0
elisa_screening,0,1,0.0
dna_sequence_motif,0,1,0.0
t24_ha-ras_oncogene,0,1,0.0
lectin-induced_switch,0,1,0.0
p65_protein_levels,0,1,0.0
il-2_inhibition,0,1,0.0
carboxyl_end,0,1,0.0
hsc_proliferation,0,1,0.0
ebv_lmp-1_protein,0,1,0.0
immuno-modulatory_effect,0,1,0.0
interleukin-2_(il-2)-induced_t-cell_proliferation,0,1,0.0
tf_gene_transcription,0,1,0.0
maturing_cell,0,1,0.0
ag-induced_t_cell_activation,0,1,0.0
ubiquitin_carrier_enzyme,0,1,0.0
type_2b_protein_phosphatase,0,1,0.0
jun_kinase_activation,0,1,0.0
rodent_gene,0,1,0.0
25(oh)d3-24-hydroxylase_activity,0,1,0.0
burkitt_lymphoma_line_raji,0,1,0.0
dna_fragmentation,0,1,0.0
"interleukin_(il),1_beta",0,1,0.0
atf_binding_site,0,1,0.0
major_histocompatibility_complex_(mhc)_class_ii_promoter,0,1,0.0
mitogen-activated_protein_kinase_signaling_pathways,0,1,0.0
ebna_gene_promoter_activity,0,1,0.0
cytokine-induced_endothelial_cell_activation,0,1,0.0
human_interleukin_(il)_4_gene,0,1,0.0
pou_domain_protein,0,1,0.0
human_zeta_2_globin_promoter,0,1,0.0
bhlh_factor,0,1,0.0
leukocyte-type,0,1,0.0
mek/erk_pathway,0,1,0.0
ig_kappa_enhancer,0,1,0.0
feto-maternal_interface,0,1,0.0
xla,0,1,0.0
tpa-mediated_activation,0,1,0.0
endogenous_tg_receptor,0,1,0.0
concentration,0,1,0.0
t_cell_extract,0,1,0.0
adenovirus_early_region_3,0,1,0.0
anti-igd_ab,0,1,0.0
il-4-inducible_gene_expression,0,1,0.0
33-kda_protein,0,1,0.0
cytoplasmic_nf-kappa_b/rel_complex,0,1,0.0
transplant_recipient,0,1,0.0
cutaneous_carcinogenesis,0,1,0.0
mean_type_ii_ebs_level,0,1,0.0
mt4,0,1,0.0
preclinical_model,0,1,0.0
differentiation_marker,0,1,0.0
heteromeric_complex,0,1,0.0
desulfation,0,1,0.0
alveolar_exudate,0,1,0.0
gel_shift_analysis,0,1,0.0
lymphoid_cells,0,1,0.0
oct2a,0,1,0.0
vitamin_d_receptor_messenger_ribonucleic_acid,0,1,0.0
intracellular_calcium_level,0,1,0.0
ikappab,0,1,0.0
interferon_(ifn)_regulatory_factor,0,1,0.0
dimeric_gata-1_binding_site,0,1,0.0
5-lipoxygenase,1,1,0.0
nfat_transcriptional_activation,0,1,0.0
cytokine_production_deficiency,0,1,0.0
nucleotides_(nt)_4490_to_4766,0,1,0.0
isotonic_nacl_solution,0,1,0.0
differential_hybridization_analysis,0,1,0.0
tshr,0,1,0.0
cd4(+)_t_helper_2_(th2)_cell,0,1,0.0
lps-induced_e-selectin_expression,0,1,0.0
oncogene,0,1,0.0
il-2r_expression,0,1,0.0
"cd33+,_cd56+,_cd11a+,_cd13lo,_cd15lo,_cd34+/-,_hla-dr-_,_cd16-",0,1,0.0
scm-1beta,0,1,0.0
n-oct-3_factor,0,1,0.0
alternative_5'-end,0,1,0.0
total_mrna,0,1,0.0
anti-cd3_stimulation,0,1,0.0
subdiploid_population,0,1,0.0
csa-treated_patient,0,1,0.0
beta-like_globin_gene,0,1,0.0
fli-1_protein,0,1,0.0
ar-cre,0,1,0.0
peripheral_mononuclear_leucocyte,0,1,0.0
host_cell_transcription,0,1,0.0
p53,0,1,0.0
latent_membrane_protein_lmp2,0,1,0.0
nfat-1-linked_lac-z_transfectant,0,1,0.0
cbl-b-mediated_activation,0,1,0.0
human_immunodeficiency_virus_enhancer,0,1,0.0
peptide_loading,0,1,0.0
human_nf-at,0,1,0.0
hemopoietic-specific_zinc_finger_protein,0,1,0.0
bxb,0,1,0.0
auxiliary_receptor_cd28,0,1,0.0
h2o2_release,0,1,0.0
reverse_transcription-polymerase_chain_reaction,0,1,0.0
ikb_alpha_phosphorylation,0,1,0.0
ebv-associated_malignancy,0,1,0.0
m2-type_leukemic_cell,0,1,0.0
dominant_negative_effector,0,1,0.0
alpha-luciferase_construct,0,1,0.0
hsv-1_icp4_promoter,0,1,0.0
dr-nm23,0,1,0.0
cytotoxic_effector_function,0,1,0.0
ndp_kinase_activity,0,1,0.0
inactive_cytoplasmic_state,0,1,0.0
raji,0,1,0.0
tcr_alpha,0,1,0.0
cis-element,0,1,0.0
resting_state,0,1,0.0
gene_amplification,0,1,0.0
anti-hbx_antibody_titer,0,1,0.0
fish_technique,0,1,0.0
liposomal_formulation,0,1,0.0
p52,0,1,0.0
human_i_kappa_b_alpha_protein,0,1,0.0
c3_receptor,0,1,0.0
soluble_cd4,0,1,0.0
cultured_endothelial_cell,0,1,0.0
large-cell_component,0,1,0.0
schizophrenia,0,1,0.0
run-on_assay,0,1,0.0
nuclear_factor-kappab_(nf-kappab)_binding_site,0,1,0.0
transformed_phenotype,0,1,0.0
trolox,0,1,0.0
core_region,0,1,0.0
fibroblast_conditioned_medium,0,1,0.0
alpha-chain,0,1,0.0
peroxisome_proliferator_activated_receptor_(ppar)_ligands,0,1,0.0
parathyroid_hormone-related_protein_(pthrp)_promoter,0,1,0.0
double-stranded_dna_target,0,1,0.0
chronic_allergic_disease,0,1,0.0
experimental_system,0,1,0.0
t_cell_lineage,0,1,0.0
cck(b)_receptor,0,1,0.0
rna_polymerase_iii-dependent_gene,0,1,0.0
vcam-1_transcription,0,1,0.0
stat5_activation,0,1,0.0
ecp,0,1,0.0
alpha-helice,0,1,0.0
aldosterone_membrane_receptor,0,1,0.0
50_kb,0,1,0.0
620-bp_human_gm-csf_promoter-_luciferase_reporter_construct,0,1,0.0
pparalpha_expression,0,1,0.0
differentiation-dependent_expression,0,1,0.0
parathyroid_hormone-related_protein,0,1,0.0
pha-stimulation,0,1,0.0
vitd3_response_element-driven_reporter_construct,0,1,0.0
tnfrp55-deficient_mice,0,1,0.0
mammary_epithelial_cell,0,1,0.0
cellular_surface,0,1,0.0
cytoplasmic_component_of_nf-at,0,1,0.0
pro-_glutathione_antioxidant,0,1,0.0
small_t_allele_mrna,0,1,0.0
promoter-luciferase_reporter_plasmid,0,1,0.0
genomic_anonymous_probe,0,1,0.0
mue3,0,1,0.0
tat-responsive_element,0,1,0.0
protein_kinase_c-independent_mechanism,0,1,0.0
histone_acetylation,0,1,0.0
epstein-barr_virus_(ebv)_genome-positive_b_cell,0,1,0.0
lps_stimulation,0,1,0.0
mel,0,1,0.0
heat_shock_element-containing_reporter_construct,0,1,0.0
cd4,0,1,0.0
megakaryocytes,0,1,0.0
mouse_thymus_cdna_expression_library,0,1,0.0
erk_kinase,0,1,0.0
antisense_hmg_i/y,0,1,0.0
non-erythroid_cell,0,1,0.0
epithelial_cell,0,1,0.0
serum_induction,0,1,0.0
3d-nmr,0,1,0.0
human_alpha-globin_promoter_activity,0,1,0.0
vitro_model_system,0,1,0.0
p26rex/p24rex,0,1,0.0
germinal_center,0,1,0.0
flurbiprofen,0,1,0.0
activated_human_peripheral_blood_lymphocyte,0,1,0.0
tar_loop,0,1,0.0
transcription_factor_sp-1,0,1,0.0
il-1-induced_gene,0,1,0.0
reactive_nitrogen_intermediate_release,0,1,0.0
carboxyl-terminal_portion,0,1,0.0
pleckstrin_homology_domain,0,1,0.0
vitamin_a,0,1,0.0
adult_human_bone_marrow,0,1,0.0
cd40-specific_single-chain_fv,0,1,0.0
sequence-specific_hmg_box,0,1,0.0
transcription_factor_ifn_regulatory_factor-1,0,1,0.0
il-2_octamer_motif,0,1,0.0
lung_cell,0,1,0.0
interleukin,0,1,0.0
hypophosphorylated_prb,0,1,0.0
oligosaccharide_residue,0,1,0.0
prb_protein,0,1,0.0
nf-kappa_b1/rela_heterodimer,0,1,0.0
transcriptional_enhancer_element,0,1,0.0
5'nf-e2/ap1,0,1,0.0
human_toll-like_receptor-2_(htlr2),0,1,0.0
granulocyte_differentiation,0,1,0.0
cell_surface_mu_heavy_chain,0,1,0.0
cro-ap/5_cell_line,0,1,0.0
plasma_sialyltransferase,0,1,0.0
multimerized_region_ii_sequence_element,0,1,0.0
timp-1,0,1,0.0
deficiency-heat_syndrome,0,1,0.0
tumour_sample,0,1,0.0
transactivator_protein,0,1,0.0
beta-galactosidase_mrna,0,1,0.0
octamer_sequence,0,1,0.0
il-2_producing_ebv-b_cell,0,1,0.0
human_b-cell,0,1,0.0
non-b_cell,0,1,0.0
glucocorticoid_receptor,0,1,0.0
murine_gammac_promoter_gene,0,1,0.0
allergen-specific_cd4+_t-cell_clone,0,1,0.0
"con_a-treated,_proliferating_thymocyte",0,1,0.0
scl_mrna_level,0,1,0.0
1d4_cell,0,1,0.0
high_affinity_ige_receptor,0,1,0.0
x1_and_x2_interaction,0,1,0.0
th_effector,0,1,0.0
pcl_gamma_1_tyrosine_phosphorylation,0,1,0.0
endothelial_cell_surface_adhesion_molecule,0,1,0.0
human_tissues,0,1,0.0
pih,0,1,0.0
dump,0,1,0.0
oncogenic_potential,0,1,0.0
active_transcription_factor_creb,0,1,0.0
blin-1_pre-b_cell_line,0,1,0.0
allograft_rejection,0,1,0.0
hut102,0,1,0.0
beta-globin-expressing_murine_erythroid_leukemia_cell,0,1,0.0
apoptosis_pathway,0,1,0.0
reduced_dna_synthesis,0,1,0.0
nf_kappa_b_p65_homodimer,0,1,0.0
adenovirus_e1b-19_kda,0,1,0.0
slot_blot_technique,0,1,0.0
interleukin-1beta_gene_transcription,0,1,0.0
dibutyryl_camp,0,1,0.0
murine_hematopoietic-specific_gata-1_ie_promoter,0,1,0.0
jun_family_of_proto-oncogene,0,1,0.0
sodium_phenylacetate_induced_erythroid_differentiation,0,1,0.0
mutant_erythropoietin_receptor_signaling,0,1,0.0
c2h2-type,0,1,0.0
tnf-alpha_transcription_start_site,0,1,0.0
random_sequence,0,1,0.0
primary_lymphoid_cell,0,1,0.0
leukocyte_adhesion_molecule,0,1,0.0
postanoxic_huvec,0,1,0.0
common_b_cell/monocyte_surface_antigen,0,1,0.0
sh3-sh2-sh3_motif,0,1,0.0
receptor_stimulation,0,1,0.0
human_t-cell_lymphotrophic_virus,0,1,0.0
tuberculosis_patient,0,1,0.0
pancreatic_beta-cell_function,0,1,0.0
mapk_p38,0,1,0.0
5/12_t-cell,0,1,0.0
hemopoietic_growth_factor,0,1,0.0
edema_formation,0,1,0.0
tcccctcccct_motif,0,1,0.0
enzyme_expression,0,1,0.0
ligand-dependent_repression,1,1,0.0
humara_allele,0,1,0.0
ikappabalpha,0,1,0.0
disease-resistant_sooty_mangabey,0,1,0.0
experimental_model,0,1,0.0
c_c[at]6gg,0,1,0.0
epo-induced_erythroid_differentiation,0,1,0.0
pax-5_transcription,0,1,0.0
human_aortic_endothelial_cell,0,1,0.0
cathepsin_g-induced_platelet_aggregation,0,1,0.0
cellular_cytotoxic_assay,0,1,0.0
reduced_glutathione,0,1,0.0
af10,0,1,0.0
rat_primary_microglia,0,1,0.0
mononuclear_leukocyte_glucocorticoid_receptor_binding_characteristic,0,1,0.0
single_hmg_box,0,1,0.0
human_immunoglobulin_heavy-chain_gene_enhancer,0,1,0.0
stat6-dependent_gene_expression,0,1,0.0
hydrocortisone,0,1,0.0
ttca_sequence,0,1,0.0
hf,0,1,0.0
43-47_kd,0,1,0.0
ifn-mediated_regulation,0,1,0.0
neoplastic_follicle,0,1,0.0
raldh2_expression,0,1,0.0
myb_consensus_site,0,1,0.0
calcineurin_catalytic_domain,0,1,0.0
scatchard_analysis,0,1,0.0
tnf_polymorphism,0,1,0.0
c-fos_induction,0,1,0.0
oxidant_stress-induced_signaling,0,1,0.0
c-myc_promoter_construct,0,1,0.0
nuclear_localization,0,1,0.0
hla-dr_synthesis,0,1,0.0
ttcttctaattaa,0,1,0.0
short-term_incubation,0,1,0.0
promyelocytic_stage,0,1,0.0
peripheral_lymphoid_tissue,0,1,0.0
latency_i,0,1,0.0
inflammatory_response,0,1,0.0
gata-4,0,1,0.0
dex-resistant_cell,0,1,0.0
il-13_p_element_site,0,1,0.0
normal_human_hematopoietic_cell,0,1,0.0
experimental_pancreatitis,0,1,0.0
haucl3,0,1,0.0
human_peripheral_b_cell,0,1,0.0
creb/atf_homodimer,0,1,0.0
cd30-dependent_degradation,0,1,0.0
tumor_necrosis_factor_(tnf)-alpha,0,1,0.0
tpa-induced_hl-60_differentiation,0,1,0.0
erythroid_transcription_factor_p45_nf-e2_mrna,0,1,0.0
cell-free_assay,0,1,0.0
positive_regulatory_element_i,0,1,0.0
tlck_inhibited_lps_induction,0,1,0.0
b_cell_lymphoid_malignancy,0,1,0.0
kappa_b-2,0,1,0.0
ras_oncogene,0,1,0.0
nuclear_and_post-nuclear_extract,0,1,0.0
eosinophil_lineage,0,1,0.0
vacuolar_h(+)-atpase_b2_subunit_gene,0,1,0.0
monoclonal_integration,0,1,0.0
g0_to_g1_transition,0,1,0.0
cd69_gene,0,1,0.0
tcf-1_alpha_mrna,0,1,0.0
heat_shock_protein_60,0,1,0.0
pig_donor,0,1,0.0
cytosolic_factor,0,1,0.0
alf1_activity,0,1,0.0
infected_thymocyte_population,0,1,0.0
infiltration,0,1,0.0
mineralocorticoid,0,1,0.0
p/caf,0,1,0.0
transcriptional_induction,0,1,0.0
circulating_filarial_antigen-specific_t-cell,0,1,0.0
hiv_long_terminal_repeat_transactivation,0,1,0.0
2.0-kb_region,0,1,0.0
negative_modulatory_mechanism,0,1,0.0
e2a-hlf_chimeric_protein,0,1,0.0
human_histiocytic_u937_cell,0,1,0.0
nk_cell_killing,0,1,0.0
mpl_homodimerization,0,1,0.0
promyelocyte,0,1,0.0
major_putative_downstream_site,0,1,0.0
retinoic_acid-alpha_receptor,0,1,0.0
il-4-induced_tyrosine_phosphorylation,0,1,0.0
reverse_transcriptase,0,1,0.0
molecular_action,0,1,0.0
anti-ig_crosslinking,0,1,0.0
cultured_human_dermal_endothelial_cell,0,1,0.0
mp_plasma_concentration,0,1,0.0
lipoxygenase_activity,0,1,0.0
nfat-dna_complex,0,1,0.0
il-6-stimulated_1a9-m_cell,0,1,0.0
diverse_biologic_effect,0,1,0.0
human_pterin_carbinolamine_dehydratase/dimerization_cofactor,0,1,0.0
ionomycin,0,1,0.0
supt1,0,1,0.0
class_i_triggering,0,1,0.0
human_antigen-specific_cd4(+)_t_cell_line,0,1,0.0
immunoregulatory_gene,0,1,0.0
bh3,0,1,0.0
neoplastic_lymphoid_cell,0,1,0.0
lymphokine_gene,0,1,0.0
corticosteroid_derivative,0,1,0.0
signal_transduction,0,1,0.0
specific_chromosomal_translocation,0,1,0.0
plzf-rar_alpha,0,1,0.0
recombinant_human_il-10,0,1,0.0
skin_lesions,0,1,0.0
double-stranded_rna-dependent_manner,0,1,0.0
gp41_envelope_protein,0,1,0.0
activin_a-induced_growth_arrest,0,1,0.0
insulin_gene_promoter_activity,0,1,0.0
e1a-positive_sarcoma_cell,0,1,0.0
cellular_extraction,0,1,0.0
monocyte-specific_promoter_activity,0,1,0.0
a20_b_cell,0,1,0.0
human_gamma-globin_gene,0,1,0.0
amino_acid_substitution,0,1,0.0
human_bone_morphogenetic_protein-2,0,1,0.0
il-4ralpha,0,1,0.0
dq3.1,0,1,0.0
healthy_aged_subject,0,1,0.0
promonocytic_cell_line_u937,0,1,0.0
chromosome_8q24,0,1,0.0
iron,0,1,0.0
t-antigen-expressing_plasmid,0,1,0.0
neutrophil_development,0,1,0.0
"cd38+,_cd39-,_slgm-",0,1,0.0
t-cell_response,0,1,0.0
camp-response_element,0,1,0.0
human_ig_heavy_chain_s_gamma_3_region,0,1,0.0
preleukemic_t_cell,0,1,0.0
phagocyte_stimulation,0,1,0.0
c/ebp_proximal,0,1,0.0
type_2_t_cell,0,1,0.0
cholesterol_feedback_mechanism,0,1,0.0
serine_727_phosphorylation,0,1,0.0
gene_regulation,0,1,0.0
p38alpha_mapk,0,1,0.0
dna_binding_study,0,1,0.0
p40,0,1,0.0
receptor-mediated_anti-cd3/anti-cd3+_anti-cd28_stimulation,0,1,0.0
bal_fluid,0,1,0.0
ipr_cd4-8-_t_cell,0,1,0.0
mouse_gene_24p3,0,1,0.0
human_t-lymphotrophic_virus_type_i,0,1,0.0
granule_population,0,1,0.0
nf-kappa_b_dna-binding_activity,0,1,0.0
heterodimeric_p50/p65_complexe,0,1,0.0
aurothioglucose,0,1,0.0
murine_pu.1_(spi-1)_promoter,0,1,0.0
il-4_signalin,0,1,0.0
"tat-activated,_transduced_interferon_gene",0,1,0.0
high-grade_b_cell_tumor,0,1,0.0
renal_tubule,0,1,0.0
anti-cd3-stimulated_cell,0,1,0.0
t(15;17)_acute_promyelocytic_leukemia,0,1,0.0
mnc,0,1,0.0
nk-chi_b,0,1,0.0
low-affinity_il-12r_beta1_subunit,0,1,0.0
bzlf1-specific_memory_t_cell,0,1,0.0
choriocarcinoma,0,1,0.0
albuminemia,0,1,0.0
gene_therapy,0,1,0.0
tax_expressing_t_cell_line,0,1,0.0
hiv-1-infected_cell,0,1,0.0
nre,0,1,0.0
p50/p50,0,1,0.0
il-10_up-regulation,0,1,0.0
cd5_surface_expression,0,1,0.0
hepatitis_b,0,1,0.0
"heterotrimeric_nfatp,_fos,_and_jun_protein_complex",0,1,0.0
protein_binding,0,1,0.0
il-2-independent_cell_line,0,1,0.0
activated_gene,0,1,0.0
anti-cd14_monoclonal_antibody,0,1,0.0
subsequent_proliferation_activity,0,1,0.0
signal-dependent_phosphorylation,0,1,0.0
antigen_receptor-induced_signal,0,1,0.0
d-ribose,0,1,0.0
promyelocytic/retinoic_acid_receptor_alpha_(rar_alpha)_fusion_transcript,0,1,0.0
cytokine-modulating_activity,0,1,0.0
stage-specific_expression,0,1,0.0
hirsutism,0,1,0.0
ligand-inducible_phosphorylation,0,1,0.0
tumor-specific_rearrangement,0,1,0.0
early_b-lymphocyte_development,0,1,0.0
jurkat_cell_line,0,1,0.0
ca2+/calmodulin-dependent_serine-threonine_phosphatase,0,1,0.0
ru_43044,0,1,0.0
nf-kb_activation,0,1,0.0
rna_polymerase_ii,0,1,0.0
activation_of_transcription,0,1,0.0
healthy_woman,0,1,0.0
p50/p65_heterodimer,0,1,0.0
cellular_i_kappa_b-alpha_pool,0,1,0.0
monocytic_production,0,1,0.0
human_u-937,0,1,0.0
herpes_simplex_virus-1,0,1,0.0
el4,0,1,0.0
ebv_persistence,0,1,0.0
second_subnuclear_domain,0,1,0.0
major_histocompatibility_complex_molecule,0,1,0.0
double-stranded_gire_sequence,0,1,0.0
il-2_enhancer_construct,0,1,0.0
tnf-alpha_protein_presence,0,1,0.0
ebf-binding_site,0,1,0.0
chloramphenicol_acetyl-transferase_expression,0,1,0.0
ii_receptor,0,1,0.0
human_colony-stimulating_factor-1_receptor,0,1,0.0
rhtnf-alpha,0,1,0.0
physiological_effect,0,1,0.0
nuclear_factor_of_activated_t_cells_(nfat)_domain,0,1,0.0
65-kilodalton_transactivating_subunit,0,1,0.0
isomerase_activity,0,1,0.0
signal_transducer_and_activator_of_transcription_3,0,1,0.0
cd34+_progenitor_cell,0,1,0.0
c2h2_zinc_finger_gene,0,1,0.0
vascular_inflammation,0,1,0.0
sublining_cell_of_synovial_tissue,0,1,0.0
human_kg-1_myeloid_leukemia_cell,0,1,0.0
immunodominant_peptide,0,1,0.0
p105,0,1,0.0
hormone_receptor_protein,0,1,0.0
hamster_cutaneous_wound,0,1,0.0
thp1,0,1,0.0
y518,0,1,0.0
tumor_suppressor_protein,0,1,0.0
differentially_expressed_sequence_tag,0,1,0.0
iia_hyperlipidemia,0,1,0.0
megakaryocytic_enhancer,0,1,0.0
105-kd_protein,0,1,0.0
latent_membrane_protein,0,1,0.0
cytolytic_effector_molecule,0,1,0.0
nf-kappab_generation,0,1,0.0
brca1_allele,0,1,0.0
cellular_growth,0,1,0.0
stroma_cell_line,0,1,0.0
nf-atp-/-_mouse,0,1,0.0
gabp,0,1,0.0
map_kinase-related_kinase,0,1,0.0
zvad-fmk,0,1,0.0
metallothionein_enhancer,0,1,0.0
signal-induced_degradation,0,1,0.0
interleukin_6,0,1,0.0
negative_regulatory_event,0,1,0.0
nfat-like_element,0,1,0.0
molecular_level,0,1,0.0
antigen-presenting_cell_(apc)_morphology,0,1,0.0
th1_clone,0,1,0.0
ctl_recognition,0,1,0.0
erythroid_proliferation,0,1,0.0
yy1_binding_site,0,1,0.0
nerve_cell,0,1,0.0
mitogenic_t_cell_activation_signal,0,1,0.0
genomic_dna,0,1,0.0
xq13_region,0,1,0.0
adhesion_molecule,0,1,0.0
b-laip,0,1,0.0
anti-tnf_antibody,0,1,0.0
cd35,0,1,0.0
binding_specificity,0,1,0.0
macrophage_activation,0,1,0.0
creb_protein,0,1,0.0
fos-like_kinetic,0,1,0.0
periovulatory_period,0,1,0.0
steady-state_i_kappa_b_alpha/mad-3_mrna_level,0,1,0.0
nonadherent_culture,0,1,0.0
interleukin_2_receptor_alpha-chain_(il-2r_alpha)_gene,0,1,0.0
47.10,0,1,0.0
nf-kappa_b1_homodimer,0,1,0.0
cellular_25(oh)d3_uptake,0,1,0.0
cytotoxicity_assay,0,1,0.0
vcam-1_gene_promoter,0,1,0.0
tax-mediated_transcriptional_activation,0,1,0.0
angioimmunoblastic_t-cell_lymphoma,0,1,0.0
chromosome_1,0,1,0.0
pha-activated_cell,0,1,0.0
hut_102,0,1,0.0
[3h]thymidine,0,1,0.0
56-59-kilodalton_protein,0,1,0.0
blood_serum,0,1,0.0
megakaryoblastic_transformation,0,1,0.0
vessel_wall,0,1,0.0
il-2-secreting_cell,0,1,0.0
a/r-tolerant_cell,0,1,0.0
in_vitro_binding_assay,0,1,0.0
permanently_activated_receptor,0,1,0.0
scid_phenotype,0,1,0.0
cepsilon_germline_transcript,0,1,0.0
class_ii_dimer,0,1,0.0
hgm-csf-dependent_cell_proliferation,0,1,0.0
rel_oncogene_family,0,1,0.0
amino_acid_346_to_543,0,1,0.0
l._pneumophila,0,1,0.0
dex-induced_apoptosis,0,1,0.0
ros-dependent_signalling_pathway,0,1,0.0
interleukin_(il)-1alpha,0,1,0.0
euthyroidism,0,1,0.0
oleic_acid,0,1,0.0
-120,0,1,0.0
vla-5_receptor,0,1,0.0
p42/44_(erk)_mapk_cascade,0,1,0.0
collagen,0,1,0.0
gamma-promoter_activity,0,1,0.0
immunocompetent_cell,0,1,0.0
zap-70/syk-deficient_jurkat_cell,0,1,0.0
mutated_nf_kappa_b_promoter,0,1,0.0
ciita-independent_mechanism,0,1,0.0
t4,0,1,0.0
cd8+cd18bright_t_cell,0,1,0.0
lymphocyte_subset,0,1,0.0
gralpha-mediated_transactivation,0,1,0.0
nitric_oxide_synthetase,0,1,0.0
nicoletti_technique,0,1,0.0
genotype,0,1,0.0
lung_vascular_leak,0,1,0.0
immunosuppressive_factor,0,1,0.0
ca2+-binding_protein,0,1,0.0
janus_protein_tyrosine_kinase,0,1,0.0
human_immunodeficiency_virus_type_1_ltr,0,1,0.0
endometria,0,1,0.0
interleukin-1_(il-1)_stimulation,0,1,0.0
il2,0,1,0.0
cd19_promoter_expression,0,1,0.0
cytolysis,0,1,0.0
human_breast_cancer,0,1,0.0
cbf_alpha_2,0,1,0.0
hla_class_ii_antigens_expression,0,1,0.0
cam_kinase_family,0,1,0.0
stimulated_by_tumor_necrosis_factor-alpha,0,1,0.0
monoclonal_antibody_kn_382/ec1,0,1,0.0
sp-a-dependent_increase,0,1,0.0
whole_cell_assay,0,1,0.0
dra_gene_regulatory_sequence,0,1,0.0
ifn-stimulated_gene_15,0,1,0.0
steroid-responsive_gene,0,1,0.0
orally_active_proteasome_inhibitor,0,1,0.0
interleukin_3_mrna_levels,0,1,0.0
m47,0,1,0.0
janus_kinase-stat_pathway,0,1,0.0
resultant_cell_line,0,1,0.0
tyrosine-containing_stat_docking_site,0,1,0.0
physiological_significance,0,1,0.0
u-937_monoblastic_cell_line,0,1,0.0
gliadin_peptide,0,1,0.0
granulocyte-colony_stimulating_factor_(g-csf)_receptor,0,1,0.0
pre,0,1,0.0
t_cell_differentiation_and_activation,0,1,0.0
ovary,0,1,0.0
mtcp1/a1_transcript,0,1,0.0
puf_site,0,1,0.0
11p13,0,1,0.0
e-selectin-nf-kappa_b_oligomer,0,1,0.0
antioncogenic_transcription_factor_interferon_regulatory_factor,0,1,0.0
akv,0,1,0.0
ebv_antibody_titre,0,1,0.0
ad1,0,1,0.0
rvlp,0,1,0.0
bacterial_lipopolysaccharide-stimulated_macrophage,0,1,0.0
tax1_antigen_molecule,0,1,0.0
d_novo_mutation,0,1,0.0
intertypic_recombinant_virus,0,1,0.0
n19rhoa,0,1,0.0
il-6_transcription,0,1,0.0
anti-cd40_monoclonal_antibody,0,1,0.0
chronic_inflammatory-type_condition,0,1,0.0
nfat_motif,0,1,0.0
progesterone_receptor-bearing_cell,0,1,0.0
normal_human_b_cell,0,1,0.0
serotonin_reuptake_inhibitor,0,1,0.0
sulfhydryl_agent,0,1,0.0
src,0,1,0.0
pdbu/iono,0,1,0.0
adult_t-cell_leukemia_cell_line,0,1,0.0
l2_mutation,0,1,0.0
endothelial_cell_adhesive_property,0,1,0.0
1a9-m_cell,0,1,0.0
vcam-1_mrna,0,1,0.0
bv,0,1,0.0
metabolic_acidosis,0,1,0.0
endonuclease_activity,0,1,0.0
melanoma,0,1,0.0
interleukin-10_receptor_expression,0,1,0.0
proinflammatory_neutrophil,0,1,0.0
myelodysplasia,0,1,0.0
ebna3c,0,1,0.0
hla-dm_function,0,1,0.0
lbf4,0,1,0.0
tuberous_sclerosis_gene,0,1,0.0
cd4_antigen,0,1,0.0
ciita-induced_promoter_occupancy,0,1,0.0
human_and_mouse_cell_line,0,1,0.0
atg,0,1,0.0
anti-ig,0,1,0.0
apoptotic_mechanism,0,1,0.0
severely_depressed_patient,0,1,0.0
ebv-positive_gastric_carcinoma,0,1,0.0
tax,0,1,0.0
thermal_activation,0,1,0.0
intracellular_level,0,1,0.0
fos/jun_protein,0,1,0.0
endothelial-raw264.7_coculture_system,0,1,0.0
h9,0,1,0.0
b-lymphoid_cell_line,0,1,0.0
immunoregulatory_molecule,0,1,0.0
brtal,0,1,0.0
monocyte/macrophage,0,1,0.0
transcription_factor_binding,0,1,0.0
zymogen,0,1,0.0
terminal_step_of_transport,0,1,0.0
irf-1_5'-flanking_dna,0,1,0.0
hla-dm,0,1,0.0
fcs-_liquid-suspension_culture,0,1,0.0
"calcium-independent,_cd28-specific_pathwa",0,1,0.0
peripheral_blood_stem_cell,0,1,0.0
tramp-induced_cell_death,0,1,0.0
ul55,0,1,0.0
ltr-cat_assay,0,1,0.0
vitamin_d3,0,1,0.0
t_lymphocyte_jurkat_cell,0,1,0.0
nuclear_factor_of_mitogenic-activated_t_cells,0,1,0.0
gr_cdna,0,1,0.0
mononuclear_phagocyte,1,1,0.0
minimacs_separation_unit,0,1,0.0
rar_alpha-lbd,0,1,0.0
escherichia_coli,0,1,0.0
ap-1_transcription_factor_family,0,1,0.0
jak1_activity,0,1,0.0
asp838,0,1,0.0
human_interleukin-2_receptor_beta-chain_promoter,0,1,0.0
5'_deletion_cd20_promoter-cat_construct,0,1,0.0
overlapping_palindrome,0,1,0.0
pseudohypoaldosteronism,0,1,0.0
ra_patient,0,1,0.0
acidic_residue,0,1,0.0
pzvh14,0,1,0.0
cytokine-mediated_inflammatory_disease,0,1,0.0
higher_order_nucleoprotein_complex,0,1,0.0
cd3_ligation,0,1,0.0
nf_kappab,0,1,0.0
mmtv_induction,0,1,0.0
1.3e2_cell,0,1,0.0
k3t,0,1,0.0
cystic_fibrosis_sputum,0,1,0.0
virus-encoded_transactivator,0,1,0.0
lbf6,0,1,0.0
vitamin_d_receptor-retinoid_x_receptor-vitamin_d_response_element_complex_formation,0,1,0.0
sex-related_influence,0,1,0.0
tax-induced_activation,0,1,0.0
basophil,0,1,0.0
endotoxin-induced_inflammation,0,1,0.0
ex_vivo_proliferative_response,0,1,0.0
jurkat_mutant,0,1,0.0
electrophoretic_mobility_shift_assays,0,1,0.0
unlabeled_ap1_binding_site,0,1,0.0
c-fos_promoter_sis-inducible_element_ifn-gamma-activated_sequence-binding_complex,0,1,0.0
selected_patient,0,1,0.0
human_immunodeficiency_virus_(hiv)-1,0,1,0.0
human_tr_beta_1_mrna_level,0,1,0.0
hominid_evolution,0,1,0.0
alf1,0,1,0.0
tumoral_t_cell,0,1,0.0
kaposi's_sarcoma-associated_herpesvirus_infection,0,1,0.0
cd28_costimulation_pathway,0,1,0.0
gammac_chain,0,1,0.0
lymphotoxin,0,1,0.0
inducible_n-terminal_transactivation_domain,0,1,0.0
nf-kappa_b/i_kappa_b_dissociation,0,1,0.0
erythroid_precursor_cell,0,1,0.0
persistent_viral_replication,0,1,0.0
human_adenovirus_type_5_e1a-region,0,1,0.0
ut-7_epo_cell,0,1,0.0
controls,0,1,0.0
41-kda_nuclear_protein,0,1,0.0
ami,0,1,0.0
myeloid_promoter,0,1,0.0
nf-kappa_b-mediated_gene_expressio,0,1,0.0
i-te,0,1,0.0
addisonian_picture,0,1,0.0
"1,25(oh)2d3_receptor",0,1,0.0
breast-cancer_sample,0,1,0.0
central_nervous_system,0,1,0.0
viral_ltr,0,1,0.0
g-csf-induced_growth,0,1,0.0
ly294002_study,0,1,0.0
cd40_antigen,0,1,0.0
murine_b-cell_cdna-library,0,1,0.0
tnfalpha_stimulation,0,1,0.0
pro-b_cell_stage,0,1,0.0
-295_to_-286,0,1,0.0
human_impdh_type_ii_gene,0,1,0.0
bcl-x,0,1,0.0
nuclear_factor_kappab,0,1,0.0
jun_n-terminal_kinase,0,1,0.0
sp_family_member,0,1,0.0
rxr-raralpha403_heterodimer,0,1,0.0
acidic_amino_acid-rich_subfamily,0,1,0.0
ifn-gamma_response_element,0,1,0.0
hla-dma,0,1,0.0
u1rnp,0,1,0.0
htlv-1-infected_t_lymphocyte,0,1,0.0
inflammatory_gene_product,0,1,0.0
oncogenic_rat,0,1,0.0
aspirin-like_drug,0,1,0.0
mutated_promoter-plap_plasmid,0,1,0.0
h5sub304,0,1,0.0
prostaglandin_biosynthesis,0,1,0.0
ureteral_obstruction,0,1,0.0
hpfh_syndrome,0,1,0.0
deltaspl234,0,1,0.0
airway_inflammation,0,1,0.0
-145_to_-128,0,1,0.0
tsc2_mutation,0,1,0.0
alpha2_integrin_gene,0,1,0.0
dicoumarol,0,1,0.0
gc-resistance,0,1,0.0
peripheral_t_cell_specificity,0,1,0.0
nuclear_factor_nf-kappa_b,0,1,0.0
lactoferrin,0,1,0.0
rxr_alpha_expression,0,1,0.0
leukemic_cell_infiltration,0,1,0.0
antidiabetic_agent,0,1,0.0
mo,0,1,0.0
hla_dqa1*0201,0,1,0.0
thp-1_cell_line,0,1,0.0
cd14-mediated_signaling,0,1,0.0
hla-dq-specific_immune_response,0,1,0.0
y145,0,1,0.0
ires_element,0,1,0.0
reduced_cysteine_thiol,0,1,0.0
pybf_activity,0,1,0.0
therapeutic_regimen,0,1,0.0
pkc_inhibitor_h7,0,1,0.0
3h-dexamethasone,0,1,0.0
human_cytokine_il-4,0,1,0.0
j_delta_k_cell,0,1,0.0
transcriptional_effect,0,1,0.0
regulators_of_transcription,0,1,0.0
blood-derived_monocyte,0,1,0.0
peri-kappa_b_factor,0,1,0.0
vascular_endothelium,0,1,0.0
jak/stat_signaling,0,1,0.0
diamide,0,1,0.0
human_fkbp_cdna,0,1,0.0
normal_lymphoid_cell,0,1,0.0
latently_infected_t_cell,0,1,0.0
differentiation-associated_genes,0,1,0.0
tpa-differentiated_u-937_cell,0,1,0.0
hnf-1alpha,0,1,0.0
hbv_mrna,0,1,0.0
human_interleukin_9_(il-9)_gene_expression,0,1,0.0
o-linked_monosaccharide_glycan,0,1,0.0
oct2_protein,0,1,0.0
exon_7a,0,1,0.0
bad,0,1,0.0
zebra_domain,0,1,0.0
fibrosis,0,1,0.0
interferon-gamma-treated_u937_(ifn-u937)_cell,0,1,0.0
b_cell_maturation,0,1,0.0
human_leukaemia_cell,0,1,0.0
fhit,0,1,0.0
3'_polya_site,0,1,0.0
transcriptionally_regulatory_region,0,1,0.0
human_immunodeficiency_virus_type_2_regulatory_element,0,1,0.0
tcr_affinity,0,1,0.0
thiol-containing_antioxidant,0,1,0.0
nfat_target_gene,0,1,0.0
b_cell-specific_tyrosine_kinase_gene_blk,0,1,0.0
hgata-3,0,1,0.0
resistant_variant,0,1,0.0
cbf_alpha_2-451,0,1,0.0
signal_transducer_and_activator_of_transcription_(stat)_factor,0,1,0.0
rb_expression,0,1,0.0
bv173,0,1,0.0
n_terminal_transactivation_domain,0,1,0.0
acute_respiratory_distress_syndrome,0,1,0.0
interleukin-2_receptor_alpha,0,1,0.0
il1-induced_activity,0,1,0.0
heterologous_syncytia,0,1,0.0
germinal_center_b_cell_differentiation,0,1,0.0
variant_allele,0,1,0.0
t-lymphocyte_cell_lineage,0,1,0.0
human_erythroid_alas_isozyme,0,1,0.0
immediate-early_trans-activator_protein,0,1,0.0
jun_protein,0,1,0.0
[3h]progesterone-mbp-hbd,0,1,0.0
nuclease-hypersensitive_site,0,1,0.0
nf-kappa_b-controlled_cytokine_promoter,0,1,0.0
jurkat_t-cell,0,1,0.0
lp_t_cell,0,1,0.0
human_proximal_sequence_element,0,1,0.0
kshv,0,1,0.0
mouse_mutation,0,1,0.0
calcium_homeostasis,0,1,0.0
parasitic_infection,0,1,0.0
weight_gain,0,1,0.0
alcohol-induced_regulation,0,1,0.0
adult_beta-globin/alpha-globin_mrna,0,1,0.0
non-il-2-producing_cell,0,1,0.0
human_interleukin-5_(hil-5)_stimulation,0,1,0.0
b_cell_signaling,0,1,0.0
e2f1,0,1,0.0
flow-cytometric_assay,0,1,0.0
ebv-encoded_nuclear_antigen,0,1,0.0
mn_sod_mrna,0,1,0.0
butylated_hydroxytoluene,0,1,0.0
leukemia_cell_line,0,1,0.0
leucine_incorporation,0,1,0.0
rm,0,1,0.0
cortisol_receptor_resistance,0,1,0.0
neutrophil_recruitment,0,1,0.0
jun_genes,0,1,0.0
scavenger_macrophage,0,1,0.0
macrophage_colony-stimulating_factor_protein,0,1,0.0
nuclear_tal1_protein,0,1,0.0
hb-synthesizing_cell,0,1,0.0
serum_ast/alt,0,1,0.0
systemic_(pbmc)_hgr_level,0,1,0.0
jnk_pathway,0,1,0.0
tnf-alpha-mediated_activation,0,1,0.0
17beta-hsd_iv_mrna_expression,0,1,0.0
normal_population,0,1,0.0
enzymes,0,1,0.0
grb2_family_member,0,1,0.0
cd4+_t-cell_clonal_lines,0,1,0.0
monoclonal_antibody_(mab)_13b8-2,0,1,0.0
cd40-mediated_function,0,1,0.0
uremic_animal,0,1,0.0
therapeutic_activity,0,1,0.0
alpha_4_gene_promoter,0,1,0.0
e1b_19k_protein,0,1,0.0
env,0,1,0.0
nfatp_protein,0,1,0.0
transcriptional_mean,0,1,0.0
herpes_simplex_virus-1_(hsv-1)_vector,0,1,0.0
epstein-barr_virus_nuclear_antigen_2,0,1,0.0
sk-n-be(2)_cell,0,1,0.0
heme_synthesis,0,1,0.0
physiological_concentration,0,1,0.0
mammalian_type-c_retrovirus,0,1,0.0
down-regulation,0,1,0.0
immune_dysfunction,0,1,0.0
nf-kappa_b_activation,1,1,0.0
ebna2_dependent_cis-acting_element,0,1,0.0
qp_activity,0,1,0.0
untreated_subject,0,1,0.0
primed_monocyte,0,1,0.0
e220k,0,1,0.0
er_transcript,0,1,0.0
th2_type_response,0,1,0.0
e2a_gene,0,1,0.0
hs-40_enhancer-zeta_2_globin_promoter_interaction,0,1,0.0
necrosis,0,1,0.0
high_ki-67_proliferation,0,1,0.0
human_tcr_beta_gene,0,1,0.0
caev,0,1,0.0
lytic_transglycosylase,0,1,0.0
low_affinity_bsap_site,0,1,0.0
i_kappa_b_alpha_degradation,0,1,0.0
aes_protein,0,1,0.0
elevated_e2a_protein_concentration,0,1,0.0
mature_normal_human_myeloid_cell,0,1,0.0
elicited_rat_peritoneal_neutrophil,0,1,0.0
cd40-mediated_enhancement,0,1,0.0
core_sequence,0,1,0.0
mab_g28-5,0,1,0.0
mrna_expression,0,1,0.0
oligomerization,0,1,0.0
nf-kappab-dependent_transcription,0,1,0.0
myeloid-specific_surface_marker,0,1,0.0
recombinant_ebna-2_expression_vector,0,1,0.0
cd3,0,1,0.0
cut/cdp_protein,0,1,0.0
oxidized_low-density_lipoprotein,0,1,0.0
tpl-2,0,1,0.0
erythrocyte-specific_carbonic_anhydrase_ii,0,1,0.0
eosinophils,0,1,0.0
hiv-1_(-139)long_terminal_repeat-cat_construct,0,1,0.0
rel/nf-kappa_b_protein,0,1,0.0
hematopoietic_cell_type,0,1,0.0
dna_binding_motif,0,1,0.0
plastic_surface,0,1,0.0
land,0,1,0.0
various_promoter,0,1,0.0
prl-responsive_element,0,1,0.0
ciita_activation_domain,0,1,0.0
il-2_promoter_activity,0,1,0.0
bcl-2_oncogene,0,1,0.0
phytohemagglutinin_(pha)-stimulated_lymphocyte,0,1,0.0
nuclear_factor-activated_t_cells,0,1,0.0
concatameric_linear_dna,0,1,0.0
dna-binding_complex,0,1,0.0
redox-dependent_gene_transcription,0,1,0.0
dqa1*0201/dqb1*0201,0,1,0.0
mar-binding_protein,0,1,0.0
elective_termination,0,1,0.0
p53-independent_pathway,0,1,0.0
tumor_metastasis_regulation,0,1,0.0
restricted_protein_kinase_c_(pkc)_isoform,0,1,0.0
mmp-9,0,1,0.0
cell_population,0,1,0.0
p65_(rel-a)_phosphorylation,0,1,0.0
tax1-inducible_transcriptional_pathwa,0,1,0.0
mineralocorticoid_antagonist,0,1,0.0
65-kda,0,1,0.0
partial_cn_inhibition,0,1,0.0
human_genomic_clone,0,1,0.0
pan-pkc_inhibitor_bisindolylmaleimide,0,1,0.0
granulocytic_pathway,0,1,0.0
retroviral_vector-mediated_transduction,0,1,0.0
t_cell_il3_gene_expression,0,1,0.0
kappa_immunoglobulin_enhancer,0,1,0.0
immunoblot_analysis,0,1,0.0
tax_expressing_cell,0,1,0.0
e-box,0,1,0.0
human_mineralocorticoid_receptor,0,1,0.0
erythropoietin_receptor,0,1,0.0
nf-kappab-dependent_intracellular_signaling_pathway,0,1,0.0
acetylated_transcription_factor,0,1,0.0
cellular_expression,0,1,0.0
apl_cell_line,0,1,0.0
mouse_mpc11_plasmacytoma_cell,0,1,0.0
radioiodine_uptake,0,1,0.0
htb,0,1,0.0
upstream_nuclear_factor-kappa_b_(nf-kappa_b)_site,0,1,0.0
renin,0,1,0.0
early_killing_effect,0,1,0.0
pml/rar-alpha_peptide,0,1,0.0
collagenase-1_transcription,0,1,0.0
mature_t-cell_phenotype,0,1,0.0
spi-b_mrna,0,1,0.0
serum_responsive_element,0,1,0.0
transfection_assay,0,1,0.0
gene_expression,0,1,0.0
il-12-induced_phosphorylation,0,1,0.0
group_iii_burkitt's_lymphoma_(bl)_cell_line,0,1,0.0
htlv-ii,0,1,0.0
fura,0,1,0.0
jak_(janus_kinase)_family,0,1,0.0
lymphocyte_depletion,0,1,0.0
e1b_mutant_genome,0,1,0.0
gal4,0,1,0.0
membrane_proximal_proline-rich_domain,0,1,0.0
cyclosporin_treatment,0,1,0.0
bcp-all_cell,0,1,0.0
human_sr-bp,0,1,0.0
silent_normal_c-myc_allele,0,1,0.0
cf_sputum,0,1,0.0
sh2_domain,0,1,0.0
ndp_kinase_expression,0,1,0.0
no_donor,0,1,0.0
phorbol_myristake_acetate-a23187,0,1,0.0
cytoplasmic_tyrosine_kinase_tec_family,0,1,0.0
phospholipase_cy1,0,1,0.0
oxygen_radical,0,1,0.0
cd11b_integrin_expression,0,1,0.0
cell_cytosol,0,1,0.0
human_chromosome_5q23-31,0,1,0.0
kappa_b_binding_site,0,1,0.0
chronic_inflammation,0,1,0.0
erythroid_lineage,0,1,0.0
human_immunodeficiency_virus_1,0,1,0.0
yb-1,0,1,0.0
adenoviral_serotype,0,1,0.0
4-(4-fluorophenyl)-2-_(4-methylsulphinylphenyl)-5-(4-pyridyl)_1h-imidazole,0,1,0.0
non-ig_sequence,0,1,0.0
positive-pressure_mechanical_ventilation,0,1,0.0
cytoplasmic_acidification,0,1,0.0
bzip_protein,0,1,0.0
genetically_modified_t_lymphocyte,0,1,0.0
simian_virus_40_enhancer_tc-ii_(nf-kappa_b)_element,0,1,0.0
candidate_gene,0,1,0.0
cap_site,0,1,0.0
target_tissue,0,1,0.0
dnase_1,0,1,0.0
nf-kappa_b_motif,0,1,0.0
amino_acid_change,0,1,0.0
cell_cycle_checkpoint,0,1,0.0
basic_helix-loop-helix_(bhlh)_transcription_factor,0,1,0.0
mr,0,1,0.0
expression/repression,0,1,0.0
cd40_molecule,0,1,0.0
ets_related_pu.1_site,0,1,0.0
human_umbilical_venous_cell,0,1,0.0
host_nk_cell_response,0,1,0.0
tcr_engagement,0,1,0.0
deficiency_syndrome,0,1,0.0
membrane_sensor_kinase,0,1,0.0
mekk1,0,1,0.0
yt_cell_line,0,1,0.0
erythrocytic_lineage,0,1,0.0
fibronectin,0,1,0.0
allo_drug,0,1,0.0
nf-kappa_b_transcription_factor_activation,0,1,0.0
leucine_zipper_dna_binding_motif,0,1,0.0
human_leukemia,0,1,0.0
nef-expressing_cell,0,1,0.0
hes-1_transcript,0,1,0.0
c-kit_ligand,0,1,0.0
unspliced_gag-pol_mrna,0,1,0.0
caspase-3_activation,0,1,0.0
nf-kappa_b_dna_binding_motif,0,1,0.0
nf-kappabp65,0,1,0.0
pld_activity,0,1,0.0
basic_mechanism,0,1,0.0
phosphorylated_tyrosine_residues,0,1,0.0
janus_kinase/stat_signaling_pathway,0,1,0.0
70_kda,0,1,0.0
i_kappab_molecule,0,1,0.0
anti-ifn-alpha/beta_antibody,0,1,0.0
caenorhabditis_elegans,0,1,0.0
complex_regulatory_mechanism,0,1,0.0
young_rat,0,1,0.0
myogenin,0,1,0.0
ringed_sideroblast,0,1,0.0
epstein-barr_viral_latency,0,1,0.0
random_migration,0,1,0.0
cytosolic_component,0,1,0.0
multifocal_cancer,0,1,0.0
interleukin_2_receptor_alpha_chain,0,1,0.0
fli-1_expression_vector,0,1,0.0
ras/protein_kinase_c_and_calcium_pathway,0,1,0.0
granulocyte_count,0,1,0.0
proteasome-dependent_cytoplasmic-to-nuclear_localization,0,1,0.0
mitogen-activated_protein_(map)_kinase_pathways,0,1,0.0
c-fos_protein_expression,0,1,0.0
mhc_class_ii-constitutive_b_cell,0,1,0.0
steroid_binding_activity,0,1,0.0
csf,0,1,0.0
cd4+_t_cell_subset,0,1,0.0
tar-deleted_mutant_hiv-1,0,1,0.0
ebv-infected_t_cell,0,1,0.0
lineage-specific_expression,0,1,0.0
glucocorticoid_receptor_(gr)_functionality,0,1,0.0
nf-kappa_b-dna_complex,0,1,0.0
octamer,0,1,0.0
raf-1,0,1,0.0
chromosome_breakpoint,0,1,0.0
nuclear_run-on_experiment,0,1,0.0
sp_ii_promoter,0,1,0.0
timp,0,1,0.0
neuroblastoma_cell_differentiation,0,1,0.0
anti-fos_antibody,0,1,0.0
termed_caspase,0,1,0.0
tata_box_binding_protein,0,1,0.0
d-type_cyclin,0,1,0.0
cytochrome_p-450,0,1,0.0
dlcl_pathogenesis,0,1,0.0
linear_ebv_dna,0,1,0.0
eosinophlic_inflammation,0,1,0.0
t_cell_lymphoma,0,1,0.0
basal_transcription_factor,0,1,0.0
sledai,0,1,0.0
potent_transcriptional_activator,0,1,0.0
interferon-gamma_activation,0,1,0.0
t-cell_function,0,1,0.0
stably_transfected_cell_line,0,1,0.0
receptor_promoter,0,1,0.0
il-8_promoter_region,0,1,0.0
estrone,0,1,0.0
negative_regulatory_pathway,0,1,0.0
duffy_blood_group_system,0,1,0.0
tnf-alpha_protein,0,1,0.0
tpa-resistant_u-937_cell_variant,0,1,0.0
independent_transcriptional_activation_domain,0,1,0.0
monocyte_mcp-1_expression,0,1,0.0
t3_suppressibility,0,1,0.0
in_vivo_differentiation_therapy,0,1,0.0
calcitriol_receptor,0,1,0.0
vdr_level,0,1,0.0
nf-il6_motif,0,1,0.0
cyclin_e-associated_kinase_activity,0,1,0.0
pyrrole-imidazole_polyamide,0,1,0.0
nf-kappa_b1,0,1,0.0
hiv-infected_individual,0,1,0.0
human_15-lipoxygenase_gene_promoter,0,1,0.0
myeloid_leukemic_cell,0,1,0.0
genbank_database,0,1,0.0
b_cell-specific_cell_surface_molecule,0,1,0.0
il-1-induced_nf-kappa_b_dna_nuclear_localization,0,1,0.0
surrogate_light_chain,0,1,0.0
estrogen_receptor_(er)_status,0,1,0.0
tnfri_death_domain,0,1,0.0
b_cell-associated_surface_molecule_cd40,0,1,0.0
dna_motif,0,1,0.0
hladq,0,1,0.0
beta_globin_gene_upstream_element,0,1,0.0
menadione,0,1,0.0
small_gtp-binding_protein,0,1,0.0
hematologic_neoplasm,0,1,0.0
b-cell-and_monocyte/macrophage-differentiation_lineage,0,1,0.0
hiv-1_long_terminal_repeat,0,1,0.0
a6h_monoclonal_antibody,0,1,0.0
hsp70_overexpression,0,1,0.0
dse_sites,0,1,0.0
pml-dependent_pathway,0,1,0.0
h-rs_cell,0,1,0.0
gralpha_expression,0,1,0.0
neuroendocrine_promoter,0,1,0.0
glutamine-rich_region_2_and_3,0,1,0.0
thermosensitive_sv40_t_antigen,0,1,0.0
microtubular_assembly,0,1,0.0
antiviral_action,0,1,0.0
facs,0,1,0.0
hla-dq_sequence,0,1,0.0
il-2-gene,0,1,0.0
functional_gene,0,1,0.0
ifn-gamma-induced_early_signaling_event,0,1,0.0
zta_expression,0,1,0.0
a-myb_n-terminal_domain,0,1,0.0
ciita_trans-activator,0,1,0.0
thapsigargin,0,1,0.0
udg_promoter,0,1,0.0
cd36_gene_promoter,0,1,0.0
cell_release,0,1,0.0
actin_stress_fiber,0,1,0.0
affected_child,0,1,0.0
cytodifferentiation,0,1,0.0
plasma_testosterone,0,1,0.0
cellular_activation,0,1,0.0
dpa_promoter,0,1,0.0
g2s,0,1,0.0
fc,0,1,0.0
metalloproteinase_activity,0,1,0.0
membrane-proximal_box_1_pxp_motif,0,1,0.0
pdgf(b)_mrna_accumulation,0,1,0.0
zinc-finger_dna-binding_transcription_activator,0,1,0.0
cd40_ag,0,1,0.0
zap-70_tyrosine_kinase,0,1,0.0
nf-kappa_b-binding_elements,0,1,0.0
leukotriene_b4_(ltb4)_generation,0,1,0.0
ikappab-alpha_protein,0,1,0.0
human_nkl_cell_line,0,1,0.0
brain_tissue,0,1,0.0
huvec_surface_vcam-1,0,1,0.0
antiatherogenic_mechanism,0,1,0.0
pseudomonas_aeruginosa,0,1,0.0
genbank,0,1,0.0
tcr_chain,0,1,0.0
ets_binding_motif,0,1,0.0
hodgkin's_reed-sternberg_cell,0,1,0.0
receptor_numbers,0,1,0.0
leukocyte-platelet_adhesion,0,1,0.0
jund/c-fos_heterodimer,0,1,0.0
novel_human_uterine_thromboxane_receptor_cdna,0,1,0.0
meta,0,1,0.0
pkc-alpha,0,1,0.0
epstein-barr_virus_(ebv)-induced_cytotoxic_t-lymphocyte_(ctl)_memory,0,1,0.0
-47_to_-40_upstream,0,1,0.0
interleukin-2_[il-2]-dependent_ht-2_line,0,1,0.0
mammalian_specie,0,1,0.0
il-4-mediated_response,0,1,0.0
e1b_19k,0,1,0.0
blood_urea_nitrogen,0,1,0.0
55_kd_tumor_necrosis_factor_receptor,0,1,0.0
lck-mediated_activation,0,1,0.0
microdissected_ovarian_tumor_cell,0,1,0.0
pafr,0,1,0.0
pp_repeat,0,1,0.0
upstream_regulatory_region,0,1,0.0
pagc,0,1,0.0
protein_kinase_c-mediated_gene_transcription,0,1,0.0
base-substitution_mutation,0,1,0.0
c5mj2_cell,0,1,0.0
phytohemagglutinin/anti-cd28_activated_t_lymphocyte,0,1,0.0
eukaryotic_vector,0,1,0.0
(cdk)4,0,1,0.0
cd16_ligands,0,1,0.0
ad5_e1a_gene,0,1,0.0
pkb/akt,0,1,0.0
c2h2_zinc_finger,0,1,0.0
spi-1_mrna,0,1,0.0
interleukin-2_(il-2)_deprivation,0,1,0.0
p._falciparum,0,1,0.0
haematopoietic_system,0,1,0.0
cell_extract,0,1,0.0
il-4_stimulation,0,1,0.0
cold_shock,0,1,0.0
nfat_sequence,0,1,0.0
interleukin-2_gene,0,1,0.0
noncontiguous_regions,0,1,0.0
nuclear_matrix,0,1,0.0
pge2_action,0,1,0.0
"t(y;15)/45,x_turner_mosaic_pattern",0,1,0.0
mouse_notch-1,0,1,0.0
human_myeloid_cell_differentiation,0,1,0.0
"1,25-dihydroxyvitamin_d3_receptor",0,1,0.0
stp-c488_p10-->r_mutant,0,1,0.0
t-cell_activator,0,1,0.0
pyrrolidine_dtc,0,1,0.0
circadian_rhythm,0,1,0.0
nuclear_c-rel_expression,0,1,0.0
transcription_repressor_evi1,0,1,0.0
hiv1_infection,0,1,0.0
anti-pml/rar-alpha,0,1,0.0
phop,0,1,0.0
transcriptional_activation_domain,0,1,0.0
ebv_protein_expression,0,1,0.0
"soluble_beta-(1,3)-glucan",0,1,0.0
i_kappa_b_alpha-bound_kinase_activity,0,1,0.0
il-6_kappa_b_binding_factor_ii,0,1,0.0
v-abl-mediated_signaling,0,1,0.0
acute_hepatic_injury,0,1,0.0
a-myb_transcription,0,1,0.0
"inositol-1,4,5-trisphosphate/calcium_pathway",0,1,0.0
gct,0,1,0.0
primary_sensitization,0,1,0.0
mrna_transcripts,0,1,0.0
control_subject,0,1,0.0
interleukin-1beta_transcription,0,1,0.0
red_cell,0,1,0.0
immunocompromised_host,0,1,0.0
active_pulmonary_tuberculosis,1,1,0.0
tat-induced_tar-independent_loop,0,1,0.0
mn-sod_expression,0,1,0.0
generalized_lymphadenopathy,0,1,0.0
106_kda,0,1,0.0
pma-pha_combination,0,1,0.0
cd29,0,1,0.0
interleukin_2_(il-2)_production,0,1,0.0
endothelial_cell_conditioned_medium,0,1,0.0
camp_response_element_binding_protein,0,1,0.0
dexamethasone_binding,0,1,0.0
dna_repair,0,1,0.0
mcf13_murine_leukemia_virus,0,1,0.0
adenoviral_group,0,1,0.0
butyric_acid-induced_erythroid_differentiation,0,1,0.0
cd3-mediated_stimulation,0,1,0.0
dnase_i_footprint,0,1,0.0
gata-1_factor_binding_motif,0,1,0.0
gr_mrna/microg_rna,0,1,0.0
complex_1,0,1,0.0
il-1_beta-stimulated_huvec,0,1,0.0
human_t_cell_receptor_alpha/delta_locus,0,1,0.0
healthy_control_subjects,0,1,0.0
ro_09-2210,0,1,0.0
factor-mediated_suppression,0,1,0.0
tcf-1_site,0,1,0.0
peroxisome_proliferator-activated_receptor-alpha,0,1,0.0
immunolabeling,0,1,0.0
tnf_alpha/beta,0,1,0.0
pkc,0,1,0.0
transactivation_function,0,1,0.0
xiste-_ring_chromosome,0,1,0.0
immunosuppressant_drug,0,1,0.0
"anti-_ea-restricted,_anti-vca_antibody",0,1,0.0
slp-76,0,1,0.0
calcineurin-dependent_process,0,1,0.0
chicken_il2,0,1,0.0
later_stage_cell,0,1,0.0
11p15_target,0,1,0.0
il-5_producing_cell,0,1,0.0
x_chromosome,0,1,0.0
35_kda,0,1,0.0
jurkat_t_cell,0,1,0.0
jurkat_cd4+_t_cell,0,1,0.0
serine_protease_xa,0,1,0.0
camp-_and_protein_kinase_c_(pkc)-dependent_pathway,0,1,0.0
mad-3_protein,0,1,0.0
myb_site,0,1,0.0
tnfrp75,0,1,0.0
bpv,0,1,0.0
t_alpha_1,0,1,0.0
beta-galactosidase_mrna_level,0,1,0.0
target_cell,0,1,0.0
hiv-1_tat_affinity_column,0,1,0.0
hiv-1_long_terminal_repeat_(ltr)_promoter,0,1,0.0
class_ii_mhc/superantigen,0,1,0.0
premature_aging,0,1,0.0
stage_selector_element,0,1,0.0
cpg-rich_island,0,1,0.0
z,0,1,0.0
in_vitro_production,0,1,0.0
gata-2/er,0,1,0.0
jun_d_proto-oncogene,0,1,0.0
stimulation-dependent_signal_transduction,0,1,0.0
cis-activation,0,1,0.0
sr_31747a_binding,0,1,0.0
nf-il6_protein,0,1,0.0
basic_helix-loop-helix-zipper_protein,0,1,0.0
human_gingival_fibroblast,0,1,0.0
-45_site,0,1,0.0
e3_mrna_level,0,1,0.0
human_t-cell_acute_lymphoblastic_leukemia,0,1,0.0
tyrosine_residue,0,1,0.0
fp_promoter,0,1,0.0
crude_nuclear_extract,0,1,0.0
higher-molecular-weight_species,0,1,0.0
organ,0,1,0.0
x1_box-specific_dna-binding_activity,0,1,0.0
interleukin-1_(il-1)_signaling,0,1,0.0
il-1_beta_mrna_level,0,1,0.0
minimal_thy-1_promoter,0,1,0.0
transcriptional_repressor,0,1,0.0
leucine-rich_domain,0,1,0.0
cholecystokininb_receptor,0,1,0.0
t_cell_receptor_(tcr)_gene_rearrangement,0,1,0.0
jak/stat_signal_pathway,0,1,0.0
bzlf_1_trans-activator,0,1,0.0
nfatx3,0,1,0.0
factor_protein,0,1,0.0
immunofluorescent_staining,0,1,0.0
t_cell_activation_factor,0,1,0.0
sodium_oleate,0,1,0.0
lef1/bcf1,0,1,0.0
lipopolysaccharide-induced_nf-kappa_b_activation,0,1,0.0
ss_reticulocyte,0,1,0.0
coagulation_factor,0,1,0.0
rap1_protein_expression,0,1,0.0
pin*point_assay,0,1,0.0
basal_transcription_complex,0,1,0.0
acute_lung_inflammatory_injury,0,1,0.0
human_leukemia_u937_cell,0,1,0.0
human_monocytic_leukemia_cell_line,0,1,0.0
transcription_initiation_complex_assembly,0,1,0.0
immediate-early_protein,0,1,0.0
vdr_dna-binding_domain,0,1,0.0
ebna_expression,0,1,0.0
nuclear_receptor,0,1,0.0
human_cd34(+)_hematopoietic_progenitor_cell,0,1,0.0
human_immunodeficiency_virus_type-1_(hiv-1)_transcription,0,1,0.0
kv,0,1,0.0
tumor_proliferative_activity,0,1,0.0
human_mcm6_promoter,0,1,0.0
ibr,0,1,0.0
consensus_kappa_b_site,0,1,0.0
ibmx,0,1,0.0
human_interleukin-9_receptor_alpha_chain,0,1,0.0
mhc_class_ii-negative_cell,0,1,0.0
effector_t_cell,0,1,0.0
heat_shock_transcription_factor,0,1,0.0
small_deletion,0,1,0.0
diethylstilbestrol,0,1,0.0
wild-type_reversion,0,1,0.0
transcriptional_property,0,1,0.0
lymphatic_organ,0,1,0.0
b-cell_lineage,0,1,0.0
peripheral_blood_(pb)_granulocyte,0,1,0.0
0.95_kb_id-3_transcript,0,1,0.0
normal_human_tonsil,0,1,0.0
human_immunodeficiency_virus_type_2_enhancer,0,1,0.0
alcoholic,0,1,0.0
recurrent_chromosomal_translocation,0,1,0.0
human_disease_syndrome,0,1,0.0
tumor_necrosis_factor_receptor_signaling_pathway,0,1,0.0
monocyte-macrophage_lineage-associated_surface_antigen,0,1,0.0
paclitaxel,0,1,0.0
ductal_carcinoma,0,1,0.0
rac,0,1,0.0
squirrel_monkey_lymphocyte,0,1,0.0
nuclear_nf-kappa_b_expression,0,1,0.0
ionizing_radiation,0,1,0.0
calcineurin,0,1,0.0
t-cell_antigen_receptor-cd3_complex_signaling_pathway,0,1,0.0
rxr-specific_agonist,0,1,0.0
distal_box,0,1,0.0
itt,0,1,0.0
specific_antagonist,0,1,0.0
electrophoretic_mobility_shift_(ems)_analysis,0,1,0.0
pkc_activating_phorbol_ester,0,1,0.0
il-2_receptor_alpha_expression,0,1,0.0
hla-dr_haplotype,0,1,0.0
whole-cell_binding_assay,0,1,0.0
enhancer-mediated_activation,0,1,0.0
activation_phenotype,0,1,0.0
peripheral_blood_sample,0,1,0.0
fetal/neonatal_t-cell_activation,0,1,0.0
air-1_locus_function,0,1,0.0
synovial_biopsy_specimen,0,1,0.0
metabolic_substrate,0,1,0.0
lef-1-binding_site,0,1,0.0
proinflammatory_cytokine_pathway,0,1,0.0
jurkat_cell_clone,0,1,0.0
adenovirus_major_late_promoter,0,1,0.0
c4_zinc_finger_dna-binding_domain,0,1,0.0
differentiation-inducing_therapy,0,1,0.0
macrophage-csf,0,1,0.0
monoclonal_antibody_60b,0,1,0.0
human_il-1beta_promoter,0,1,0.0
icsat,0,1,0.0
leucine_transport_selection,0,1,0.0
cmat_protein,0,1,0.0
blp,0,1,0.0
ctl_response,0,1,0.0
il-10_inhibited_translocation,0,1,0.0
a549,0,1,0.0
ap2_mrna,0,1,0.0
oxidant_stress,0,1,0.0
th0-type_human_t_cell_clone,0,1,0.0
latent_cytoplasmic_form,0,1,0.0
egr-2,0,1,0.0
tlr2,0,1,0.0
leucine_zipper_class,0,1,0.0
196_base_pair_long_region,0,1,0.0
il-13_gene,0,1,0.0
human_cdna_clone,0,1,0.0
selenium_supplementation,0,1,0.0
mutated_k-ras_protein,0,1,0.0
eosinophilia,0,1,0.0
memory_th2_cell,0,1,0.0
nt_4816_to_4851,0,1,0.0
whole_blood_histamine,0,1,0.0
dna-binding,0,1,0.0
aml_case,0,1,0.0
adult_lineage,0,1,0.0
c-jun_amino-terminal_kinase,0,1,0.0
tat-i,0,1,0.0
h2o2_scavenger,0,1,0.0
il-2_transcriptional_blockade,0,1,0.0
agonistic_anti-cd30_monoclonal_antibody,0,1,0.0
human_gasd_element,0,1,0.0
human_class_ii_transplantation_gene,0,1,0.0
ig_heavy_chain_mu_e1_site,0,1,0.0
dna-binding_affinity,0,1,0.0
mad3/i_kappa_b_alpha,0,1,0.0
t3-responsive_reporter_gene,0,1,0.0
mac-1,0,1,0.0
fak,0,1,0.0
lymphocyte_glucocorticoid_receptor,0,1,0.0
rel/kappab,0,1,0.0
ebv-positive_gastric_carcinoma_tissue,0,1,0.0
hsie,0,1,0.0
monoclonal_anti-cr1,0,1,0.0
chromosome_5,0,1,0.0
lipid_homeostasis,0,1,0.0
cell_model_system,0,1,0.0
9j,0,1,0.0
functional_alterations,0,1,0.0
myelomonocytic_cell,0,1,0.0
a-myb,0,1,0.0
hla-dq-restricted_t_cell_recognition,0,1,0.0
friend_virus-induced_erythroblast,0,1,0.0
mature_dc,0,1,0.0
nfat_(nuclear_factor_of_activated_t_cells)_transcription_factor_family,0,1,0.0
egfp,0,1,0.0
viral_protein,0,1,0.0
p4,0,1,0.0
additional_unknown_factor,0,1,0.0
3h-e2,0,1,0.0
receptor_oligomerization,0,1,0.0
cd36-producing_cho_cell,0,1,0.0
normal_donor,0,1,0.0
rel_family_protein,0,1,0.0
immunoglobulin_heavy_chain_expression,0,1,0.0
gata_regulatory_element,0,1,0.0
hsv-1_background,0,1,0.0
multiple_signaling_protein,0,1,0.0
triplex_formation,0,1,0.0
prb-null_clone,0,1,0.0
high-level_promoter_activity,0,1,0.0
nuclear_factor_kappa_b/rel_nuclear_activity,0,1,0.0
nfkappab_activation,0,1,0.0
gt_(caccc)_motif,0,1,0.0
bp1,0,1,0.0
mitotic_arrest_assay,0,1,0.0
244-bp_deoxycytidine_kinase_core_promoter,0,1,0.0
tumor-suppressor_protein_prb,0,1,0.0
human_t_cell_leukemia/lymphoma,0,1,0.0
actinomycin_d_pulse_experiments,0,1,0.0
in_vitro_kinase_activity,0,1,0.0
il-4_treatment,0,1,0.0
2-kb_downstream,0,1,0.0
monocytic_cell_maturation,0,1,0.0
80-kda_protein,0,1,0.0
pure_recombinant_p21ras,0,1,0.0
zinc_finger_protein_binding_region,0,1,0.0
active_tfiiib_molecule,0,1,0.0
respiratory_failure,0,1,0.0
il-6-induced_b-cell_differentiation,0,1,0.0
semi-dominant,0,1,0.0
genomic_region,0,1,0.0
mar-bp1/enhancer_interaction,0,1,0.0
human_nf-kappa_b_p65_mutant,0,1,0.0
rpd3p,0,1,0.0
thrombin-activated_platelet,0,1,0.0
h9_t-cell_line,0,1,0.0
cell_type-specific_tfiid_subunit,0,1,0.0
simian_cmv,0,1,0.0
riend_ata,0,1,0.0
nervous_system,0,1,0.0
hplc,0,1,0.0
phase-2_response,0,1,0.0
rantes_promoter_region,0,1,0.0
parental_myeloblast,0,1,0.0
dna_triplex_formation,0,1,0.0
ox-ox40_ligand,0,1,0.0
gene_structure,0,1,0.0
serious_bacterial_infection,0,1,0.0
alignment_of_site,0,1,0.0
alloimmune_thrombocytopenia,0,1,0.0
nf-kappa_b_dna_binding,0,1,0.0
dna_aneuploidy,0,1,0.0
ccaat_enhancer_binding_protein_alpha_(c/ebpalpha)-deficient_mouse,0,1,0.0
activated_pkc_isotype,0,1,0.0
exon_12,0,1,0.0
grbeta,0,1,0.0
cd30_signal_transduction,0,1,0.0
c-myc_regulation,0,1,0.0
tcdd,0,1,0.0
staurosporine_sensitive,0,1,0.0
-187_to_-181,0,1,0.0
signal-dependent_activation,0,1,0.0
i_kappa_b_beta_degradation,0,1,0.0
10-amino_acid_cd40_cytoplasmic_signaling_determinant,0,1,0.0
rodent_plasmacytoma,0,1,0.0
receptor_intracellular_domain,0,1,0.0
il-8_mrna,0,1,0.0
rfx-deficient_b_cell,0,1,0.0
phenotype,0,1,0.0
cd28_costimulation,0,1,0.0
tcf-mediated_transcription,0,1,0.0
"transcription_factor,_activated_protein-1",0,1,0.0
interleukin-4_receptor_alpha_chain,0,1,0.0
lymphocyte_gcii_site,0,1,0.0
[3h]thymidine_proliferation_assay,0,1,0.0
irf-1,0,1,0.0
transcriptionally_active,0,1,0.0
all-trans_retinoic_acid's_differentiation_effect,0,1,0.0
jak3_expression,0,1,0.0
tissue-specific_regulatory_region,0,1,0.0
crossreactive_recognition,0,1,0.0
il-5_gene_segment,0,1,0.0
antenatal_steroid_treatment,0,1,0.0
"granulocyte,_differentiation",0,1,0.0
protein_synthesis-independent,0,1,0.0
cd1+relb+_dendritic_cell,0,1,0.0
cat_gene,0,1,0.0
hhv-6_transactivation,0,1,0.0
virus-induced_erythroleukemia,0,1,0.0
autoimmune_rheumatic_disease,0,1,0.0
ig_gene,0,1,0.0
young_subject,0,1,0.0
adhesion_molecules,0,1,0.0
double-immunogold_labeling,0,1,0.0
"64,000-m(r)_protein",0,1,0.0
nef_region,0,1,0.0
c-myb_target_gene,0,1,0.0
b_cell-expressed_transcription_factor,0,1,0.0
u1a_formation,0,1,0.0
ccaat/enhancer_binding_protein_epsilon,0,1,0.0
lps-mediated_tf_expression,0,1,0.0
hog-1_(p38)_mapk,0,1,0.0
nf-at-1,0,1,0.0
hsp70,0,1,0.0
cd40-regulated_antiapoptotic_molecule,0,1,0.0
i_kappab_alpha,0,1,0.0
kappab-dependent_transcription,0,1,0.0
lipopolysaccharide-induced_depletion,0,1,0.0
prednisone,0,1,0.0
pleckstrin_phosphorylation,0,1,0.0
reiterated_dna_sequence,0,1,0.0
fluticasone_propionate,0,1,0.0
chromosome_21,0,1,0.0
carboxylesterase_upstream_sequence,0,1,0.0
cxc_chemokine,0,1,0.0
pbr_322-relaxation-assay,0,1,0.0
palindromic_binding_site,0,1,0.0
heterologous_gene,0,1,0.0
spi-c-negative,0,1,0.0
-201/-184_nxs,0,1,0.0
heterologous_cell_type,0,1,0.0
nfat_complex,0,1,0.0
human_t_leukemia_virus_type_1,0,1,0.0
retinoic_acid_(ra)_resistance,0,1,0.0
step-wise_increasing_physical_exercise,0,1,0.0
mouse_e2a_gene,0,1,0.0
borrelia_burgdorferi,0,1,0.0
deltanfkappabdeltaspl,0,1,0.0
weaker_binding_peptide,0,1,0.0
tumor_necrosis_factor_(tnf)alpha,0,1,0.0
tetrahexamer_sequence,0,1,0.0
prri,0,1,0.0
western_blotting,0,1,0.0
activator_protein-1_binding_activity,0,1,0.0
il-1-dependent_manner,0,1,0.0
tf_kappa_b-like_site,0,1,0.0
c-maf,0,1,0.0
lymphocyte_suppression,0,1,0.0
hmrp8_promoter_element,0,1,0.0
enhanced_dnase_1_hypersensitivity,0,1,0.0
ebv_origin,0,1,0.0
poised_promoter,0,1,0.0
b_cell_source,0,1,0.0
t-cell_lineage,0,1,0.0
primary_human_cd4+_t_cell,0,1,0.0
epstein-barr_virus_nuclear_antigen_2_(ebna2)_gene,0,1,0.0
luf_syndrome,0,1,0.0
beta_globin_gene_flanking_region,0,1,0.0
early_t_cell_activation_event,0,1,0.0
cytomegalovirus_(cmv)_infection,0,1,0.0
drosophila_gene_runt,0,1,0.0
cd44,0,1,0.0
influenza_virus,0,1,0.0
leukemic_cell_transformation,0,1,0.0
ca2+_signaling,0,1,0.0
akt/pkb_activation,0,1,0.0
glucocorticoid_receptor_capacity,0,1,0.0
proliferation_assay,0,1,0.0
c-fos_oligonucleotide,0,1,0.0
protein_heterodimer,0,1,0.0
fatal_adenoviral_infection,0,1,0.0
il-6-induced_downregulation,0,1,0.0
intracellular_signalling_network,0,1,0.0
cancer_therapy,0,1,0.0
ccaat-box,0,1,0.0
il-8_induction,0,1,0.0
creatininemia,0,1,0.0
senescent_t_lymphocyte,0,1,0.0
autocrine_role,0,1,0.0
normal_t_cell_population,0,1,0.0
pharmacological_effect,0,1,0.0
b2_gene,0,1,0.0
natural_host_cell,0,1,0.0
er_gene,0,1,0.0
calcium_flux,0,1,0.0
open_chromatin_configuration,0,1,0.0
pregerminal_center,0,1,0.0
suppressor_activity,0,1,0.0
steroid_hormone,0,1,0.0
13-kb_human_c-fes_locus,0,1,0.0
g0s_gene,0,1,0.0
germ-line_mutation,0,1,0.0
differanisole_a,0,1,0.0
duffy_gene_promoter,0,1,0.0
cellular_disposition,0,1,0.0
specific_radiometric_assay,0,1,0.0
cd68-_apc,0,1,0.0
oropharynx,0,1,0.0
at464,0,1,0.0
recombinant_herpes_simplex_virus-1,0,1,0.0
cd4-mediated_enhancement,0,1,0.0
diabetic_complication,0,1,0.0
phenylalanine_112,0,1,0.0
20-base_pair_upstream_sequence,0,1,0.0
nuclear_factor_binding,0,1,0.0
immediate_early_response_gene,0,1,0.0
lymphocytic_cell_line,0,1,0.0
tdag51,0,1,0.0
carboxyl-terminus,0,1,0.0
nf-kappa_b-regulated_promoter,0,1,0.0
inv14(q11;q32.1),0,1,0.0
gamma-radiation,0,1,0.0
manlam,0,1,0.0
il2_expression,0,1,0.0
dna_affinity_precipitation_assay,0,1,0.0
humans,0,1,0.0
s49.1,0,1,0.0
non-lymphoid_cell,0,1,0.0
wnt_signaling,0,1,0.0
activated_ras,0,1,0.0
human_interleukin-7_receptor_complex,0,1,0.0
cytoplasmic_store,0,1,0.0
b_cell-specific_manner,0,1,0.0
cell-mediated_immune_response,0,1,0.0
proximal_nf-at,0,1,0.0
human_naive_cell,0,1,0.0
transcriptional_repression_domain,0,1,0.0
polychlorinated_dibenzo-p-dioxin,0,1,0.0
tnf_receptor_family_member,0,1,0.0
lps-stimulated_whole-blood_cell_culture,0,1,0.0
position_-103,0,1,0.0
l._monocytogenes_infection,0,1,0.0
allergic_disease,0,1,0.0
hypertensive_patient,0,1,0.0
nf-gm2_polypeptide,0,1,0.0
linear_configuration,0,1,0.0
nuclear_factor_of_activated_t_cells-family_protein,0,1,0.0
t/nk-cell_subset,0,1,0.0
-105_and_-193,0,1,0.0
pre-b_cell,0,1,0.0
immunosuppressive_cytokine,0,1,0.0
epicardin/capsulin/pod-1,0,1,0.0
competition_analysis,0,1,0.0
interleukin-7,0,1,0.0
human_tumor_necrosis_factor_alpha_gene,0,1,0.0
mouse_embryonic_stem_(es)_cell,0,1,0.0
osteoblast_nuclear_extract,0,1,0.0
binding_affinity,0,1,0.0
pac-1,0,1,0.0
stat_nuclear_factor,0,1,0.0
cortivazol_mediated_induction,0,1,0.0
nontransgenic_mouse,0,1,0.0
human_immunodeficiency_virus_type_1_transcription_start_site,0,1,0.0
chloramphenicol_acetyltransferase_reporter_construct,0,1,0.0
accessory_cell,0,1,0.0
ap3-l_motif,0,1,0.0
pafr_transcript_2,0,1,0.0
pro-b-cell_development,0,1,0.0
mbob1,0,1,0.0
iepsilon_promoter,0,1,0.0
ldl-receptor_gene,0,1,0.0
il-4_signaling_pathway,0,1,0.0
cytotoxic_response,0,1,0.0
rag_gene,0,1,0.0
gr_isoform,0,1,0.0
th2-regulated_response,0,1,0.0
biological_activity,0,1,0.0
e2f_activity,0,1,0.0
stat1_beta,0,1,0.0
gata-1,1,1,0.0
raw_264.7_cell,0,1,0.0
nf-kappab_binding_activity,0,1,0.0
hiv_long-terminal_repeat_transcriptio,0,1,0.0
progesterone_receptor_(pr)_positivity,0,1,0.0
cdk2_inhibitor,0,1,0.0
macrophage-_and_b-cell-specific_pu.1,0,1,0.0
epo_stimulation,0,1,0.0
fasl_regulation,0,1,0.0
tosylphenylalanyl_chloromethyl_ketone,0,1,0.0
cd48,0,1,0.0
erythroid_progenitor,0,1,0.0
nfat-dependent_transcriptional_activation,0,1,0.0
surface_protein_expression,0,1,0.0
optimal_t_cell_activation,0,1,0.0
p65_rel,0,1,0.0
human-peripheral-blood_t_cell,0,1,0.0
pml-containing_bodies,0,1,0.0
normal_subject,0,1,0.0
pets_site,0,1,0.0
primary_lymphocyte_model,0,1,0.0
placental_clone,0,1,0.0
adrenocortical_function,0,1,0.0
rel/nf-kappab-responsive_gene,0,1,0.0
pma-unresponsive_subline_kg1a,0,1,0.0
tf_promotor,0,1,0.0
recombinant_full_length_tf,0,1,0.0
concentration-dependent_fashion,0,1,0.0
cre-cat_plasmide,0,1,0.0
pax-5_gene,0,1,0.0
-300,0,1,0.0
tcralpha_enhancer_function,0,1,0.0
stat_nuclear_protein,0,1,0.0
endothelium-derived_vasoactive_factor,0,1,0.0
high_salt_concentration,0,1,0.0
prototype_octamer_element,0,1,0.0
biochemical_fractionation,0,1,0.0
normal_protein_mds1/evi1,0,1,0.0
fasl_expressio,0,1,0.0
lck-negative_jcam1_cell,0,1,0.0
lm-pcr,0,1,0.0
id3,0,1,0.0
lin-_murine_bone_marrow_progenitor_cell,0,1,0.0
nuclear_factor,0,1,0.0
er_enzyme_immunoassay,0,1,0.0
eosinophil_priming,0,1,0.0
mutagenized_strain,0,1,0.0
stat3_monoclonal_antibody,0,1,0.0
eiconsanoid,0,1,0.0
ea-r,0,1,0.0
151-bp_region,0,1,0.0
chronic_lymphocytic_leukemia,0,1,0.0
virus_infection,0,1,0.0
patient_population,0,1,0.0
hiv_long_terminal_repeat_activity,0,1,0.0
skin_defect,0,1,0.0
fatty_streak,0,1,0.0
ige_germline_promoter_reporter_gene_construct,0,1,0.0
jurkat_cells_(p56(lck)_activation,0,1,0.0
endoglycosidase_h,0,1,0.0
leukemic_spread,0,1,0.0
hla-dq_allele,0,1,0.0
bromodomain,0,1,0.0
caspase-3_substrate,0,1,0.0
adult_rat,0,1,0.0
inhibitory_i_kappa_b_protein,0,1,0.0
cd5_gene,0,1,0.0
essential_cis-acting_enhancer_motif,0,1,0.0
hl-60r_cell,0,1,0.0
nf-kappa_b_inhibition,0,1,0.0
native_monocyte,0,1,0.0
c-erbb2,0,1,0.0
mf_individual,0,1,0.0
ifn-gamma_activation_site-like_sequence,0,1,0.0
e2f-1_gene,0,1,0.0
kasumi-1_cell,0,1,0.0
unlabeled_nf-at_binding_site,0,1,0.0
thrombin-stimulated_fixed_platelet,0,1,0.0
e12,0,1,0.0
wild-type_promoter,0,1,0.0
bcl-6/cd20,0,1,0.0
targeted_erythroleukemia_cell,0,1,0.0
c-terminal_196_amino_acids,0,1,0.0
ionomycine,0,1,0.0
nos,0,1,0.0
sh2-dependent_association,0,1,0.0
professional_apc,0,1,0.0
allele_ratio,0,1,0.0
multiple_ets_family_member,0,1,0.0
e1a-expressing_cell,0,1,0.0
early_gene_expression,0,1,0.0
np-1,0,1,0.0
signaling_molecules,0,1,0.0
il-10-inhibited_lymphocyte,0,1,0.0
atttgcat,0,1,0.0
pld,0,1,0.0
gamma-herpesvirus,0,1,0.0
2.3-kb_tcr_delta_transcript,0,1,0.0
zta_interference,0,1,0.0
octamer-binding_protein,0,1,0.0
pkc_dependent,0,1,0.0
gcrbeta_expression,0,1,0.0
zymogen_plasma_factor_x,0,1,0.0
anionic_phosphatidylserine,0,1,0.0
human_herpes_virus_variant_b,0,1,0.0
reporter_gene_for_scd8,0,1,0.0
ko,0,1,0.0
human_retrovirus,0,1,0.0
c-abl,0,1,0.0
actin_genes,0,1,0.0
homeotic_gene,0,1,0.0
oct2_transactivation,0,1,0.0
siv-infected_rhesus_macaques,0,1,0.0
1g5_cell_line,0,1,0.0
cytokine-induced_proliferation,0,1,0.0
inducible_camp_early_repressor,0,1,0.0
isolated_hepatocyte,0,1,0.0
gamma_activation_site_(gas)_probe,0,1,0.0
moab,0,1,0.0
jun_d_gene,0,1,0.0
sex_steroid_regulation,0,1,0.0
constitutive_nuclear_localization,0,1,0.0
marrow-derived_mip-1_alpha/gos19,0,1,0.0
p120,0,1,0.0
c5b-7,0,1,0.0
thymoma_cell_line,0,1,0.0
htr_beta_1_mrna_level,0,1,0.0
monoblastoid_cell_line_u937,0,1,0.0
gauge_t_cell_development,0,1,0.0
interleukin-6_expression,0,1,0.0
tfiid_complex,0,1,0.0
neuron-specific_mediator_of_cell_death,0,1,0.0
-34_to_+3,0,1,0.0
h7,0,1,0.0
yae,0,1,0.0
sequence-related_gene,0,1,0.0
hmg-coa_synthase,0,1,0.0
pancreatic_islet,0,1,0.0
lymphotoxin-beta_receptor,0,1,0.0
c-jun-containing_complex,0,1,0.0
functional_molecular_clone,0,1,0.0
atp-depleted_platelet,0,1,0.0
differentiated_phenotype,0,1,0.0
okadaic_acid-induced_il-6_gene_expression,0,1,0.0
tyrosine_kinase_enzymatic_activity,0,1,0.0
constitutive_nf-kappa_b,0,1,0.0
proteolytic_clipping_bandshift_assay,0,1,0.0
cd4_gene_expression,0,1,0.0
lmp_transcriptional_start_site,0,1,0.0
unmodified_asparagine,0,1,0.0
14q11,0,1,0.0
cytosolic_c-rel/p65_heterodimer,0,1,0.0
t-helper_lymphocyte_2_(th2)_phenotype,0,1,0.0
dendritic_cell_differentiation,0,1,0.0
t_cell_nuclear_factor,0,1,0.0
1.8_kilobase_(kb)_fragment,0,1,0.0
nf-kappa_b_dimerization,0,1,0.0
bcr,0,1,0.0
ntf_and_otf2_interaction,0,1,0.0
developing_tissue,0,1,0.0
purification,0,1,0.0
"1,25(oh)2d3-mediated_repression",0,1,0.0
lymphoblastoid_cell_line,0,1,0.0
spi-b_binding_site,0,1,0.0
okadaic_acid-sensitive_phosphatase,0,1,0.0
v-src_expression,0,1,0.0
enhancer-like_element,0,1,0.0
inflammatory_cytokine_gene,0,1,0.0
ehrlichiosis,0,1,0.0
ligand-binding_experiment,0,1,0.0
protein_phosphatase,0,1,0.0
interferon_regulatory_factor-1_(irf-1)_gene,0,1,0.0
adult-type_profile,0,1,0.0
cyclin,0,1,0.0
monocyte_to_macrophage_differentiation,0,1,0.0
tricyclic_antidepressant,0,1,0.0
lipid_oxidation,0,1,0.0
chronically_infected_u937_cell,0,1,0.0
chi_b_factor,0,1,0.0
lymphoid_reservoir,0,1,0.0
promoter_1,0,1,0.0
enzyme_level,0,1,0.0
interleukin-5/receptor_interaction,0,1,0.0
hla-dr_alpha,0,1,0.0
cytolytic_effector_t-cell,0,1,0.0
octamer_dna_sequence,0,1,0.0
camp-dependent_intracellular_signaling_pathway,0,1,0.0
hiv-1_activation,0,1,0.0
roi-_and_5-lox-independent_pathway,0,1,0.0
rank,0,1,0.0
mcp-1_gene,0,1,0.0
protein_phosphatase_2a,0,1,0.0
il-6_receptor_subunit,0,1,0.0
mtiia_mrna_level,0,1,0.0
cellular_activation_signal,0,1,0.0
p50.c-rel_heterodimer,0,1,0.0
pkc_substrate,0,1,0.0
human_vdr_cdna,0,1,0.0
stat_4_transcription_factor,0,1,0.0
ca2+_activation,0,1,0.0
clone-13,0,1,0.0
stat3_binding_site,0,1,0.0
mb-1,0,1,0.0
taqi_restriction_site,0,1,0.0
regulatory_regions,0,1,0.0
tp1_rna_start_site,0,1,0.0
mei,0,1,0.0
extracellular_dehydration,0,1,0.0
il-2r_alpha_enhancer,0,1,0.0
diverse_cell_lineage,0,1,0.0
cd40l-transfected_murine_l-cell,0,1,0.0
gcr-alpha_dna_binding_capacity,0,1,0.0
ie2_gene_product,0,1,0.0
p38_pathway,0,1,0.0
latent_infection,0,1,0.0
estradiol,0,1,0.0
precursor_interleukin-1_alpha_cytokine,0,1,0.0
adult_erythroid_cell,0,1,0.0
histone_deacetylase_inhibitor,0,1,0.0
rel/stat_complex,0,1,0.0
rex-mediated_trans-activation,0,1,0.0
x-linked_agammaglobulinemia,0,1,0.0
ccrf-cem,0,1,0.0
human_genetic_disorder,0,1,0.0
structural_domain,0,1,0.0
protein_glycation,0,1,0.0
hepor,0,1,0.0
histogenesis,0,1,0.0
adolescent_callithrix_jacchus,0,1,0.0
synergistic_action,0,1,0.0
resting_t-lymphocyte,0,1,0.0
lps_binding_protein_(lbp)_complex,0,1,0.0
7,0,1,0.0
346_c-terminal_residues,0,1,0.0
5'_nf-kappab_site,0,1,0.0
late_gene_expression,0,1,0.0
human_u937_promonocytic_cell,0,1,0.0
ap-2_cdna,0,1,0.0
jrfl,0,1,0.0
gamma_interferon_(ifn-gamma)-induced_hla-dr_expression,0,1,0.0
essential_hypertension,0,1,0.0
regression_model,0,1,0.0
human_pre-b-cell_line,0,1,0.0
downstream_enhancer_domain,0,1,0.0
stem-loop_stability,0,1,0.0
il-13-induced_regulatory_factor,0,1,0.0
nef+_jurkat_cell,0,1,0.0
philips_tl20/12rs_sun_lamp,0,1,0.0
il-6-induced_apoptosis,0,1,0.0
band-shift,0,1,0.0
43-mer_oligonucleotide,0,1,0.0
tcrhigh_thymocyte,0,1,0.0
differentiated_cell_type,0,1,0.0
second_enhancer,0,1,0.0
control_immune_response,0,1,0.0
muscle_gene,0,1,0.0
pp125fak,0,1,0.0
mapk_response,0,1,0.0
kappab_sequence,0,1,0.0
bw5147,0,1,0.0
fibroblast_growth_factor,0,1,0.0
immature_dn_thymocyte,0,1,0.0
dph,0,1,0.0
dysregulated_expression,0,1,0.0
cbp/p300,0,1,0.0
independent,0,1,0.0
cd16,0,1,0.0
antigen_receptor_agonism,0,1,0.0
lipopolysaccharide-stimulated_human_monocyte,0,1,0.0
c-myc_probe,0,1,0.0
e(gre)-directed_mtv_transcription,0,1,0.0
prognostic_factor,0,1,0.0
functional_unresponsiveness,0,1,0.0
oncostatin_m,0,1,0.0
nf-kappa_b_consensus_site,0,1,0.0
hemopoietic_helix-loop-helix_transcription_factor,0,1,0.0
hht,0,1,0.0
constitutively_bound_protein,0,1,0.0
csa,0,1,0.0
egr-1_transgene,0,1,0.0
5'_and_3'_untranslated_region,0,1,0.0
b-cell-specific_displacement,0,1,0.0
natural_antagonist,0,1,0.0
intracellular_vitamin_d_receptor,0,1,0.0
factor-kappa_b_(nf-kappa_b)_moiety,0,1,0.0
tumor_suppressor_gene,0,1,0.0
ltr-mediated_synergy,0,1,0.0
ap-1_driven_reporter_construct,0,1,0.0
ad12_13s_mrna,0,1,0.0
t-cell_receptor_(tcr)-triggered_apoptosis,0,1,0.0
yeast_two-hybrid,0,1,0.0
ebv-positive_b_lymphoid_cell,0,1,0.0
il-12_responsiveness,0,1,0.0
raldh2_transcript,0,1,0.0
ac-devd-cho,0,1,0.0
nf-kappab_enhancer_element,0,1,0.0
stat5-containing_dna-binding_activity,0,1,0.0
cell_proliferation_rate,0,1,0.0
promoter_proximal_region,0,1,0.0
erythrocyte_ghost,0,1,0.0
augmented_biological_effect,0,1,0.0
bal_fluid_content,0,1,0.0
bcl-2_mrna,0,1,0.0
cd3/t-cell_antigen_receptor,0,1,0.0
tfiiia_zinc-finger,0,1,0.0
tnf_alpha_production,0,1,0.0
anti-m-csf_antibody,0,1,0.0
ags_patient,0,1,0.0
ifn_stimulation,0,1,0.0
active_tuberculosis,0,1,0.0
ductal_breast_carcinoma,0,1,0.0
ebv_type_1,0,1,0.0
stimulation_experiments,0,1,0.0
des-arg_form,0,1,0.0
neu-related_lipocalin,0,1,0.0
jak-3,0,1,0.0
highly_polarized_functional_architecture,0,1,0.0
il-13/il-4_gene_locus,0,1,0.0
il-7_receptor_alpha_chain,0,1,0.0
jak-stat_pathway,0,1,0.0
p40_mrn,0,1,0.0
jak/stat_(signal_transducer_and_activator_of_transcription)_pathway,0,1,0.0
class_ii_mhc_gene,0,1,0.0
ap-1,0,1,0.0
viral_plaque_assay,0,1,0.0
ns-meg_cell,0,1,0.0
linker_substitution_mutation,0,1,0.0
treated_cell,0,1,0.0
transcription_activation_function,0,1,0.0
il-10's_cytokine_synthesis_inhibitory_activity,0,1,0.0
-257_to_+74_region,0,1,0.0
murine_microglia,0,1,0.0
cd4+/cd45ro_t_cell,0,1,0.0
70z/3-derived_pre-b-cell_line,0,1,0.0
abnormal_renal_sodium_handling,0,1,0.0
jak/stat,0,1,0.0
x2-box,0,1,0.0
ap-1/nf-kappa_b_pathway,0,1,0.0
reflex-tachycardia,0,1,0.0
chloramphenicol_acetyl-transferase_assay,0,1,0.0
type-specific_complex_formation,0,1,0.0
primary_t_cell_response,0,1,0.0
atheogenic_lipoprotein,0,1,0.0
fine_azurophilic_granularity,0,1,0.0
u2_snrna,0,1,0.0
late_erythroblast_stage,0,1,0.0
2-deoxyguanosine-treated_thymus_lobe,0,1,0.0
serum_phosphate,0,1,0.0
oct-1_binding_protein,0,1,0.0
arp2/3_complex,0,1,0.0
naive_preactivated_b_cell,0,1,0.0
human_tnf-alpha_gene,0,1,0.0
protein_kinase_a,0,1,0.0
12-o-tetradecanoylphorbol-13-acetate,0,1,0.0
htlv-i-_transformed_cell,0,1,0.0
dna_binding_component,0,1,0.0
interleukin_2_receptor_beta_chain,0,1,0.0
85-kda_protein,0,1,0.0
kappa_b_motifs,0,1,0.0
early_rheumatoid_arthritis,0,1,0.0
monocytes-macrophage,0,1,0.0
plasma_membrane,0,1,0.0
class_ii_nonexpressing_cell,0,1,0.0
saa,0,1,0.0
ebv-negative_cell,0,1,0.0
time-dependent_release,0,1,0.0
pu.1_site,0,1,0.0
src_homology_2_domain,0,1,0.0
molecular_mimicry,0,1,0.0
test_steroid,0,1,0.0
hemoglobin_accumulation,0,1,0.0
gata-1(c),0,1,0.0
bso,0,1,0.0
leukocyte_population,0,1,0.0
interleukin-6_production,0,1,0.0
human_promonocytic_u-937_cell,0,1,0.0
bat_box_sequence,0,1,0.0
semiquantitative_reverse_transcriptase-linked_polymerase_chain_reaction,0,1,0.0
cd43,0,1,0.0
p27(kip1,0,1,0.0
pha-activated_lymphocyte,0,1,0.0
erythroid_cell-specific_histone,1,1,0.0
soluble_fas_ligand,0,1,0.0
trans-activated_reporter_plasmid,0,1,0.0
tata-box_binding_protein,0,1,0.0
dqa1*0201,0,1,0.0
"camp-,_phorbol_ester-_,_and_ca(2+)-inducible_enhancer",0,1,0.0
differentiation_response,0,1,0.0
chimeric_surface_receptor,0,1,0.0
il2_transcription,0,1,0.0
recessiveness,0,1,0.0
native_promoter_construct,0,1,0.0
tissue-type,0,1,0.0
erythroid_protein,0,1,0.0
nf-kappa_b-dependent-gene,0,1,0.0
tbp_(tata_box_binding_protein)_assay,0,1,0.0
resting_pbmc,0,1,0.0
non-mammalian_cytokine_gene,0,1,0.0
tcr-induced_fasl,0,1,0.0
nf-il6_binding_site,0,1,0.0
cell_growth_inhibitor,0,1,0.0
canventol,0,1,0.0
hiv-1_antigen_expression,0,1,0.0
zta_dna-binding_activity,0,1,0.0
transforming_growth_factor_beta1,0,1,0.0
adult_beta-like_globin_gene,0,1,0.0
h-7-sensitive_kinase,0,1,0.0
cd30,0,1,0.0
transcriptional_capacity,0,1,0.0
sv40_promoter,0,1,0.0
cytokine_receptor,0,1,0.0
consensus_kappa_b_binding_sequence,0,1,0.0
fork_head_domain_transcription_factor_family,0,1,0.0
estrogen_receptor_beta,0,1,0.0
"epo-independent,_apoptosis-resistant_subclone",0,1,0.0
interferon_family,0,1,0.0
small_intestine,0,1,0.0
bicoid,0,1,0.0
transfected_t_lymphocyte,0,1,0.0
eb1089,0,1,0.0
nuclear_affinity,0,1,0.0
apoptosis_resistance,0,1,0.0
sivsmmpbj14,0,1,0.0
herpesvirus_saimiri_(hvs)_subgroup_a_strain_11,0,1,0.0
wurzburg,0,1,0.0
cd14_antigen,0,1,0.0
vaginal_physiology,0,1,0.0
virus_multiplication,0,1,0.0
leukemic_myeloid_cell,0,1,0.0
bone_marrow_infiltration,0,1,0.0
immunohistochemical_analysis,0,1,0.0
dna_ploidy,0,1,0.0
cd4_molecule,0,1,0.0
immunogenic_human_malignant_melanoma,0,1,0.0
platelet_peroxidase,0,1,0.0
ls_mutation,0,1,0.0
nuclear_targeting_sequence,0,1,0.0
minor_protein,0,1,0.0
cytokine_activation,0,1,0.0
nongenomic_response,0,1,0.0
sertraline,0,1,0.0
secondary_response_pathway,0,1,0.0
monocytoid_u937,0,1,0.0
nf-at_binding_site,0,1,0.0
icsa,0,1,0.0
tumor_promoter,0,1,0.0
marcks,0,1,0.0
early_growth_response_gene_1,0,1,0.0
gf109203x,0,1,0.0
truncation_mutant,0,1,0.0
murine_gm-csf_promoter,0,1,0.0
ig-expressing_hybrid,0,1,0.0
gene_mutation,0,1,0.0
interferon-gamma_activation_sequence,0,1,0.0
nfat4/x,0,1,0.0
chronic_infection,0,1,0.0
aml1b,0,1,0.0
dc_and_mgc_formation,0,1,0.0
anti-_cd40_monoclonal_antibody,0,1,0.0
trans-dominant_negative_expression_vector,0,1,0.0
vd-responsive_gene,0,1,0.0
p16-negative_human_acute_lymphoblastic_leukemia_cell_line,0,1,0.0
"c3/5,_cd3(+),_cd4(+),_cd8(-)",0,1,0.0
normal_lung_parenchyma,0,1,0.0
human_growth_hormone,0,1,0.0
primary_murine_bone_marrow_cell,0,1,0.0
5.5_kb_mrna,0,1,0.0
dsl_family_of_ligand,0,1,0.0
anti-zebra,0,1,0.0
b_cell_differentiation,0,1,0.0
tnf-beta,0,1,0.0
transient_myeloproliferative_disorder,0,1,0.0
granulocytic_hpc,0,1,0.0
nf-kappa_b_binding,0,1,0.0
insulin_receptor_substrate_(irs)-1,0,1,0.0
hiv-infected_human_t_lymphocyte,0,1,0.0
protein_kinase_a/protein_kinase_c_inhibitor,0,1,0.0
alpha_a1,0,1,0.0
c-fos_mrna_induction,0,1,0.0
ifn-gamma-producing_t_helper_1_(th1)_cell,0,1,0.0
gas-motif_sequence,0,1,0.0
rel-related_transcription_factor,0,1,0.0
myeloma_cell_line,0,1,0.0
aged_group,0,1,0.0
2-50_gy,0,1,0.0
pdgf[b],0,1,0.0
e74_target_sequence,0,1,0.0
pag,0,1,0.0
exogenous_expression,0,1,0.0
107_amino-acid_protein,0,1,0.0
hiv-1_tat_protein,0,1,0.0
tg_epsilon26_fetal_liver_cell,0,1,0.0
y196a,0,1,0.0
cd34+_cell,0,1,0.0
egr-1-expressing_ramos_cell,0,1,0.0
northern_blot_analysi,0,1,0.0
c/ebp_binding_site,0,1,0.0
doxepin,0,1,0.0
drosophila_extra_sex_combs_gene,0,1,0.0
pml/rar_alpha_mrna,0,1,0.0
2343_bp,0,1,0.0
t._parva-tranformed_t_cell,0,1,0.0
demonstrate_membrane_binding_site,0,1,0.0
glycosylation,0,1,0.0
p8mtcp1,0,1,0.0
transactivation_domain,0,1,0.0
adp_aggregation,0,1,0.0
p75_tnf_receptor,0,1,0.0
ldl_receptor_gene,0,1,0.0
s6,0,1,0.0
hormone,0,1,0.0
mbp_gene,0,1,0.0
nfatp/ap-1-dna_complex,0,1,0.0
delta-aminolaevulinic_acid,0,1,0.0
ets_protein_family,0,1,0.0
cytoplasmic_level,0,1,0.0
sp-a,0,1,0.0
staphylococcal_superantigen,0,1,0.0
il-1/il-1ra_system,0,1,0.0
burkitt_lymphoma_raji_cell,0,1,0.0
allergic_bronchial_asthma,0,1,0.0
atf/creb,0,1,0.0
ctx,0,1,0.0
human_fibroblast,0,1,0.0
ig_hypermutation_process,0,1,0.0
cd40-mediated_cell_survival,0,1,0.0
cellular_change,0,1,0.0
tcf-1_expression,0,1,0.0
-50_and_-54_bp,0,1,0.0
prototype_stress_hormone,0,1,0.0
zinc_finger_transcription_factor,0,1,0.0
nitric_oxide_synthase,0,1,0.0
interleukin-4-dependent_transcription_factor,0,1,0.0
janus_protein-_tyrosine_kinase_3,0,1,0.0
t(17;19)_(q22;p13),0,1,0.0
tnf-alpha_gene,0,1,0.0
human_peripheral-blood_monocyte,0,1,0.0
hla_class_i_ligation,0,1,0.0
hsp90,0,1,0.0
thyroid_hormone_receptor_(thr)_auxiliary_nuclear_protein,0,1,0.0
hcleo_region,0,1,0.0
e7_oncoprotein,0,1,0.0
amino_acid_peptide,0,1,0.0
c/ebp-beta,0,1,0.0
aly,0,1,0.0
p75_tumor_necrosis_factor_receptor,0,1,0.0
type_i_receptor,0,1,0.0
ba-induced_cell_growth_inhibition,0,1,0.0
atherosclerotic_plaque,0,1,0.0
macrophage_migration_inhibitory_related_protein,0,1,0.0
ras_protein,0,1,0.0
cl,0,1,0.0
hiv-1-infected_peripheral_blood,0,1,0.0
nls_peptide,0,1,0.0
b-lymphocyte_differentiation,0,1,0.0
benign_polymorphism,0,1,0.0
nfkappab_translocation,0,1,0.0
dox,0,1,0.0
group_i_burkitt_tumor_cell,0,1,0.0
granulocytic_dysplasia,0,1,0.0
dysregulated_cytokine_expression,0,1,0.0
myeloid_pu.1_binding_site,0,1,0.0
il-2_independent_cell_line,0,1,0.0
serine/threonine_protein_kinase,0,1,0.0
-201_to_-130_region,0,1,0.0
ria_value,0,1,0.0
mutant_p53,0,1,0.0
cell_counting,0,1,0.0
repressor_activity,0,1,0.0
human_red_blood_cell,0,1,0.0
dd,0,1,0.0
retinoid-mediated_gene_expression,0,1,0.0
differentiation,0,1,0.0
ngfi-b/nur77_family,0,1,0.0
th2_lineage,0,1,0.0
adenylyl_cyclase,0,1,0.0
spinal_and_bulbar_muscular_atrophy,0,1,0.0
staphylococcus_aureus_cowan_strain_i,0,1,0.0
vdr_3'-utr,0,1,0.0
low_nuclear_stat6_activity,0,1,0.0
commonly_deleted_region,0,1,0.0
cytoplasmic_inhibitor,0,1,0.0
sla-dq,0,1,0.0
smase_activity,0,1,0.0
proliferative_state,0,1,0.0
hbxag-specific_synthetic_polypeptide,0,1,0.0
localized_alveolar_collapse,0,1,0.0
proinflammatory_cytokine_mrna,0,1,0.0
cell_line_of_t_lineage,0,1,0.0
transformed_erythroid_precursor,0,1,0.0
latency_by_expression,0,1,0.0
reporter_gene_construct,0,1,0.0
epstein-barr_virus_positive_b_cell_line,0,1,0.0
"endogenous_1,25-dihydroxyvitamin_d_[1,25-(oh)2d3]_overproduction",0,1,0.0
tissue_inhibitor_of_metalloproteinases_(timp)-1,0,1,0.0
runt_domain,0,1,0.0
t-cell_transformation,0,1,0.0
dg/sa,0,1,0.0
synovial_t_cell,0,1,0.0
lysozyme,0,1,0.0
neutrophil_maturation.,0,1,0.0
viable_cell,0,1,0.0
wild_type_cell_line,0,1,0.0
jak2_tyrosine_kinase,0,1,0.0
mnda,0,1,0.0
cd43-mediated_pathway,0,1,0.0
anti-atherosclerotic_molecule,0,1,0.0
hematopoietic-specific_dnase_i_hypersensitive_site,0,1,0.0
side-effect,0,1,0.0
nuclear_dna_binding,0,1,0.0
cd3_zeta,0,1,0.0
human_t-lymphotropic_virus_type_1,0,1,0.0
strong_positive_regulatory_effect,0,1,0.0
interleukin-2_receptor-alpha_(il-2r_alpha)_gene,0,1,0.0
th,0,1,0.0
social_support_variable,0,1,0.0
western_blotting_experiment,0,1,0.0
lps-induced_monocyte_cytotoxicity,0,1,0.0
human_b_cell_differentiation,0,1,0.0
hepatic_cirrhosis,0,1,0.0
cell_regulatory_property,0,1,0.0
pl/im_430_monoclonal_antibody,0,1,0.0
flow_cytometry_study,0,1,0.0
immunoblotting_extract,0,1,0.0
interferon-gamma-treated_u937_cell,0,1,0.0
il-2-dependent_cell_line,0,1,0.0
mutated_ciita,0,1,0.0
tcr-mediated_signaling,0,1,0.0
purified_human_hematopoietic_cell,0,1,0.0
cmv,0,1,0.0
thp-1_monocytic_cell_line,0,1,0.0
vzv_ge_protein_coding_sequence,0,1,0.0
random_fine_needle_aspiration,0,1,0.0
cytolytic_lymphocyte,0,1,0.0
early_tcr-mediated_signaling_event,0,1,0.0
p60_protein,0,1,0.0
interferon_beta_expression,0,1,0.0
human_leukocyte_membrane,0,1,0.0
thymic_lymphoma-derived_hybridoma,0,1,0.0
endometrium,0,1,0.0
nucleated_fetal_blood_cell,0,1,0.0
il-2-secreting_jurkat_t_cell,0,1,0.0
cd3-directed_cytolysis,0,1,0.0
intestinal_permeability,0,1,0.0
log10kd,0,1,0.0
endogenous_protease,0,1,0.0
epithelial_level,0,1,0.0
fr35-ii,0,1,0.0
36-kda_transcription_factor,0,1,0.0
inducible_footprint,0,1,0.0
nuclear_signalling,0,1,0.0
signal_transducer_and_activator_of_transcription_protein,0,1,0.0
50_kda_subunit,0,1,0.0
kinase_c_activation,0,1,0.0
t-cell_receptor/cd3_complex,0,1,0.0
endothelial_adhesion_molecule,0,1,0.0
genetic_aberration,0,1,0.0
raf/rac-signaling_pathway,0,1,0.0
quinone_derivative,0,1,0.0
cell-type-specific_regulation,0,1,0.0
l_cell,0,1,0.0
human_acute_monocytic_leukemia_cell_line,0,1,0.0
actively_fusing_cell,0,1,0.0
il3_gene,0,1,0.0
embryo,0,1,0.0
kb,0,1,0.0
human_immunodeficiency_virus_type_2_(hiv-2)_gene_expression,0,1,0.0
sle_disease_activity_index,0,1,0.0
id3_asp5_mutant,0,1,0.0
competition_ems_analysis,0,1,0.0
human_platelet-activating_factor_receptor_(pafr)_gene,0,1,0.0
beta-_chain,0,1,0.0
erythrocyte,1,1,0.0
female_monozygotic_twin_pair,0,1,0.0
il2rbeta_promoter,0,1,0.0
human_inosine-_5'-monophosphate_dehydrogenase_(impdh)_type_ii,0,1,0.0
multiple_human_tissue,0,1,0.0
25-ohd,0,1,0.0
c-fos/c-jun_promoter_element,0,1,0.0
pml/rar-alpha_hybrid_protein,0,1,0.0
cell_cycle_regulator,0,1,0.0
metalloproteinase,0,1,0.0
bronchiolitis,0,1,0.0
ciita-deficient_cell_line,0,1,0.0
il-2r-alpha,0,1,0.0
positive_regulatory_activity,0,1,0.0
spi-1_overexpression,0,1,0.0
heterogeneous_expression,0,1,0.0
adenosine_receptor,0,1,0.0
105_kda,0,1,0.0
nf-kappab-binding_site,0,1,0.0
pu.1_binding,0,1,0.0
proinflammatory_regulator,0,1,0.0
fcgammari_promoter,0,1,0.0
gp_ib-ix-v_complex,0,1,0.0
gabp_factor,0,1,0.0
c-jun/ap-1,0,1,0.0
creb_kinase,0,1,0.0
310_binding_sites/nucleus,0,1,0.0
cholesteryl_ester,0,1,0.0
transcription_factor_iid,0,1,0.0
tlc,0,1,0.0
c-jun_promoter_fragment,0,1,0.0
lyt-10,0,1,0.0
distribution,0,1,0.0
lps-specific_ab,0,1,0.0
interferon-inducible_regulatory_element,0,1,0.0
mcm_family,0,1,0.0
human_nk_cell,0,1,0.0
influenza_a,0,1,0.0
ctg-monomer_virus,0,1,0.0
epstein-barr_virus_early_antigen_diffuse_component,0,1,0.0
luteal_phase,0,1,0.0
e1a-immortalized_cell,0,1,0.0
spi-1_transfected_cell,0,1,0.0
17-isoaldosterone,0,1,0.0
pu.1_autoregulatory_site,0,1,0.0
pbm,0,1,0.0
early_precursor,0,1,0.0
mature_leukocyte,0,1,0.0
human_basal_brain,0,1,0.0
tax-independent_binding,0,1,0.0
ep,0,1,0.0
cell-cycle_regulation,0,1,0.0
collagenase-1,0,1,0.0
oct2-mediated_enhancer_activation,0,1,0.0
activator,0,1,0.0
otf-1_activation,0,1,0.0
purified_erythroid_burst-forming_unit,0,1,0.0
human_erythroid_alas_mrna,0,1,0.0
stat5_homologue,0,1,0.0
il-10_receptor_site,0,1,0.0
terminal_protein_1,0,1,0.0
aged_person,0,1,0.0
tre-dna_fragment,0,1,0.0
non-clonal_progenitor_cell,0,1,0.0
cyclosporin_a_pretreatment,0,1,0.0
3'_enhancer_inactivity,0,1,0.0
lps-induced_phosphotyrosine_residue,0,1,0.0
steroidal_effect,0,1,0.0
avidin-biotin_complex,0,1,0.0
theileria_annulata,0,1,0.0
t-cell-activating_superantigen,0,1,0.0
caprine_arthritis-encephalitis_virus,0,1,0.0
proximal_element,0,1,0.0
tyr-705,0,1,0.0
nuclear_factor-kappa_b_activation,0,1,0.0
in_vitro_transcription_studies,0,1,0.0
cytokine_signaling_3,0,1,0.0
lethal_endotoxemia,0,1,0.0
hematologic_malignancy,0,1,0.0
inflammatory_signal,0,1,0.0
il-2-_and_ifngamma-mediated_signaling,0,1,0.0
c-jun_transcription,0,1,0.0
t-cell_receptor_alpha_(tcr_alpha)_enhancer,0,1,0.0
teflon,0,1,0.0
b_cell_specific_expression,0,1,0.0
eosinophil_cationic_protein,0,1,0.0
il2r_alpha,0,1,0.0
puc_1.77,0,1,0.0
hiv-1_regulation,0,1,0.0
constitutive_protein,0,1,0.0
early_hematopoietic_stage,0,1,0.0
great_ape,0,1,0.0
peroxide_sensitive_human_wurzburg_t-cell,0,1,0.0
p53_tumor-suppressor_gene,0,1,0.0
cd43/leukosialin-mediated_pathway,0,1,0.0
proline-rich_carboxy_terminus,0,1,0.0
human_pro-interleukin-1beta_gene,0,1,0.0
western_blot_experiment,0,1,0.0
hiv-1_iiib_replication,0,1,0.0
cloned_gene,0,1,0.0
maturity-onset_diabetes,0,1,0.0
ciita-transfected_hybrid,0,1,0.0
bglii_restriction_site,0,1,0.0
positive_function,0,1,0.0
cytotoxic_t_cell,0,1,0.0
restriction_analysis,0,1,0.0
anti-ro(ssa)_autoantibody,0,1,0.0
steady-state_mrna_level,0,1,0.0
icam-1_promoter_luciferase_reporter_gene_(icam-1luc)_construct,0,1,0.0
fcs,0,1,0.0
cysteine_and_glutathione_deficiency,0,1,0.0
combined_immunochemistry_in_situ_hybridization_histochemistry_techniquep,0,1,0.0
human_peripheral_blood_mononuclear_cell,0,1,0.0
blood_viscosity,0,1,0.0
immunoprecipitated_jak_2,0,1,0.0
c-fos_and_c-jun_protein_expression,0,1,0.0
developing_t_cell,0,1,0.0
acute_myelogenous_leukaemia,0,1,0.0
35_kilobase,0,1,0.0
tat/s,0,1,0.0
human_megakaryocytic_cell_line,0,1,0.0
gata-1_and_sp1_motif,0,1,0.0
ovtal,0,1,0.0
subsequently_isolated_blood_leukocyte,0,1,0.0
jak-stat_1_signaling_pathway,0,1,0.0
tcr_alpha_beta_lineage,0,1,0.0
fk506,0,1,0.0
translation-dependent_degradation_mechanism,0,1,0.0
chloramphenicol_acetyltransferase_gene,0,1,0.0
th2_lymphocyte,0,1,0.0
t-cell_translocation,0,1,0.0
hil-5-mediated_signal,0,1,0.0
smmhc_chimeric_fusion_protein,0,1,0.0
primary_rat_microglia,0,1,0.0
pml_expression,0,1,0.0
neutrophil_lineage,0,1,0.0
major_physiological_human_glucocorticoid,0,1,0.0
antibody_ablation/supershift_assay,0,1,0.0
hiv-1_mrna,0,1,0.0
mip-1_alpha_gene_expression,0,1,0.0
multiple_hematopoietic_lineage,0,1,0.0
membrane_cd14,0,1,0.0
serum_lipoprotein,0,1,0.0
bcl-6_protein,0,1,0.0
cd4_expression,0,1,0.0
immunoregulatory_cytokine,0,1,0.0
x_chromosome_inactivation,0,1,0.0
perforin_gene,0,1,0.0
mast_cell_activation_signal,0,1,0.0
hematopoietic_growth_factor,0,1,0.0
stat6,0,1,0.0
val,0,1,0.0
mac-1_cell_surface_antigen_expression,0,1,0.0
signaling_defect,0,1,0.0
constitutive_nuclear_nf-kappa_b,0,1,0.0
malignant_clone,0,1,0.0
cstf-64,0,1,0.0
anti-cd40,0,1,0.0
biomedical_research,0,1,0.0
modified_low_density_lipoprotein_(ldl),0,1,0.0
human_b-cell_lymphoma,0,1,0.0
alloantigen,0,1,0.0
target_cell_genome,0,1,0.0
autg,0,1,0.0
normal_nonpregnant_values,0,1,0.0
ifn_alpha_level,0,1,0.0
x_box_element,0,1,0.0
dq0302_molecule,0,1,0.0
ikappab_phosphorylation/proteolysis,0,1,0.0
rdna,0,1,0.0
intronic_enhancer,0,1,0.0
female_family_member,0,1,0.0
oncogenic_transformation,0,1,0.0
ras-related_gtpase,0,1,0.0
doxycycline,0,1,0.0
intracellular_calcium_signaling,0,1,0.0
sea_urchin_binding_site,0,1,0.0
apoptotic_leukocyte,0,1,0.0
acute_myeloid_leukaemia,0,1,0.0
cellular_immunoreaction,0,1,0.0
cell-associated_recognition_molecule,0,1,0.0
intestinal_epithelial_cell_inflammatory_response,0,1,0.0
oncogene_amplification,0,1,0.0
enzyme_activity,0,1,0.0
nf_kappa_b-dependent_gene_expression,0,1,0.0
fasl_protein,0,1,0.0
cfu-m,0,1,0.0
ba-induced_differentiation,0,1,0.0
apoptotic_injury,0,1,0.0
human_islet,0,1,0.0
hormone_binding_domain_variant,0,1,0.0
heterotrimeric_g_protein_activation,0,1,0.0
nonlymphoid_cell,0,1,0.0
xpb_protein,0,1,0.0
cell_toxicity,0,1,0.0
nucleotide_-271_and_-250,0,1,0.0
inducible_transcription_factor_binding_site,0,1,0.0
type_ii_ifn_receptor,0,1,0.0
v-erb_a_function,0,1,0.0
hgata-3_transcriptional_activation_domain,0,1,0.0
globin_gene_activation,0,1,0.0
purified_human_neutrophil,0,1,0.0
alkaline_phosphatase,0,1,0.0
dexamethasone-mediated_inhibition,0,1,0.0
sp1_transcription_factor,0,1,0.0
glutamine_residue,0,1,0.0
b-lymphocyte_activation,0,1,0.0
transcription_machinery,0,1,0.0
histone_deacetylase_catalytic_subunit,0,1,0.0
tyrosine-protein_kinase-specific_inhibitor,0,1,0.0
actin_tail,0,1,0.0
immune_remission,0,1,0.0
unique_47_kda_protein_factor,0,1,0.0
bone,0,1,0.0
erythroleukemic_cell_line_k562,0,1,0.0
interferon-stimulated_gene,0,1,0.0
transactivation_assay,0,1,0.0
protein_level,0,1,0.0
murine_retrovirus,0,1,0.0
retrovirus,0,1,0.0
human_t_cell_lymphotropic_virus_type_i,0,1,0.0
map_kinase_(mapk)_pathways,0,1,0.0
immediate_early_protein,0,1,0.0
dna_binding_capability,0,1,0.0
chemically-exposed_individual,0,1,0.0
receptor-dependent_process,0,1,0.0
amebic_infection,0,1,0.0
cam_kinases,0,1,0.0
observation_period,0,1,0.0
zinc-specific_effect,0,1,0.0
bipotential_t/natural_killer_(nk)_progenitor_cell,0,1,0.0
cyclin/cdks,0,1,0.0
nf-kappa_b_system,0,1,0.0
immunization,0,1,0.0
beta-galactosidase_activity,0,1,0.0
corticotropin-releasing_hormone,0,1,0.0
norepinephrine,0,1,0.0
cardiac_transplantation,0,1,0.0
basal_level_expression,0,1,0.0
truncated_transcript,0,1,0.0
mouse_interleukin_2_receptor_beta_chain_[il-2rbeta]_extracellular_domain,0,1,0.0
steroid-binding_property,0,1,0.0
ngf-responsive_rat_pheochromocytoma_cell_line,0,1,0.0
cgmp_analogue,0,1,0.0
b_cell_adaptor_containing_sh2_domain,0,1,0.0
protein_kinase_calpha,0,1,0.0
anti-lambda_antibody,0,1,0.0
b_cell_activation,0,1,0.0
serum_concentration,0,1,0.0
il-2_enhancer,0,1,0.0
peripheral_blood_mononuclear_cell_compartment,0,1,0.0
atopic_disorder,0,1,0.0
deltorphin,0,1,0.0
glutathione-s-transferase_(gst)_affinity-binding_assay,0,1,0.0
atherosclerotic_lesion_formation,0,1,0.0
dna_protein_interaction,0,1,0.0
cd14-mediated_signal_transduction,0,1,0.0
p38_map_kinase,0,1,0.0
complex_ii,0,1,0.0
120_bp_upstream,0,1,0.0
reactive_oxygen_specie,0,1,0.0
sne_motif,0,1,0.0
human_peripheral_monocyte,0,1,0.0
dermal_fibroblast,0,1,0.0
fhit_transcript,0,1,0.0
anti-cd2_pathway,0,1,0.0
trifluoromethylketone,0,1,0.0
htlv-i-infected_peripheral_blood_t_cell,0,1,0.0
class_ii-negative_b_cell_line,0,1,0.0
nf-kappa_b_regulation,0,1,0.0
human_transcription_factor,0,1,0.0
pkr,0,1,0.0
intrahepatic_lymphoid_follicle,0,1,0.0
cbp,0,1,0.0
nf-kappa_b_p65_mrna_accumulation,0,1,0.0
dna_staining,0,1,0.0
ligand-specific_alpha_chain,0,1,0.0
plasma_membrane-proximal_element,0,1,0.0
lytic_expression_program,0,1,0.0
importin_(karyopherin)-alpha_beta,0,1,0.0
persistent_eosinophilia,0,1,0.0
negative_selection,0,1,0.0
fas_mrna,0,1,0.0
il3_5'-flanking_sequence,0,1,0.0
proteolytic_cleavage,0,1,0.0
pseudohyperaldosteronism,0,1,0.0
corresponding_faster_mobility_form,0,1,0.0
cip1,0,1,0.0
ccaat_binding_factor,0,1,0.0
chromosome_translocation,0,1,0.0
z29,0,1,0.0
thymocyte_development,0,1,0.0
hsi,0,1,0.0
pel_growth,0,1,0.0
metabolic_cascade,0,1,0.0
primer_product,0,1,0.0
macrophage_receptor,0,1,0.0
bcl-xs,0,1,0.0
tumor_necrosis_factor_receptor-associated_factor,0,1,0.0
16_sequence,0,1,0.0
cd19,0,1,0.0
il-2-treated_cell,0,1,0.0
65_kilodalton,0,1,0.0
ectopic_endometrial_fragment,0,1,0.0
camp_response_element-binding_protein/activation_transcription_factor,0,1,0.0
prednisone_(pdn),0,1,0.0
p48,0,1,0.0
pub1,0,1,0.0
peripheral_blood_mononuclear_cell_culture,0,1,0.0
extract_of_tripterygium_wilfordii_hook,0,1,0.0
cytokine_message,0,1,0.0
recombinant_tat_protein,0,1,0.0
in-vitro-stimulated_normal_adult_peripheral_blood_lymphocyte_sample,0,1,0.0
pancreatic_weight,0,1,0.0
beta_1_triiodothyronine_receptor_mrna,0,1,0.0
ikappab-alpha_protein_level,0,1,0.0
actin_nucleation,0,1,0.0
cd34+_progenitor,0,1,0.0
stat1_phosphorylation,0,1,0.0
ccaat/enhancer-binding_protein,0,1,0.0
transformant,0,1,0.0
gata-2_transcription_factor,0,1,0.0
thiol,0,1,0.0
glycemic_control,0,1,0.0
hypoxic_lung_tissue,0,1,0.0
chromosomal_damage,0,1,0.0
tc2,0,1,0.0
granulocyte-macrophage_colony-stimulating_factor_(gm-csf)_promoter,0,1,0.0
lineage_limited_transcription_factor,0,1,0.0
methyl_prednisolone,0,1,0.0
cd19_reporter_construct_activity,0,1,0.0
-independent_pathway,0,1,0.0
uv_cross-linking_experiment,0,1,0.0
primer_extension,0,1,0.0
pah,0,1,0.0
shp1_protein,0,1,0.0
immature_erythroid_cell,0,1,0.0
mrp14_promoter_activity,0,1,0.0
gr_binding_affinity,0,1,0.0
transcription_factor_iia,0,1,0.0
phosphatidyl_inositol_3_kinase/pkb,0,1,0.0
bq_toxicity,0,1,0.0
position_442,0,1,0.0
p50/nf-kappa_b,0,1,0.0
c._sub.,0,1,0.0
regulatory_factor,0,1,0.0
hypoxic_ec,0,1,0.0
cell-free_extract,0,1,0.0
prognostic_marker,0,1,0.0
protein_turnover-degradation,0,1,0.0
il-2r,0,1,0.0
cd28-derived_signal,0,1,0.0
rheumatoid_synovium,0,1,0.0
serine_protease_granzyme_b,0,1,0.0
cell-permeable_peptide,0,1,0.0
immunoelectron_microscopy,0,1,0.0
long-range_de_novo_inactivation,0,1,0.0
acute_leukemia_cell,0,1,0.0
systemic_anaphylaxis,0,1,0.0
immunoblotting,0,1,0.0
proline-subfamily,0,1,0.0
estrogenic_response,0,1,0.0
s-100_protein,0,1,0.0
c/ebpbeta,0,1,0.0
primary_immunomodulator,0,1,0.0
granulocytic_differentiation,0,1,0.0
ikappab_alpha_kinase,0,1,0.0
leukocyte_migration,0,1,0.0
targeted_ag,0,1,0.0
lps-responsive_member,0,1,0.0
"1,25-dihydroxyvitamin_d3",0,1,0.0
uncomplicated_pregnancy,0,1,0.0
a-crf,0,1,0.0
novel_human_gene,0,1,0.0
nf-kappab_family,0,1,0.0
nuclear_antigen,0,1,0.0
major_transcription_initiation_site,0,1,0.0
sex-binding_globulin,0,1,0.0
akv_mlv,0,1,0.0
wild-type_hiv,0,1,0.0
p21ras_signal,0,1,0.0
heinz_body,0,1,0.0
tata_box,0,1,0.0
cytokine-encoding_gene,0,1,0.0
reporter_gene_activity,0,1,0.0
metallothionein_promoter_induction,0,1,0.0
noncomedo_variant,0,1,0.0
il-6_mrna_level,0,1,0.0
biphasic_kinetics,0,1,0.0
myeloid_developmental_stage,0,1,0.0
mycoplasma_fermentans_membrane_lipoprotein,0,1,0.0
c-erbb2_amplification,0,1,0.0
histologic_type,0,1,0.0
adenovirus_e1a,0,1,0.0
novel_b_cell-restricted_activity,0,1,0.0
nuclear_factor_kappa_b_subunit_p65,0,1,0.0
il-4_naf_complex,0,1,0.0
single_c_motif-1,0,1,0.0
recent-onset_iddm_subject,0,1,0.0
g1_specific_cellular_response,0,1,0.0
cytokine_up-regulation,0,1,0.0
human_u-937_leukemia_cell,0,1,0.0
signaling_intermediate,0,1,0.0
tcr_delta_gene_segment,0,1,0.0
myelomonocytic_lineage_specific_gene,0,1,0.0
40_nucleotides_5',0,1,0.0
kappa_b-related_sequence_element,0,1,0.0
p65_subunit,0,1,0.0
hl-60/vinc,0,1,0.0
class_ii_protein,0,1,0.0
phytohemagglutinin_(pha)_activated_peripheral_blood_lymphocyte,0,1,0.0
interleukin-beta_gene,0,1,0.0
hemoglobinopathy,0,1,0.0
severely_truncated_erythropoeitin_receptor,0,1,0.0
pou(s)_and_pou(h)_domain,0,1,0.0
major_histocompatibility_complex_class_i_molecule,0,1,0.0
th2_cell,0,1,0.0
mch_3,0,1,0.0
25-hydroxyvitamin_d3,0,1,0.0
kinetics_of_induced_differentiation,0,1,0.0
ets-domain_protein,0,1,0.0
nuclear_matrix_attachment,0,1,0.0
leukocytes_gene_expression,0,1,0.0
orf1,0,1,0.0
-533_bases,0,1,0.0
nur77,0,1,0.0
h-89,0,1,0.0
exogenous_gene,0,1,0.0
inducible_nitric_oxide,0,1,0.0
t_lymphocytic_cell_line,0,1,0.0
il-10_receptor_activation,0,1,0.0
ic50)_=_25_microm,0,1,0.0
bacterial_constituent,0,1,0.0
ciita_protein,0,1,0.0
oestrogen_receptor_(or)_positivity,0,1,0.0
pbsc_harvests,0,1,0.0
lymphocyte_infiltration,0,1,0.0
potent_enzyme_inhibitor,0,1,0.0
il_6-induced_igm_production,0,1,0.0
ribonuclease_protection_analysis,0,1,0.0
decreased_plasma_bicarbonates_level,0,1,0.0
researcher,0,1,0.0
cellular_immunity,0,1,0.0
negative_role,0,1,0.0
67-kda_precursor_protein,0,1,0.0
socs3,0,1,0.0
ikk_complex-associated_protein,0,1,0.0
nfat_emsa_binding_complex,0,1,0.0
(ct)19/(ca)16,0,1,0.0
heterodimer_complex,0,1,0.0
overlapping_ifngr1_frameshift_small_deletion,0,1,0.0
cd28_pathway,0,1,0.0
gc,0,1,0.0
cytokine-mediated_jak3/stat5a/b_signal_transduction,0,1,0.0
human_promonocytic_u937_cell_line,0,1,0.0
plasma_t4,0,1,0.0
blast_differentiation,0,1,0.0
yac,0,1,0.0
desferrioxamine,0,1,0.0
nti-ro(ssa)_response,0,1,0.0
antibodies_to_stat_protein,0,1,0.0
type_i_ifn,0,1,0.0
rxr_alpha_receptor,0,1,0.0
k562_target,0,1,0.0
rampant_virus_replication,0,1,0.0
cfu-il6,0,1,0.0
initial_receptor_binding,0,1,0.0
granulocyte_colony,0,1,0.0
normal_granulocyte,0,1,0.0
utr,0,1,0.0
gp91phox_gene_expression,0,1,0.0
gcrbeta_immunoreactivity,0,1,0.0
e29.1_t_cell_hybridoma,0,1,0.0
th2_differentiation,0,1,0.0
decidual_gammadelta_t_cell,0,1,0.0
rprl_footprint_ii_repressor_site,0,1,0.0
il-2_cis-regulatory_element,0,1,0.0
-90/-79_sequence,0,1,0.0
ebna2-deficient_epstein-barr_virus_strain,0,1,0.0
molt_4_t_cell,0,1,0.0
synchronous_recognition,0,1,0.0
tcr_zeta-chain,0,1,0.0
actinomycin_d,0,1,0.0
steroid-resistant_asthma,0,1,0.0
northern_(rna)_blotting_assay,0,1,0.0
intracellular_il-2_protein,0,1,0.0
epstein-barr_virus_immediate-early_antigen,0,1,0.0
differentiation_inhibitory_factor,0,1,0.0
gre,0,1,0.0
multidrug-resistant_hl-60_cell,0,1,0.0
intestinal_inflammation,0,1,0.0
hematopoletic_differentiation,0,1,0.0
e1a_oncogene_induction,0,1,0.0
16_to_21_centimorgan,0,1,0.0
toxic_side_effect,0,1,0.0
den,0,1,0.0
piec_clone,0,1,0.0
truncating_mutation,0,1,0.0
cmv_ie_gene,0,1,0.0
dna_sequence_binding_affinity_profile,0,1,0.0
stat3-activation,0,1,0.0
hypothalamic-pituitary-gonadal_axis,0,1,0.0
steroid_treatment,0,1,0.0
cd8,0,1,0.0
wild-type_gr_gene,0,1,0.0
92-kda_dna_binding_protein,0,1,0.0
proline-rich_sequence,0,1,0.0
x_inactivation,0,1,0.0
tcrzeta,0,1,0.0
ac_cascade,0,1,0.0
interleukin_2_(il-2)-induced_signal,0,1,0.0
pu_box-dependent_transactivation,0,1,0.0
biphasic_junb_transcription,0,1,0.0
-137_to_-64_element,0,1,0.0
stat1(alpha),0,1,0.0
nuclear_factor-kappa_b/rel_nuclear_activity,0,1,0.0
n-myc,0,1,0.0
tpa_responsiveness,0,1,0.0
beta-globin_loci,0,1,0.0
"1,25_alpha-dihydroxycholecalciferol",0,1,0.0
hzf_1-42,0,1,0.0
5'_flanking_region,0,1,0.0
namalwa_b_lymphoid_cell,0,1,0.0
b_cell_receptor,0,1,0.0
proil-1beta_gene,0,1,0.0
anorexic_patient,0,1,0.0
peptide_vp16_430-444,0,1,0.0
immune_activity,0,1,0.0
inflammatory_bowel_disease,0,1,0.0
intra-cytoplasmic_domain,0,1,0.0
basic_hlh_protein,0,1,0.0
human_promonocytic_cell_line_u937,0,1,0.0
antibody_mib-1,0,1,0.0
cross-linked_anti-cd3epsilon_mab,0,1,0.0
gene_rearrangement,0,1,0.0
e2f_function,0,1,0.0
em,0,1,0.0
traf2,0,1,0.0
kcl,0,1,0.0
kox_gene,0,1,0.0
overexpression,0,1,0.0
filarial_antigen_stimulated_t-cell,0,1,0.0
cord_lymphocyte,0,1,0.0
major_sp1_binding_site,0,1,0.0
proximal_il-4_promoter,0,1,0.0
orf,0,1,0.0
p8,0,1,0.0
kd_value,0,1,0.0
aitl/gc,0,1,0.0
nuclear_factor-kappab_nuclear_translocation,0,1,0.0
immune_suppression,0,1,0.0
pebp2_alpha_factor,0,1,0.0
ires,0,1,0.0
epo-dependent_cell_line,0,1,0.0
mitogen-activated_protein_kinase_kinase_(mek)_inhibitor,0,1,0.0
neonatal_t_cell,0,1,0.0
b-lineage_commitment,0,1,0.0
sv40,0,1,0.0
c-rel/p65_heterodimers,0,1,0.0
human_immunodeficiency_virus-induced_apoptosis,0,1,0.0
gut-associated_lymphoid_organ,0,1,0.0
human_thp-1_macrophage_cell,0,1,0.0
position_-295_to_-286,0,1,0.0
demarcation_membrane,0,1,0.0
somatic_cell_hybrid_panel,0,1,0.0
c-jun_promoter_construct,0,1,0.0
no-induced_downstream_signaling,0,1,0.0
circulating_monocyte,0,1,0.0
vitellogenin_gene_b1_promoter,0,1,0.0
isgf3-independent_response,0,1,0.0
tcr-mediated_signaling_processes,0,1,0.0
hypophyseal_system,0,1,0.0
t_cell_growth,0,1,0.0
plasma_18-hydroxycorticosterone,0,1,0.0
retinaldehyde_dehydrogenase_2,0,1,0.0
balb/c3t3_cell,0,1,0.0
ilf,0,1,0.0
rela/nf-kappab1_binding_complex,0,1,0.0
bcl-6/cd3,0,1,0.0
pha-stimulated_pbl,0,1,0.0
neomycin-resistance_promoter,0,1,0.0
myb_family,0,1,0.0
trans-acting_factor,0,1,0.0
genomic_event,0,1,0.0
chloramphenicol_acetyl_transferase_reporter_gene,0,1,0.0
hypocomplementemia,0,1,0.0
beta-globin_gene_expression,0,1,0.0
cni-_1493,0,1,0.0
nbt,0,1,0.0
retinaldehyde_dehydrogenase_2_expression,0,1,0.0
anti_cd28,0,1,0.0
cat_reporter_construction,0,1,0.0
precancerous_mastopathy,0,1,0.0
cell_type-specific_enhancer_region,0,1,0.0
ap-1_concentration,0,1,0.0
kappab-binding_protein,0,1,0.0
cdk4,0,1,0.0
type_iv_collagen,0,1,0.0
histone_h4_gene_transcription,0,1,0.0
pp36-38,0,1,0.0
diphenylhexatriene,0,1,0.0
hl-60-c15_cell,0,1,0.0
dna_rearrangement,0,1,0.0
nf-e1,0,1,0.0
eic,0,1,0.0
lymphoid-specific_responsiveness,0,1,0.0
receptor_intracellular_domain_sequence,0,1,0.0
csa-resistant_synthesis,0,1,0.0
epstein-barr_virus_sm_protein,0,1,0.0
hiv-1_tat,0,1,0.0
microm_inhibitor,0,1,0.0
abbreviated_tsp_1_promoter/5'-flank,0,1,0.0
nuclear_protein,0,1,0.0
c-raf-mediated_increase,0,1,0.0
map_kinase_phosphatase-1,0,1,0.0
normal_transendothelial_migration,0,1,0.0
human_cd3epsilon_transgenic_mouse,0,1,0.0
ap-1-binding_activity,0,1,0.0
thr729-lys984,0,1,0.0
tumor_necrosis_factor-alpha_mrna_level,0,1,0.0
lipopolysaccharide-induced_e-selectin_expression,0,1,0.0
cytotoxic_lymphocyte,0,1,0.0
fos_b,0,1,0.0
heterozygous_cell_line,0,1,0.0
gel_retardation_experiment,0,1,0.0
b_cell_precursor_acute_leukemia,0,1,0.0
non-mcd14-mediated_lps_uptake,0,1,0.0
pp56(lck)_mutant,0,1,0.0
transient_cotransfection,0,1,0.0
cyclosporin_a-sensitive_nuclear_factor-at_response_element,0,1,0.0
proteinase,0,1,0.0
hemo-lymphoid_system,0,1,0.0
human_leukemic_cell_line_cem,0,1,0.0
early_gene,0,1,0.0
leukopenia,0,1,0.0
concanavalin-a,0,1,0.0
c-rel/p65_heterodimer,0,1,0.0
vcam-1_gene,0,1,0.0
5007+2insa,0,1,0.0
il-2r_gamma-chain,0,1,0.0
gingival_fibroblast,0,1,0.0
bamhi_c_promoter,0,1,0.0
v-myb,0,1,0.0
ap-2_mrna,0,1,0.0
pyrilamine,0,1,0.0
x-box,0,1,0.0
serine-phenylalanine_sfs_domain,0,1,0.0
biologic_marker,0,1,0.0
adjacent_activator_site_act-1,0,1,0.0
calcineurin-nuclear_factor,0,1,0.0
retinoid_response_pathway,0,1,0.0
x-linked_androgen_receptor_(ar)_locus,0,1,0.0
aromatic_residue,0,1,0.0
mitogen-activated_protein_kinase_cascade,0,1,0.0
red_cell_production,0,1,0.0
co-transfection,0,1,0.0
postmenopausal_woman,0,1,0.0
glutamine_synthetase_induction,0,1,0.0
tumor_sample,0,1,0.0
g3_tumor,0,1,0.0
human_gm-csf_element,0,1,0.0
myeloid-cell-specific_expression,0,1,0.0
positive_cell,0,1,0.0
amino_acid_level,0,1,0.0
ifn-alpha/beta,0,1,0.0
endothelial_monolayer,0,1,0.0
drug-induced_toxicity,0,1,0.0
murine_p388d1_macrophage_cell_line,0,1,0.0
lung_transplantation,0,1,0.0
linear_ebv_genome,0,1,0.0
gene_regulatory_protein,0,1,0.0
-1053/+34_construct,0,1,0.0
c/ebp_epsilon_mrna_accumulation,0,1,0.0
nk-_kappa_b_dna-binding_activity,0,1,0.0
tcr-induced_tyrosine_phosphorylation,0,1,0.0
nf_kappa_b2,0,1,0.0
polypyrimidine_tract-binding_protein,0,1,0.0
oct-2,0,1,0.0
rantes_mrna,0,1,0.0
75_kd_tnf_receptor,0,1,0.0
glucocorticoid_receptors_per_cell,0,1,0.0
multivalent_guanylhydrazone,0,1,0.0
retinoblastoma_protein,0,1,0.0
ad5e1a234-243,0,1,0.0
prdii_domain,0,1,0.0
autoreactive_t_cell,0,1,0.0
purified_sr-bp,0,1,0.0
functional_sp1_binding_element,0,1,0.0
chrysotile_b,0,1,0.0
malignant_melanoma,0,1,0.0
tyrosine-phosphorylated_substrate,0,1,0.0
irf-2_gene,0,1,0.0
chloramphenicol_acetyltransferase_(cat)_activities,0,1,0.0
glucose_transporter,0,1,0.0
b95-8_cytosol,0,1,0.0
nt_465_to_720,0,1,0.0
neutrophil_maturation,0,1,0.0
mts1,0,1,0.0
nfkb2(p49/p52),0,1,0.0
spirochetal_lipoprotein,0,1,0.0
pre-i_site,0,1,0.0
expressing_cell,0,1,0.0
oct-2_transcription_factor,0,1,0.0
myeloid_leukemogenesis,0,1,0.0
nk3.3_cell,0,1,0.0
g-protein-coupled_chemoattractant_receptor,0,1,0.0
mineralocorticoid_receptor_(mr)_status,0,1,0.0
e2f-1_expression,0,1,0.0
subepithelium,0,1,0.0
dna_transfer,0,1,0.0
egr-1,0,1,0.0
cold-shock-induced_apoptosis,0,1,0.0
primary_t_cell,0,1,0.0
potent_peptide_chemoattractant,0,1,0.0
exogenous_tumor_necrosis_factor,0,1,0.0
fyn,0,1,0.0
calcineurin-mediated_signal_transduction_pathway,0,1,0.0
ebv-transformed_cell,0,1,0.0
simian_virus_40_enhancer_activity,0,1,0.0
pi_3-kinase_activation,0,1,0.0
age-related_alteration,0,1,0.0
ebv_mutant,0,1,0.0
rhombotin_gene,0,1,0.0
human_pbl-t,0,1,0.0
"1,25-dihydroxyvitamin_d3_[1,25(oh)2d3]receptor",0,1,0.0
magnetic_separation,0,1,0.0
infiltrating_primary_melanoma,0,1,0.0
hiv_mrna,0,1,0.0
aml-m1,0,1,0.0
richter's_transformation,0,1,0.0
s107_plasmacytoma_cell,0,1,0.0
yy-1_site,0,1,0.0
silastic_membrane,0,1,0.0
human_t_and_b_lymphocyte_cell_line,0,1,0.0
cyclophilin_a,0,1,0.0
5'_deletion_construct,0,1,0.0
y128,0,1,0.0
dna_binding_protein_nf-kb,0,1,0.0
experimental_agent,0,1,0.0
human_promyeloid_leukemia_cell,0,1,0.0
cyp1a1,0,1,0.0
vdr_protein,0,1,0.0
c-myb_5'_flanking_sequence,0,1,0.0
il-7r_alpha_chain,0,1,0.0
monocyte_chemotactic_peptide-1,0,1,0.0
anti-v3_loop_monoclonal_antibody,0,1,0.0
rela-p100_cytoplasmic_complex,0,1,0.0
human_epstein-barr_virus-negative_b_lymphocyte,0,1,0.0
postreceptor_level,0,1,0.0
thyroid,0,1,0.0
tcp_acetate,0,1,0.0
pancreatitis,0,1,0.0
125-133,0,1,0.0
ad12,0,1,0.0
antioxidants,0,1,0.0
antipaternal_antibody,0,1,0.0
bacterial_infection,0,1,0.0
cd19_expression,0,1,0.0
young_adult,0,1,0.0
cd28_surface_expression,0,1,0.0
mutant_t_cell_line,0,1,0.0
steroid-sensitive_asthma,0,1,0.0
iexc29s,0,1,0.0
x-inactivation,0,1,0.0
mrp14_expression,0,1,0.0
spontaneous_production,0,1,0.0
egr-1_gene_expression,0,1,0.0
immune_gene,0,1,0.0
oxidative_stress-dependent_activation,0,1,0.0
20-mer_oligonucleotide,0,1,0.0
jnk_activation,0,1,0.0
interleukin-5_gene,0,1,0.0
human_keratinocyte_pcd/dcoh,0,1,0.0
ikaros_gene,0,1,0.0
kappa_b-dependent_pathway,0,1,0.0
e3_site,0,1,0.0
tp1_promoter,0,1,0.0
bacterial_lysate,0,1,0.0
endogenous_kinase,0,1,0.0
ifn-gamma_mrna_level,0,1,0.0
heterologous_beta-globin_reporter_gene,0,1,0.0
dna-mobility_shift,0,1,0.0
rac1,0,1,0.0
t-cell_signaling_molecule,0,1,0.0
plasma_cysteine,0,1,0.0
putative_ap-1_recognition_sequence,0,1,0.0
tax1_activated_expression,0,1,0.0
transcription_factor_protein,0,1,0.0
ire_motif,0,1,0.0
diabetic_nephropathy,0,1,0.0
exogenous_c-erba/tr-alpha,0,1,0.0
il-5-nonproducing_t-cell_clone,0,1,0.0
jnk_signal_transduction_pathway,0,1,0.0
isomorph,0,1,0.0
t-helper_cell_dysfunctions,0,1,0.0
ifn-gamma-treated_cell,0,1,0.0
17_kb_of_dna,0,1,0.0
htafii105,0,1,0.0
thp-1_macrophage_cell_line,0,1,0.0
ebv-associated_t_cell_malignancy,0,1,0.0
interleukin_2_receptor_alpha_chain/cd25_promoter,0,1,0.0
src_homology_(sh)2_domain,0,1,0.0
ap-1_site,0,1,0.0
tissue_factor,0,1,0.0
hematopoietic_cell_lineage,0,1,0.0
wild-type_virus,0,1,0.0
bcl-6/cd57,0,1,0.0
tcr_zeta_chain,0,1,0.0
hiv-1_genome,0,1,0.0
zk157202,0,1,0.0
minimal_cd4_silencer,0,1,0.0
elk-1_gene_expression,0,1,0.0
metastasis,0,1,0.0
gp160-induced_ap-1_complex,0,1,0.0
matrix_metalloproteinase_9,0,1,0.0
stat_transcription_factor_family,0,1,0.0
phase_macromolecule_uptake,0,1,0.0
gal4_fusion,0,1,0.0
chinese_hamster_ovary_(cho)-dr_transfectant,0,1,0.0
simian_immunodeficiency_virus_variant,0,1,0.0
peripheral_lymph_node,0,1,0.0
pip2,0,1,0.0
multipotent/erythroid/monocytic_differentiation_program,0,1,0.0
nf-kappa_b/i_kappa_b_component,0,1,0.0
b-all_case,0,1,0.0
hbxag-specific_stimulation,0,1,0.0
granzyme_b,0,1,0.0
regulatory_molecule,0,1,0.0
hybridization_accessibility,0,1,0.0
d5_tumor,0,1,0.0
corticosteroid-resistant_bronchial_asthma,0,1,0.0
bq_cytotoxicity,0,1,0.0
sox9,0,1,0.0
anti-csf-1r_monoclonal_antibody,0,1,0.0
vdr_halflife,0,1,0.0
cmv_transactivator,0,1,0.0
tax1,0,1,0.0
30-kd_protein_product,0,1,0.0
15-lo,0,1,0.0
m4,0,1,0.0
mature_erythroid_cell,0,1,0.0
18-hydroxyprogesterone,0,1,0.0
il-10-activated_stat1,0,1,0.0
reduced_binding,0,1,0.0
i_gamma_3,0,1,0.0
thrombin_receptor_agonist_peptide,0,1,0.0
multiple_start_site,0,1,0.0
peptide_recognition,0,1,0.0
cell_surface_protein,0,1,0.0
germinal_center_reaction,0,1,0.0
stat6-dna_binding_complex,0,1,0.0
promyelocytic_leukemia_(pml)_gene,0,1,0.0
oligo_sequence_i,0,1,0.0
stat1-dependent_immune-response_gene,0,1,0.0
erk-activating_stimuli,0,1,0.0
i_kappa_b_alpha_binding,0,1,0.0
constitutive_promoter,0,1,0.0
microsomal_antibody,0,1,0.0
atl_cell_line,0,1,0.0
cd28-dependent_effect,0,1,0.0
ptdins,0,1,0.0
isgf3_alpha,0,1,0.0
dor1_agonist,0,1,0.0
pmlrar_alpha,0,1,0.0
mutation,0,1,0.0
pulse-chase_experiment,0,1,0.0
hbx-antigen,0,1,0.0
gene-suppressive_activity,0,1,0.0
t_cell_receptor_(tcr)-mediated_signal_transduction,0,1,0.0
i_kappa_b_alpha,0,1,0.0
thrombin_receptor,0,1,0.0
glutathione-s-transferase_(gst)-grb2_fusion_protein,0,1,0.0
mip-1_alpha_transcription,0,1,0.0
il-2-producing_cell,0,1,0.0
pb_granulocyte,0,1,0.0
major_depressive_disorder_patient,0,1,0.0
t_lymphocyte_proliferation,0,1,0.0
at-xq28,0,1,0.0
dominant_neoplastic_clone,0,1,0.0
cml,0,1,0.0
nuclear_protein_complex,0,1,0.0
vascular-specific_expression,0,1,0.0
human_immunodeficiency_virus-infected_monocyte,0,1,0.0
h2o2,0,1,0.0
hiv_ltr-driven_luciferase_expression_construct,0,1,0.0
cbp35,0,1,0.0
i_kappa_b_beta_protein,0,1,0.0
mouse_lymph_node_t_cell,0,1,0.0
erythroid_markers_expression,0,1,0.0
isotype_switching,0,1,0.0
major_histocompatibility_(mhc)_class_ii_genes,0,1,0.0
healthy_female,0,1,0.0
ad5wt,0,1,0.0
mdmac,0,1,0.0
base_pair_substitution,0,1,0.0
ach-2,0,1,0.0
encephalomyocarditis_virus_(emcv)_mrna,0,1,0.0
monoamine_oxidase_b_enzyme_activity,0,1,0.0
homeobox,0,1,0.0
chronically_infected_cell_line,0,1,0.0
jurkat-tat_cell_line,0,1,0.0
gssg_level,0,1,0.0
kinetic_analysis,0,1,0.0
lyn_mrna,0,1,0.0
comedo_carcinomas,0,1,0.0
porcine_mhc_class_ii_antigen,0,1,0.0
cd28_tyrosyl_phosphorylation,0,1,0.0
jnk/sapk_activation,0,1,0.0
creb/atf-1,0,1,0.0
b-cell_origin,0,1,0.0
ifn-alpha_signaling,0,1,0.0
brlf1_product_rta,0,1,0.0
murine_kappa_light_chain_enhancer_motif,0,1,0.0
lymphocyte_gr_receptor_binding_parameter,0,1,0.0
dp-1,0,1,0.0
il-2-gene_transcription_rate,0,1,0.0
56-kda_protein,0,1,0.0
lytic_replication_cycle,0,1,0.0
cell_autonomous_coregulation,0,1,0.0
multiple_binding_site,0,1,0.0
human_tr_beta_1_mrna,0,1,0.0
lps_response_element,0,1,0.0
dyad_symmetry_element,0,1,0.0
whole-cell_competitive_binding_assay,0,1,0.0
nm23h2,0,1,0.0
transrepressive_activity,0,1,0.0
confocal_immunocytochemistry,0,1,0.0
signal-coupled_depletion,0,1,0.0
pro639,0,1,0.0
serotonin,0,1,0.0
glucocorticoid_response_element_(gre)-containing_dna_fragment,0,1,0.0
immunotherapeutic_target,0,1,0.0
cos_cell,0,1,0.0
cell-surface_isoform,0,1,0.0
cell-specific_difference,0,1,0.0
signal_transducer,0,1,0.0
cyclooxygenase,0,1,0.0
hematopoietic_tissue,0,1,0.0
dominant_negative_n17rac,0,1,0.0
cytoplasmic_region,0,1,0.0
ifn-gamma_gene_transcription,0,1,0.0
ebv_nuclear_protein_2_(ebna-2)_transactivator,0,1,0.0
60_amino_acid_carboxy-terminus,0,1,0.0
thrombotic_complication,0,1,0.0
immediate_early,0,1,0.0
chemiluminescence_assay,0,1,0.0
lipopolysaccharide-induced_expression,0,1,0.0
cytoplasmic_protein_extract,0,1,0.0
[3h]testosterone,0,1,0.0
bacteriophage_lambda_cdna_expression_library,0,1,0.0
dutpase,0,1,0.0
human_interleukin_2_gene,0,1,0.0
nf-y-responsive_dqbeta_promoter,0,1,0.0
ap-2_binding_sequence,0,1,0.0
embryonic_expression,0,1,0.0
matrix_attachment_region_binding_protein,0,1,0.0
il-4_receptor_stimulation,0,1,0.0
boyden_chamber_method,0,1,0.0
ba,0,1,0.0
tcr_expression,0,1,0.0
c-erba/tr-specific_ligand,0,1,0.0
ebv-positive_malignancy,0,1,0.0
hiv1,0,1,0.0
tumor_necrosis_factor_induced_apoptosis,0,1,0.0
latent_membrane_protein_1_(lmp1)_homolog,0,1,0.0
fk_506,0,1,0.0
lipopolysaccharide-stimulated_interleukin-1_beta_messenger_rna,0,1,0.0
-95_bp,0,1,0.0
transducing_distal_signal,0,1,0.0
pbgd,0,1,0.0
cellular_survival-promoting_protein,0,1,0.0
extended_substrate_recognition,0,1,0.0
human_lcr/gamma-globin_gene,0,1,0.0
chloramphenicol_acetyl_transferase,0,1,0.0
cat_reporter,0,1,0.0
ccl4,0,1,0.0
lps-induced_nf-kappa_b/c-rel_nuclear_translocation,0,1,0.0
differentiation_induction,0,1,0.0
erythroid_heterokaryon,0,1,0.0
pokeweed_mitogen_(pwm)-driven_b-cell_mitogenesis,0,1,0.0
ngfi-b/nur77-related_transcription_factor,0,1,0.0
mpc11_plasmacytoma_x_fibroblast_environment,0,1,0.0
transcription-enhancing_activity,0,1,0.0
p_element,0,1,0.0
microbial_product,0,1,0.0
human_immune_system,0,1,0.0
transient_transfection_system,0,1,0.0
chromatin,0,1,0.0
t-cell_lysate,0,1,0.0
interphase_fluorescence_in_situ_hybridization,0,1,0.0
l&h_cell,0,1,0.0
glucocorticoid_receptor_mrna_expression,0,1,0.0
rar_alpha_agonist,0,1,0.0
antigenic_er_peptide,0,1,0.0
interleukin_2_receptor_alpha-chain_gene,0,1,0.0
csa-sensitive_t_cell_factor,0,1,0.0
sp,0,1,0.0
"ligand-induced,_tyrosine-phosphorylated_docking_site",0,1,0.0
phytohaemagglutinin,0,1,0.0
mbp,0,1,0.0
e2a_protein,0,1,0.0
aids-related_primary_effusion_lymphoma,0,1,0.0
lineage-specific_transcription_factor,0,1,0.0
shigella,0,1,0.0
human_cd4_t_lymphocyte,0,1,0.0
ni2+-blockable_ca2+_channel,0,1,0.0
pax-5,0,1,0.0
free_plasma_cortisol_concentration,0,1,0.0
aids_vaccine,0,1,0.0
ibr_cdna,0,1,0.0
nuclear_factor_(nf)-kappa_b,0,1,0.0
ebv_latent_infection_membrane_protein,0,1,0.0
ebv_reactivation_process,0,1,0.0
myeloid_nuclear_protein,0,1,0.0
basic_fibroblast_growth_factor,0,1,0.0
pma-dependent_il-5_production,0,1,0.0
mm-derived_cell_line,0,1,0.0
spontaneous_ebv-transformed_lymphoblastoid_cell_line,0,1,0.0
glucocorticoid_receptor_(gr)_binding_characteristics,0,1,0.0
natural_killer_cell_line,0,1,0.0
apoptotic_process,0,1,0.0
cytosolic_inhibitor_protein,0,1,0.0
hiv_protease,0,1,0.0
il-4_transcription,0,1,0.0
dna_sequence_element,0,1,0.0
human_bcl6_(hbcl6)_cdna,0,1,0.0
transcription_factor_expression_plasmid,0,1,0.0
apoptotic_pathway,0,1,0.0
il-6-responsive_gene,0,1,0.0
3h-thymidine_uptake_procedure,0,1,0.0
competition_assay,0,1,0.0
non-viral_oncogene-expressing_cell,0,1,0.0
lmp_promoter,0,1,0.0
ig_mrna,0,1,0.0
sterile_culture_media,0,1,0.0
m10,0,1,0.0
core_binding_factor_(cbf)_site,0,1,0.0
glucocorticoid-sensitive_human_leukemic_t-cell_line_6tg1.1,0,1,0.0
succinate,0,1,0.0
gr_concentratio,0,1,0.0
h-_pgg-glucan,0,1,0.0
nf-cle0_gamma,0,1,0.0
residue_57,0,1,0.0
lysate,0,1,0.0
"cd44-cd25+,_cd4-cd8-_double-negative_stage",0,1,0.0
functional_interaction,0,1,0.0
algorithm,0,1,0.0
gata-2_binding_element,0,1,0.0
sp1/ap-2_site,0,1,0.0
proliferative_effect,0,1,0.0
fibroblast-like_synoviocyte,0,1,0.0
nonreceptor_protein_tyrosine_kinase,0,1,0.0
cag_repeat,0,1,0.0
fas-mediated_apoptosis,0,1,0.0
anti-zebra_activity,0,1,0.0
core_srf_binding_site,0,1,0.0
glucose,0,1,0.0
human_t-cell_leukemia_virus_type_i_(htlv-i)-infected_t-cell_line,0,1,0.0
cinc,0,1,0.0
analogous_molecular_framework,0,1,0.0
cyclosporin_a-resistant_pathway,0,1,0.0
anti-sense_rna,0,1,0.0
schizosaccharomyces_pombe_mc_mating_type_gene,0,1,0.0
xlh,0,1,0.0
leukocyte-specific_component,0,1,0.0
mtcp1_locus,0,1,0.0
taxi,0,1,0.0
allogen-specific_human_cd4+_t_cell_line,0,1,0.0
att,0,1,0.0
eosinophilic_granule,0,1,0.0
s194_cell,0,1,0.0
plc_gamma_1_overexpression,0,1,0.0
cis-linked_regulatory_sequence,0,1,0.0
p50/p85_late,0,1,0.0
receptor-containing_cell,0,1,0.0
t/nk_developmental_checkpoint,0,1,0.0
gst-ebna-2_fusion_protein,0,1,0.0
multiple_exogenous_stimuli,0,1,0.0
zfh-1,0,1,0.0
il-3,0,1,0.0
nf-at_region_transactivation,0,1,0.0
hiv-1_tat_cdna,0,1,0.0
interleukin-1_induction,0,1,0.0
(+)-pentazocine,0,1,0.0
c-rel/p50,0,1,0.0
g1-s-associated_dna,0,1,0.0
activator_protein-1,0,1,0.0
hybrid_protein,0,1,0.0
g0s2,0,1,0.0
hhv-6_variant_b,0,1,0.0
lfa-1,0,1,0.0
rifn-alpha_2c,0,1,0.0
nf-kappa_b_precursor_activation,0,1,0.0
tal-1_promoters,0,1,0.0
class_ii_processing,0,1,0.0
fdcp-2_cell,0,1,0.0
skeletal_muscle,0,1,0.0
mmp9_mrna_levels,0,1,0.0
t-cell_receptor_loci,0,1,0.0
regulatory_gene_expression,0,1,0.0
germline_promotor,0,1,0.0
ut-7_cell_line,0,1,0.0
ra_receptor,0,1,0.0
elements,0,1,0.0
synthetic_nonselective_rar_ligand,0,1,0.0
human_lim-hox_gene,0,1,0.0
fas_ligand_regulatory_element,0,1,0.0
insulin-gene,0,1,0.0
mid-s_phase,0,1,0.0
mhc_class_ii_compartment,0,1,0.0
gas-binding_proteins,0,1,0.0
purified_human_megakaryocyte,0,1,0.0
bcr_signal_transduction,0,1,0.0
autosomal_sex_reversal,0,1,0.0
candidate_oncoprotein_bcl-3,0,1,0.0
il-2_induced_signal_transduction,0,1,0.0
pp2a,0,1,0.0
lysosomal-associated_membrane_protein-1+_endosomal_compartment,0,1,0.0
thrombomodulin,0,1,0.0
thymocyte-specific_gene,0,1,0.0
unicellular-unilineage_erythropoietic_culture,0,1,0.0
transactivating_hhv-6,0,1,0.0
primary_human_t_cell,0,1,0.0
pbmc_proliferation,0,1,0.0
cytoplasmic_cellular_extract,0,1,0.0
nf-at-dependent_transcription,0,1,0.0
amino-terminal_domaim,0,1,0.0
innate_immune_system,0,1,0.0
vdr_cdna,0,1,0.0
in_vitro_differentiation,0,1,0.0
tnfr_family,0,1,0.0
-54_to_-31,0,1,0.0
mrna_splicing,0,1,0.0
tartrate_resistant_acid_phosphatase_positive_(trap+)_cell,0,1,0.0
b_cell_progenitor,0,1,0.0
rag_gene_transcription,0,1,0.0
anti-tf_antibody,0,1,0.0
human_t_cell_leukemia_virus_type_1,0,1,0.0
ductal_cancer,0,1,0.0
basic_region/leucine_zipper_(bzip)_domain,0,1,0.0
dex,0,1,0.0
cd62,0,1,0.0
crkl,0,1,0.0
fetal_brain_development,0,1,0.0
myelomocytic_cell_line,0,1,0.0
human_beta-globin_yeast_artificial_chromosome_transgene,0,1,0.0
ebv_chronic_response,0,1,0.0
activated_erythropoietin_receptor,0,1,0.0
leucine,0,1,0.0
premature_aging_syndrome,0,1,0.0
s-adenosylhomocysteine_hydrolase_inhibitor,0,1,0.0
class_ii_transactivator,0,1,0.0
myeloid/nk_acute_leukemia,0,1,0.0
rel-related_nf-kappa_b2_gene,0,1,0.0
transformation-competent_ebna-2_deletion_mutant,0,1,0.0
egr-1/rela_synergy,0,1,0.0
proximal_nf-kappa_b_motif,0,1,0.0
p91,0,1,0.0
hla-dra_expression,0,1,0.0
r-activating_signal,0,1,0.0
synthetic_peptide,0,1,0.0
nf-kb,0,1,0.0
beta-actin_gene_promoter,0,1,0.0
gr_precursor_mrna,0,1,0.0
activated_mononuclear_cell,0,1,0.0
cem_human_leukemic_cell_clone,0,1,0.0
allogeneic_mixed_lymphocyte_culture,0,1,0.0
e1a-negative_cell,0,1,0.0
drug_abuser,0,1,0.0
constitutively_activated_p21ras,0,1,0.0
nf-kappab_element,0,1,0.0
anti-cd2,0,1,0.0
cytokine-stimulated_human_saphenous_vein_endothelial_cell,0,1,0.0
monocyte-mediated_killing,0,1,0.0
1.1_kb_id-3l_transcript,0,1,0.0
kappa_light_chain_locus,0,1,0.0
protozoan_host,0,1,0.0
thp-1_promonocytic_cell,0,1,0.0
heterotrimeric_gtp-binding_protein,0,1,0.0
activation-inducer_molecule/cd69,0,1,0.0
cd44_cross-linking,0,1,0.0
mammalian_27-kda_heat_shock_protein,0,1,0.0
p70(s6)-kinase,0,1,0.0
early_apoptotic_event,0,1,0.0
wild-type_b_cell,0,1,0.0
viral_integral_membrane_protein,0,1,0.0
platelet-like_particle,0,1,0.0
c-jun_complex,0,1,0.0
human_progesterone_receptor,0,1,0.0
tissue_oligonucleotide,0,1,0.0
tcf-controlled_transcription,0,1,0.0
p105_gene,0,1,0.0
il-9ralpha,0,1,0.0
sequence_element,0,1,0.0
human_monocytes/macrophage,0,1,0.0
c-raf,0,1,0.0
pwm-induced_b-cell_mitogenesis,0,1,0.0
endothall_thioanhydride,0,1,0.0
membrane-associated_pkc_activity,0,1,0.0
exon_5,0,1,0.0
genomic_sterol_regulatory_sequence,0,1,0.0
p21(ras),0,1,0.0
human_hematopoietic_neoplasm,0,1,0.0
reduced_adhesion,0,1,0.0
dse,0,1,0.0
primary_erythroblast_transformation,0,1,0.0
hiv-1_plasmid,0,1,0.0
sexual_event,0,1,0.0
immune_regulation,0,1,0.0
il5,0,1,0.0
ets1_specific,0,1,0.0
antigen-activated_human_t_cell,0,1,0.0
il-2_promoter_activation,0,1,0.0
primary_murine_erythroblast,0,1,0.0
pharmacological_control,0,1,0.0
leukaemic_clone,0,1,0.0
vzv_protein,0,1,0.0
protein_kinase_c_signaling_cascade,0,1,0.0
intracellular_ros,0,1,0.0
redox_homeostasis,0,1,0.0
s-phase_p107_complex,0,1,0.0
fibroblast_collagenase_expression,0,1,0.0
prion_protein,0,1,0.0
b-cell-restricted_activity,0,1,0.0
transactivation_activity,0,1,0.0
t-cell_receptor,0,1,0.0
predicted_amino_acid_sequence,0,1,0.0
92_base_pair,0,1,0.0
therapeutical_level,0,1,0.0
nf-kappab_(designated_kappab3)_site,0,1,0.0
t-cell_receptor_(tcr)_gene_rearrangement,0,1,0.0
upstream_regulatory_element,0,1,0.0
nuclear_factor-kappa_b_mobilization,0,1,0.0
dr3,0,1,0.0
ileostomized_patient,0,1,0.0
"c-jun,_jun_b_and_jun_d_proto-oncogene",0,1,0.0
ex_vivo_expansion,0,1,0.0
tumor_transformation,0,1,0.0
heptp,0,1,0.0
poorest_binding_peptide,0,1,0.0
vitamin_a_derivative,0,1,0.0
kappa_b-dependent_gene,0,1,0.0
liquid_nitrogen,0,1,0.0
"1,25-dihydroxyvitamin_d3-responsive_protein",0,1,0.0
cd4+_t_helper_2_(th2)_cell,0,1,0.0
ca_metabolism,0,1,0.0
fluorouracil,0,1,0.0
p24rex,0,1,0.0
monocytic_activity,0,1,0.0
receptor-1_activation,0,1,0.0
mnc_nuclear_extract,0,1,0.0
signal_transducer_and_activator_of_transcription_(stat)_family,0,1,0.0
ap-1_part_of_an_ap-1/octamer_composite_element,0,1,0.0
second_messenger_cascade,0,1,0.0
ccaat_enhancer_binding_protein_alpha,0,1,0.0
specific_negative_regulation,0,1,0.0
atp/mg2+,0,1,0.0
transcriptional_response,0,1,0.0
c-fos_upregulation,0,1,0.0
cytokine_responsiveness,0,1,0.0
lysosome,0,1,0.0
death_domain,0,1,0.0
cdna_fusion_protein,0,1,0.0
herpes_simplex,0,1,0.0
fatty_acid-binding_protein,0,1,0.0
-130_ap-1-like_site,0,1,0.0
transient_chloramphenicol_acetyltransferase_assay,0,1,0.0
apai,0,1,0.0
t_effector_cell,0,1,0.0
downstream_intronic_sequence,0,1,0.0
statg,0,1,0.0
nfatx1_dna_binding_activity,0,1,0.0
u86,0,1,0.0
vimentin,0,1,0.0
interferon_regulatory_factor_1,0,1,0.0
gre-dependent_luciferase_reporter_gene,0,1,0.0
60_bp_upstream,0,1,0.0
hiv-1_entry,0,1,0.0
ets_transcription_factor_binding_site,0,1,0.0
tfiid_binding_site,0,1,0.0
protein_kinase_cascade,0,1,0.0
p96,0,1,0.0
nfat-1_regulatory_element,0,1,0.0
embryogenesis,0,1,0.0
-59_to_-50,0,1,0.0
fc_gamma_riia,0,1,0.0
mab_18c7_epitope,0,1,0.0
erythroid_kruppel-like_factor,0,1,0.0
deg5,0,1,0.0
novel_domain,0,1,0.0
bzip,0,1,0.0
ibr/f,0,1,0.0
40-kd_tax_protein,0,1,0.0
b-cell-specific_coactivator,0,1,0.0
classical_metaphase_analysis,0,1,0.0
transcription_initiation_sequences,0,1,0.0
phosphatidylinositol_3-kinase-linked_pathway,0,1,0.0
nonstructural_trans-acting_regulatory_gene,0,1,0.0
b_differentiation,0,1,0.0
nf-kappab_translocation,0,1,0.0
g0/g1_prolongation,0,1,0.0
viral_capsid_antigen_staining,0,1,0.0
cellular_differentiation_program,0,1,0.0
-73,0,1,0.0
ligand-independent_mechanisms,0,1,0.0
dna_binding_basic_domain,0,1,0.0
classical_hla_antigen,0,1,0.0
blood_pressure_measurement,0,1,0.0
pdbu,0,1,0.0
cd45r0+,0,1,0.0
stat6_dna_binding_activity,0,1,0.0
inducibility,0,1,0.0
oct-2a_protein,0,1,0.0
c-rel_protooncogene,0,1,0.0
4-phorbol_12-myristate_13-acetate,0,1,0.0
trep,0,1,0.0
human_immunodeficiency_virus_type_1_long_terminal_repeat_quasispecies,0,1,0.0
t_cell-specific_protein,0,1,0.0
hbf,0,1,0.0
cd4+_cell,0,1,0.0
naive_pbl,0,1,0.0
phosphatidylinositol_3-kinase_(pi3-k)_binding_site,0,1,0.0
pkc-specific_inhibitor,0,1,0.0
reticuloendotheliosis_virus_(rev)_long_terminal_repeat,0,1,0.0
inflammation,0,1,0.0
type_i_receptors,0,1,0.0
disulfide-linked_homodimeric_glycoprotein,0,1,0.0
monocyte-specific_transcription,0,1,0.0
protease_expression_vector,0,1,0.0
cloned_stably_transfected_jurkat_t_cell,0,1,0.0
antioxidant_activity,0,1,0.0
ostensible_immune_stimulation,0,1,0.0
low-mobility_complex,0,1,0.0
signal-dependent_nf-kappa_b_activation,0,1,0.0
sox4,0,1,0.0
murine_b29_promoter,0,1,0.0
proliferative_block,0,1,0.0
charcoal_binding_assay,0,1,0.0
nfatc_family,0,1,0.0
shigella_flexneri,0,1,0.0
il-4/il-13-stimulated_monocyte,0,1,0.0
sodium_dodecyl_sulfate-polyacrylamide_gel_electrophoresis,0,1,0.0
rhom-2_gene,0,1,0.0
serological_technique,0,1,0.0
delta19,0,1,0.0
liposomal_mpl,0,1,0.0
nuclear_nf-atp,0,1,0.0
ngal,0,1,0.0
yy1_consensus_sequence,0,1,0.0
cis-cloned_synthetic_oligodeoxyribonucleotide,0,1,0.0
cd14-mediated_signal_pathway,0,1,0.0
nur77_beta_cdna,0,1,0.0
epstein-barr_virus_zebra_protein,0,1,0.0
siv_long_terminal_repeat,0,1,0.0
cd18-mediated_leukocyte_adhesion,0,1,0.0
phorbol_inducibility,0,1,0.0
tcr/cd28_costimulation,0,1,0.0
interleukin_(il)-2,0,1,0.0
amphipatic_alpha-helical_protein_segment,0,1,0.0
hla-dq3.2_molecule,0,1,0.0
intracellular_trafficking,0,1,0.0
transcriptional_level,0,1,0.0
topographical_region,0,1,0.0
pebp2_isoform,0,1,0.0
adult_globin_gene_expression,0,1,0.0
mouse_il-2r_alpha_gene,0,1,0.0
stat3_activity,0,1,0.0
uf-1_cell,0,1,0.0
i_kappa_b,0,1,0.0
p38_mapk,0,1,0.0
hematopoietic_tyrosine_phosphatase,0,1,0.0
spi-1-dna_binding_activity,0,1,0.0
class_ii_promoter_occupancy_alteration,0,1,0.0
human_ah_receptor_(tcdd_receptor)_mrna,0,1,0.0
cbf_alpha2,0,1,0.0
somatic_cell_hybrid,0,1,0.0
fkbp52,0,1,0.0
steroid_receptor_agonist,0,1,0.0
growth_control,0,1,0.0
pb_mononuclear_cell_population,0,1,0.0
nf-kappa_bo,0,1,0.0
t_cell-specific_control_region,0,1,0.0
kappa3_element,0,1,0.0
ags,0,1,0.0
nf-kappab_system,0,1,0.0
regulation_of_gene_expression,0,1,0.0
proto-oncoprotein,0,1,0.0
simian_immunodeficiency_virus_isolate,0,1,0.0
intercellular_adhesion_molecule-1,0,1,0.0
fy*b_allele,0,1,0.0
cd14,0,1,0.0
g1/s_boundary,0,1,0.0
5-lipoxygenase_inhibitor,0,1,0.0
immunoglobulin_heavy_chain,0,1,0.0
oncogenic_event,0,1,0.0
mcr,0,1,0.0
rel/kappab_binding_protein,0,1,0.0
alpha-zearalenol,0,1,0.0
novel_activity,0,1,0.0
tat/as,0,1,0.0
cd54,0,1,0.0
allergic_inflammatory_disease,0,1,0.0
primary_biliary_cirrhosis,0,1,0.0
phosphoserine_residue,0,1,0.0
(jak)1,0,1,0.0
cutaneous_t_cell_lymphoma_line,0,1,0.0
beta_globin_promoter,0,1,0.0
cytokine-producing_effector_cell,0,1,0.0
crippled_hiv-1_ltr,0,1,0.0
12-o-tetradecanoyl-phorbol-13-acetate,0,1,0.0
dna_electrophoresis_mobility_gel_shift_assay,0,1,0.0
glucocorticoid_receptor_concentration,0,1,0.0
sites_of_inflammation,0,1,0.0
human_hematopoiesis,0,1,0.0
125i-il-4,0,1,0.0
ppar-gamma_mrna,0,1,0.0
nfat_(nuclear_factor_of_activated_t_cells)_element,0,1,0.0
ebna_promoter,0,1,0.0
human_alpha-like_globin_gene,0,1,0.0
bipotential_precursor,0,1,0.0
relb+_apc,0,1,0.0
t-cell_acute_lymphoblastic_leukemias,0,1,0.0
bat,0,1,0.0
zymography,0,1,0.0
lymphoid_marker,0,1,0.0
cellular_activation_event,0,1,0.0
oxygen_radical_scavenger,0,1,0.0
increased_mrna_accumulation,0,1,0.0
stem_cell_factor-dependent_erythroid_progenitor,0,1,0.0
-230_gata-1_site,0,1,0.0
hiv_rna_expression,0,1,0.0
pyruvate_kinase_erythroid-specific_promoter,0,1,0.0
c/ebp_epsilon_mrna_expression,0,1,0.0
activated_leukocyte,0,1,0.0
il-1_gene_expression,0,1,0.0
lymphocyte_treatment,0,1,0.0
hiv-2_enhancer,0,1,0.0
tnf-alpha-induced_hiv-1_expression,0,1,0.0
retinoblastoma_susceptibility_gene_product,0,1,0.0
il-4_receptor_engagement,0,1,0.0
adenovirus_early_region_3_(es)_gene_product,0,1,0.0
human_factor,0,1,0.0
cpre,0,1,0.0
g0s3,0,1,0.0
nuclear_staining,0,1,0.0
cellular_redox,0,1,0.0
oct-2_c-terminal_domain,0,1,0.0
b6d2f1_mouse_uterine_cytosol,0,1,0.0
healthy_smoker,0,1,0.0
discrete_cell_basis,0,1,0.0
c-terminal_residue,0,1,0.0
maturation,0,1,0.0
human_class_ii_mhc_ag,0,1,0.0
human_t-cell_leukemia_virus_type_i_tax_protein,0,1,0.0
chronic_gut_inflammation,0,1,0.0
b27_antigen,0,1,0.0
ifn-stimulated_gene,0,1,0.0
putative_human_homolog,0,1,0.0
di-butyryl_(bt2)camp,0,1,0.0
aldosterone,0,1,0.0
il-12-induced_gene_expression,0,1,0.0
adipocyte,0,1,0.0
myeloid_lineage,0,1,0.0
interferon-alpha_in_u937_cell,0,1,0.0
cytokine-mrna_level,0,1,0.0
nonconsensus_site,0,1,0.0
biscoclaurine_alkaloid,0,1,0.0
anti-estrogen_(toremifene)_therapy,0,1,0.0
dbf-site,0,1,0.0
cell_growth,0,1,0.0
epithelial_stat1,0,1,0.0
high_metastatic_capacity,0,1,0.0
transduced_hematopoietic_stem_cell,0,1,0.0
ebv-immortalized_b-cell_line,0,1,0.0
human_t-cell_leukemia_virus_type_1_(htlv-1)-infected_t_cell,0,1,0.0
9-29_ppt_i-te,0,1,0.0
high-level_transcription,0,1,0.0
inactive_x_specific_methylation,0,1,0.0
intranasally_administered_glucocorticoid,0,1,0.0
g-csf_receptor,0,1,0.0
ikk-beta_activity,0,1,0.0
csa-sensitive_transcription,0,1,0.0
differentiated_embryonic_stem_cell,0,1,0.0
"1_alpha,_25-dihydroxyvitamin_d3",0,1,0.0
gp160,0,1,0.0
cadmium_stimulation,0,1,0.0
uremia,0,1,0.0
lbf5,0,1,0.0
rat-1_fibroblast,0,1,0.0
drosophila_developmental_control_protein,0,1,0.0
proliferation,0,1,0.0
age-related_decrease,0,1,0.0
binding_site-specific_transcriptional_property,0,1,0.0
stat5_protein,0,1,0.0
nuclear_factor-mu_negative_regulator,0,1,0.0
il-10_inhibition,0,1,0.0
naf-r-nse,0,1,0.0
nf-at_complex,0,1,0.0
y_chromosome,0,1,0.0
lck-defective_cell_line,0,1,0.0
peroxisomal_enzyme_17beta-hydroxysteroid_dehydrogenase_type_iv,0,1,0.0
b_lymphoid_cell,0,1,0.0
trypsin,0,1,0.0
ifn-gamma_treatment,0,1,0.0
whole_lung,0,1,0.0
growth_signal,0,1,0.0
delta383,0,1,0.0
nucleosome_remodeling,0,1,0.0
increased_ige_level,0,1,0.0
dna_template,0,1,0.0
hiv-1_gene_expressionp,0,1,0.0
inflammatory_mediator_expression,0,1,0.0
edta,0,1,0.0
t_helper_1-type_cytokine,0,1,0.0
il-1_beta_protein,0,1,0.0
transcriptional_'silencer',0,1,0.0
cd2_signaling,0,1,0.0
inducible_promoter,0,1,0.0
junb-control,0,1,0.0
rela-mediated_transcription,0,1,0.0
human_t-cell_leukemia_virus_type_1_promoter,0,1,0.0
internalization,0,1,0.0
stimulated_and_unstimulated_t_cell,0,1,0.0
bcl6_molecule,0,1,0.0
ru_486,0,1,0.0
double-positive_cell,0,1,0.0
polymerized_core_sequence,0,1,0.0
cd8-mediated_inhibition,0,1,0.0
cyclosporin-sensitive,0,1,0.0
autosomal_recessive_form,0,1,0.0
nuclear_factor-90,0,1,0.0
in_situ_hybridization_technique,0,1,0.0
granulocyte_maturation,0,1,0.0
herpes_simplex_vaccine,0,1,0.0
thrombin_receptor_mrna,0,1,0.0
heat-labile_serum_factor,0,1,0.0
camp_level,0,1,0.0
ataxia-telangiectasia,0,1,0.0
human_t-cell_lymphotrophic_virus-1_tax_transactivator-induced_luciferase_activity,0,1,0.0
interleukin_1,0,1,0.0
ikappab-alpha_degradation,0,1,0.0
nuclear_translocation,0,1,0.0
tax-induced_expression,0,1,0.0
ttg,0,1,0.0
met,0,1,0.0
e2a-hlf,0,1,0.0
g(or_c)ctgtg,0,1,0.0
nf-kappa_b_nuclear_translocation,0,1,0.0
group_b_type_35,0,1,0.0
virally_encoded_transcription_factor,0,1,0.0
atra-induced_expression,0,1,0.0
tyrosine_kinase_activation,0,1,0.0
stress_response,0,1,0.0
msr_expression,0,1,0.0
medium_without_serum,0,1,0.0
ring_chromosome,0,1,0.0
gastric_carcinoma,0,1,0.0
cervical_carcinoma_(hela)_cell,0,1,0.0
non-erythroid_gene,0,1,0.0
lck_electrophoretic_mobility,0,1,0.0
zearalenone,0,1,0.0
adult_t-cell_leukemia,0,1,0.0
pituitary_prl_expression,0,1,0.0
human_immunodeficiency_virus_(hiv)-infected_person,0,1,0.0
human_hematopoietic_cell,0,1,0.0
stat6_activation,0,1,0.0
tpo-treated_ut-7/gmt_cell,0,1,0.0
tcdd_receptor,0,1,0.0
patient's_physician,0,1,0.0
normal_receptor_status,0,1,0.0
epstein-barr_virus_immediate-early_transcript,0,1,0.0
ca2+-independent_isoform,0,1,0.0
endocrine_status_changes,0,1,0.0
breast_tumor,0,1,0.0
mental_illness,0,1,0.0
common_stat_protein,0,1,0.0
atf/creb_factor,0,1,0.0
complex_tissue-specific_structure,0,1,0.0
cmat,0,1,0.0
g2/m_interphase,0,1,0.0
human_malignant_melanoma,0,1,0.0
vascular_cell_adhesion_molecule-1_(vcam-1)_expression,0,1,0.0
vascular_endothelial_cell,0,1,0.0
junb_transcription,0,1,0.0
nfil3/e4bp4,0,1,0.0
pma-differentiated_u937_cell,0,1,0.0
transformed_lymphocyte,0,1,0.0
benzene-contaminated_water,0,1,0.0
constitutive_nuclear_factor,0,1,0.0
all-trans_retinoic_acid_treatment,0,1,0.0
parath_hormone,0,1,0.0
nuclear_factor_kappab_(nf-kappab)_system,0,1,0.0
vitro_degradation_experiment,0,1,0.0
drug_discovery,0,1,0.0
signal_transducer_molecule,0,1,0.0
lytic_origin_of_ebv_replication,0,1,0.0
il-4_promoter_activity,0,1,0.0
diacetate_14,0,1,0.0
cooh-terminal_sh3-deleted_grf40_mutant,0,1,0.0
deletional_mutagenesis,0,1,0.0
ligand,0,1,0.0
genotypic_marker,0,1,0.0
endogenous_cortisol,0,1,0.0
tyr396,0,1,0.0
macrophage_cell_surface_ag,0,1,0.0
d5,0,1,0.0
"1,25-dihydroxyvitamin_d",0,1,0.0
spirochetal_lipopeptide,0,1,0.0
50_kd_polypeptide,0,1,0.0
tcr-signalling_event,0,1,0.0
mopc_141_promoter,0,1,0.0
regulatory_cascade,0,1,0.0
-110_bp,0,1,0.0
non-octamer_motif,0,1,0.0
icam-1-dependent_endothelial_adhesivity,0,1,0.0
2.3-kb_lcr,0,1,0.0
killer_(nk)_cell,0,1,0.0
kinase_activity,0,1,0.0
activation_region,0,1,0.0
h2o2_treatment,0,1,0.0
circulating_hormone_concentration,0,1,0.0
resting_neutrophil,0,1,0.0
d20s17,0,1,0.0
il-1_beta_promoter/enhancer_sequence,0,1,0.0
human_gata3_gene,0,1,0.0
htlv-i-induced_adult_t-cell_leukemia/lymphoma,0,1,0.0
bfu-e,0,1,0.0
hexon,0,1,0.0
sesquiterpene_lactone,0,1,0.0
p27(kip1)_mrna,0,1,0.0
t_lymphocyte,0,1,0.0
hbx_sequence,0,1,0.0
prolonged_immunosuppression,0,1,0.0
molecular_event,0,1,0.0
unidentified_estrogen_receptor-related_29-kda_protein,0,1,0.0
yeast_one-hybrid_screening,0,1,0.0
protein-coding_sequence,0,1,0.0
prdi,0,1,0.0
"24,25-(oh)2d3_synthesis",0,1,0.0
murine_melanoma_cell_line,0,1,0.0
nuclear_factor_(nf)-kappab_activation,0,1,0.0
[3h]aldosterone-mbp-hbd,0,1,0.0
competitive_progesterone_antagonist,0,1,0.0
b-lcl,0,1,0.0
lt-alpha1beta2_expressio,0,1,0.0
adrenal_suppression,0,1,0.0
human_blood_monocyte,0,1,0.0
abnormal_t_lymphocyte_development,0,1,0.0
mutant_ikappabalpha,0,1,0.0
alg-4,0,1,0.0
side_effect,0,1,0.0
2xnfkappab,0,1,0.0
cd19_mrna,0,1,0.0
nontransformed_t-lineage_cell_population,0,1,0.0
p21rex,0,1,0.0
no_synthase,0,1,0.0
a-ring,0,1,0.0
il-12-nonresponsive_th_cell,0,1,0.0
enhancer/promoter_interaction,0,1,0.0
pathogenic_signal,0,1,0.0
rac-1,0,1,0.0
dna-binding_hmg_box,0,1,0.0
sle,0,1,0.0
quiescent_t_cell,0,1,0.0
mef2c,0,1,0.0
"1_alpha,25-dihydroxyvitamin_d3_receptor",0,1,0.0
egr-1_expression,0,1,0.0
class_ii_promoter,0,1,0.0
fgf,0,1,0.0
ebv-encoded_member,0,1,0.0
amino_acids_1-450,0,1,0.0
cd3_receptor-mediated_signalling,0,1,0.0
human_immunodeficiency_virus_transmission,0,1,0.0
prostatic_cancer,0,1,0.0
'aged'_lymphocyte,0,1,0.0
-cat_construct,0,1,0.0
tissue_transglutaminase_(ttg)-catalyzed_reaction,0,1,0.0
prothrombinase_complex,0,1,0.0
sk-n-be(2),0,1,0.0
tnf-alpha-activity_neutralizing_antibodie,0,1,0.0
"unoccupied_1,25(oh)2d3_receptor",0,1,0.0
nf-kappa_b_antagonist,0,1,0.0
stat1alpha-induced_transcription,0,1,0.0
ebv_protein,0,1,0.0
thrombospondin_1,0,1,0.0
all_non-malignant_reactive_lymph_node,0,1,0.0
band_11p13,0,1,0.0
extrathymic_t-cell,0,1,0.0
hnf3,0,1,0.0
nonhuman_primate,0,1,0.0
stp_oncoprotein,0,1,0.0
cd4(+)_subpopulation,0,1,0.0
t_cell_stimuli,0,1,0.0
erythroblastic_hel_cells,0,1,0.0
"calcium-mediated,_cyclosporin_a-sensitive_induction",0,1,0.0
nfat_(nuclear_factor_of_activated_t_cells)_family,0,1,0.0
t_cell_antigen_receptor_complex_induction,0,1,0.0
il-2rbeta_promoter,0,1,0.0
il-2r_alpha_gene,0,1,0.0
endometrial_stromal_cell,0,1,0.0
y440,0,1,0.0
erythroid_mrna,0,1,0.0
3-o-methyl-d-glucose_transport,0,1,0.0
whole_blood_assay,0,1,0.0
il-4_down-regulated_mrna_accumulation,0,1,0.0
il-1,0,1,0.0
cyclin_d2_expression,0,1,0.0
c-c_chemokine_receptor-like_gene,0,1,0.0
macrophage-tropic_strain,0,1,0.0
epstein-barr_virus_(ebv)_lytic_cycle,0,1,0.0
beta-globin_gene_promoter,0,1,0.0
cd367,0,1,0.0
avascular_necrosis,0,1,0.0
lineage-restricted_transactivator,0,1,0.0
p50_nfkappab1,0,1,0.0
mutation_frequency_data,0,1,0.0
episomal_dna,0,1,0.0
lymphoid-related_dc,0,1,0.0
modulatory_effect,0,1,0.0
nf_kappa_b_binding_complex,0,1,0.0
cyto-differentiating_potential,0,1,0.0
tolerant_blood_monocyte,0,1,0.0
tax-response_element_dna,0,1,0.0
il-6_transcription_rate,0,1,0.0
drug_concentrations,0,1,0.0
trans-dimer,0,1,0.0
vaginal_fluid,0,1,0.0
glucocorticoid-induced_apoptosis,0,1,0.0
radiolabeled_immunoglobulin_heavy_chain_germline_epsilon_promotor_sequence,0,1,0.0
ctl_epitope,0,1,0.0
actin_assembly,0,1,0.0
erythroleukemic_cell_line,0,1,0.0
unlabelled_testosterone,0,1,0.0
atf1,0,1,0.0
hiv_enhancer_activity,0,1,0.0
aggtcatgacct,0,1,0.0
fiberoptic_bronchoscopy,0,1,0.0
p27(kip1),0,1,0.0
human_autosome_11,0,1,0.0
granulocyte_colony-stimulating_factor_(g-csf)_receptor,0,1,0.0
mutant_nm23-h2his_protein,0,1,0.0
gal4-p65(286-551),0,1,0.0
5_alpha-dihydrotestosterone,0,1,0.0
interleukin-8,0,1,0.0
thymic_development,0,1,0.0
antitumor_function,0,1,0.0
lef-1/gal4,0,1,0.0
dcs,0,1,0.0
substnfkappab,0,1,0.0
death-inducing_receptor,0,1,0.0
"1,25-(oh)2d3_receptor",0,1,0.0
mcp-1,0,1,0.0
camp-inducing_agent,0,1,0.0
mdm,0,1,0.0
human_cancer,0,1,0.0
leukocyte_chemotaxis,0,1,0.0
alpha-naphthyl_acetate_esterase_(anae)_activity,0,1,0.0
cd36_promoter,0,1,0.0
or,0,1,0.0
mutant_rxr,0,1,0.0
lipoxygenase_isoform,0,1,0.0
il-4_signaling_molecule,0,1,0.0
body_weight,0,1,0.0
promoterless_construct,0,1,0.0
t-cell_interleukin-2,0,1,0.0
colinear_triplex_formation,0,1,0.0
granulocyte-macrophage_colony-stimulating_factor_promoter_activity,0,1,0.0
c-jun_nh2-terminal_kinase_activation,0,1,0.0
oocyte_development,0,1,0.0
terminal_deoxynucleotidyl_transferase_labeling,0,1,0.0
alphacd3,0,1,0.0
cellular_factor_nf-kappa_b,0,1,0.0
skin,0,1,0.0
560_bp_upstream,0,1,0.0
vivo_enhancer_activity,0,1,0.0
inflammatory_reaction,0,1,0.0
ifn-beta_treatment,0,1,0.0
endoplasmic_reticulum,0,1,0.0
transcription_factor_nf_kappa_b,0,1,0.0
c-fos_sre_dna_sequence_motif,0,1,0.0
epstein-barr_virus_bzlf1_transactivator,0,1,0.0
sialoglycoprotein,0,1,0.0
yy-1_protein,0,1,0.0
cd40-activated_human_b_lymphocyte,0,1,0.0
usa,0,1,0.0
lps-stimulated_control_cell,0,1,0.0
r24-stimulated_increase_in_proliferation,0,1,0.0
bl2,0,1,0.0
ald-treated_t_cell,0,1,0.0
lef-1_complex,0,1,0.0
aids_iblp-associated_cdna_fragment,0,1,0.0
adenovirus_e1a_sequence,0,1,0.0
male,0,1,0.0
zinc_finger_type,0,1,0.0
terminal_lmp1_ct,0,1,0.0
immunoglobulin_light-chain_enhancer,0,1,0.0
b1,0,1,0.0
yellow_pigment,0,1,0.0
bcl-6_function,0,1,0.0
ebna2_mrna,0,1,0.0
nf-kappab-dependent_promoter_activity,0,1,0.0
pbx1,0,1,0.0
29_bp_truncation,0,1,0.0
dqa1_locus,0,1,0.0
mek2,0,1,0.0
969-bp_promoter_fragment,0,1,0.0
human_inducible_nitric_oxide_synthase_gene,0,1,0.0
alpha4_integrin,0,1,0.0
t-cell_leukemia_virus_type_1,0,1,0.0
nf-il6_mutant,0,1,0.0
computerized_tomography,0,1,0.0
cdna_expression_library,0,1,0.0
5'_flanking_sequence,0,1,0.0
trans-activation,0,1,0.0
dividing_lymphocyte,0,1,0.0
ctcacntnc,0,1,0.0
htlv-1_transformation,0,1,0.0
tumor_necrosis_factor_production,0,1,0.0
mu,0,1,0.0
82_kd,0,1,0.0
n-terminal_coactivator_domain,0,1,0.0
c/ebpalpha,0,1,0.0
translational_level,0,1,0.0
highly_purified_monocyte/macrophage,0,1,0.0
il-2_promoter-reporter,0,1,0.0
structural_analysis,0,1,0.0
receptor-negative_s49_murine_thymoma_cell,0,1,0.0
il-12p40_mrna_expression,0,1,0.0
ebv_early_promoter,0,1,0.0
p63,0,1,0.0
ataxia_telangiectasia_clonal_proliferation,0,1,0.0
b_cell-specifically_expressed,0,1,0.0
mature_mitochondrial_form,0,1,0.0
nfkb1,0,1,0.0
nf-kappa_b2_p100_gene_product,0,1,0.0
amino_and_carboxy_terminus,0,1,0.0
memory_b_cell,0,1,0.0
hiv-1_ltr-dependent_gene_expression,0,1,0.0
nuclear_factor_nf-kappa_b_(positions_-72_to_-63)_motif,0,1,0.0
proximal_tsp_1_element,0,1,0.0
balanced_whole_arm_x;17_translocation,0,1,0.0
-67_bp,0,1,0.0
5'_62_base_pair,0,1,0.0
stem_cell,0,1,0.0
tyrosine-phosphorylated_protein,0,1,0.0
trypsin_sensitive,0,1,0.0
hzf_1-10,0,1,0.0
exogenous_pge2,0,1,0.0
preleukaemic_clone_cell,0,1,0.0
hu,0,1,0.0
cell_specific_expression,0,1,0.0
calmodulin-binding_domain,0,1,0.0
a-to-g_transition,0,1,0.0
scl_mrna,0,1,0.0
jnk-mediated_transcriptional_activation,0,1,0.0
ngal_level,0,1,0.0
hbd_fragment,0,1,0.0
adult_red_blood_cell,0,1,0.0
cyclic_adenosine_monophosphate_(camp)_response_element,0,1,0.0
t-cell_differentiation,0,1,0.0
luciferase_reporter_drove_transcription,0,1,0.0
ets_transcription_factor,0,1,0.0
mutant_hcamkiv,0,1,0.0
plasmacytoma_x_b_cell_hybrid,0,1,0.0
nitric_oxide_synthetase_activity,0,1,0.0
dna_protein_complex_formation,0,1,0.0
mnda_expression,0,1,0.0
mkk6,0,1,0.0
ftoc,0,1,0.0
human_interleukin-1_beta_promoter,0,1,0.0
chimera_pmlrar_alpha,0,1,0.0
callithrix_jacchus,0,1,0.0
posttranscriptional_regulation,0,1,0.0
hiv-1-infected_promonocytic_u1_cell,0,1,0.0
epstein-barr_virus_dna_polymerase_activity,0,1,0.0
fecal_sodium_loss,0,1,0.0
transcriptionally-active_conformation,0,1,0.0
"kappa_b-binding,_truncated_protein",0,1,0.0
bp_-128_to_-70,0,1,0.0
il-6_protein_secretion,0,1,0.0
tf_induction,0,1,0.0
thp-1_myeloid_leukemia_cell_line,0,1,0.0
redox_mechanism,0,1,0.0
dominant_susceptibility,0,1,0.0
stably_transfected_cell,0,1,0.0
hiv_regulation,0,1,0.0
t-cell_receptor_gene_rearrangement,0,1,0.0
hla_b8-restricted_peptide,0,1,0.0
phorbol_myristate_acetate,0,1,0.0
prb,0,1,0.0
cytotoxic_t-cell_surveillance,0,1,0.0
long_terminal_repeat,0,1,0.0
adult_t-cell_leukemia_(atl)_patient,0,1,0.0
mip1_alpha_nuclear_protein,0,1,0.0
v-rel_oncogene_product,0,1,0.0
activation-induced_transcription,0,1,0.0
kappab-responsive_element,0,1,0.0
myeloid_precursor,0,1,0.0
asymmetric_molecule,0,1,0.0
season,0,1,0.0
hla-a3,0,1,0.0
14q32.1,0,1,0.0
lymphocyte-specific_gene_expression,0,1,0.0
ip9,0,1,0.0
alloreactive_t_cell_line,0,1,0.0
3'-untranslated_region,0,1,0.0
high-affinity_serum-inducible_element,0,1,0.0
cleo,0,1,0.0
allele-specific_regulatory_system,0,1,0.0
interleukin-12_fusion_protein,0,1,0.0
crem,0,1,0.0
oncogenic_human_herpesvirus,0,1,0.0
nucleotide_sequence_analysis,0,1,0.0
oestrogen_receptor_variant,0,1,0.0
intracellular_glutathione_level,0,1,0.0
cd8_molecule,0,1,0.0
normal_bone_marrow_cell,0,1,0.0
kappa_b_dna-binding_protein,0,1,0.0
dna_change,0,1,0.0
co-immunoprecipitation,0,1,0.0
hypereosinophilic_disease,0,1,0.0
type_i,0,1,0.0
estrogen_receptor,1,1,0.0
il-6-induced_macrophage-differentiation,0,1,0.0
prb_posttranslational_modification,0,1,0.0
chromosome_14q32.1,0,1,0.0
medium_treatment,0,1,0.0
mcp-1_induction,0,1,0.0
gel_shift_experiment,0,1,0.0
op,0,1,0.0
cell_cycle_machinery,0,1,0.0
p21(waf1/cip1),0,1,0.0
hematopoietic_lineage,0,1,0.0
disease-free_survival,0,1,0.0
primitive_hematopoietic_stem_cell,0,1,0.0
peptide_substrate,0,1,0.0
hiv-1,0,1,0.0
jurkat_human_leukaemic_t-cell,0,1,0.0
dominant_negative_hlh_factor,0,1,0.0
type_ii_estrogen_binding_site,0,1,0.0
pai-1_overproduction,0,1,0.0
orf_68,0,1,0.0
nfatp_migration,0,1,0.0
pseudoautosomal_region,0,1,0.0
12-myristate_13-acetate_(pma)-induced_differentiation,0,1,0.0
transient_transfection_experiment,0,1,0.0
japanese_woman,0,1,0.0
activin_a,0,1,0.0
ovarian_carcinoma,0,1,0.0
human_immunodeficiency_virus_1_replication,0,1,0.0
hsp70_mrna_specie,0,1,0.0
intranasal_fluticasone_propionate,0,1,0.0
stat_5,0,1,0.0
isoflavone,0,1,0.0
box1_motif,0,1,0.0
3'_region,0,1,0.0
bipolar_patient,0,1,0.0
amino-terminal_portion_of_oct2,0,1,0.0
sodium_salicylate,0,1,0.0
5'-cgaaaatttcc-3',0,1,0.0
gynecomastia,0,1,0.0
crohn's_disease,0,1,0.0
sr-bp,0,1,0.0
tat_responsiveness,0,1,0.0
transcriptional_regulatory_domain,0,1,0.0
lox-1_gene,0,1,0.0
human_t-cell_type,0,1,0.0
t_cell-mediated_immune_response,0,1,0.0
hsv-infected_cell,0,1,0.0
physiologic_mechanism,0,1,0.0
m2_leukemic_blast_cell,0,1,0.0
age-associated_decline,0,1,0.0
steroid_binding_assay,0,1,0.0
cv3988,0,1,0.0
transcriptional_factor_ap-1,0,1,0.0
nude_mouse,0,1,0.0
anti-cd2_antibody,0,1,0.0
peptidoglycan,0,1,0.0
nf_kappa_b/rel_transcription_factor_family,0,1,0.0
interleukin-1_beta_(il-1_beta)_gene,0,1,0.0
v-j_recombination,0,1,0.0
estrogenic_effect,0,1,0.0
osteoclast_differentiation_factor,0,1,0.0
"24r,25_(oh)2d3",0,1,0.0
surface_marker_analysis,0,1,0.0
hypercellularity,0,1,0.0
c-erba,0,1,0.0
endotoxin_(lps)_signal_transduction,0,1,0.0
grb2-binding_protein,0,1,0.0
divided_regimen,0,1,0.0
class_ii_major_histocompatibility_complex_mutant_cell_line_clone-13,0,1,0.0
virus_infectivity,0,1,0.0
demonstrated_graft_infiltration,0,1,0.0
traf_association,0,1,0.0
leukemic_cell_contamination,0,1,0.0
vanadate,0,1,0.0
polymerase_chain_reaction,0,1,0.0
primitive_cell,0,1,0.0
i_kappa_b_gamma,0,1,0.0
rapid_mitotic_rate,0,1,0.0
densitometry,0,1,0.0
chimeric_receptor_ar/tr2/ar,0,1,0.0
2_bp_deletion,0,1,0.0
incomplete_androgen_insensitivity,0,1,0.0
promonocytic_cell,0,1,0.0
il-2_mrna_production,0,1,0.0
human_interferon_beta,0,1,0.0
pml/raralpha_cdna,0,1,0.0
iron-responsive_element_(ire)_motif,0,1,0.0
nf_kappab_activation,0,1,0.0
"ubiquitous,_inducible_nuclear_component",0,1,0.0
mature_cell_line,0,1,0.0
il-2_promoter-driven_transcription,0,1,0.0
il-5_gene-nonexpressing_t-cell_line,0,1,0.0
lipid-lowering_agent,0,1,0.0
runt_box_polypeptide,0,1,0.0
transfection_result,0,1,0.0
mature_t_cell_phenotype,0,1,0.0
methionine_codon-initiated_open_reading_frame,0,1,0.0
infection,0,1,0.0
protease_mapping,0,1,0.0
primed_phenotype,0,1,0.0
apoptotic_peer_cell,0,1,0.0
heterogeneous_population,0,1,0.0
immunological_markers,0,1,0.0
unliganded_receptor,0,1,0.0
malignant_lymphoid_cell,0,1,0.0
eth1,0,1,0.0
mouse_ets-1_cdna_clone,0,1,0.0
nkl_human_nk_cell_line,0,1,0.0
anti-ehrlichia_chaffeensis_antibody,0,1,0.0
megakaryocyte_growth,0,1,0.0
erythroleukemia_k562_cell,0,1,0.0
ra-_and_vitd3-signaling_pathway,0,1,0.0
degenerate_probe,0,1,0.0
human_fetal_globin_expression,0,1,0.0
variant_translocation,0,1,0.0
first_67_amino_acid,0,1,0.0
il-1_beta_mrna,0,1,0.0
nf-kappab-like_transcription_factor,0,1,0.0
vitro_transcription,0,1,0.0
reverse_transcription-pcr,0,1,0.0
kappa_e3',0,1,0.0
sre_motif,0,1,0.0
b-cell-specific_response,0,1,0.0
different_cell_type,0,1,0.0
dcr,0,1,0.0
t(10;11)(p13;q14),0,1,0.0
kappa_b-fos-cat,0,1,0.0
433-442,0,1,0.0
bursa,0,1,0.0
proximal_binding_element,0,1,0.0
clonal_anergy,0,1,0.0
expression_level,0,1,0.0
pax-5d,0,1,0.0
cooh-terminal_portion,0,1,0.0
glutaminyl-ttg_substrate,0,1,0.0
-95_and_-36_bp,0,1,0.0
inflammatory_activator,0,1,0.0
immune_receptor,0,1,0.0
er-_status,0,1,0.0
id3_level,0,1,0.0
il-1_secretion,0,1,0.0
distinct_signal_pathways,0,1,0.0
c-erba_(type_alpha),0,1,0.0
c5a,0,1,0.0
two-site_interaction,0,1,0.0
rat_embryonal_fibroblast_ref52_cell,0,1,0.0
interleukin_(il)-1-mediated_activation,0,1,0.0
14.3-kda_protein,0,1,0.0
mitogen_activated_protein_(map)_kinase,0,1,0.0
thymidine_kinase_(tk)_gene,0,1,0.0
jak,0,1,0.0
dihydrotestosterone,0,1,0.0
runt_domain-encoding_pebp2_alpha_gene,0,1,0.0
baboon,0,1,0.0
perforin-expressing_cell_line,0,1,0.0
chloramphenicol_acetyltransferase_reporter_gene_system,0,1,0.0
ebna-2_transactivation,0,1,0.0
intravascular_coagulation,0,1,0.0
hox11_null_mouse_embryo,0,1,0.0
interleukin-2_receptor_alpha-chain_gene,0,1,0.0
immunoglobulin_heavy-chain_gene_expression,0,1,0.0
molecular_chaperone,0,1,0.0
c-fgr,0,1,0.0
human_myeloid_cell_nuclear_differentiation_antigen,0,1,0.0
nfil3_protein,0,1,0.0
c/ebp_subfamily,0,1,0.0
sp1_binding_site,0,1,0.0
adeno-associated_virus,0,1,0.0
e214k,0,1,0.0
lymphocyte_gene_activation,0,1,0.0
bacteriophage_lambda,0,1,0.0
caml_(calcium-modulator_and_cyclophilin_ligand)_protein,0,1,0.0
viral_fusion/entry_process,0,1,0.0
chloramphenicol_acetyl-transferase_(cat)_gene_expression,0,1,0.0
reporter_assay,0,1,0.0
ectopic_decidua,0,1,0.0
maximum_binding_capacity,0,1,0.0
hyperplastic_lymph_node,0,1,0.0
oncogene_rel,0,1,0.0
nf-at,0,1,0.0
fenton_reaction,0,1,0.0
jijoye,0,1,0.0
reverse_transcription_pcr_assay,0,1,0.0
cell-death_pathway,0,1,0.0
soccer_player,0,1,0.0
serum_ige_level,0,1,0.0
il-2_autocrine_human_t_cell_line,0,1,0.0
simian_virus_40_enhancer,0,1,0.0
terminally_differentiated_myeloid_cell,0,1,0.0
transcriptional_regulator_nuclear_factor_(nf)-kappa_b,0,1,0.0
cell_line,0,1,0.0
cdc2_gene,0,1,0.0
fos/jun,0,1,0.0
vis-a-vis_hormone_metabolic_status,0,1,0.0
unfractionated_peripheral_blood_mononuclear_cell,0,1,0.0
htlv-i,0,1,0.0
5'-most_carg_element,0,1,0.0
transient_transfection_assay,0,1,0.0
cell_surface_protein_expression,0,1,0.0
mrna_level,0,1,0.0
sh-vdr,0,1,0.0
human_mononuclear_leukocyte,0,1,0.0
human_b_cell,0,1,0.0
mouse_interleukin-2_receptor_alpha_gene_expression,0,1,0.0
gpib-v-ix,0,1,0.0
nucleotides_-170_and_-139,0,1,0.0
monocytoid_u937_cell_line,0,1,0.0
gm3,0,1,0.0
coculture_cellular_assay_system,0,1,0.0
dnase_i-hypersensitive_site,0,1,0.0
gata-3_transcription_factor,0,1,0.0
human_atherosclerotic_disease,0,1,0.0
classical_enhancer_activity,0,1,0.0
alpha_b5a_cell,0,1,0.0
anti-intercellular_adhesion_molecule-1,0,1,0.0
r-pk_dna_fragment,0,1,0.0
ranbp1,0,1,0.0
transactivated_reporter_construct,0,1,0.0
early_g1_cell_cycle_regulatory_function,0,1,0.0
chloramphenicol_acetyltransferase_(cat)_reporter_gene,0,1,0.0
gos19.1_promoter,0,1,0.0
resting_platelet,0,1,0.0
adjacent_promoter_element,0,1,0.0
plasma_membrane_rich_fraction,0,1,0.0
lytic_infection,0,1,0.0
trypan_blue_exclusion_cell_counting,0,1,0.0
cell-cycle_progression.,0,1,0.0
cd28_mab,0,1,0.0
leucocyte-activating_and_migration-promoting_property,0,1,0.0
saimiri_boliviensis_boliviensis,0,1,0.0
ifn-gamma-treated_human_cell,0,1,0.0
activated_human_b_cell,0,1,0.0
erythroid-specific_expression,0,1,0.0
u-937,0,1,0.0
downstream_sequence_element,0,1,0.0
tumor_necrosis_factor_alfa,0,1,0.0
il-13r,0,1,0.0
mouse_inos_gene,0,1,0.0
poorly_virulent_mycobacteria,0,1,0.0
mil-2re,0,1,0.0
ebv_serology,0,1,0.0
sequence_i,0,1,0.0
reticuloendotheliosis_virus_long_terminal_repeat_element,0,1,0.0
pel_cell_line,0,1,0.0
human_erythroid_precursor,0,1,0.0
two-phase_neutrophil-endothelial_cell_adhesion_response,0,1,0.0
ra-induced_differentiation,0,1,0.0
type_ii_il-1r,0,1,0.0
u2_enhancer_construction,0,1,0.0
interleukin-1_beta_(il-1_beta)_mrna,0,1,0.0
synovial_fluid_monocyte,0,1,0.0
enhanced_expression,0,1,0.0
ref-1,0,1,0.0
rabbit_antisera,0,1,0.0
lipopolysaccharide_stimulation,0,1,0.0
runt_isoform,0,1,0.0
murine_pro-b_cell,0,1,0.0
raz,0,1,0.0
(il-2rbeta)/il-4ralpha_cytokine_receptor_chimera,0,1,0.0
c-jun_promoter_(positions_-132/+170)-reporter_gene_construct,0,1,0.0
purine-rich_cd3r_element,0,1,0.0
n-terminal_deletion,0,1,0.0
transient_expression_experiment,0,1,0.0
class_ii-clip_complex,0,1,0.0
14.3_kda,0,1,0.0
respiratory_burst,0,1,0.0
interleukin-8_production,0,1,0.0
okadaic_acid_treatment,0,1,0.0
cd11b_antigen,0,1,0.0
elf-2b,0,1,0.0
k562_cell,0,1,0.0
bl_and_slg+b-_all,0,1,0.0
alphaiibbeta3,0,1,0.0
cyclic_adenosine_monophosphate_(camp)_response_element_binding_(creb)/activating_transcription_factor_1_(atf-1)_family,0,1,0.0
jak-stat_signaling_pathway,0,1,0.0
male_infant,0,1,0.0
gr6,0,1,0.0
blood_pressure,0,1,0.0
ubiquitous_factor,0,1,0.0
in_vitro_expression_assay,0,1,0.0
chimaeric_product,0,1,0.0
roi_formation,0,1,0.0
monocyte_chemoattractant_protein_(mcp)-1,0,1,0.0
allelic_variation,0,1,0.0
tradd,0,1,0.0
house_dust_mite,0,1,0.0
apc_function,0,1,0.0
blast-crisis_cdna_library,0,1,0.0
human_tnf_transgene,0,1,0.0
plasma_renin_activity,0,1,0.0
superinduction,0,1,0.0
hypoxia-induced_increase,0,1,0.0
antagonist,0,1,0.0
multiple_functional_element,0,1,0.0
rai,0,1,0.0
erp,0,1,0.0
inflammatory_cell_infiltration,0,1,0.0
receptor_complex,0,1,0.0
human_recombinant_m-csf,0,1,0.0
footprinting_analysis,0,1,0.0
cd4+_cell_count,0,1,0.0
zr-75-1_cell_line,0,1,0.0
l-29,0,1,0.0
tumor_necrosis_factor_receptor-associated_protein,0,1,0.0
adenovirus_12,0,1,0.0
nuclear_factor-dna_complex,0,1,0.0
c-fps/fes_(c-fes)_proto-oncogene,0,1,0.0
inducible_autoregulatory_pathway,0,1,0.0
4_atl_cell_line,0,1,0.0
substitution,0,1,0.0
fibroblast,0,1,0.0
ag-activated_t_cell,0,1,0.0
normal_silent_c-myc_allele,0,1,0.0
tat-mediated_increase,0,1,0.0
u-937_cell_line,0,1,0.0
cd40-mediated_event,0,1,0.0
carboxylic_acid_moiety,0,1,0.0
lymphocyte_cytosolic_glucocorticoid_receptor,0,1,0.0
major_histocompatibility_complex_(mhc)_class_ii_gene,0,1,0.0
t-cell_determinant,0,1,0.0
activator_of_protein_kinase_c,0,1,0.0
c/ebp_beta,0,1,0.0
sp6_kappa_promoter_kappay_element,0,1,0.0
adult_globin_gene,0,1,0.0
hs-40_enhancer_motif,0,1,0.0
c57bl/10_(b10)_mouse,0,1,0.0
rakfkqll,0,1,0.0
ebna,0,1,0.0
e3_sequence_motif,0,1,0.0
beta-globin_expression,0,1,0.0
egr1_expression_vector,0,1,0.0
p100_mrna,0,1,0.0
granule,0,1,0.0
110-kda_protein,0,1,0.0
b7.1_molecule,0,1,0.0
high_titre_antibody,0,1,0.0
gtp-cyclohydrolase_i,0,1,0.0
cell_type-specific_reporter_gene_expression,0,1,0.0
mpe,0,1,0.0
poly(adp-ribose)_polymerase,0,1,0.0
myeloid_zinc_finger_gene,0,1,0.0
free_t4,0,1,0.0
lipopolysaccharide-stimulated_monocyte_cytotoxicity,0,1,0.0
bsmi,0,1,0.0
mouse_chr_9,0,1,0.0
smooth_muscle_cell,0,1,0.0
5-hydroxyeicosatetraenoic_acid,0,1,0.0
mutational_analysis,0,1,0.0
genomic_mechanism,0,1,0.0
csa-treated_cell,0,1,0.0
cycle-dependent_initiation,0,1,0.0
proviral_clone,0,1,0.0
human_coactivator_bob1,0,1,0.0
ik_stably_transfected_clone,0,1,0.0
t-cell_factor-1,0,1,0.0
proinflammatory_event,0,1,0.0
interleukin_(il)_6-induced_b_cell_differentiation,0,1,0.0
friend_virus-induced_murine_erythroleukemia,0,1,0.0
formalin-resistant_epitope,0,1,0.0
normal_bone_marrow,0,1,0.0
retinoblastoma,0,1,0.0
il-2-_preactivated_nk_cell,0,1,0.0
alpha-globin_g_+_c-rich_5'_flanking_region,0,1,0.0
chemical-induced_erythroleukemia_cell_line,0,1,0.0
p50_nf-kappa_b_protein,0,1,0.0
lncap_cell_variant,0,1,0.0
tandem_dinucleotide_repeat,0,1,0.0
e-box_domain,0,1,0.0
sp1-,0,1,0.0
composite_pu.1_and_pip_binding_site,0,1,0.0
epstein-barr_virus_(ebv)_immediate-early_trans-activator_protein,0,1,0.0
mammary_gland,0,1,0.0
ebv-mediated_immortalization,0,1,0.0
basic_helix-loop-helix_protein,0,1,0.0
heterozygous_female,0,1,0.0
stress-activated_protein_kinase_(sapk)/jun_n-terminal_kinase,0,1,0.0
calcium,0,1,0.0
nfat-1_activity,0,1,0.0
oxypurinol,0,1,0.0
c-fos_sre_cross,0,1,0.0
cytokine-induced_e-selectin,0,1,0.0
il-1beta_gene,0,1,0.0
hiv-ltr-kappab_site,0,1,0.0
immune_parameter,0,1,0.0
nuclear_factor_kappab_(nf-kappab)_activation,0,1,0.0
signal_transducers_and_activators_of_transcription_6,0,1,0.0
active_phorbolester,0,1,0.0
common_gamma_chain_(gamma_c)_gene,0,1,0.0
lytically_infected_cell,0,1,0.0
viral_p24_antigen,0,1,0.0
intracellular_thiols,0,1,0.0
glucocorticoid_receptor-dependent_transcription,0,1,0.0
monocytes_reduced_proliferation,0,1,0.0
il-2_regulatory_region,0,1,0.0
transcribed_chromatin_domain,0,1,0.0
5'_flanking_dna,0,1,0.0
gamma-globin_gene,0,1,0.0
cycloheximide-sensitive_manner,0,1,0.0
rapid_desensitization,0,1,0.0
280_bp_upstream,0,1,0.0
interleukin_3_mrna,0,1,0.0
ip-10_mrna,0,1,0.0
b-lineage-specific_gene,0,1,0.0
fas/fasl_interaction,0,1,0.0
murine_tcf-1,0,1,0.0
vitd3_receptor,0,1,0.0
oct-1-responsive_octamer_sequence,0,1,0.0
core_promoter,0,1,0.0
tnf-alpha_promoter-driven_reporter_gene_activity,0,1,0.0
activator_protein-1-responsive_gene_activation,0,1,0.0
calcium_channel_blocker,0,1,0.0
benzoquinone_cytotoxicity,0,1,0.0
lipoarabinomannan,0,1,0.0
491-amino-acid_sequence,0,1,0.0
alpha-naphthyl_butyrate_esterase,0,1,0.0
fetal_globin_expressing_cell,0,1,0.0
clonality_assay,0,1,0.0
biological_modification,0,1,0.0
clonal_eosinophilia,0,1,0.0
co-cultivated_t_cell,0,1,0.0
human_interleukin-4_gene,0,1,0.0
peripheral_cd8_t_lymphocyte,0,1,0.0
nuclear_factor_of_activated_t_cells_activity,0,1,0.0
cmmol,0,1,0.0
tat_mutant,0,1,0.0
adjuvant_chemotherapy,0,1,0.0
urine,0,1,0.0
adhesion_molecule_expression,0,1,0.0
hypermethylation,0,1,0.0
pdgf-b,0,1,0.0
autoimmune_thyroid_disease,0,1,0.0
thioredoxin,0,1,0.0
acute_myeloid_leukaemia_(aml)_blast,0,1,0.0
raf1/mek1/erk1/2_pathway,0,1,0.0
negative_function,0,1,0.0
hepatocyte_nuclear_factor,0,1,0.0
tcr_alpha/delta_locus,0,1,0.0
cell-permeable_camp_analogue,0,1,0.0
vzv_product,0,1,0.0
untransfected_cell,0,1,0.0
macrophage,0,1,0.0
pro-b_lymphocyte,0,1,0.0
succinimide-containing_peptide,0,1,0.0
tlr-dependent_transcription,0,1,0.0
sedimentation_coefficient,0,1,0.0
amino_acids_154_to_462,0,1,0.0
fluoroquinolone_antibiotic,0,1,0.0
differentiation_block,0,1,0.0
morphogen,0,1,0.0
nuclear_factor_of_activated_t_cells_(nf-at)_factor,0,1,0.0
50,0,1,0.0
competent_transcriptional_activator,0,1,0.0
eukaryotic_cell,0,1,0.0
cellular_homeostasis,0,1,0.0
epitope_peptide-loaded_dendritic_cell,0,1,0.0
flanking_negative-acting_element,0,1,0.0
blr2-specific_mrna,0,1,0.0
4-octylphenol,0,1,0.0
12-o-tetradecanoyl_12-phorbol_13-acetate-stimulated_t_cell,0,1,0.0
hematopoietic_cell-specific_pattern,0,1,0.0
hiv_inhibition,0,1,0.0
human_serum-inducible_element_(hsie)_dna-probe,0,1,0.0
anti-d,0,1,0.0
serine_protease,0,1,0.0
tyrosine_kinase-dependent,0,1,0.0
nf-kappab-controlled_beta-globin_reporter_gene,0,1,0.0
survanta,0,1,0.0
i_kappab_epsilon,0,1,0.0
hiv-induced_apoptosis,0,1,0.0
regulated_degradation,0,1,0.0
s6_kinase,0,1,0.0
memory_resting_t_helper_lymphocyte,0,1,0.0
peripheral_blood_t-cell,0,1,0.0
alpha-tocopherol_acetate,0,1,0.0
50-kda_form,0,1,0.0
mitogen-activated_protein_kinase-targeted_hematopoietic_tyrosine_phosphatase,0,1,0.0
b7.1-positive_b_cell,0,1,0.0
m-csf_receptor,0,1,0.0
human_phagocyte,0,1,0.0
tsp_gene_family,0,1,0.0
anti-tumor_immune_response,0,1,0.0
mouse_hepa-1_cell,0,1,0.0
intracellular_il-2_production,0,1,0.0
cd4(+)_cd8(-)_cd3(+)_thymocyte,0,1,0.0
-236_to_-96_sequence,0,1,0.0
n-oct_factor,0,1,0.0
fkbp51,0,1,0.0
t_cell_nfatc,0,1,0.0
-267_to_-246,0,1,0.0
normal_peripheral_blood_lymphocyte,0,1,0.0
bk_virus_plasmid_expression_vector,0,1,0.0
nf_kappa_b/rel,0,1,0.0
enlarged_gc,0,1,0.0
asn,0,1,0.0
stat1_p91,0,1,0.0
inducible_transcription_factor,0,1,0.0
rar/rxr_heterodimer,0,1,0.0
jnk1_protein_level,0,1,0.0
gastric_epithelial_cell,0,1,0.0
5'-regulatory_sequence,0,1,0.0
lymphoblastoid_phenotype,0,1,0.0
hypochlorous_acid,0,1,0.0
cellular_redox_state,0,1,0.0
gata-1.05,0,1,0.0
filarial_inflammatory_disease,0,1,0.0
il-1-induced_gene_transcription,0,1,0.0
serine-to-alanine_substitution,0,1,0.0
nf-kappa_b-like_factor,0,1,0.0
pre-terminal_differentiation,0,1,0.0
calcium-calmodulin-dependent_phosphatase,0,1,0.0
htlv-i_ltr,0,1,0.0
serum_amyloid_a,0,1,0.0
glucocorticoid_drug,0,1,0.0
irbp,0,1,0.0
lewis_x,0,1,0.0
g61:_aes1/2,0,1,0.0
bzlf1_expression,0,1,0.0
blr2/ebi1,0,1,0.0
filament_expression,0,1,0.0
hypergammaglobulinemia,0,1,0.0
pthrp,0,1,0.0
ebv-positive_case,0,1,0.0
calcineurin_phosphatase_activity,0,1,0.0
fluorescent_in_situ_hybridization,0,1,0.0
lytic_viral_dna_replication,0,1,0.0
tcr/cd3_complex,0,1,0.0
paf-stimulated_kappa_b_binding_activity,0,1,0.0
armamentarium,0,1,0.0
endocrine_function,0,1,0.0
octamer-like_nuclear_factor,0,1,0.0
non-irradiated_ht29_cell,0,1,0.0
beta-casein_promoter,0,1,0.0
acetylation,0,1,0.0
dbcamp,0,1,0.0
luciferase,0,1,0.0
polarized_intestinal_epithelial_cell,0,1,0.0
international-toxicity_equivalencies,0,1,0.0
effector_function,0,1,0.0
hbv_gene_expression,0,1,0.0
uv-irradiation,0,1,0.0
short_arm_of_chromosome_1,0,1,0.0
unlabeled_hormone,0,1,0.0
tgf-beta_gene_promoter,0,1,0.0
cd19_cross-linking,0,1,0.0
nucleoporins,0,1,0.0
ie-1,0,1,0.0
nf_of_activated_t_cells_protein,0,1,0.0
immunocompetent_animal,0,1,0.0
antiestrogenic_activity,0,1,0.0
peptide_synthesis,0,1,0.0
d20s58,0,1,0.0
il-2_receptor_signal_transduction,0,1,0.0
nuclear_factor.kappa_b_activation,0,1,0.0
basal_adhesion,0,1,0.0
hpp-cfc_colony,0,1,0.0
bcl-2_phosphorylation,0,1,0.0
kda_values,0,1,0.0
whole-cell_competitive_binding_radioassay,0,1,0.0
sensitized_t_cell,0,1,0.0
gad-creb_fusion_protein,0,1,0.0
systemic_lupus_erythematosus_patient,0,1,0.0
cdc10/ankyrin_motif,0,1,0.0
b_cell_type_oct-2_protein,0,1,0.0
bb_genotype,0,1,0.0
tissue-infiltrating_macrophage,0,1,0.0
female_steroid_hormone,0,1,0.0
rar-specific_antagonist,0,1,0.0
ut-7_epo,0,1,0.0
promoter_regulation,0,1,0.0
pwm-generated_b-cell_mitogenesis,0,1,0.0
microsatellite_instability,0,1,0.0
bcl6_gene,0,1,0.0
promyelocyte_cell_line_om10.1,0,1,0.0
igh-enhancer,0,1,0.0
amino_acids_317-1130,0,1,0.0
representative_adenoviral_serotype,0,1,0.0
estrogen_receptor_level,0,1,0.0
human_irf-2_gene,0,1,0.0
triflusal,0,1,0.0
mitogen-activated_protein_kinase_(mapk)_activity,0,1,0.0
nucleoplasmic_domain,0,1,0.0
normal_b_lymphocyte,0,1,0.0
delta-globin,0,1,0.0
beta-globin_cluster,0,1,0.0
activator_protein-1_family_protein,0,1,0.0
tf_activity,0,1,0.0
promoter_proximal_repeat,0,1,0.0
heat_shock_protein_association,0,1,0.0
350_kb,0,1,0.0
mature_granulocyte,0,1,0.0
proximal_ap-1_site,0,1,0.0
human_homeobox_gene,0,1,0.0
chromosome_9q33-34.1,0,1,0.0
hydrolytic_activity,0,1,0.0
malignant_human_b-cell_line,0,1,0.0
tissue_injury,0,1,0.0
pod,0,1,0.0
basal_level_gr_expression,0,1,0.0
adenovirus_nucleotide_sequence,0,1,0.0
avian_erythroblastosis_virus,0,1,0.0
regulatory_subunit,0,1,0.0
il-9-mediated_cell_growth,0,1,0.0
extracellular_receptor,0,1,0.0
cycloheximide,0,1,0.0
varicella-zoster_virus_(vzv)_protein,0,1,0.0
amyloid-beta_(a_beta)_peptide,0,1,0.0
human_promyelocytic_leukemia_hl-60_cell,0,1,0.0
hsp70_expression,0,1,0.0
dna-relaxing_activity,0,1,0.0
two_female_monozygotic_(mz)_twin,0,1,0.0
kappa_light_chain_gene,0,1,0.0
lytic_cycle_antigen,0,1,0.0
v14rho,0,1,0.0
rcc_supernatant,0,1,0.0
dominant-negative_ets-binding_factor,0,1,0.0
lymphocyte_stem_cell,0,1,0.0
gc-r_bmax,0,1,0.0
smad1/smad5,0,1,0.0
pxqxt/s_core_sequence,0,1,0.0
caspase_inhibitor,0,1,0.0
hdmec,0,1,0.0
biological_stimulation,0,1,0.0
murine_cdna_clone,0,1,0.0
secretory_vesicle,0,1,0.0
blood_cell_development,0,1,0.0
raji_b,0,1,0.0
c-terminal_13_aa,0,1,0.0
nuclear_factor_nf-kb,0,1,0.0
camp_production,0,1,0.0
succinimide_derivative,0,1,0.0
aldosterone_receptor,0,1,0.0
tumor/growth_suppressor,0,1,0.0
uv-induced_signal_transduction,0,1,0.0
functional_response,0,1,0.0
tat-_virus,0,1,0.0
t_cell_homeostasis,0,1,0.0
dominant_negative_pi3-k_construct,0,1,0.0
human_platelet_lysate,0,1,0.0
il-4-specific_gene_expression,0,1,0.0
fluorescence,0,1,0.0
interleukin-1_signaling_mediator,0,1,0.0
nt_4623_to_4631,0,1,0.0
mzf-1_transcriptional_regulation,0,1,0.0
cold_exposure,0,1,0.0
p3hr-1,0,1,0.0
renal_cell_carcinoma,0,1,0.0
msr_promoter,0,1,0.0
hormone-dependent_activation,0,1,0.0
c/ebp_epsilon_protein,0,1,0.0
humara_loci,0,1,0.0
human_jurkat-t_cell,0,1,0.0
cancer,0,1,0.0
androgen_receptor_gene_transcription,0,1,0.0
viral_production,0,1,0.0
human_cleo_(hcleo)_element,0,1,0.0
adhering_cell,0,1,0.0
replication-competent_hiv-1_construct,0,1,0.0
t_cell_activator,0,1,0.0
leukocyte_lineage,0,1,0.0
rb_mutant,0,1,0.0
erythroid_differentiation_program,0,1,0.0
high-affinity_lps_binding_protein,0,1,0.0
ciprofloxacin,0,1,0.0
ubiquitin-activating_enzyme,0,1,0.0
asm_activity,0,1,0.0
l132_cell,0,1,0.0
isolated_human_membrane_system,0,1,0.0
bat_box-deleted_cd20-cat_construct,0,1,0.0
cd8(+)-t-cell_epitope,0,1,0.0
erythropoietin-dependent_erythroid_progenitor,0,1,0.0
hiv,0,1,0.0
ifn-u937,0,1,0.0
aids-c_patient,0,1,0.0
epithelial_cancer,0,1,0.0
pouhd_solution_structure,0,1,0.0
amiloride,0,1,0.0
jak3_jh4_domain,0,1,0.0
fast-migrating_protein-dna_complex,0,1,0.0
flexible_linker,0,1,0.0
pleiotropic_regulator,0,1,0.0
ccgccc,0,1,0.0
lymphoid_cell-specific_factor,0,1,0.0
enhancer_motif,0,1,0.0
myeloid_progenitor_cell,0,1,0.0
core_element,0,1,0.0
increased_expression,0,1,0.0
insulin,0,1,0.0
unidentified_ligand_pair,0,1,0.0
impaired_recycling,0,1,0.0
electrochemistry,0,1,0.0
erythroid_specific_enhancer,0,1,0.0
mthc_system,0,1,0.0
target_cell_apoptosis,0,1,0.0
acute_ccl4-induced_hepatic_injury,0,1,0.0
recombination,0,1,0.0
three-dimensional_nuclear_magnetic_resonance,0,1,0.0
duffy_antigen/chemokine_receptor,0,1,0.0
ro5-3335,0,1,0.0
traf-binding_member,0,1,0.0
modified_ltr,0,1,0.0
12-o-tetradecanoyl-phorbol-13-acetate_(tpa)-stimulated_b_cell,0,1,0.0
hiv_type_1_(hiv-1)_infection,0,1,0.0
fasl,0,1,0.0
4e-bp2,0,1,0.0
pertussis_toxin,0,1,0.0
lymphoid_extract,0,1,0.0
megakaryocyte-specific_nuclear_protein,0,1,0.0
oct_binding_protein,0,1,0.0
amino_acid_sequence_identity,0,1,0.0
human_carboxylesterase,0,1,0.0
viral_gene_product,0,1,0.0
b-all,0,1,0.0
nuclear_factor_kappab_(nfkappab)-dependent_program,0,1,0.0
lipid_kinase,0,1,0.0
myometrium,0,1,0.0
mpd,0,1,0.0
nucleotide_identity,0,1,0.0
hhv-6(gs),0,1,0.0
rat,0,1,0.0
endocytic_compartment,0,1,0.0
repressor_protein,0,1,0.0
traf_binding_sequence,0,1,0.0
c-maf_protein,0,1,0.0
microa,0,1,0.0
571_base_pairs_upstream,0,1,0.0
tat_activity,0,1,0.0
il-2r_alpha_cell_surface_expression,0,1,0.0
viral_genome,0,1,0.0
ifn-gamma_leve,0,1,0.0
vaccine_development,0,1,0.0
t-lymphocyte_cell_line,0,1,0.0
helenalin,0,1,0.0
vitd3_response_element,0,1,0.0
kinetics,0,1,0.0
activation-induced_phosphorylation,0,1,0.0
human_germ-line_c_alpha1_gene,0,1,0.0
traf3_binding_site,0,1,0.0
nh(2)-termini,0,1,0.0
differentiation_inducer,0,1,0.0
g0_to_g1_phase_transition,0,1,0.0
s9a,0,1,0.0
cyclosporin_a_sensitive,0,1,0.0
granulocyte-macrophage_colony-stimulating_factor_production,0,1,0.0
immediate_early_serum_responsive_gene,0,1,0.0
tcr-mediated_il-2_production,0,1,0.0
monocytic_cell_differentiation,0,1,0.0
12-bp_insert,0,1,0.0
c-fos/c-jun,0,1,0.0
ap-2_site,0,1,0.0
shear-_and_cytokine-induced_ec-mn_adhesion,0,1,0.0
inducible_no_synthase,0,1,0.0
4g10,0,1,0.0
cloned_cell_line,0,1,0.0
nucleotides_-299_and_-228,0,1,0.0
karyotypic_male,0,1,0.0
pcr_assisted_mrna_assay,0,1,0.0
steady-state_level,0,1,0.0
cp1,0,1,0.0
multimerized_response_element,0,1,0.0
protein_kinase_c_independent,0,1,0.0
1_microm_ru_38486,0,1,0.0
t_cell_precursor,0,1,0.0
(3h)-thymidine,0,1,0.0
antiglucocorticoid,0,1,0.0
transactivator_(ie-2)_gene,0,1,0.0
normal_human_monocyte,0,1,0.0
t-cell_interleukin-2_expression,0,1,0.0
gamma-globin_expression,0,1,0.0
hhv-6_infected_t_cell,0,1,0.0
body_mass,0,1,0.0
tf_activation,0,1,0.0
dexamethasone-resistant_human_leukemic_(cem)_cell,0,1,0.0
nf-kappab_transcription_factor_family,0,1,0.0
glucocorticoid_receptor_determination,0,1,0.0
affinity_fc_receptor,0,1,0.0
idc,0,1,0.0
assay_system,0,1,0.0
mitomycin_c,0,1,0.0
plant_flavonoid,0,1,0.0
bi-_or_multifunctional_domain_protein,0,1,0.0
ebv-immortalized_b_lymphoblast,0,1,0.0
isre_probe,0,1,0.0
naive_cd4+_t_helper_(th)_cell,0,1,0.0
relapsed_patient,0,1,0.0
retinoic_acid_receptor_alpha,0,1,0.0
regulatory_element,0,1,0.0
cdc2_mrna_expression,0,1,0.0
growth_arrest,0,1,0.0
c2_protein,0,1,0.0
term_infant_cord_blood_mononuclear_cell,0,1,0.0
immunohistochemical_finding,0,1,0.0
35s-tr:trep_complex,0,1,0.0
epidermal_growth_factor,0,1,0.0
class_i_mhc,0,1,0.0
hematopoietin/cytokine_receptor_superfamily,0,1,0.0
tpa_responsive_element,0,1,0.0
hl-60,0,1,0.0
fgf_receptor-1,0,1,0.0
translocation_cell,0,1,0.0
body_axis,0,1,0.0
dominant_negative_helix_loop_helix_factor,0,1,0.0
c/ebp_beta_regulation,0,1,0.0
cell-surface_heparan_sulphat,0,1,0.0
mm_cell,0,1,0.0
hormone-dependent_expression,0,1,0.0
stat2_signaling_complex,0,1,0.0
pha-induced_t-cell_mitogenesis,0,1,0.0
p75tnf-r_production,0,1,0.0
cellular_cytoplasm,0,1,0.0
cyclin-like_dna_repair_enzyme,0,1,0.0
cd27-_b_cell,0,1,0.0
pef,0,1,0.0
glucocorticoid_receptor_affinit,0,1,0.0
unstimulated_t_and_b_lymphocyte,0,1,0.0
hemin_response,0,1,0.0
ad_vector,0,1,0.0
atypical_pkc-zeta,0,1,0.0
constitutive_pag_activation,0,1,0.0
alphabeta_tcr_phenotype,0,1,0.0
cellular_extract,0,1,0.0
ikappab-alpha_protein_levels,0,1,0.0
tuberculosis_infection,0,1,0.0
rb-transformed_cell_line,0,1,0.0
tumor_necrosis_factor_receptor_(tnfr)-associated_factor,0,1,0.0
rb_sense_oligonucleotide,0,1,0.0
erythrocyte_membrane,0,1,0.0
hsfe,0,1,0.0
corticosteroid_resistance,0,1,0.0
amebiasis,0,1,0.0
adenomatous_polyposis_coli-binding_eb1-like_gene_family,0,1,0.0
rbtn2,0,1,0.0
native_long_terminal_repeat,0,1,0.0
saf-like_transcription_factor,0,1,0.0
human_il-16_gene,0,1,0.0
dm,0,1,0.0
autologous_pbsct,0,1,0.0
u1_line,0,1,0.0
nfat3_protein,0,1,0.0
monocyte-specific_response,0,1,0.0
mutant_sequence,0,1,0.0
2.06,0,1,0.0
atf1_isoform,0,1,0.0
celiac_disease,0,1,0.0
platelet/endothelial_cell_adhesion_molecule-1,0,1,0.0
escherichia_coli_lac_operator,0,1,0.0
diffusible_endothelial_protein,0,1,0.0
steroid_resistance,0,1,0.0
peripheral_blood_t-lymphocyte,0,1,0.0
tegument-specific_cd4_t-cell_clone,0,1,0.0
chronically_activated_cell,0,1,0.0
hsv-1_replication,0,1,0.0
autoimmunity,0,1,0.0
basal_promoter,0,1,0.0
carboxyl-terminal_cytoplasmic_segment,0,1,0.0
northern_experiment,0,1,0.0
coassociated_protein,0,1,0.0
fludarabine-induced_immunosuppression,0,1,0.0
tcr/cd3_signal_transduction_pathway,0,1,0.0
ltrs,0,1,0.0
immortalized_b_cell,0,1,0.0
ups,0,1,0.0
tumor_size,0,1,0.0
ltr-directed_gene_expression,0,1,0.0
primary_breast_cancer_sample,0,1,0.0
"c-jun_(123+/-9_and_185+/-38%,_p_=_0.0291)_mrna",0,1,0.0
lysophosphatidylcholine,0,1,0.0
ifn-gamma_activation_site-like_dna_sequence_element,0,1,0.0
electrophoretic_shift_assay,0,1,0.0
human_immunodeficiency_viru,0,1,0.0
salicylate,0,1,0.0
ad5_e1a_deletion_mutant,0,1,0.0
t._parva-infected_cell,0,1,0.0
primary_ovarian_carcinoma,0,1,0.0
nfat/ap-1_complex,0,1,0.0
gag_p24,0,1,0.0
transcriptional_function,0,1,0.0
pathogen_invasion,0,1,0.0
t-cell_cycle_progression,0,1,0.0
interleukin-15,0,1,0.0
gata_factor_expression,0,1,0.0
tnf_5'-region,0,1,0.0
electron_microscopy,0,1,0.0
peripheral_venous_blood_sample,0,1,0.0
hla-dr,0,1,0.0
uterus,0,1,0.0
vitamin_d_resistance,0,1,0.0
t-cell_cdna,0,1,0.0
promote_b-cll_survival,0,1,0.0
sds-page_analysis,0,1,0.0
jak3_activation,0,1,0.0
cif,0,1,0.0
tnfr1,0,1,0.0
pr_complex,0,1,0.0
plc-gamma1,0,1,0.0
signal-induced_phosphorylation,0,1,0.0
breast_aspirate,0,1,0.0
peripheral_human_mononuclear_leukocyte,0,1,0.0
clonal_expansion,0,1,0.0
non-cultured_peripheral_lymphocyte,0,1,0.0
sv40_early_promoter,0,1,0.0
bzlf1_promoter,0,1,0.0
basic-leucine_zipper_domain,0,1,0.0
major_mrna_transcript,0,1,0.0
nf-kappab_signaling_pathway,0,1,0.0
c-myc_protooncogene,0,1,0.0
kappa_b-specific_complex,0,1,0.0
fetal_allograft,0,1,0.0
extracellular_domain,0,1,0.0
circadian_variation,0,1,0.0
autocrine_production,0,1,0.0
hepatoma_cell_line,0,1,0.0
hd_case,0,1,0.0
sh2-deleted_grb2_mutant,0,1,0.0
phorbol_ester,0,1,0.0
cytokine-specific_mrna,0,1,0.0
cd19/vav/phosphatidylinositol-3_kinase_complex,0,1,0.0
ccacc/sp1,0,1,0.0
distal_element_upstream,0,1,0.0
mouse_spleen,0,1,0.0
ap-2_binding_site,0,1,0.0
j393/cd43-mediated_apoptosis,0,1,0.0
32_bp_deletion,0,1,0.0
initiating_event,0,1,0.0
dep-pah-activated_cell,0,1,0.0
spermatogonia,0,1,0.0
hyponatremia,0,1,0.0
hepatoma_cell,0,1,0.0
antiviral_activity,0,1,0.0
adaptive_immune_response,0,1,0.0
pou-specific_(pou[s])_domain,0,1,0.0
adult_erythroid-specific_genomic_footprint,0,1,0.0
il-1-induced_il-2_production,0,1,0.0
sl3_enhancer_factor_1,0,1,0.0
esb-l_t_lymphocyte,0,1,0.0
"tad-a_activity,",0,1,0.0
parental_jak1-expressing_counterpart,0,1,0.0
zeta-globin_promoter_deletion_construct,0,1,0.0
erythroid_colony_growth,0,1,0.0
nf-kappab-mediated_transactivation,0,1,0.0
receptor_study,0,1,0.0
lsf,0,1,0.0
g_protein-coupled_pathway,0,1,0.0
hla-dq_expression,0,1,0.0
"bis[4-[2,4-dioxo-5-thiazolidinyl)methyl]phenyl]methane",0,1,0.0
nasal_t/nk-cell_lymphoma,0,1,0.0
gtp-cyclohydrolase,0,1,0.0
camp-dependent_regulation,0,1,0.0
kappab-dependent_reporter_assay,0,1,0.0
receptor_concentration,0,1,0.0
polyaromatic_hydrocarbon,0,1,0.0
spi-b_activity,0,1,0.0
cell_v-atpase_content,0,1,0.0
platelet_endothelial_cell_adhesion_molecule,0,1,0.0
loop_length_restriction,0,1,0.0
human_ptf,0,1,0.0
ci-i,0,1,0.0
gata-2/estrogen_receptor_chimera,0,1,0.0
nearly_full-length_cdna_sequence,0,1,0.0
human_immunodeficiency_virus_type_1-infected_cell,0,1,0.0
70/z3-derived_1.3e2_murine_pre-b_cell_line,0,1,0.0
young_sister,0,1,0.0
18-bp_dna_segment,0,1,0.0
epstein-barr_virus-transformed_b_lymphocyte,0,1,0.0
constitutive_viral_enhancer,0,1,0.0
hla/peptide_complex,0,1,0.0
cytokine-dependent_upregulation,0,1,0.0
sr_asthma,0,1,0.0
coding_intron,0,1,0.0
glucocorticoid_metabolism,0,1,0.0
tonsillar_cell,0,1,0.0
tumor_growth,0,1,0.0
th1_cell_development,0,1,0.0
neutrophil,0,1,0.0
cold-air_exposure,0,1,0.0
anti-cd95_ab,0,1,0.0
intracellular_tail,0,1,0.0
blast,0,1,0.0
conventional_chemotherapy,0,1,0.0
melanoma_cell,0,1,0.0
il-4_signaling,0,1,0.0
mab_okt3,0,1,0.0
rb_function,0,1,0.0
shc_adaptor_protein,0,1,0.0
mouse_il-2_enhancer,0,1,0.0
bcl2,0,1,0.0
cd5+_b_cell,0,1,0.0
mnli-alui_fragment,0,1,0.0
c-terminal_hmg_box,0,1,0.0
infectious_progeny_virion,0,1,0.0
glycoprotein,0,1,0.0
antithyroid_drug_treatment,0,1,0.0
40mer_oligonucleotide,0,1,0.0
t_cell_receptor_signaling,0,1,0.0
benign_tissue,0,1,0.0
pancreatic_cancer,0,1,0.0
naive_t_lymphocyte,0,1,0.0
t-cell_il-5_synthesis,0,1,0.0
neoplastic_counterpart,0,1,0.0
reverse_transcription_pcr,0,1,0.0
oxidized_glutathione,0,1,0.0
g_protein,0,1,0.0
fas-mediated_killing,0,1,0.0
icam-i,0,1,0.0
costimulatory_molecule_b7.1,0,1,0.0
in_vitro_tcr_stimulation,0,1,0.0
tissue-specific_fashion,0,1,0.0
irf-cat_construc,0,1,0.0
ut-7/gmt,0,1,0.0
gpc91-phox_gene,0,1,0.0
apc,0,1,0.0
cd26,0,1,0.0
microsatellite_marker,0,1,0.0
cyclin_a_gene_transcriptional_inhibition,0,1,0.0
early-response_gene,0,1,0.0
antioxidant_(ao)_thiol,0,1,0.0
southwestern_experiment,0,1,0.0
s-nitrosylation,0,1,0.0
htlv-1-mediated_transformation,0,1,0.0
mammalian_nf-kappab,0,1,0.0
quiescent_monocyte,0,1,0.0
human_t_helper_cell,0,1,0.0
germline_c_epsilon_transcription,0,1,0.0
immunosuppressant_action,0,1,0.0
xi_translocation,0,1,0.0
rfx_family_of_dna_binding_protein,0,1,0.0
human_class_ii_trans-activator_construct,0,1,0.0
pathologic_immune_response,0,1,0.0
arnica,0,1,0.0
therapy,0,1,0.0
inducibility/cell_type_specificity,0,1,0.0
ifn-alpha_receptor,0,1,0.0
testis,0,1,0.0
platelet_function,0,1,0.0
lymphokine_secretion,0,1,0.0
calcemic_activity,0,1,0.0
dna_consensus_binding_site,0,1,0.0
human_primary_b_cell,0,1,0.0
human_polymorphonuclear_leukocyte,0,1,0.0
atra_receptor_(rar)_gene,0,1,0.0
1634delt,0,1,0.0
bzip_transcriptional_activator,0,1,0.0
p62_complex,0,1,0.0
ptdins_3-kinase,0,1,0.0
long-term_nuclear_expression,0,1,0.0
tax_transfected_jurkat_cell_line,0,1,0.0
chemotherapy,0,1,0.0
nf-kappa_b/kbf1_p50,0,1,0.0
phagocytic_ability,0,1,0.0
regulatory_switch,0,1,0.0
p85_phosphoinositide_3-kinase,0,1,0.0
bzip_transcription_factor,0,1,0.0
sla-dr,0,1,0.0
transfected_target_cell,0,1,0.0
il-7,0,1,0.0
lung,0,1,0.0
ad5e1a-specific_immunity,0,1,0.0
oap40_element,0,1,0.0
human_monoblastic_cell,0,1,0.0
ltr_transcription,0,1,0.0
oxidative_signalling_process,0,1,0.0
total_cell_lysate,0,1,0.0
irf-1-/-_mouse,0,1,0.0
rflp,0,1,0.0
t-cell_antigen_receptor_(tcr)_signaling_cascad,0,1,0.0
atf4/creb2,0,1,0.0
developmental_specificity,0,1,0.0
epstein-barr_virus_(ebv)_ori1yt_enhancer,0,1,0.0
ferritin_heavy-chain_gene,0,1,0.0
il-4-inducible_reporter,0,1,0.0
chronic_immune-mediated_inflammation,0,1,0.0
wild-type_grf40,0,1,0.0
nfat_composite_element,0,1,0.0
ino_production,0,1,0.0
hiv-associated_abnormality,0,1,0.0
ro,0,1,0.0
x-_chromosome_inactivation_pattern,0,1,0.0
homologous_disruption,0,1,0.0
ggggactttccg,0,1,0.0
chloramphenicol_acetyl_transferase_(cat)_assay,0,1,0.0
antibodies,1,1,0.0
hepatocyte,0,1,0.0
glucocorticosteroid_response_element,0,1,0.0
peripheral_blood_mononuclear_leukocyte,0,1,0.0
alpha-cd3,0,1,0.0
major_protein,0,1,0.0
arachidonic_acid_stimulation,0,1,0.0
asm_expression,0,1,0.0
cd2-mediated_interleukin-2_promoter_activation,0,1,0.0
nuclear_transcription_factor_nf-kappa_b,0,1,0.0
inactive_metabolite,0,1,0.0
proximal_5'_flanking_region,0,1,0.0
usf1,0,1,0.0
transcriptional_assay,0,1,0.0
nf-atn,0,1,0.0
ets1,0,1,0.0
immunosenescence,0,1,0.0
cre_binding_protein,0,1,0.0
myelomonocytic_specific_tyrosine_kinase,0,1,0.0
tepoxalin,0,1,0.0
jak1_phosphorylation,0,1,0.0
hmg-box,0,1,0.0
tcl1_genomic_locus,0,1,0.0
oxidative_stress,0,1,0.0
human_recombinant_alphaiibbeta3,0,1,0.0
human_erythrocyte_ghost_membrane,0,1,0.0
"class_ii+_and_dm+,_do-_human_t_cell_line",0,1,0.0
ra-dependent_enhancer,0,1,0.0
nuclear_factor-chi_b,0,1,0.0
vitamin_d3_responsiveness,0,1,0.0
nuclear_export_complex,0,1,0.0
cytoplasmic_ikappabalpha_levels,0,1,0.0
nf-kappa_b_and_the_nf-at_binding_site,0,1,0.0
preleukemic_clonal_cell,0,1,0.0
il-2_receptor,0,1,0.0
proteolysis-resistant_nuclear_factor-kappab_inhibitor,0,1,0.0
respiratory_distress_syndrome,0,1,0.0
helix-loop-helix_motif,0,1,0.0
ms-2,0,1,0.0
inflammatory_lung_disease,0,1,0.0
pulsed_field_gel_electrophoresis_analysis,0,1,0.0
down,0,1,0.0
spi-1/pu.1,0,1,0.0
nf-kappa_b_transcription_factor,0,1,0.0
post-gc_(bcl-6(-_)/syn-1(+))_phenotypes,0,1,0.0
murine_macrophage_12/15-lipoxygenase_activity,0,1,0.0
gt_ii,0,1,0.0
anti-hrbc_antibody_production,0,1,0.0
control_mouse,0,1,0.0
b29_minimal_promoter_activity,0,1,0.0
interleukin_12,0,1,0.0
dioxin_receptor,0,1,0.0
ldl-enhanced_endothelial_recruitment,0,1,0.0
nf-kappab_protects_ebv-infected_cell,0,1,0.0
r24,0,1,0.0
transformed_human_b_cell_line,0,1,0.0
glucocorticoid_receptor_abnormality,0,1,0.0
urapidil,0,1,0.0
integral_membrane_protein,0,1,0.0
abnormal_eosinophil,0,1,0.0
86_kda,0,1,0.0
cd5_expression,0,1,0.0
proband,0,1,0.0
aml1/eto(mtg8),0,1,0.0
32_nm_tpa,0,1,0.0
k46_b_cell,0,1,0.0
caml-interacting_member,0,1,0.0
jurkat,0,1,0.0
human_t-lymphotropic_virus_type_i_(htlv-i)_promoter,0,1,0.0
differentiating_thp-1_cell,0,1,0.0
il-4r_alpha_chain,0,1,0.0
nuclear_factor_of_activated_t_cells_protein,0,1,0.0
two_sh2_domain,0,1,0.0
nf-kappa_b-containing_plasmid,0,1,0.0
tumour_necrosis_factor_alpha,0,1,0.0
human_promonocytic_u937_cell,0,1,0.0
sp1-mediated_activation,0,1,0.0
transgenic_megakaryocyte,0,1,0.0
progesterone_receptor,0,1,0.0
ikk2,0,1,0.0
genomic_mbob1_clone,0,1,0.0
splenic_erythroblast,0,1,0.0
hashimoto's_goiter,0,1,0.0
nfatx1_nuclear_translocation,0,1,0.0
h_1285,0,1,0.0
ebv_promoter,0,1,0.0
common_gamma_chain_gene,0,1,0.0
natural_cytotoxicity_programs,0,1,0.0
er_positive_cell,0,1,0.0
tramtrack_[ttk]-associated_box,0,1,0.0
nf.kappa_b,0,1,0.0
cysteine-rich_domains,0,1,0.0
442a,0,1,0.0
aging,0,1,0.0
primary_sjogrens'_syndrome,0,1,0.0
b_cell-specific_transcription,0,1,0.0
activating_element,0,1,0.0
lymphoid_origin,0,1,0.0
id3_ala5_mutant,0,1,0.0
rar_antagonist,0,1,0.0
stimulatory_activity,0,1,0.0
transcription/repair_deficiency,0,1,0.0
mafk_mrna,0,1,0.0
gm-csf,0,1,0.0
nmr_analysis,0,1,0.0
dominant-negative_acting_stat-3_isoform,0,1,0.0
mature_cell,0,1,0.0
inducible_pkc_activity,0,1,0.0
204_bp_upstream,0,1,0.0
human_interleukin-4_promoter_activity,0,1,0.0
pkc_downstream_event,0,1,0.0
t(14;14)(q11;q32.1),0,1,0.0
unique_(non-recurrent)_tcr_beta_clonotype,0,1,0.0
nuclear_i(kappa)b(alpha),0,1,0.0
"inositol_1,4,5-trisphosphate/calcium_pathway",0,1,0.0
tissue-specific_gata-binding_site,0,1,0.0
cdna_microarray,0,1,0.0
adenovirus_infection,0,1,0.0
binding_sites_per_nucleus,0,1,0.0
adult_beta-globin_gene_activator_protein,0,1,0.0
radiation-induced_activation,0,1,0.0
human_myeloblastic_leukemia_ml-1_cell,0,1,0.0
ets,0,1,0.0
phenylalanine,0,1,0.0
r-htbp-1,0,1,0.0
molecular_biology,0,1,0.0
brlf1,0,1,0.0
neutralizing_antibody,0,1,0.0
sp_binding_motif,0,1,0.0
prb-e2f_complex,0,1,0.0
cell_cycle_regulation,0,1,0.0
radiolabeled_hormone,0,1,0.0
cd11c/cd18,0,1,0.0
monocytic_cell_line_u937,0,1,0.0
transcriptional_activation,0,1,0.0
dr_alpha_gene,0,1,0.0
gcrbeta-immunoreactive_cell,0,1,0.0
vitamin_d-dependent_rickets_type_ii,0,1,0.0
methionine_codon,0,1,0.0
k197s,0,1,0.0
human_organ_and_tissue_transplantation,0,1,0.0
intermediate_cd4(+)_cd8(-)_cd3(-)_thymocyte,0,1,0.0
lps-induced_activation,0,1,0.0
metallothionein,0,1,0.0
high_affinity_tnfrp75_molecule,0,1,0.0
immunoglobulin_kappa_enhancer,0,1,0.0
sry_(sex_determining_region_of_the_y_chromosome)_gene_sequence,0,1,0.0
nf-kappa_b-mediated_signal_transduction,0,1,0.0
fc_gamma_ri_gene,0,1,0.0
fibrosarcoma,0,1,0.0
human_immunodeficiency_virus,0,1,0.0
cd13/apn,0,1,0.0
negative_cross-talk,0,1,0.0
nucleoside_diphosphate_kinase,0,1,0.0
tpa-treated_hl-60_cell,0,1,0.0
minus_clone,0,1,0.0
il-10_pretreatment,0,1,0.0
postcapillary_venule,0,1,0.0
t(3;14)(q27;q11),0,1,0.0
surface_domain,0,1,0.0
immunoglobulin_e_production,0,1,0.0
high_malignancy_human_melanomas,0,1,0.0
pituitary_adrenocorticotropic_hormone,0,1,0.0
metastatic_human_malignant_melanoma,0,1,0.0
purine-rich_region,0,1,0.0
clinical_therapy,0,1,0.0
mutant_strain,0,1,0.0
jak_kinase_pathway,0,1,0.0
escherichia_coli_stress_and_stationary-phase_sigma_factor,0,1,0.0
mycobacterium_tuberculosis,1,1,0.0
protein_family,0,1,0.0
fish_result,0,1,0.0
dqa1_allele,0,1,0.0
il-2r_alpha_protein,0,1,0.0
dimethylsulfoxide,0,1,0.0
unactivated_t_cell,0,1,0.0
surrogate_antigen_receptor,0,1,0.0
np-2,0,1,0.0
erythroid_differentiation,0,1,0.0
activated_t_cell_lysate,0,1,0.0
p50-p65_heterodimer,0,1,0.0
gal4_dna-binding_domain,0,1,0.0
lymphoid/myeloid_somatic_hybrid,0,1,0.0
infected_individual,0,1,0.0
rar_beta-specific_ligand,0,1,0.0
gp91phox_gene,0,1,0.0
protein_structure,0,1,0.0
osteoporosis,0,1,0.0
sne,0,1,0.0
cd28-associated_signaling_pathway,0,1,0.0
gm-csf-induced_peripheral_blood_polymorphonuclear_leukocyte,0,1,0.0
3d-nmr_study,0,1,0.0
calcium/calcineurin_signal,0,1,0.0
stat5a,0,1,0.0
plasma_renin,0,1,0.0
t_cell_growth_factor,0,1,0.0
activation-inducible_enhancer_element,0,1,0.0
gata-1/lacz_gene,0,1,0.0
hematopoietic_progenitor,0,1,0.0
wild-type_p53,0,1,0.0
epstein-barr_virus_(ebv)_replication,0,1,0.0
5'_triplet,0,1,0.0
translation,0,1,0.0
short_arm,0,1,0.0
ets_family_protein,0,1,0.0
non-genomic_event,0,1,0.0
erythroblast_cell_line_hd6,0,1,0.0
retinoic_acid-responsive_element-containing_promoter,0,1,0.0
intestinal_epithelium,0,1,0.0
ap-1-mediated_transcription,0,1,0.0
cytogenetic_abnormality,0,1,0.0
il-6,0,1,0.0
irf-1/isgf2,0,1,0.0
ml-3,0,1,0.0
promyelocyte_stage_cell,0,1,0.0
nfat_promoter,0,1,0.0
d10,0,1,0.0
u937-derived_clone,0,1,0.0
mature_myeloid_cell,0,1,0.0
low-dose_ionizing_radiation,0,1,0.0
e1a_gene_product,0,1,0.0
map_kinase_extracellular_signal-regulated_kinase,0,1,0.0
mkk4,0,1,0.0
proteinase_3,0,1,0.0
rgd,0,1,0.0
tumor_estrogen/progesterone_receptor_statu,0,1,0.0
htlv-i_basal_transcription,0,1,0.0
endothelial_cell_adhesion_molecule,0,1,0.0
nfat-dependent_expression,0,1,0.0
phorbol_ester-induced_monocytic_differentiation,0,1,0.0
immunoglobulin_heavy-chain_enhancer,0,1,0.0
hiv-2_long_terminal_repeat,0,1,0.0
anti-viral_effect,0,1,0.0
ap-1_sequence,0,1,0.0
tcr-mediated_induction,0,1,0.0
c-rel-p65_heterodimer,0,1,0.0
mtcp1_gene,0,1,0.0
helix-loop-helix,0,1,0.0
ikappabbeta,0,1,0.0
gamma,0,1,0.0
subclinical_marker,0,1,0.0
prostatic_spermine_binding_protein_mrna,0,1,0.0
imbalanced_expression,0,1,0.0
il-4_promoter-reporter_construct,0,1,0.0
cryptic_epitope,0,1,0.0
chromosome_14_rearrangements,0,1,0.0
pml_mrna,0,1,0.0
th2_response,0,1,0.0
proximal_gamma-globin_promoter,0,1,0.0
origin_replication,0,1,0.0
responsive_element,0,1,0.0
promyelocytic_leukemia_zinc_finger/rar_alpha_fusion_transcript,0,1,0.0
233g-->a,0,1,0.0
arginine,0,1,0.0
nf-kappab_dna-binding_activity,0,1,0.0
cytosine,0,1,0.0
eccrine_poroma,0,1,0.0
prrii,0,1,0.0
pre-b_cell_line,0,1,0.0
leukemia_inhibitory_factor,0,1,0.0
lipopolysaccharide-stimulated_neutrophil,0,1,0.0
heterologous_activation_region,0,1,0.0
10_kilobases,0,1,0.0
factor-kappa_b,0,1,0.0
basal_plasma_corticosterone_level,0,1,0.0
human_interleukin_1beta,0,1,0.0
exon,0,1,0.0
cd11a,0,1,0.0
immature_neutrophilic_cell,0,1,0.0
"pd_098,059",0,1,0.0
cell_proliferation,1,1,0.0
p90rsk,0,1,0.0
leiomyosarcoma,0,1,0.0
gene_product,0,1,0.0
"ici_182,780",0,1,0.0
healthy_subject,0,1,0.0
cd23b_promoter,0,1,0.0
(nf)-kappa_b/rel,0,1,0.0
b29_promoter,0,1,0.0
virus_dna,0,1,0.0
cytotoxic_chemotherapy,0,1,0.0
histological_prognostic_factor,0,1,0.0
ra-stimulated_formation,0,1,0.0
terminally_differentiated_plasma_cell,0,1,0.0
cem_t-cell,0,1,0.0
constitutive_cell_death,0,1,0.0
tgf-beta1_signaling,0,1,0.0
single_hmg_motif,0,1,0.0
lps-stimulated_tnf-alpha_production,0,1,0.0
c/ebp_site,0,1,0.0
left_adnexal_region,0,1,0.0
hl-60r_subclone,0,1,0.0
gm-csf-responsive_cell_line,0,1,0.0
qp-cat_reporter,0,1,0.0
b95-8_lymphoid_cell,0,1,0.0
pituitary_peptide_hormone,0,1,0.0
type_b_transcript,0,1,0.0
4/5_t-cell_line,0,1,0.0
5'_nontranscribed_region,0,1,0.0
murine_macrophage-like_cell,0,1,0.0
transiently_transfected_t_cell,0,1,0.0
endothelial_expression,0,1,0.0
hlf_bzip_domain,0,1,0.0
monoclonal_antibody_ki-67,0,1,0.0
il-6_protein_expression,0,1,0.0
b_cell,0,1,0.0
e1_binding_protein,0,1,0.0
serine/threonine_protein_kinase_inhibitor_h-7,0,1,0.0
pel,0,1,0.0
interleukin-1_beta_converting_enzyme_(ice)_gene,0,1,0.0
tur,0,1,0.0
uas1_binding_sites,0,1,0.0
viral_transcriptional_pattern,0,1,0.0
il-3/il-5/gm-csf_receptor_beta-subunit,0,1,0.0
il-2r_associated_jak/stat_protein,0,1,0.0
phytohemagglutinin,0,1,0.0
stat3_isoform,0,1,0.0
nfkb-like_transcription_factor,0,1,0.0
adenovirus_dna,0,1,0.0
platelet,0,1,0.0
chimeric_protein,0,1,0.0
jak3_jh2_domain,0,1,0.0
nuclear_factor-kappab_(nf-kappab)_complex,0,1,0.0
cytokine_mrna,0,1,0.0
degenerate_primer,0,1,0.0
autosomal_material,0,1,0.0
ptdins_binding,0,1,0.0
nf-microb-binding_site,0,1,0.0
nf-matp35,0,1,0.0
rakfkqllq,0,1,0.0
k_protein,0,1,0.0
t-cell_antigen_receptor_function,0,1,0.0
heterodimeric_p50-p65_nf-kappa_b_complex,0,1,0.0
nf-kappa_b_activating_signal,0,1,0.0
malignant_transformation,0,1,0.0
tumor_necrosis_factor_alpha-induced_degradation,0,1,0.0
atypical_abnormal_eosinophil,0,1,0.0
human_chromosome_17p13.3,0,1,0.0
hmg_i/y,0,1,0.0
breast_cancer,0,1,0.0
human_mip-1_alpha_gene,0,1,0.0
erythroid-enriched_nf-e2_factor,0,1,0.0
tandem_ap-1-binding_site,0,1,0.0
phorbol_ester-inducible_neutrophil_respiratory_burst_activation,0,1,0.0
cellular_i_kappa_b_beta_pool,0,1,0.0
luteinizing_hormone,0,1,0.0
heterozygosity,0,1,0.0
murine_t_cell_line_el4,0,1,0.0
cognate_octamer_motif,0,1,0.0
autoantigen_la/ss-b,0,1,0.0
pp38,0,1,0.0
persistently_infected_human_t-lymphocyte,0,1,0.0
55-kda_isoform,0,1,0.0
single-stranded_conformational_polymorphism,0,1,0.0
locally_administered_glucocorticoid,0,1,0.0
grr,0,1,0.0
restriction_enzyme_digestion,0,1,0.0
leukemia-associated_fusion_protein,0,1,0.0
interleukin-4_promoter,0,1,0.0
nuclear_activity,0,1,0.0
il4_expression,0,1,0.0
gc_receptor-binding_abnormality,0,1,0.0
fyb,0,1,0.0
oncogenic_gene,0,1,0.0
physiological_upper_limit,0,1,0.0
cell_volume,0,1,0.0
inos_expression,0,1,0.0
hx630,0,1,0.0
antisense_experiment,0,1,0.0
b2,0,1,0.0
abnormal_nuclear_morphology,0,1,0.0
diffuse_large_cell_lymphoma,0,1,0.0
bls_group,0,1,0.0
independent_assay,0,1,0.0
tre1,0,1,0.0
mature_human_monocytic_cell,0,1,0.0
deletion_construct,0,1,0.0
myelomonocytic_specific_tyrosine_kinase_hck_gene,0,1,0.0
reconstituted_ubiquitinylating_enzyme,0,1,0.0
[3h]_dexamethasone,0,1,0.0
pma-enhanced_lal_expression,0,1,0.0
mdp,0,1,0.0
pml/rar_alpha,0,1,0.0
steroid_hormone_receptor,0,1,0.0
megakaryocytic-specific_promoter,0,1,0.0
cd3-stimulated_t_lymphocyte,0,1,0.0
cbf_alpha,0,1,0.0
il-1beta_gene_transcription,0,1,0.0
serine_protease_factor_viia,0,1,0.0
intron_2,0,1,0.0
nonspecific_protein_kinase_inhibition,0,1,0.0
il-7-signaling_pathway,0,1,0.0
scl_protein,0,1,0.0
bzlf1_gene_promoter,0,1,0.0
nf-kappab1_p105_precursor_protein,0,1,0.0
mrna,0,1,0.0
ranscriptional_level,0,1,0.0
fos_family,0,1,0.0
ap-1_independent_pma-mediated_transactivation,0,1,0.0
beta-like_globin_locus,0,1,0.0
maximal_enhancer_activity,0,1,0.0
interleukin-6_protein,0,1,0.0
rb-defective_tumor_line,0,1,0.0
mouse_swi2,0,1,0.0
pro-b-cell_acute_lymphoblastic_leukemia,0,1,0.0
receptor_binding_defect,0,1,0.0
human_androgen_receptor_(humara)_gene,0,1,0.0
leukemic_cell_proliferation,0,1,0.0
activating_protein-1,0,1,0.0
htlv-i_tax,0,1,0.0
leucine_zipper,0,1,0.0
catalytic_subunit,0,1,0.0
chromosome_12p12-p13,0,1,0.0
viral_survival-promoting_protein,0,1,0.0
nuclear_estrogen_receptor_content,0,1,0.0
autoregulatory_inhibitor,0,1,0.0
edelta,0,1,0.0
il2r_gamma_c,0,1,0.0
physiologic_cell_lineage,0,1,0.0
n-terminal_151_amino_acid,0,1,0.0
black_woman,0,1,0.0
fibroblastic_cell_line,0,1,0.0
hiv_long_terminal_repeat_reporter_gene_construct,0,1,0.0
blocking_reaction,0,1,0.0
aa_187_to_231_domain,0,1,0.0
lymphoid_differentiation,0,1,0.0
concanavalin_a,0,1,0.0
xscid-like_phenotype,0,1,0.0
vcam-1_mrna_expression,0,1,0.0
partial_nucleotide_sequence,0,1,0.0
mek,0,1,0.0
tcell_survival,0,1,0.0
glutathione_depletion,0,1,0.0
p50_subunit_gene_promoter,0,1,0.0
glucocorticoid-mediated_induction,0,1,0.0
hiv-2_ltr,0,1,0.0
transcriptional_stimulatory_activity,0,1,0.0
alpha-subunit,0,1,0.0
hemoglobin-producing_cell,0,1,0.0
glu-asp-gly-lys-lys-phe-asp,0,1,0.0
blood_transfusion,0,1,0.0
cell_type-specific_reporter_gene,0,1,0.0
gh_mrna,0,1,0.0
absorptive_hypercalciuria,0,1,0.0
i_kappa_b_synthesis,0,1,0.0
captopril_treatment,0,1,0.0
aml1/eto_(mtg8),0,1,0.0
lymphoma,0,1,0.0
plasma_prednisolone,0,1,0.0
monocyte_cultivation,0,1,0.0
c-jun_n-terminal_transactivation_domain,0,1,0.0
zap-70_activation,0,1,0.0
zona_glomerulosa,0,1,0.0
morning_fev1,0,1,0.0
human_b_lymphocyte_cell_line,0,1,0.0
nf-kb_plasmid,0,1,0.0
b_cell_hybridoma,0,1,0.0
yeast_isolated_nf-atp,0,1,0.0
vwf_secretion,0,1,0.0
il-2_promoter/reporter_construct,0,1,0.0
"1,25(oh)2d3_receptor_status",0,1,0.0
21-bp_element,0,1,0.0
-45_and_-160,0,1,0.0
negative_feedback_sensitivity,0,1,0.0
nuclear_factor_kappa_b_(nf-kappa_b)_activation,0,1,0.0
cd45,0,1,0.0
differentiated_monocyte-like_(u937)_cell,0,1,0.0
ad12_13s_mrna_product,0,1,0.0
ap-2-like_transcription_factor,0,1,0.0
il-4/il-13-inducible_gene_expression,0,1,0.0
phosphorylated_residue,0,1,0.0
nuclear_factor_(nf)-kappab_pathway,0,1,0.0
p27kip1_gene,0,1,0.0
-256_to_-250.,0,1,0.0
unstimulated_patient_t_cell,0,1,0.0
receptor-1,0,1,0.0
sodium_supplementation,0,1,0.0
physiological_regulator,0,1,0.0
granulocyte-macrophage_colony-stimulating_factor_(gm-csf)_gene,0,1,0.0
human_peripheral_blood_mononuclear_precursor,0,1,0.0
tat_protein,0,1,0.0
t3,0,1,0.0
c-myb_transcription_factor,0,1,0.0
eicosanoid,0,1,0.0
death-promoting_activity,0,1,0.0
adenoviral_infection,0,1,0.0
gp91phox_mrna,0,1,0.0
responsive_cell,0,1,0.0
cyclin/cdks_activation,0,1,0.0
response_to_therapy,0,1,0.0
immunoreactive_ikappab_alpha,0,1,0.0
dose-dependent_inhibition,0,1,0.0
oncogenic_e2a-hlf_fusion_protein,0,1,0.0
herpes_simplex_virus_(hsv)_icp27_protein,0,1,0.0
x-ray_activation,0,1,0.0
grbeta-mediated_antiglucocorticoid_activity,0,1,0.0
tnfr-associated_factor,0,1,0.0
ebna_transcription,0,1,0.0
transcriptional_target_gene,0,1,0.0
common_marmoset_t_lymphocyte,0,1,0.0
tumor_cell_apoptosis,0,1,0.0
u-937_leukemia_cell,0,1,0.0
mll_rearrangement,0,1,0.0
mhc_class_ii_transactivator,0,1,0.0
sap_kinase,0,1,0.0
activator_protein_1_transcription_factor,0,1,0.0
bsap,0,1,0.0
cell_cycle_entry,0,1,0.0
nf-kappa_b/rel_transcription_factor_family,0,1,0.0
nre-i,0,1,0.0
transcription-regulating_protein,0,1,0.0
rantes,0,1,0.0
p48_protein,0,1,0.0
stimulus-induced_degradation,0,1,0.0
target_cell_lysis,0,1,0.0
hhv-6_orf,0,1,0.0
follicular_phase,0,1,0.0
ribonuclease,0,1,0.0
blood_platelet,0,1,0.0
purified_human_peripheral_blood_t_cell,0,1,0.0
nadph_oxidase_activity,0,1,0.0
pat_133_gene,0,1,0.0
nuclear_factor_(nf)-kappab_consensus_sequence,0,1,0.0
consensus_nf-kappa_b_binding_site,0,1,0.0
human_umbilical_vein_ec,0,1,0.0
human_hla-dq_class_ii_subset,0,1,0.0
human_pro-interleukin_1beta,0,1,0.0
nt_-1609_to_+178,0,1,0.0
human_papillomavirus_e6,0,1,0.0
gm-csf_production,0,1,0.0
human_t-cell_leukemia_virus_types_i,0,1,0.0
d1,0,1,0.0
hypothalamus,0,1,0.0
nuclear_foci,0,1,0.0
x-scid_b_cell,0,1,0.0
t(10;11),0,1,0.0
microbiological_antigen,0,1,0.0
maturing_erythroblast,0,1,0.0
tumor_aggressivity,0,1,0.0
tyr-113,0,1,0.0
hie,0,1,0.0
down-regulated_bmax,0,1,0.0
calcium-dependent_induced_gene_product,0,1,0.0
interleukin-2_(il-2)_gene_induction,0,1,0.0
non-tumorous_cavity_fluid,0,1,0.0
anergic_cd4+_th_cell,0,1,0.0
hiv_hyperplastic_lymph_node,0,1,0.0
mononuclear_infiltrate,0,1,0.0
aids_iblp_tissue_sample,0,1,0.0
human_p65_subunit,0,1,0.0
interleukin_(il)-4_stimulation,0,1,0.0
interleukin-1beta-converting_enzyme_family_protease_inhibitor,0,1,0.0
irf-1_gene,0,1,0.0
antigen-specific_tolerance,0,1,0.0
er_mrna_expression,0,1,0.0
monocyte-specific_function,0,1,0.0
pkc_enzymatic_activity,0,1,0.0
phosphotyrosine_residue,0,1,0.0
diseased_tissue,0,1,0.0
major_histocompatibility_complex_class_i,0,1,0.0
erythroid_cell_line,0,1,0.0
preactivated_pbl,0,1,0.0
cd28_stimulation,0,1,0.0
interleukin_1beta,0,1,0.0
stress_gene,0,1,0.0
ih,0,1,0.0
atg_start_codon,0,1,0.0
delayed-early_viral_gene,0,1,0.0
transfected_cdna,0,1,0.0
functional_promoter_region,0,1,0.0
tfiihmut,0,1,0.0
lipid_peroxidation,0,1,0.0
antigen_receptor_signaling,0,1,0.0
peptide_binding_interaction,0,1,0.0
beta_cell_glucose_toxicity,0,1,0.0
nuclear_inhibitory_protein,0,1,0.0
estrogen_receptor-related_27-kda_heat_shock_protein,0,1,0.0
upstream_of_-141,0,1,0.0
cortisol_level,0,1,0.0
murine_splenic_t_cell,0,1,0.0
plc_gamma_1,0,1,0.0
plasma_adrenocorticotropin,0,1,0.0
hhv-6_(gs)_cdna_clone,0,1,0.0
il-4_promoter_activation,0,1,0.0
monocytic_u937_cell_line,0,1,0.0
intracellular_free_calcium_level,0,1,0.0
wy14643,0,1,0.0
phorbol_12-myristate_-13-_acetate,0,1,0.0
t-cell_gene_expression,0,1,0.0
csa-sensitive_translocation,0,1,0.0
fasl_mrna,0,1,0.0
c3_transferase,0,1,0.0
tolerant_murine_p388_macrophage,0,1,0.0
normal_cd34+_bone_marrow_cell,0,1,0.0
monocyte_maturation,0,1,0.0
bioflavonoid,0,1,0.0
cmf,0,1,0.0
ikappab_kinase_(ikk)_signalsome_activation,0,1,0.0
il-5-nonproducing_t_cell_clone,0,1,0.0
hormone-receptor_interaction,0,1,0.0
atherogenesis,0,1,0.0
atf,0,1,0.0
bzip_domain,0,1,0.0
purified_human_peripheral-blood_granulocyte,0,1,0.0
protein_kinase_a-dependent_fashion,0,1,0.0
mb-1_promoter,0,1,0.0
alphaiibbeta3_integrin,0,1,0.0
nuclear_factor_of_activated_cell,0,1,0.0
zebra-binding_site,0,1,0.0
attendant_symptom,0,1,0.0
cho_cell,0,1,0.0
nuclear_factor_of_activated_t_cells_transcriptional_activation,0,1,0.0
neuronal_ceroid-lypofuscinosis,0,1,0.0
paraffin-embedded_fixed_tissue,0,1,0.0
5'-gttacgtaat-3',0,1,0.0
hierarchical_structure,0,1,0.0
non-proliferative_state,0,1,0.0
mel_cell,0,1,0.0
38-kd_murine_map_kinase,0,1,0.0
hypercorticism,0,1,0.0
corticosteroid_response,0,1,0.0
sp1_consensus_element,0,1,0.0
il3_promoter,0,1,0.0
vd_receptor,0,1,0.0
cd56+_cell,0,1,0.0
b-1_cell,0,1,0.0
cox-2_activity,0,1,0.0
rap_binding_domain,0,1,0.0
arginine_element,0,1,0.0
immunoregulatory_cell,0,1,0.0
immunostainable_ppargamma,0,1,0.0
site_beta,0,1,0.0
nf-mue3,0,1,0.0
nucleotide,0,1,0.0
rela/p50,0,1,0.0
idiopathic_inflammatory_bowel_disease,0,1,0.0
cytoplasmic_periphery,0,1,0.0
class_ii_gene_transcription,0,1,0.0
transcription_factor_activator_protein_1,0,1,0.0
th2_cytokine_gene,0,1,0.0
resting_human_t_cell,0,1,0.0
inverted_duplication,0,1,0.0
chromosome_17q,0,1,0.0
tri-molecular_complex,0,1,0.0
il4r_complex,0,1,0.0
recombinant_caspase_6,0,1,0.0
human_immunodeficiency_virus_type_1_(hiv-1)_tat_protein,0,1,0.0
human_tsh_receptor,0,1,0.0
e2f-dependent_regulation,0,1,0.0
fab,0,1,0.0
ner_defect,0,1,0.0
mek_inhibitor,0,1,0.0
lps-lps_binding_protein_complex,0,1,0.0
pp56(lck),0,1,0.0
antisense_orientation,0,1,0.0
breast_cancer_patient,0,1,0.0
cp/wp_promoter,0,1,0.0
electrolyte_abnormality,0,1,0.0
rheumatoid_synovial_t_cell,0,1,0.0
epstein-barr_early_region_(eber)_rna-positive,0,1,0.0
mutant_jurkat_cell,0,1,0.0
mutated_by_site-directed_mutagenesis,0,1,0.0
tumor_cell_killing,0,1,0.0
saturated_(palmitic_and_stearic)_acid,0,1,0.0
b-cell_transformation,0,1,0.0
p16(ink4a)-negative_t-cell_line,0,1,0.0
tcr_alpha_control_region,0,1,0.0
injury-induced_apoptosis,0,1,0.0
th2_pattern,0,1,0.0
amylase,0,1,0.0
interferon_(ifn)_consensus_sequence-binding_protein,0,1,0.0
delta-ala,0,1,0.0
human_il-4_receptor,0,1,0.0
ifn-gamma-induced_mhc_class_ii_expression,0,1,0.0
68-amino-acid_domain,0,1,0.0
immunoreactive_i_kappa_b-alpha_protein_levels,0,1,0.0
interleukin-2-gene_expression,0,1,0.0
artificial_promoter,0,1,0.0
blood_relative,0,1,0.0
alpha_cd3_ab,0,1,0.0
thymic_lymphocyte,0,1,0.0
hrf,0,1,0.0
val10-gln22,0,1,0.0
tax1_mutant,0,1,0.0
stone-forming_condition,0,1,0.0
transformed_t-lymphocyte_cell_line,0,1,0.0
vdr-rxr-vdre_complex,0,1,0.0
b_cell_membrane_ig_expression,0,1,0.0
anf-e2_promoter,0,1,0.0
ebv_disease_pathogenesis,0,1,0.0
tat_activation,0,1,0.0
glycoprotein_120,0,1,0.0
interleukin-9_receptor_(il-9r)_complex,0,1,0.0
axin,0,1,0.0
c/ebp-epsilon,0,1,0.0
housekeeping_promoter,0,1,0.0
t_cell_mitogenesis,0,1,0.0
zebra-responsive_promoter,0,1,0.0
familial_androgen_resistance,0,1,0.0
catecholamine,0,1,0.0
igm+_igd+_cl-01_cell,0,1,0.0
"1,25(oh)2d3-dependent_modulation",0,1,0.0
p50/relb,0,1,0.0
pr,0,1,0.0
mutated_provirus,0,1,0.0
nf-kappab_oligoprobe,0,1,0.0
ra-mediated_type_ii_tgase_up-regulation,0,1,0.0
mineralocorticoid_receptor_mrna,0,1,0.0
platelet_activating_factor,0,1,0.0
ikk-alpha,0,1,0.0
essential_mediator,0,1,0.0
osm,0,1,0.0
nfat_site,0,1,0.0
cognate_catalytic_cofactor,0,1,0.0
double-blind_placebo-controlled_crossover_study,0,1,0.0
ap-1_(fos/jun)_complex,0,1,0.0
5869-bp_region,0,1,0.0
genomic_tnf_gene,0,1,0.0
ltr-driven_cat_expression_vector,0,1,0.0
interleukin-13,0,1,0.0
dna-protein_crosslinking_study,0,1,0.0
pos,0,1,0.0
t_lymphocyte_associated_transcription_factor,0,1,0.0
rar_alpha_gene,0,1,0.0
serum_level,0,1,0.0
hiv_type_1,0,1,0.0
methylation_interference_analysis,0,1,0.0
receptor_molecule,0,1,0.0
activated_human_cd4_t_cell,0,1,0.0
ubiquitin-carrier_protein,0,1,0.0
gr_mrna_levels,0,1,0.0
extracellular_signal-regulated_kinase,0,1,0.0
human_embryonic/fetal_hematopoiesis,0,1,0.0
egf_treatment,0,1,0.0
surface_antigenic_profile,0,1,0.0
gf-1,0,1,0.0
bcl-2_family_protein,0,1,0.0
mouse_mammary_tumor_virus,0,1,0.0
il-10_receptor,0,1,0.0
western_analysis,0,1,0.0
bzlf1,0,1,0.0
aml1,0,1,0.0
nadph_oxidase,0,1,0.0
transcription_initiation_complex,0,1,0.0
c-myb_gene_product,0,1,0.0
lymphoproliferative_disorder,0,1,0.0
calcitriol_action,0,1,0.0
0.67_to_0.73,0,1,0.0
il-4-induced_stat5_activity,0,1,0.0
optimal_activity,0,1,0.0
ctl-mediated_immunity,0,1,0.0
decreased_expression,0,1,0.0
human_t-cell_lymphotrophic_virus_type-i_tax_gene,0,1,0.0
antihuman_tnf-alpha-neutralizing_antibody,0,1,0.0
sickle_red_blood_cell,0,1,0.0
leukocyte_arrest,0,1,0.0
t_cell_sensitization,0,1,0.0
tsc,0,1,0.0
basal_transcription_activity,0,1,0.0
tafii105,0,1,0.0
human_monocyte,0,1,0.0
pml/raralpha_transgenic_mouse,0,1,0.0
mono_mac_6,0,1,0.0
atypical_clinical_feature,0,1,0.0
malignant_soft_tissue_tumor,0,1,0.0
peptide_microsequencing,0,1,0.0
il-2_reporter,0,1,0.0
il-6_synthesis,0,1,0.0
camp-dependent_protein_kinase_a,0,1,0.0
mek-dependent,0,1,0.0
beta_2-m,0,1,0.0
human_peripheral_blood_t_lymphoblast,0,1,0.0
target_genes,0,1,0.0
myeloid-specific_gene_expression,0,1,0.0
mnc_lysate,0,1,0.0
transactivation_and_ap-1_transrepression_model,0,1,0.0
cipro,0,1,0.0
hypotonic_buffer,0,1,0.0
monocyte-macrophage_differentiation,0,1,0.0
in_vitro_dna_mobility_shift_assay,0,1,0.0
human_peripheral_blood_cell,0,1,0.0
human_activated_monocyte,0,1,0.0
immune-endocrine_function,0,1,0.0
thymidine_kinase,0,1,0.0
l-mpl,0,1,0.0
hiv-1_parasitism,0,1,0.0
magnetic_bead,0,1,0.0
diverged_drosophila_homeobox_gene,0,1,0.0
defective_hiv-1,0,1,0.0
anti-cd3-induced_shift,0,1,0.0
dna_binding_site,0,1,0.0
cd138/syndecan-1,0,1,0.0
anti-c5b-9_immunoprecipitate,0,1,0.0
cyclosporin-resistant_mutant,0,1,0.0
nf-kappab-like_element,0,1,0.0
bonep,0,1,0.0
interferon-gamma_production,0,1,0.0
stratified_squamous_epithelium,0,1,0.0
traf1_coactivation,0,1,0.0
rna_extraction,0,1,0.0
adhesion_response,0,1,0.0
brl49653,0,1,0.0
inflammatory_cascade,0,1,0.0
pma/a23187,0,1,0.0
nf-kb-related_factor,0,1,0.0
protease,0,1,0.0
primary_dna_breakage,0,1,0.0
macrophage_inflammatory_protein-2,0,1,0.0
(irf)-1,0,1,0.0
double-negative_thymocyte,0,1,0.0
transcription_control_element,0,1,0.0
no_synthase_(nos)_isoform,0,1,0.0
matrix-adherent_cell,0,1,0.0
freshly_isolated_apl_blast,0,1,0.0
extrathymic_t-cell_precursor,0,1,0.0
ifn-induced_change,0,1,0.0
serum_response_factor_(srf)_binding_sites,0,1,0.0
ra_target_gene,0,1,0.0
putative_nfat-1_region,0,1,0.0
murine_pu.1_promoter,0,1,0.0
t-cell_dysfunction,0,1,0.0
full-length_hiv_transcript,0,1,0.0
cd41a,0,1,0.0
adenosine_triphosphate_(atp)_depletion,0,1,0.0
mature_(jurkat)_t-cell_line,0,1,0.0
r7-57_reporter_line,0,1,0.0
allelic_nucleotide,0,1,0.0
nf-kappa_b_p65-dependent_transcriptional_activation,0,1,0.0
3_kb_5'-flanking_dna,0,1,0.0
z_binding_site,0,1,0.0
neutrophil_surface,0,1,0.0
tyrosine_phosphorylation_status,0,1,0.0
cell-intrinsic_mechanism,0,1,0.0
inv(16)(p13;q22),0,1,0.0
t-lymphoid,0,1,0.0
cho-cd80,0,1,0.0
gamma/delta_tcr,0,1,0.0
lymphoid-specific_transcription_factor,0,1,0.0
tumor-derived_cell_line,0,1,0.0
anti-fc_gamma_r_mab,0,1,0.0
baf-3,0,1,0.0
ketoconazole,0,1,0.0
c-maf_cdna,0,1,0.0
dnd39,0,1,0.0
tumor-derived_ganglioside,0,1,0.0
blood_monocyte_number,0,1,0.0
androgen-sensitive_prostate_cancer_lncap_cell,0,1,0.0
group_i_bl_cell_line,0,1,0.0
iga,0,1,0.0
adult_murine_tissue,0,1,0.0
cell_cycle_exit,0,1,0.0
mbp-induced_release,0,1,0.0
okadaic_acid-induced_cell,0,1,0.0
bovine_colostrum,0,1,0.0
4e-bp2_amount,0,1,0.0
pp70(s6k),0,1,0.0
leucine-zipper_motif,0,1,0.0
rta,0,1,0.0
ebv_particle,0,1,0.0
ca2+_mobilization,0,1,0.0
estrogen_responsive_unit,0,1,0.0
critical_immunoregulatory_cytokine,0,1,0.0
extracellular_signal-regulated_kinase_(erk)_1_activation,0,1,0.0
stlv-i-bearing_t_cell_line,0,1,0.0
cell_function,0,1,0.0
ap-1-related_protein,0,1,0.0
novel_dyad_symmetrical_sequence,0,1,0.0
lps-induced_tk_activity,0,1,0.0
e2a-hlf_fusion_gene,0,1,0.0
cis,0,1,0.0
5'_ltr,0,1,0.0
developing_b_cell,0,1,0.0
treatment,0,1,0.0
normal_gene,0,1,0.0
radiologic_finding,1,1,0.0
il-2a,0,1,0.0
cell_recognition,0,1,0.0
tf_complex,0,1,0.0
apl,0,1,0.0
tcr_delta_locus,0,1,0.0
pentoxifylline,0,1,0.0
chemr1_gene,0,1,0.0
stat3_phosphorylated,0,1,0.0
t_cell_tolerance,0,1,0.0
anti-tat_single-chain_intrabodies,0,1,0.0
glial_tumor,0,1,0.0
trace_element_preparation,0,1,0.0
n-oct-3,0,1,0.0
neutrophil_gelatinase-associated_lipocalin,0,1,0.0
basic-helix-loop-helix_motif,0,1,0.0
phorbol_12-myristate_13-acetate-differentiated_u-937_cell,0,1,0.0
phospholipase_c,0,1,0.0
t-cell-expressed_cytokine,0,1,0.0
m._tuberculosis_manlam,0,1,0.0
1.955-kb_viral_segment,0,1,0.0
endocytosed_bsa,0,1,0.0
inflammatory_synovial_microenvironment,0,1,0.0
45_kb,0,1,0.0
insulin_receptor_substrate-2,0,1,0.0
multiple_cell_culture,0,1,0.0
pdbu-treated_cell,0,1,0.0
d20s5,0,1,0.0
hela_extract,0,1,0.0
rhythmicity,0,1,0.0
a-myb_rna,0,1,0.0
nih_3t3,0,1,0.0
previously_described_protein,0,1,0.0
ghost_membrane,0,1,0.0
dq_molecule,0,1,0.0
transforming_growth_factor-beta,0,1,0.0
sequence_specificity,0,1,0.0
myelomonoblast,0,1,0.0
b-cll_cell_death,0,1,0.0
immunomodulatory_property,0,1,0.0
retinoic_acid_receptor_type_alpha,0,1,0.0
human_tf_promoter,0,1,0.0
organ_inflammation,0,1,0.0
second_messenger,0,1,0.0
retroviral_infection,0,1,0.0
il-1_beta_expression,0,1,0.0
novel_factor,0,1,0.0
il-2-dependent_growth,0,1,0.0
usf2,0,1,0.0
inositol_phosphate_release,0,1,0.0
cbf_site,0,1,0.0
u1_cellular_proliferation,0,1,0.0
proximal_gamma-promoter,0,1,0.0
ifn-gamma-induced_complex,0,1,0.0
neg-1,0,1,0.0
hiv-1_long_terminal_repeat_(ltr)_transcription,0,1,0.0
nude_mice,0,1,0.0
inducer-mediated_degradation,0,1,0.0
adenovirus_antigen_stimulation,0,1,0.0
yy1_nuclear_factor,0,1,0.0
exogenous_e2f_expression,0,1,0.0
p50/rela_dimer,0,1,0.0
reconstitution,0,1,0.0
membrane_potential_changes,0,1,0.0
latent_membrane_protein_(lmp)_2a,0,1,0.0
nf-kappa_b/rel_binding_motif,0,1,0.0
human_immunodeficiency_virus-1_long_terminal_repeat,0,1,0.0
pma-induced_phosphorylation,0,1,0.0
deltanfkappab,0,1,0.0
hybridization_signal,0,1,0.0
slipped_mispairing_events,0,1,0.0
pos-1a,0,1,0.0
human_lox-1_gene,0,1,0.0
gamma-globin_to_beta-globin_switch,0,1,0.0
emcv,0,1,0.0
interleukin-2_dependence,0,1,0.0
alternative_promoter,0,1,0.0
serum_total_thyroxine,0,1,0.0
cd40-inducible_molecule,0,1,0.0
dna-unwinding,0,1,0.0
nf-at_activation,0,1,0.0
i_kappa_b_subunit,0,1,0.0
x1_box_dna-binding_protein,0,1,0.0
conserved_region_(cr)_3,0,1,0.0
"phenolic,_lipid-soluble,_chain-breaking_antioxidant",0,1,0.0
wild_type_phenotype,0,1,0.0
bcl-6_gene,0,1,0.0
fc_gammar1_stat_site,0,1,0.0
fluorogenic_peptide_assay,0,1,0.0
il-2r_alpha_kappa_b_enhancer,0,1,0.0
human_immunodeficiency_virus_1_(hiv-1)_infection,0,1,0.0
transgenic_thymocyte,0,1,0.0
chlamydia_pneumoniae,0,1,0.0
"1,25-(oh)2_d3",0,1,0.0
cd2-activated_lpmc,0,1,0.0
recognized_peptide,0,1,0.0
actin_polymerization,0,1,0.0
m-csf_treatment,0,1,0.0
c-jun_transcript,0,1,0.0
150_bp_fragment,0,1,0.0
upstream_exonic_cryptic_splice_site,0,1,0.0
normal_ln_t_cell,0,1,0.0
psti_repeat,0,1,0.0
kappa_l_chain,0,1,0.0
105_kda_precursor,0,1,0.0
2-phase_neutrophil-endothelial_adhesion_response,0,1,0.0
latent_membrane_protein_1,0,1,0.0
acute_fulminant_hepatitis,0,1,0.0
phorbol_12-myristate_13-acetate,0,1,0.0
"maximal_1,25(oh)2d3-vdr_binding",0,1,0.0
c-fos_expression,0,1,0.0
promoter_sequence,0,1,0.0
cortisol_clearance,0,1,0.0
cd20_mrna,0,1,0.0
d20s57,0,1,0.0
pleural_macrophage,0,1,0.0
interleukin-10_receptor,0,1,0.0
cd40-cd40l_interaction,0,1,0.0
tumor_tissue_hormone_sensitivity,0,1,0.0
yin-yang_1,0,1,0.0
long_neurite_process,0,1,0.0
tegument_protein,0,1,0.0
cre_reporter_plasmid,0,1,0.0
gene_promoter,0,1,0.0
kappab_binding_activity,0,1,0.0
pb,0,1,0.0
interleukin-2_(il-2)_receptor_gamma_chain_(gamma(c)),0,1,0.0
il4r_alpha,0,1,0.0
pmn_neutrophil_granulocyte,0,1,0.0
j.jhan,0,1,0.0
cd4+_t-cell,0,1,0.0
periodic_acid-schiff_(pas)_staining,0,1,0.0
ap-1-binding,0,1,0.0
modulation,0,1,0.0
coexpression,0,1,0.0
nf-at_concentration-dependent_assembly,0,1,0.0
epitope,0,1,0.0
d1/cdr2-loop_ligand,0,1,0.0
site_c,0,1,0.0
biomarker,0,1,0.0
phosphatidic_acid,0,1,0.0
bcl-2_overexpression,0,1,0.0
mkk3,0,1,0.0
immunology,0,1,0.0
neoplastic_epidermal_cell,0,1,0.0
stat-dependent_transcription,0,1,0.0
-293_to_-254,0,1,0.0
gal4_activation_domain,0,1,0.0
ucsd-aml1_cell_line,0,1,0.0
thr_isotype,0,1,0.0
15-lipoxygenase_(lox)_gene,0,1,0.0
egr1-expressing_subclone,0,1,0.0
hiv-inductive_cytokine,0,1,0.0
dimerization,0,1,0.0
hiv_long_terminal_repeat-cat_construct,0,1,0.0
cognate_enhancer_element,0,1,0.0
murine_il-2_promoter,0,1,0.0
pma-induced_mrna,0,1,0.0
atf/cre_site,0,1,0.0
functional_il-12,0,1,0.0
insulin_expression,0,1,0.0
prostaglandin_e2_induction,0,1,0.0
thymocyte_subpopulation,0,1,0.0
vcam-1_expression,0,1,0.0
icsat/pip/lsirf,0,1,0.0
thiol_antioxidant,0,1,0.0
ggggacgtcccc,0,1,0.0
camp,0,1,0.0
seminoma,0,1,0.0
ifn-alpha-inducible_gene,0,1,0.0
structure-activity_relationship,0,1,0.0
in_vitro_transcription_method,0,1,0.0
tumor_necrosis_factor-responsive_gene,0,1,0.0
divergent_t_cell_signal,0,1,0.0
nf-kappab_suppression,0,1,0.0
haec_model,0,1,0.0
interphase,0,1,0.0
nf-at-deficient_mouse,0,1,0.0
nf-at-driven_transcription,0,1,0.0
il-4/il-13-inducible_transcription_factor,0,1,0.0
rat_spleen,0,1,0.0
hiv-1_expression,0,1,0.0
alpha_4_beta_1,0,1,0.0
"direct,_receptor-mediated_effect",0,1,0.0
socs-1_gene_expression,0,1,0.0
nfkappab/ikappab_system,0,1,0.0
wheat_germ_lysate,0,1,0.0
1311-base_pair_human_tumor_necrosis_factor_(tnf)_alpha_promoter_region,0,1,0.0
activator_of_transcription,0,1,0.0
arsenic_trioxide,0,1,0.0
effector_sites,0,1,0.0
t_cell_mitogen,0,1,0.0
human_adult_blood,0,1,0.0
surface_expression,0,1,0.0
m-csf_signal_transduction,0,1,0.0
mhc_class_ii_antigen,0,1,0.0
enhancer-dependent_effect,0,1,0.0
lipopolysaccharide_(lps)-dependent_cell-free_activation_system,0,1,0.0
cerebral_malaria,0,1,0.0
742_bp_region,0,1,0.0
analog_activity,0,1,0.0
blood_fat,0,1,0.0
el-4_(t)_cell,0,1,0.0
human_rel_family_protein,0,1,0.0
stat1alpha,0,1,0.0
t_cell_stimulation,0,1,0.0
intracellular_signalling_pathway,0,1,0.0
significant_il-2_production,0,1,0.0
tunel,0,1,0.0
nitroblue_tetrazolium_(nbt)-positive_cell,0,1,0.0
sfllrnp,0,1,0.0
natural_killer_gene_complex,0,1,0.0
marek's_disease_virus,0,1,0.0
anti-inflammatory_mediator,0,1,0.0
dnase_i_site,0,1,0.0
long-term_cell_line,0,1,0.0
heparin,0,1,0.0
wt1,0,1,0.0
phosphorylated_creb_protein,0,1,0.0
t-cell_leukemia,0,1,0.0
anti-cd2-fitc,0,1,0.0
pediatric_sample,0,1,0.0
monoclonal_anti-mbp_antibody,0,1,0.0
novel_antigen,0,1,0.0
differential_expression,0,1,0.0
myricetin,0,1,0.0
virus,0,1,0.0
raldh2,0,1,0.0
"3,21-diacetoxy-5_beta,19-cyclopregn-5-ene-4,20-dione",0,1,0.0
native_envelope_glycoprotein,0,1,0.0
mar-bp1,0,1,0.0
cross-over_dna,0,1,0.0
stat3_tyrosine_phosphorylation,0,1,0.0
27.8_kda,0,1,0.0
purified_cox-2_enzyme,0,1,0.0
ah_receptor_complex,0,1,0.0
jun_tre-like_motif,0,1,0.0
endogenous_corticosterone,0,1,0.0
megakaryocytic_marker,0,1,0.0
non-hodgkin's_lymphoma_of_b-cell_type,0,1,0.0
competitive_inhibitor,0,1,0.0
tcr-stimulated_t_cell,0,1,0.0
human_mononuclear_cell,0,1,0.0
signal-induced_event,0,1,0.0
glucocorticoid_hormone_compound,0,1,0.0
22-bp_duplication,0,1,0.0
hugata-3,0,1,0.0
immunologic_(type_ii)_nitric_oxide_synthase_expression,0,1,0.0
lymphokine-activated_killer_(lak)_cell,0,1,0.0
tnfr1_signaling,0,1,0.0
promoter_analysis,0,1,0.0
spi-1/pu.1-family_member,0,1,0.0
human_tsh_receptor_(tsh-r)_cdna_probe,0,1,0.0
abnormality,0,1,0.0
ductal_sample,0,1,0.0
b_lymphocyte_monoclonicity,0,1,0.0
polymerase_chain_reaction_(pcr)_assay,0,1,0.0
pu.1_prime,0,1,0.0
chloramphenicol_acetyltransferase_activity,0,1,0.0
in_vivo_footprinting,0,1,0.0
il-13_level,0,1,0.0
cd2_protein,0,1,0.0
ebv_genome,0,1,0.0
antiatherosclerotic_potential,0,1,0.0
healthy_carrier,0,1,0.0
cbp_abolishing_hat_activity,0,1,0.0
proil-1_beta,0,1,0.0
tcr-mediated_nf-at_response,0,1,0.0
stat_5_isoform,0,1,0.0
cr2/cd21,0,1,0.0
ikkalpha,0,1,0.0
human_t_cell_il-5_synthesis,0,1,0.0
cd40-dependent_b_cell_culture_system,0,1,0.0
protein_tyrosine_kinase_(ptk)-specific_inhibitor,0,1,0.0
recurrent_genital_herpes_simplex_virus_(hsv)_infection,0,1,0.0
epstein-barr_nuclear_antigen_(ebna)_expression,0,1,0.0
heb-1,0,1,0.0
immunoglobulin_mu_heavy_chain_gene,0,1,0.0
retinoid,0,1,0.0
non-phlogistic_manner,0,1,0.0
apoptosis-associated_protein,0,1,0.0
immunoglobulin_rearrangement,0,1,0.0
two-layer_percoll_gradient,0,1,0.0
interleukin-7_signaling,0,1,0.0
x_chromosome-containing_sperm,0,1,0.0
3'-azido-3'-deoxythymidine,0,1,0.0
polysaccharide_specificity,0,1,0.0
saos-2,0,1,0.0
mtiia,0,1,0.0
isoelectric_focusing,0,1,0.0
hiv-1_ltr_transcription,0,1,0.0
early_inflammatory_response,0,1,0.0
pcr-based_humara_method,0,1,0.0
kappa_b_binding_complex,0,1,0.0
ms-2gamma,0,1,0.0
moloney_murine_sarcoma_virus,0,1,0.0
null_cell,0,1,0.0
mitogenic_anti-cd2_antibody,0,1,0.0
stimulatory_mab_bw_828,0,1,0.0
low_level_expression,0,1,0.0
epstein-barr_(ebv)-transformed_b_cell_line,0,1,0.0
caev_ltr,0,1,0.0
macrophage_gene_regulation,0,1,0.0
escherichia_coli_tester_strain,0,1,0.0
responder_cell_line,0,1,0.0
cagatg,0,1,0.0
lbf3,0,1,0.0
bcp-all_case,0,1,0.0
glucocorticoid_receptor_site,0,1,0.0
receptor_preparation,0,1,0.0
recombinant_lef-1,0,1,0.0
astrocytic_glial_cell,0,1,0.0
ser-32,0,1,0.0
atll_cell,0,1,0.0
catalytic_domain,0,1,0.0
reverse_transcription-pcr_analysis,0,1,0.0
cnbr,0,1,0.0
cis-regulatory_dna_element,0,1,0.0
tyrosine-phosphorylated_dna_binding_protein,0,1,0.0
conserved_signaling_pathway,0,1,0.0
ctla-4-mediated_inhibition,0,1,0.0
b_cell_ige_synthesis,0,1,0.0
beta_1_integrin,0,1,0.0
rela/nfkappab1-binding_activity,0,1,0.0
il-2r_alpha_expression,0,1,0.0
wbfos,0,1,0.0
mature_peripheral_t_cell,0,1,0.0
gata-3_promoter,0,1,0.0
caat_element,0,1,0.0
il-2r_alpha_gene_expression,0,1,0.0
nucleoprotein,0,1,0.0
english-language_literature,0,1,0.0
goat_anti-mouse_igg_ab,0,1,0.0
primary_normal_b-cell,0,1,0.0
b-cell_maturation_arrest,0,1,0.0
signaling_complex,0,1,0.0
laz3/bcl6_gene,0,1,0.0
southern_blot_hybridization,0,1,0.0
immune_hyporesponsiveness,0,1,0.0
unlabeled_25(oh)d3,0,1,0.0
plasmacytoma,0,1,0.0
catalytically_active_dimer,0,1,0.0
runt_expression,0,1,0.0
phosphotyrosine-containing_protein,0,1,0.0
mip-1alpha-r,0,1,0.0
i_aldosterone_receptor,0,1,0.0
amino-terminal_region,0,1,0.0
mastectomy,0,1,0.0
ctll-2_transformed_cell_growth,0,1,0.0
nf-kappab_p50-p65_recruitment,0,1,0.0
irf-1_level,0,1,0.0
type_1_human_immunodeficiency_virus,0,1,0.0
classic_hd,0,1,0.0
progenitor_cell,0,1,0.0
nuclear_factor_kappa_b_(nf_kappa_b)_site,0,1,0.0
fcepsilonri,0,1,0.0
ire,0,1,0.0
5'-gggcgg,0,1,0.0
cd23-induced_nf-kappab,0,1,0.0
early_agonist-induced_signalling,0,1,0.0
tumor_necrosis_factor_alpha_(tnf-alpha)_release,0,1,0.0
extracellular_matrix,0,1,0.0
whole-blood_cell_culture,0,1,0.0
il2r,0,1,0.0
ap-1_activation,0,1,0.0
yeast_transactivator_gal4,0,1,0.0
classical_t(15;17),0,1,0.0
homodimeric_stat1_protein,0,1,0.0
cis-acting_dna_site,0,1,0.0
expression_vector,0,1,0.0
kappa_b-like_sequence,0,1,0.0
cref_cell,0,1,0.0
lymphoid_jurkat_cell,0,1,0.0
ap-1/tpa_responsive_element,0,1,0.0
subcytotoxic_concentration,0,1,0.0
dna-bound_multi-protein_complex,0,1,0.0
glucocorticoid_(gc)_resistance,0,1,0.0
myeloid-cell-specific_c-fes_promoter,0,1,0.0
exon-intron_structure,0,1,0.0
yeast_two-hybrid_interaction_system,0,1,0.0
ap-1_binding,0,1,0.0
constitutive_association,0,1,0.0
altered_self-ags,0,1,0.0
human_b_cell_growth,0,1,0.0
mtiia_mrna,0,1,0.0
thymus-specific_member,0,1,0.0
vcam_promoter,0,1,0.0
human_astroglioma_cell_line_crt,0,1,0.0
ocim1,0,1,0.0
dominant_promoter_element,0,1,0.0
class_ii_transactivator_(ciita)_mrna_expression,0,1,0.0
tnf_producing_cell_line,0,1,0.0
gggggctttccc,0,1,0.0
neomycin_resistance_gene,0,1,0.0
pg490,0,1,0.0
nfat_activity,0,1,0.0
interferon,0,1,0.0
t_lymphocyte_population,0,1,0.0
cmat_binding_complex,0,1,0.0
isotype-matched_antibody,0,1,0.0
alpha_4_beta_1_(cd49d/cd29)_integrin,0,1,0.0
cytokine-mrna,0,1,0.0
micromolar_concentration,0,1,0.0
icenko-cushing's_syndrome,0,1,0.0
interleukin-1_(il-1)-responsive_cell,0,1,0.0
immature_cem_t_cell_line,0,1,0.0
dansylcadaverine,0,1,0.0
signal_transducing_adaptor_molecule,0,1,0.0
7-bp_response_element,0,1,0.0
chimaeric_oncoprotein,0,1,0.0
messenger_molecule,0,1,0.0
conservation_therapy,0,1,0.0
htlv-1_infection,0,1,0.0
ebv_(or_lmp-1)-positive_cells,0,1,0.0
variant_species,0,1,0.0
glucocorticoid_clearance,0,1,0.0
cationic_protein,0,1,0.0
type_ii_ebs,0,1,0.0
early_phase,0,1,0.0
b29_promoter-controlled_reporter_construct,0,1,0.0
tcr_beta_chain_sequence,0,1,0.0
embryonic_zeta_2,0,1,0.0
cytokine-based_therapy,0,1,0.0
hcd57-srei,0,1,0.0
"1,25d3-priming_stage",0,1,0.0
oct-1-binding_genotype,0,1,0.0
70z/3,0,1,0.0
pma,0,1,0.0
nf-il-6,0,1,0.0
candidate_oncogene_bcl-3,0,1,0.0
lef/tcf,0,1,0.0
htlv-i_transcription,0,1,0.0
chronic_hyperglycemia,0,1,0.0
cd34(+)_blast_cell,0,1,0.0
peripheral_blood_human_monocyte,0,1,0.0
ifn-beta_promoter,0,1,0.0
b_cell_activator,0,1,0.0
epstein-barr_virus_latency_bamhi-q_promoter,0,1,0.0
inflammatory_cytokine_production,0,1,0.0
nonimmunocompromised_patient,0,1,0.0
human_leukemia/lymphoma_line,0,1,0.0
prooxidant,0,1,0.0
bcl-xl,0,1,0.0
dopamine_system,0,1,0.0
p,0,1,15.333333333333334
